id,title,link,imageLink,price,description,salePrice,brand,unit
23645387000,"Oregon teräketju Speedcut 13"" .325 1.3mm 56VL 3KPL",https://tarvike.com/product/oregon-teraketju-speedcut-13-325-13mm-56vl-3kpl-174041,https://media.tarvike.com/product/images/174041/original/197358.webp,62.7,"Oregon teräketju Speedcut 13"" .325 1.3mm 56VL on nopeampi - terävämpi - helpompi. Paketti sisältää 3 kappaletta teräketjuja.",44.5,Oregon,
20261169001,"Husqvarna Teräketju X-Cut SP33G Semi chisel Pixel 13"" .325"" 1,3 mm 56 L",https://tarvike.com/product/husqvarna-teraketju-x-cut-sp33g-semi-chisel-pixel-13-325-13-mm-56-l-80638,https://media.tarvike.com/product/images/80638/original/157441.png,27.9,"X-CUT SP33G on ensimmäinen teräketju, jonka Husqvarna on kehittänyt, suunnitellut ja valmistanut alusta asti itse. Teräketju sopii erinomaisesti ammattilaisille jokapäiväiseen työskentelyyn sekä vaativaan kuluttajakäyttöön. Ketju pysyy terävänä pitkään ja se on kestävyydeltään ylivertainen. Esivenytetty ketju ei veny ja sen leikkuuteho on erinomainen, minkä ansiosta se tarjoaa paremman sahaustuloksen kuin koskaan aiemmin. Ketjujako .325"" / Uraleveys 1.3 mm",18.0,Husqvarna,
1677599000,Silppurin terät,https://tarvike.com/product/silppurin-vastatera-33930,https://media.tarvike.com/product/images/33930/original/176367.webp,6.8,"Silppurin terät 175x40x3x10,5",,,
4964341000,Husqvarna 545FR Ruohonraivaussaha,https://tarvike.com/product/husqvarna-545fr-ruohonraivaussaha-81333,https://media.tarvike.com/product/images/81333/original/159225.png,1069.0,"Husqvarna 545FR raivaussahassa on kaikki, mitä raivaustyössä tarvitset: siimapää, vesakkoterä ja metsänraivausterä suojineen. Joustavien käyttöominaisuuksiensa vuoksi malli soveltuu hyvin käyttäjille, jotka tarvitsevat tehokkaan ja monipuolisen raivurin. Suorituskykyinen X-Torq®-moottori vähentää päästöjä ja polttoaineenkulutusta.",849.0,Husqvarna,
19176899002,Husqvarna Balance XT2 Kantovaljaat,https://tarvike.com/product/husqvarna-balance-xt2-kantovaljaat-80452,https://media.tarvike.com/product/images/80452/original/156629.png,169.0,Husqvarna Balance XT2 kantovaljaat on suunniteltu pitkäkestoiseen metsänraivaustyöhön ja ne tarjoavat maksimaalisen työskentelymukavuuden. Valjaiden toiminnalliset ominaisuudet ja monipuolinen suunnittelu tekevät valjaiden muokkaamisesta henkilökohtaisten tarpeiden sekä työnkuvan mukaisesti helppoa.,139.41,Husqvarna,
19176860002,Husqvarna taskuensiapupakkaus,https://tarvike.com/product/husqvarna-taskuensiapupakkaus-80275,https://media.tarvike.com/product/images/80275/original/155906.png,20.9,"Sisältää ensiapusiteen, 9 eri kokoista laastaria, kaksi harsotaitosta, peilin ja vanupuikon.",16.9,Husqvarna,
19176922002,Husqvarna Balance X -valjaat,https://tarvike.com/product/husqvarna-balance-x-valjaat-80572,https://media.tarvike.com/product/images/80572/original/186726.webp,137.0,"Käytössä miellyttävät Balance X -valjaat jakavat painon tasaisemmin laajemmalle alueelle. Valjaissa on leveä, ilmava selkälevy ja leveät, pehmustetut olkahihnat. Paino jakautuu tasaisesti olkapäille, rinnalle, selälle ja lantiolle, jolloin selkään ja hartioihin kohdentuva rasitus vähenee. Joustavan lonkkatuen voi säätää ruohon- tai metsänraivaussahan mukaan sekä kuljetusasentoon. Valjaat on helppo säätää rintalevyn ja lantiovyön avulla. Pikakiinnitys auttaa irrottamaan koneen valjaista helposti ja turvallisesti.",116.5,Husqvarna,
12166304000,"Husqvarna 445S Moottorisaha 13""",https://tarvike.com/product/husqvarna-445s-moottorisaha-13-127458,https://media.tarvike.com/product/images/127458/original/167388.webp,719.0,"Husqvarna 445S on maanomistajien käyttöön tarkoitettu moottorisaha, joka soveltuu kaikkiin tarpeellisiin töihin aina metsän hakkuusta, sahaamisesta ja karsimisesta polttopuiden tekoon. Luotettavaan 400-sarjaan perustuva kevyt moottorisaha on entistä helppokäyttöisempi, ja sen vahvistettu kestävä rakenne pidentää tuotteen käyttöikää.",549.0,Husqvarna,
19177257002,"Husqvarna LB 144i Akkuruohonleikkuri, mukana akku ja laturi",https://tarvike.com/product/husqvarna-lb-144i-akkuruohonleikkuri-mukana-akku-ja-laturi-110237,https://media.tarvike.com/product/images/110237/original/160093.png,629.0,"Leikkaa pieniä ja keskikokoisia nurmikkoja kompaktilla ja kevyellä Husqvarna LB 144i -akkuruohonleikkurilla, jota on helppo ohjata haastavillakin alueilla. Silppuava BioClip®-toiminto leikkaa ruohon pieneksi silpuksi, joka maatuu nopeasti luonnolliseksi lannoitteeksi.",495.2,Husqvarna,
4963071000,Husqvarna Aspire Akku P4A 18-B45 2.5Ah,https://tarvike.com/product/husqvarna-aspire-akku-p4a-18-b45-25ah-81486,https://media.tarvike.com/product/images/81486/original/159915.png,61.9,"Husqvarna Aspire 18V akku (2.5Ah)on kompakti ja kevyt akku, joka on yhteensopiva kaikkien Husqvarna Aspire -tuoteperheen tuotteiden kanssa. Ergonominen design pehmustetulla tarttumaosalla tekee akun kiinnittämisen ja irrottamisen työkalusta helpoksi ja nopeaksi. Tätä POWER FOR ALL -allianssiin kuuluvaa litium-ioniakkua suositellaan käytettäväksi Aspire-oksasahan, Aspire-pensasleikkurin ja Aspire-ruohoraivurin kanssa. Tämä akku on osa POWER FOR ALL -allianssia, yhtä maailman suurinta merkittävimpien tuotemerkkien välistä akkuallianssia. Tätä akkua pystyy siis käyttämään kaikissa tuotteissa, jotka ovat osa kyseistä allianssia*. Et siis enää tarvitse erillistä akkua jokaiselle tuotteellesi, vaan pystyt käyttämään samaa akkua kaikissa puutarhatyökaluissasi. *Bosch PSM 18 LI + Bosch ALB 18 LI ovat yhteensopivia ainoastaan 1.5 Ah - 3.0 Ah akkutyypin kanssa.",49.52,Husqvarna,
19176982002,Husqvarna Hihallinen Sadetakki,https://tarvike.com/product/husqvarna-hihallinen-sadetakki-81110,https://media.tarvike.com/product/images/81110/original/158441.png,83.9,"Polyesterineuloksesta valmistettu selän sadesuoja, jossa on kestävä yksipuolinen PU-pinnoite ja hitsatut saumat. Kangas on vahvaa, mutta kuitenkin kevyttä ja kahisematonta. Selkäsuoja on suunniteltu moottorisahan käytön aikaisiin työasentoihin. Selkäsuojassa on erittäin pitkä sadereunalla varustettu selkäkappale, joka ohjaa sadeveden sivulle kumarassa työasennossa. Leveyttä voi säätää tarpeen mukaan edessä olevalla nepparikiinnityksellä. Hyväksytty standardin EN343 mukaisesti. Yksi koko.",70.51,Husqvarna,
17362756001,Husqvarna Aspire varastointikisko koukuille,https://tarvike.com/product/husqvarna-aspire-varastointikisko-koukuille-80453,https://media.tarvike.com/product/images/80453/original/30207.jpg,42.9,"Järjestä puutarhatyökalusi näppärästi ja siististi myös pienessä tilassa tämän seinään kiinnitettävän säilytyskiskon avulla. Optimoitu yhteensopivaksi Husqvarna Aspire -tuoteperheen tuotteiden kanssa. Jokainen kisko on 640 mm pitkä, joten työkaluvalikoimasi kasvaessa voit näppärästi hankkia useamman kiskon ja asentaa ne kaikki peräkkäin. 3 mm paksuinen alumiinioksidipinnoite takaa säilytysratkaisusi olevan yhtä kestävä ja tyylikäs kuin työkalusikin. Jokaisen Aspire-tuoteperheen tuotteen kanssa toimitetaan erikoissuunniteltu koukku, joka voidaan kiinnittää suoraan tähän säilytyskiskoon. Kiskoon sopivia koukkuja on myös ostettavissa erikseen, joten voit hankkia niitä myös muille työkaluillesi, kuten kannettaville puutarhatyökaluille, vesiletkuille tai harjoille. Kaikki tarvittavat kiinnitystarvikkeet toimitetaan tuotteen mukana, jotta voit varmistaa tuotteillesi mahdollisimman siistin säilytysratkaisun.",25.74,Husqvarna,
4964343000,"Husqvarna 545G Mark II, 13"" .325"" Moottorisaha",https://tarvike.com/product/husqvarna-545g-mark-ii-13-325-moottorisaha-81352,https://media.tarvike.com/product/images/81352/original/159294.png,1019.0,"Husqvarna 545G Mark II on voimakas, kestävä ja helposti hallittava 50-kuutioinen moottorisaha tehokkaaseen kaatoon ja karsintaan. Kapea saharunko ja innovatiiviset ominaisuudet varmistavat luotettavan suorituskyvyn ja helppokäyttöisyyden.",849.0,Husqvarna,
4963073000,Husqvarna Aspire Laturi P4A 18-C70 70W,https://tarvike.com/product/husqvarna-aspire-laturi-p4a-18-c70-70w-81488,https://media.tarvike.com/product/images/81488/original/159920.png,50.9,"Tämä Husqvarna Aspire -tuoteperheen kompakti laturi on yhteensopiva molempien Husqvarna Aspire -akkujen kanssa sekä kaikkien POWER FOR ALL ALLIANCE -akkujärjestelmän 18V akkujen kanssa. Lataa nopeasti ja tehokkaasti. Varustettu LED-valoilla, jotka ilmaisevat selkeästi latauksen etenemistä. 18-B45 (2.5Ah) akku latautuu 80% noin 40 minuutissa ja 100% noin tunnissa. 18-B72 (4.0Ah) akku latautuu 80% noin 64 minuutissa ja 100% noin 95 minuutissa. Tämä laturi on osa POWER FOR ALL -allianssia, yhtä maailman suurimmista tärkeimpien valmistajien välistä akkuallianssia. Laturia voi siis käyttää kaikkiin akkuihin, jotka ovat osa tätä allianssia. Tämä tarkoittaa siis sitä, että sinun ei enää tarvitse ostaa erillistä laturia jokaiselle akullesi, vaan voit käyttää vain yhtä laturia niille kaikille.",40.72,Husqvarna,
19176901002,Husqvarna Oksasahan Kantohihna,https://tarvike.com/product/husqvarna-oksasahan-kantohihna-80458,https://media.tarvike.com/product/images/80458/original/30208.jpg,20.9,Kantohihna pienemmille trimmereille. Pikalukituksen avulla valjaat saa tarvittaessa helposti pois yhdellä kädellä.,16.9,Husqvarna,
19176865002,"Husqvarna Olkaimet, nipistinkiinnitys",https://tarvike.com/product/husqvarna-olkaimet-nipistinkiinnitys-80282,https://media.tarvike.com/product/images/80282/original/155949.png,31.9,"Lujat metallisoljet. Erikoisleveät, säädettävä pituus.",25.4,Husqvarna,
17362757001,Husqvarna Aspire varastointikoukku lajitelma,https://tarvike.com/product/husqvarna-aspire-varastointikoukku-lajitelma-80454,https://media.tarvike.com/product/images/80454/original/30209.jpg,30.9,"Tämä viisi erikoissuunniteltua koukkua sisältävä Aspire-säilytysratkaisun lisäosa on optimoitu täydellisesti yhteensopivaksi kaikkien Husqvarna Aspire -tuoteperheen tuotteiden kanssa, mutta koukkuja voi toki käyttää myös muiden työkalujen, kuten esimerkiksi kannettavien puutarhalaitteiden, vesiletkujen tai harjojen säilytykseen. Jokainen koukku voidaan asentaa joko Aspire-säilytyskiskoon tai suoraan seinään – mahdollistaen näin todella näppärän ja pieneen tilaan sopivan säilytysratkaisun. Eri kokoiset, todella kestävästä materiaalista valmistetut ja yhden tai kaksi koukkua yhdessä sisältävät koukut antavat sinulle mahdollisuuden järjestää puutarhatyökalusi hyvin ja järkevästi myös pienemmässä tilassa.",18.54,Husqvarna,
16962191001,"Käsineet Functional, Viiltosuoja",https://tarvike.com/product/kasineet-functional-viiltosuoja-9-6493,https://media.tarvike.com/product/images/6493/original/31057.jpg,41.9,"Mukavat suojakäsineet moottorisahatöihin. Kämmen on valmistettu kestävästä ja luonnollisesti vettä hylkivästä vuohennahasta. Nylon-neopreenikangas rystysissä ja vaahto-laminoitu spandex-kangas kämmenselässä takaavat maksimaalisen mukavuuden. Etusormi, jossa on kosketusnäyttöystävällinen rystynen mahdollistaa älypuhelimen käytön myös hanskat kädessä. Neulottu ranneke lisää mukavuutta ja tekee hanskasta helpon pukea. Peukalo-osa tarjoaa paremman otteen ja paremman kestävyyden.",33.9,Husqvarna,
4964345000,"Husqvarna 550XPG Mark II – 13"" .325"" 1,3mm Moottorisaha",https://tarvike.com/product/husqvarna-550xpg-mark-ii-13-325-13mm-moottorisaha-81354,https://media.tarvike.com/product/images/81354/original/159295.png,1159.0,"Husqvarna 550XPG Mark II on vahva, kestävä ja helposti hallittavissa oleva saha. Tässä 50-kuutioisessa moottorisahassa on erinomainen suorituskyky ja leikkuuteho. Soveltuu pienten ja keskikokoisten puiden kaatoon, katkaisuun ja karsintaan sekä vaativaan puiden hoitoon.",849.0,Husqvarna,
19179674002,Kvex Traktorin lumilinko 140MS Sis. Hydr. torven/ylälipan kääntö,https://tarvike.com/product/kvex-traktorin-lumilinko-140ms-sis-hydr-torvenylalipan-kaanto-102195,https://media.tarvike.com/product/images/102195/original/119435.jpg,4999.0,KVex 140 MS V-linko pienikokoisille traktoreille.,3990.0,TARVIKE.COM,
19177267002,"Husqvarna LB 246iS Vetävä Akkuruohonleikkuri, Ei sis. akkua ja laturia",https://tarvike.com/product/husqvarna-lb-246is-vetava-akkuruohonleikkuri-ei-sis-akkua-ja-laturia-110260,https://media.tarvike.com/product/images/110260/original/160354.png,749.0,"Husqvarna LB 246iS on lujatekoinen, akkukäyttöinen ruohonleikkuri, joka sopii keskikokoisille nurmikoille. Vetävän etuvedon ja kompaktin teräksisen leikkuulaitteen ansiosta ruohonleikkuria on helppo käyttää ja ohjata. Leikkurin silppuava BioClip®-toiminto leikkaa ruohon pieneksi silpuksi, joka maatuu nopeasti luonnolliseksi lannoitteeksi.",583.2,Husqvarna,
8366211002,Husqvarna ST 253i Akkukäyttöinen lumilinko,https://tarvike.com/product/husqvarna-st-253i-akkukayttoinen-lumilinko-169162,https://media.tarvike.com/product/images/169162/original/191018.webp,898.9,"Akkukäyttöinen Husqvarna ST 253i -lumilinko poistaa lumen tehokkaasti keskikokoisilta alueilta tehokkaan sähkömoottorinsa ansiosta. Se on poikkeuksellisen helppo käynnistää ja käyttää yksinkertaisen ja intuitiivisen sankalukkotoiminnon ansiosta. Portaaton syöttöruuvin nopeudensäätö mahdollistaa ulosheiton tarkan hallinnan, mikä on erityisen hyödyllistä herkillä alueilla, ja sähköinen heittotorven kääntö tekee käytöstä nopeaa ja ergonomista. Muita käyttäjäystävällisiä ominaisuuksia ovat säilytystä helpottava taitettava kahva sekä LED-valo, joka takaa erinomaisen työvalaistuksen ja näkyvyyden pimeässä. ST 253i kuuluu Husqvarnan joustavaan 36 V:n BLi-X-järjestelmään, jonka ansiosta yhtä akkua voidaan käyttää useisiin työkaluihin.",669.0,Husqvarna,
8366206002,Husqvarna ST 143i Akkukäyttöinen lumilinko,https://tarvike.com/product/husqvarna-st-143i-akkukayttoinen-lumilinko-169161,https://media.tarvike.com/product/images/169161/original/191013.webp,619.0,"Husqvarna ST 143i on kevyt ja luotettava akkukäyttöinen lumilinko, joka on erinomainen lumenpoistaja pienillä ja keskikokoisilla pihoilla sekä pihateillä. Se on poikkeuksellisen helppo käynnistää ja käyttää yksinkertaisen ja intuitiivisen sankalukkotoiminnon ansiosta. Keveytensä ja pienen kokonsa ansiosta lumilingon ohjaaminen on helppoa myös ahtaissa paikoissa. Muita käyttäjäystävällisiä ominaisuuksia ovat säilytystä helpottava taitettava kahva sekä LED-valo, joka takaa erinomaisen työvalaistuksen ja näkyvyyden pimeässä. ST 143i kuuluu Husqvarnan joustavaan 36 V:n BLi-X-järjestelmään, jonka ansiosta yhtä akkua voidaan käyttää useisiin työkaluihin.",449.0,Husqvarna,
19177210002,"Husqvarna 215iL Akkutrimmeri, mukana akku ja laturi",https://tarvike.com/product/husqvarna-215il-akkutrimmeri-mukana-akku-ja-laturi-81467,https://media.tarvike.com/product/images/81467/original/159828.png,339.0,"Husqvarna 215iL Ruohotrimmeri on ihanteellinen nurmikon reunojen ja korkean ruohon nopeaan ja helppoon leikkaamiseen. Tehokas harjaton moottori toimii hiljaisella äänellä, vähäisellä tärinällä ja ilman suoria päästöjä.",299.0,Husqvarna,
18339722001,"Husqvarna Automower® 405VE NERA, EPOS™ Robottiruohonleikkuri",https://tarvike.com/product/husqvarna-automower-405ve-nera-epos-robottiruohonleikkuri-174555,https://media.tarvike.com/product/images/174555/original/197422.webp,2649.0,"Husqvarna Automower® 405VE NERA – kaapeliton robottiruohonleikkuri innovatiivisilla ominaisuuksilla, täydellinen lopputulos jopa 900 m²:n nurmikoilla. EdgeCut-toiminto pitää nurmikon reunat siisteinä ja vähentää trimmaukseen kuluvaa aikaa ja vaivaa. Kun satelliittipohjaisen teknologiamme mahdollistamat virtuaaliset rajat ovat käytettävissä, asennuksesta tulee paitsi kestävä, myös helposti muokattava. Sisältää Latausasema Varaterät 6kpl Virtalähde Matalajännitekaapeli 10m",2449.0,Husqvarna,
17371731001,"Husqvarna 542i XP G Akkumoottorisaha, ei sis. akkua ja laturia",https://tarvike.com/product/husqvarna-542i-xp-g-akkumoottorisaha-ei-sis-akkua-ja-laturia-110229,https://media.tarvike.com/product/images/110229/original/160079.png,908.9,"Husqvarna 542i XP® G on maailman ensimmäinen ammattikäyttöön tarkoitettu, keskipakokytkimellä ja lämpökahvoilla varustettu akkumoottorisaha. Se tarjoaa ainutlaatuisen leikkuutehon ja paremman otteen myös kylmällä ilmalla.",809.0,Husqvarna,
17362758001,Husqvarna Aspire varastointihylly,https://tarvike.com/product/husqvarna-aspire-varastointihylly-80455,https://media.tarvike.com/product/images/80455/original/30196.jpg,22.9,"Tämä Aspire-tuotesarjan lisäosa on suunniteltu erityisesti pieniin tiloihin helpottamaan puutarhatyökalujen säilytystä. Siihen mahtuu kätevästi yksi laturi, kaksi akkua, tai vaihtoehtoisesti esimerkiksi puutarhatyöskentelyssä käytettävät hansikkaat. Valmistettu 6 mm paksuisesta rautalangasta ja kestävästä muovista. Hyllyn voi kiinnittää joko suoraan seinään tai Aspire-säilytyskiskoon. Järjestele puutarhatyökalusi helposti ja näppärästi myös pienemmässä tilassa.",16.03,Husqvarna,
16957421001,"Käsineet Technical, Viiltosuoja",https://tarvike.com/product/kasineet-technical-viiltosuoja-10-6497,https://media.tarvike.com/product/images/6497/original/31047.jpg,55.9,"Technical-käsineet, viiltosuoja 20 m/s. Vuohennahkainen kämmenosa ja kämmenselässä interlock-jerseyneulosta, harmaata vaahtomuovia ja laminoitua spandex-kangasta. Vuohennahka sisältää kosteudelta suojaavaa luonnollista rasvaa ja sopii siksi vaatiiviin töihin. Mukavat, käden muotoa noudattavat saumat sekä kaksinkertainen peukalo-ommel. Lyhyt ja tiukka malli istuvuuden ja liikkuvuuden parantamiseksi.",46.7,Husqvarna,
4964336000,Husqvarna 555Fxt Metsänraivaussaha,https://tarvike.com/product/husqvarna-555fxt-metsanraivaussaha-81246,https://media.tarvike.com/product/images/81246/original/158937.png,1529.0,"Husqvarna 555FXT on erittäin suorituskykyinen ammattikäyttöön ja vaativiin olosuhteisiin tarkoitettu raivaussaha. X-Torq®-moottori takaa riittävästi tehoa, kiihtyy nopeasti ja kuluttaa vähän polttoainetta. Raivuri on varustettu ainutlaatuisella kahvalämmityksellä, joka parantaa työmukavuutta kylmissä ja kosteissa olosuhteissa. Lyhyt runkoputki ja 24° kulmavaihde helpottavat kaadon suuntaamista tiheissä metsissä.",1149.0,Husqvarna,
22331694000,Muuttolaatikko 45l,https://tarvike.com/product/muuttolaatikko-45l-145338,https://media.tarvike.com/product/images/145338/original/176840.webp,15.0,"Elintarvikehyväksyttyä muovia, kansi DM5008.",12.95,GDM Di Martino,
19179730002,"Husqvarna 540i XP G Akkumoottorisaha, ei sis. akkua/laturia",https://tarvike.com/product/husqvarna-540i-xp-g-akkumoottorisaha-ei-sis-akkualaturia-110210,https://media.tarvike.com/product/images/110210/original/159891.png,898.9,"Husqvarna 540i XP® G on tehokas ja todella suorituskykyinen akkumoottorisaha ammattikäyttöön. Sahan keveys ja vahva suorituskyky tekevät siitä täydellisen pienten ja keskisuurten puiden kaatoon. Sahan teho vastaa täysin 40-kuutioista polttomoottorisahaa, kun sitä käytetään yhdessä Husqvarnan BLi300-akun kanssa.",799.0,Husqvarna,
18739676002,Husqvarna Functional 20A turvahousut,https://tarvike.com/product/turvahousut-functional-20a-52-7567,https://media.tarvike.com/product/images/7567/original/30065.jpg,205.0,"Husqvarna Functional metsurin turvahousut on valmistettu laadukkaista ja kestävistä materiaaleista, kuten CorduraR-vahvikkeesta. Helppo käyttää keveissä metsätaloustöissä.",174.29,Husqvarna,
9722743002,Husqvarna 540 XP® Mark III Moottorisaha,https://tarvike.com/product/husqvarna-540-xp-mark-iii-moottorisaha-122301,https://media.tarvike.com/product/images/122301/original/159771.png,908.9,Husqvarna 540 XP® Mark III on näppärä ja kevyt polttomoottorikäyttöinen moottorisaha 40 kuutioisten sarjassa. Se on suunniteltu erityisesti ammattimaiseen puunhoitoon ja puiden karsimiseen. Sahan tehokas moottori yhdistettynä Husqvarnan terävään SP21G tai S93G -teräketjuun tarjoaa vaikuttavan leikkuukapasiteetin nopealla kiihtyvyydellä. Helppo ja luotettava käynnistys - niin kylmällä kuin kuumallakin säällä - sekä sujuva ohjattavuus tekevät tästä sahasta kaikkien puunhoitotiimien suosikin.,809.0,Husqvarna,
6716506002,Husqvarna 545FxT AutoTune metsänraivaussaha,https://tarvike.com/product/husqvarna-545fxt-autotune-metsanraivaussaha-81297,https://media.tarvike.com/product/images/81297/original/159089.png,1279.0,"Erityisen helppokäyttöinen raivaussaha metsänhoitoon. Tehokkaat ja ainutlaatuiset ergonomiset ominaisuudet on suunniteltu vaativaan raivaustyöhön. Optimoitu voimansiirto ja 24 asteen kulmavaihde helpottavat suunnattua kaatoa tiheässä metsässä. Moottorin, runkoputken ja terälaitteen tärinät on tehokkaasti vaimennettu. Smart Start® takaa helpon käynnistyksen. Mukana Balance XT -ammattivaljaat.",999.0,Husqvarna,
4964342000,"Husqvarna 545 Mark II - 13"" .325"" Moottorisaha",https://tarvike.com/product/husqvarna-545-mark-ii-13-325-moottorisaha-81351,https://media.tarvike.com/product/images/81351/original/159288.png,949.0,"Husqvarna 545 Mark II on voimakas, kestävä ja helposti hallittava 50-kuutioinen moottorisaha tehokkaaseen kaatoon ja karsintaan. Kapea saharunko ja innovatiiviset ominaisuudet varmistavat luotettavan suorituskyvyn ja helppokäyttöisyyden.",799.0,Husqvarna,
4963072000,Husqvarna Aspire Akku P4A 18-B72 4.0Ah,https://tarvike.com/product/husqvarna-aspire-akku-p4a-18-b72-40ah-81487,https://media.tarvike.com/product/images/81487/original/159916.png,89.9,Innovatiivinen 18V akkujärjestelmä takaa tehokkuuden ja yhteensopivuuden.,71.92,Husqvarna,
35011488000,Fitt Puutarhaletku 25mm x 25m,https://tarvike.com/product/fitt-puutarhaletku-25mm-x-25m-44443,https://media.tarvike.com/product/images/44443/original/16969.jpg,55.1,Fitt Puutarhaletku 25mm x 25m on kestävä kasteluletku. Materiaali PVC + polyesteri.,39.0,IKH,
23856040001,"Puutarhaletkusetti 10m, mini",https://tarvike.com/product/puutarhaletkusetti-10m-mini-43655,https://media.tarvike.com/product/images/43655/original/15204.jpg,22.16,"Kätevä pienikokoinen puutarhaletkusetti, sopii esimerkiksi parvekkeille tai pienille pihoille. Sisältää kastelupistoolin kuudella eri suihkulla sekä hanaliittimen.",11.08,Fixus,
21509076001,Husqvarna Metsätyöpusero Technical Extreme,https://tarvike.com/product/metsatyopusero-technical-extreme-7618,https://media.tarvike.com/product/images/7618/original/147033.webp,409.0,"Joustava ja hengittävä Husqvarna Technical Extreme-metsätyöpusero tarjoaa mukavuutta pitkiin työpäiviin. Kevyet, hengittävät kankaat ja valmiiksi hiukan taivutetut kyynärpäät lisäävät liikkuvuutta samalla kun tuuletusaukot pitävät sinut viileänä myös rankimpina työpäivinä. Cordura®-vahvikkeet kuluvimmissa kohdissa tekevät tuotteesta kestävämmän. Pehmustettu kännykkätasku pitää puhelimen suojattuna kolhuilta sekä akun poissa kylmästä. Sopii niin naisille kuin miehillekin.",335.8,Husqvarna,
1923673002,"Husqvarna Raivaus- ja trimmauspusero, High Viz",https://tarvike.com/product/raivauspusero-en20471-xl-6455,https://media.tarvike.com/product/images/6455/original/30800.jpg,184.0,"Takki sopii erityisesti pitkäaikaiseen työskentelyyn valjaiden kanssa. Huomioväri täyttää EN ISO 20471 (luokka 3) -standardin vaatimukset. Olkapäillä sijaitseviin taskuihin voidaan laittaa lisäpehmusteita vähentämään olkapäihin kohdistuvaa kuormitusta. Taskut ovat helposti käytettävissä valjaiden kanssa työskenneltäessä. Hihojen alla olevat tuuletusvetoketjut ja selän tuuletusaukko varmistavat, että työskentely on miellyttävää. Hihojen uusi malli ja ergonominen muotoilu sekä selän neljään suuntaan joustava kangas takaavat erinomaisen liikkuvuuden.",153.0,Husqvarna,
19179702002,Husqvarna 135 Mark II Moottorisaha,https://tarvike.com/product/husqvarna-135-mark-ii-moottorisaha-81370,https://media.tarvike.com/product/images/81370/original/159375.png,359.0,"Vankka, luotettava ja helppokäyttöinen Husqvarna 135 Mark II moottorisaha soveltuu satunnaisiin pihatöihin, kuten polttopuiden sahaukseen ja pienten puiden kaatoon ja karsintaan. Helposti käynnistyvän ja hallittavan sahan sivulla on kätevä ja nopea ketjunkiristys. Sylinteritilavuus 38 cm³ Teho 1.6 kW Suositeltu terälevyn pituus, maks. 40 cm Paino (ilman terävarustusta) 4.7 kg",299.0,Husqvarna,
18740233002,"Sadehousut, Pinnoitettu",https://tarvike.com/product/sadehousut-xl-pinnoitettu-6418,https://media.tarvike.com/product/images/6418/original/30952.jpg,95.9,"Polyesterineuloksesta valmistetut sadehousut, joissa on kestävä yksipuolinen PU-pinnoite ja hitsatut saumat. Kangas on vahvaa, mutta kuitenkin kevyttä ja kahisematonta. Lahkeiden sivussa olevat vetoketjut helpottavat alla olevien housujen käyttöä. Vyötäröllä kuminauha ja kiristysnaru säätöä varten ja takana tuuletusaukot. Edessä olevat aukot helpottavat alla olevien housujen käyttöä. Hyväksytty standardin EN ISO 20471 luokan 2 ja standardin EN343 mukaisesti.",80.7,Husqvarna,
18739635002,Husqvarna Turvahaalari Classic 20A,https://tarvike.com/product/turvahaalari-classic-20a-58-7550,https://media.tarvike.com/product/images/7550/original/30096.jpg,135.0,Husqvarna Classic turvahaalari antaa luotettavan suojauksen satunnaisille moottorisahan käyttäjille polttopuiden sahaamiseen ja muihin ulkotöihin. Valmistettu kestävästä polyesterista/puuvillatvillistä. Viiltosuoja on vahvistettu alaosan sisäpuolelta jalkineiden aiheuttamaa kulumista vastaan. Viiltosuoja: Kyllä EN-hyväksyntä: EN ISO 11393 Luokka: Luokka 1 (20 m/s) Euro-testattu: Kyllä,114.79,Husqvarna,
17371735001,"Husqvarna 435i Akkusaha 14"". 0.325"" MINI, ei sis. akkua ja laturia",https://tarvike.com/product/husqvarna-435i-akkusaha-14-0325-mini-ei-sis-akkua-ja-laturia-110248,https://media.tarvike.com/product/images/110248/original/160216.png,469.0,"Husqvarna 435i on akkukäyttöinen moottorisaha, jolla on huippuluokan leikkausteho optimoidun vääntömomentin, suuren ketjunopeuden ja kestävän harjattoman moottorin ansiosta. Tämä tarjoaa monipuolista tehokkuutta kaikissa kevyemmissä jokapäiväisissä tehtävissä, kuten pienempien puiden kaatamisessa, raivauksessa, karsimisessa tai polttopuiden pätkimisessä.",399.0,Husqvarna,
17371451001,Husqvarna Automower® 310E Nera Robottiruohonleikkuri,https://tarvike.com/product/husqvarna-automower-310e-nera-robottiruohonleikkuri-81501,https://media.tarvike.com/product/images/81501/original/160119.png,2148.9,"Husqvarna Automower® 310E NERA on jopa 1000 m²:n nurmialueen leikkaamiseen suunniteltu robottiruohonleikkuri. Siinä on EdgeCut-toiminto, joka vähentää nurmikon reunojen siistimisen ja trimmauksen tarvetta, mikä säästää aikaa ja vaivaa. 310E NERA voidaan asentaa joko perinteisemmin rajalankojen kanssa tai langattomasti Husqvarna EPOS™-tekniikan avulla. Sisältää Latausasema Varaterät 9kpl Virtalähde Matalajännitekaapeli 10m",1790.0,Husqvarna,
16962998001,"Käsineet Functional Grip, Talvi",https://tarvike.com/product/kasineet-functional-grip-talvi-12-7645,https://media.tarvike.com/product/images/7645/original/30123.jpg,10.9,"Husqvarna Functional Grip Talvikäsineet ovat mukavan istuvat suojakäsineet, jotka on suunniteltu monipuolisiin puutarha- ja puidenhoitotöihin kylmällä ja märällä säällä. Käsineen kestävä, lateksipinnoitettu kämmenosa tarjoaa hyvän otteen ja suojaa kämmentäsi. Vuori pitää sormet lämpiminä ja kuivina koko päivän. Neulottu ranneke pitää lumen poissa ja tekee käsineen pukemisen helpoksi. Käsineet ovat käsinpestävät, jotta ne pysyvät mukavina pidempään. Täyttää standardin EN 388:2016.",8.4,Husqvarna,
16962052001,Husqvarna Turvasaappaat Functional 28,https://tarvike.com/product/turvasaappaat-functional-28-42-6482,https://media.tarvike.com/product/images/6482/original/30718.jpg,165.0,"Husqvarna Functional 28 on käsintehdyt saappaat, joissa on hyväksytty viiltosuoja. Vahvistettu holvi varvassuojalla sekä vahvikkeet pohjan ympärillä. Uuden mallinen kantakuppi helpottaa pukemista ja riisumista. Varressa nyöritys takana ja tukevat tartuntareunat. Kanvas-vuori. Pohja on nastoitettavissa.",140.3,Husqvarna,
12166303000,"Husqvarna 450S Moottorisaha 13""",https://tarvike.com/product/husqvarna-450s-moottorisaha-13-127459,https://media.tarvike.com/product/images/127459/original/167390.webp,769.0,"Husqvarna 450S on maanomistajien käyttöön tarkoitettu moottorisaha, joka soveltuu kaikkiin töihin aina metsän hakkuusta, sahaamisesta ja karsimisesta polttopuiden tekoon. Luotettavaan 400-sarjaan perustuvassa kevyessä moottorisahassa on vahvistettu kestävä rakenne, joka pidentää tuotteen käyttöikää.",629.0,Husqvarna,
10345891001,Husqvarna Metsätyöpusero Functional KWF,https://tarvike.com/product/metsatyopusero-functional-kwf-s-7601,https://media.tarvike.com/product/images/7601/original/186727.webp,149.0,Husqvarna Functional KWF metsätyöpusero on monikäyttöinen pusero kevyeen metsätyökäyttöön. Materiaali laadukasta 100% mikropolyesteriä ja ranteissa Cordura-vahvikkeet. Useita istuvuutta parantavia säätöominaisuuksia. Vetoketjulliset tuuletusaukot lisäävät mukavuutta ja heijastinnauhat parantavat turvallisuutta. koot S-XXL. Istuvuus: Suora,126.7,Husqvarna,
4964346000,"Husqvarna 535iFR Akkuruohonraivuri, ei sis. akku/laturi",https://tarvike.com/product/husqvarna-535ifr-akkuruohonraivuri-ei-sis-akkulaturi-81364,https://media.tarvike.com/product/images/81364/original/159335.png,809.0,"Husqvarna 535iFR on ammattikäyttöön tarkoitettu vankkatekoinen, monipuolinen ja tehokas akkukäyttöinen ruohoraivuri. Se sopii säännölliseen käyttöön nurmikon ja pensaikon raivaamisessa ja kevyissä metsänhoitotöissä.",689.0,Husqvarna,
33660991000,Husqvarna Aspire™ -työkalulaatikko,https://tarvike.com/product/husqvarna-aspire-tyokalulaatikko-120084,https://media.tarvike.com/product/images/120084/original/204244.png,39.8,"Suojaa Aspire-oksasahasi säilytyksen tai kuljetuksen aikana tällä kestävällä Aspire-työkalulaatikolla. Laatikko on valmistettu kovasta muovista, siinä on paikat kahdelle 18V POWER FOR ALL -akulle ja yhdelle laturille sekä lisätilaa muille oksasahan lisäosille, kuten ketjuöljylle, ketjuviilalle tai tuotteen käyttöohjeelle. Laatikon avulla voit säilyttää kaikki oksasahan tarvikkeet kätevästi samassa paikassa.",32.72,Husqvarna,
33521072000,Nastasarja,https://tarvike.com/product/nastasarja-120848,https://media.tarvike.com/product/images/120848/original/204236.webp,24.9,Nastat ja nasta-avain. Sopivat Functional 24- ja Functional 28 -turvajalkineisiin.,21.2,Husqvarna,
33507137000,"Husqvarna 230iB Lehtipuhallin, sis. akun ja laturin",https://tarvike.com/product/husqvarna-230ib-lehtipuhallin-sis-akun-ja-laturin-122626,https://media.tarvike.com/product/images/122626/original/160241.png,368.9,"Husqvarna 230iB tarjoaa ihanteellisen yhdistelmän tehoa ja käyttömukavuutta. Luokkansa johtavan puhallusvoiman ja kevyen painonsa ansiosta tämä akkupuhallin siirtää lehdet ja roskat helposti ja on silti näppärä käsitellä. Ergonominen, tasapainoinen muotoilu ja putken päähän lisätty roskakaavin lisäävät käyttömukavuutta. Puhallin on helppo mukauttaa erilaisiin tehtäviin portaattoman nopeudensäädön, vakiopuhallusnopeuden ja tarvittaessa lisätehoa antavan boost-tilan ansiosta. Varustettu harjattomalla moottorilla, joka parantaa tehokkuutta, vähentää melua ja tarvitsee vähemmän huoltoa.",339.0,Husqvarna,
21509091001,Husqvarna Technical Extreme turvahousut,https://tarvike.com/product/husqvarna-technical-extreme-turvahousut-7635,https://media.tarvike.com/product/images/7635/original/147035.webp,469.0,Husqvarna Technical Extreme -turvahousut tarjoavat luokan 1 sahasuojauksen ja pitkien työpäivien aikana tarvittavan mukavuuden samassa paketissa. Sen erittäin kevyt ja vettä pitävä stretch kanfas mukautuu kehosi liikkeisiin siksi onkin erinomainen vaativaan metsätyöhön,386.8,Husqvarna,
19177222002,"Husqvarna LC 142i Työnnettävä Akkuleikkuri, mukana akku ja laturi",https://tarvike.com/product/husqvarna-lc-142i-tyonnettava-akkuleikkuri-mukana-akku-ja-laturi-81479,https://media.tarvike.com/product/images/81479/original/159844.png,629.0,"Husqvarna LC 142i akkuruohonleikkuri erittäin helpolla käynnistyksellä! Hyvä valinta tasaisten ja nopeiden tulosten saamiseksi, kompakti ja kevyt akkuruohonleikkuri, jota on erittäin helppo käyttää. Tämä sähköinen akkuruohonleikkuri on ihanteellinen pieniin ja keskikokoisiin puutarhoihin tai pienempien monimutkaisten alueiden leikkaamiseen. Sisältää Save™-tilan, joka mahdollistaa erinomaisen leikkauksen vähemmällä energialla. Yhteensopiva 36V akkujärjestelmän kanssa.",495.2,Husqvarna,
19177218002,Husqvarna LC 347VE Vetävä ja Keräävä Ruohonleikkuri,https://tarvike.com/product/husqvarna-lc-347ve-vetava-ja-keraava-ruohonleikkuri-81475,https://media.tarvike.com/product/images/81475/original/159848.png,939.0,"Husqvarna LC 347VE on vetävä ruohonleikkuri, jossa on sähkökäynnistys ja portaaton nopeussäätö sujuvan toiminnan takaamiseksi. Voimanlähteenä leikkurissa on Husqvarna-moottori ja se on varustettu 47 cm:n komposiittileikkuulaitteella sekä keskitetyllä leikkuukorkeuden säädöllä. Korkealaatuinen ja suorituskykyinen bensiinikäyttöinen ruohonleikkuri, joka on suunniteltu tekemään keskikokoisesta nurmikostasi upean.",735.12,Husqvarna,
19177183002,Husqvarna Automower® 405X robottiruohonleikkuri,https://tarvike.com/product/husqvarna-automower-405x-robottiruohonleikkuri-81423,https://media.tarvike.com/product/images/81423/original/159577.png,2198.9,"Husqvarna Automower® 405X on X-sarjan luotettava ja tehokas malli, joka sopii pienelle nurmikolle. Se leikkaa jopa 600 m²:n kokoiset monimuotoiset nurmikot, tekee tarkkaa ja järjestelmällistä työtä kapeilla käytävillä ja selviytyy helposti rinteissä, joiden kaltevuus on 40 %. Leikkurin käyttö on huoletonta sähköisen leikkuukorkeuden säädön, tavoitekorkeuden säädön, pakkassuojan ja sääajastimen ansiosta. Se on helppo puhdistaa ja pestä letkulla. X-sarjan Premium-leikkurissa on Automower® Connect ja GPS-seuranta varkaustapauksissa, etähallinnan mahdollistava GPS-avusteinen navigointi sekä X-sarjan muotoilu ja LED-ajovalot, etupuskuri ja erikoisväriset pyörän kapselit. Leikkuri on myös varustettu FOTA-toiminnolla (automaattiset langattomat laiteohjelmistopäivitykset). Työskentelyalueen kapasiteetti 600 m² ±20% Keskimääräinen latausaika 60 min Jotta robottileikkuri olisi toimintakuntoinen, tarvitset myös asennussarjan S 9679721-01 / M 9679722-01 / L 9679723-01 Suositeltu asennussarja: Pieni (S-koko)",1249.0,Husqvarna,
17418658001,"Husqvarna T542i XP® G Akkumoottorisaha, Ei sisällä akkua/laturia",https://tarvike.com/product/husqvarna-t542i-xp-g-akkumoottorisaha-ei-sisalla-akkualaturia-119536,https://media.tarvike.com/product/images/119536/original/160088.png,908.9,"Husqvarna T542i XP® G on maailman ensimmäinen yläkahvallinen keskipakokytkimellä ja lämpökahvoilla varustettu akkumoottorisaha. Se tarjoaa ainutlaatuisen leikkuutehon ja paremman otteen myös kylmällä ilmalla. Tämä näppärä 36 V akulla varustettu yläkahvallinen moottorisaha on erittäin tehokas työkalu ammattimaisille puukiipeilijöille, jotka työskentelevät kylmissä ja kosteissa olosuhteissa. Ei sisällä akkuja eikä laturia.",809.0,Husqvarna,
17371723001,Husqvarna T540i XP® G Akkukäyttöinen puunhoitosaha,https://tarvike.com/product/husqvarna-t540i-xp-g-akkukayttoinen-puunhoitosaha-110211,https://media.tarvike.com/product/images/110211/original/159895.png,889.0,"Husqvarna T540i XP® G on tehokas yläkahvallinen akkumoottorisaha ammattipuunhoitoon. Varustettu lämpökahvoilla, jotta kädet pysyisivät lämpimänä ja kuivana myös kylmässä ja kosteassa säässä työskennellessä, sekä öljysensorilla, jotta ketju pysyisi aina parhaassa mahdollisessa terässä.",799.0,Husqvarna,
16963854001,Husqvarna Raivaushousut EN20471,https://tarvike.com/product/raivaushousut-en20471-52-6447,https://media.tarvike.com/product/images/6447/original/30787.jpg,177.0,"Koko 52 / M ½ Husqvarna Raivaushousut sopivat erityisesti pitkäaikaiseen työskentelyyn ruohoraivurin tai trimmerin kanssa. Huomioväri täyttää EN ISO 20471 (luokka 2) -standardin vaatimukset. Lonkan kohdalla sijaitsevaan taskuun voidaan laittaa lisäpehmuste vähentämään painetta. Lahkeiden etu- ja sivuosat ovat vettähylkivää materiaalia, ja pehmusteet suojaavat lentäviltä kiviltä. Pintakäsitelty kangas on helppo puhdistaa märästä ruohosta. Kuluvien kohtien vahvistukset parantavat kestävyyttä ja pidentävät käyttöikää. Lahkeiden takana olevat tuuletusvetoketjut voidaan avata parempaa ilmanvaihtoa varten. Polvet on muotoiltu ergonomisesti.",148.81,Husqvarna,
16963492001,"Husqvarna Sadetakki, Pinnoitettu",https://tarvike.com/product/sadetakki-m-pinnoitettu-6410,https://media.tarvike.com/product/images/6410/original/30926.jpg,157.0,"Polyesterineuloksesta valmistetut sadelahkeet, joissa on kestävä yksipuolinen PU-pinnoite ja hitsatut saumat. Kangas on vahvaa, mutta kuitenkin kevyttä ja kahisematonta. Takki on suunniteltu niin, että ilma pääsee kiertämään hyvin sen sisällä, jolloin pitkäkään sadepäivä ei tunnu tukalalta. Takin sisällä on rintatasku ja etupuolella piilotaskut. Taskut ovat vesitiiviit, joten taskujen sisältö on hyvin suojassa ja pysyy kuivana. Hyväksytty standardin EN ISO 20471 luokan 3 ja standardin EN343 mukaisesti.",131.8,Husqvarna,
16961948001,Husqvarna Turvahaalari Functional 20A,https://tarvike.com/product/turvahaalari-functional-20a-50-6470,https://media.tarvike.com/product/images/6470/original/30086.jpg,228.9,"Husqvarna Functional metsurin turvahaalari on valmistettu laadukkaista ja kestävistä materiaaleista, kuten Cordura-vahvikkeesta. Helppo käyttää keveissä metsätaloustöissä.",194.7,Husqvarna,
16957898001,Husqvarna Nahkaturvakengät Technical 24,https://tarvike.com/product/nahkaturvakengat-technical-24-43-6558,https://media.tarvike.com/product/images/6558/original/30854.jpg,388.9,"Husqvarna Technical 24 Nahkaturvakengät ovat erittäin mukavat ja kevyet turvajalkineet kaikkiin sääolosuhteisiin. Huolella suunniteltu kantarakenne, korkea ja hyvin tukea antava yläosa ja mukavan pehmeä sisus. Vibram®-pohjassa on erinomainen pito kylmällä, märällä ja liukkaalla kelillä. Pohjan keskiosa vaimentaa iskuja, joten jalkineet suorastan hellivät jalkaa koko pitkän päivän. Jalkineet on valmistettu Sympatex®-kalvolla päällystetystä nahasta. Materiaali on laadukasta, vettä hylkivää ja hengittävää. Lisäpehmuste nilkan, kantapään ja päällisen ympärillä sekä teräksinen varvassuoja. Pohjallinen on irrotettava ja pesunkestävä. Jalkineen alaosa on vahvistettu suojaavalla kumilla. Etukielekkeen ja takaosan vetosilmukat sekä kengännauhojen kiinnityskoukut helpottavat säätöä ja jalkineiden käsittelyä.",330.71,Husqvarna,
1677286000,Meganex Rautakanki 7kg 150cm,https://tarvike.com/product/meganex-rautakanki-7kg-150cm-144903,https://media.tarvike.com/product/images/144903/original/176343.webp,35.2,Rautakanki 150cm. 7kg,25.0,Meganex,
4955828000,Sisärengas 11 x 4.00 - 5 TR87,https://tarvike.com/product/sisarengas-11-x-400-5-tr87-79282,https://media.tarvike.com/product/images/79282/original/28277.jpg,9.0,Puutarhakoneiden/Kottikärryn sisärengas Koko 11 x 4.00 - 5,5.4,,
10809806002,Honda UMK425 U Trimmeri,https://tarvike.com/product/honda-umk425-u-trimmeri-187060,https://media.tarvike.com/product/images/187060/original/204362.jpg,579.0,"UMK425U on suoravartinen trimmeri, jossa on vääntävä Hondan 25-kuutioinen 4-tahtimoottori.",405.0,Honda,
721299001,CLEN MK 2201 TC Imuri työkaluohjauksella,https://tarvike.com/product/clen-mk-2201-tc-imuri-tyokaluohjauksella-145184,https://media.tarvike.com/product/images/145184/original/176590.jpg,119.0,Pölyn- ja vedenimuri. Imurissa on myös kätevä puhallustoiminto sekä liitäntä sähkötyökalulle työkaluohjaus mahdollisuudella. Laitteessa on erillinen vivusta toimiva käsikäyttöinen suodattimen puhdistustoiminto.,107.1,Clen,
721293001,CLEN GX 162 Painepesuri,https://tarvike.com/product/clen-gx-162-painepesuri-145173,https://media.tarvike.com/product/images/145173/original/176574.jpg,469.0,"Tehokas yli 3000 W painepesuri vaativaan käyttöön kodin ympäristössä. Letkukela, laadukas 10 metrinen teräsvahvistettu kumipaineletku sekä metallirunkoinen kahva takaavat asiakastyytyväisyyden. Terassipesin ja laaja suutinvalikoima sisältyvät myyntipakkaukseen.",449.0,Clen,
71432000,"Husqvarna Automower® 410VE NERA, EPOS™ Robottiruohonleikkuri",https://tarvike.com/product/husqvarna-automower-410ve-nera-epos-robottiruohonleikkuri-174556,https://media.tarvike.com/product/images/174556/original/197416.webp,3098.9,"Husqvarna Automower® 410VE NERA – kaapeliton robottiruohonleikkuri innovatiivisilla ominaisuuksilla, täydellinen lopputulos jopa 1 500 m²:n nurmikoilla. EdgeCut-toiminto pitää nurmikon reunat siisteinä ja vähentää trimmaukseen kuluvaa aikaa ja vaivaa. Kun satelliittipohjaisen teknologiamme mahdollistamat virtuaaliset rajat ovat käytettävissä, asennuksesta tulee paitsi kestävä, myös helposti muokattava. Sisältää Latausasema Varaterät 6kpl Virtalähde Matalajännitekaapeli 10m",2799.0,Husqvarna,
706481001,Työvälinekiinnike euro,https://tarvike.com/product/tyovalinekiinnike-euro-144910,https://media.tarvike.com/product/images/144910/original/176361.webp,79.0,Soveltuu eurokiinnikkeillä varustettuihin kuormaimiin.,59.0,Lohimet Oy,
6870841002,Husqvarna Tekninen aluspaita,https://tarvike.com/product/tekninen-aluspaita-husqvarna-m-7647,https://media.tarvike.com/product/images/7647/original/192812.webp,38.9,"Husqvarnan aluspaita, joka puetaan ensimmäiseksi kerrokseksi ihoa vasten. Materiaalina on Interlock-neulos, jonka kehrätty sisäpinta on miellyttävän pehmeä iholle ja ulkopinnan teksturointi tehostaa kosteuden siirtymistä seuraavaan vaatekerrokseen. Alusasun hyvä hengittävyys saa ihon tuntumaan kuivalta ja käyttö on mukavaa. Materiaali on kevyt, 140 g/m2. Materiaali 100% polyester Pesulämpötila 60°C",32.2,Husqvarna,
4964335000,Husqvarna 555FX Metsänraivaussaha,https://tarvike.com/product/husqvarna-555fx-metsanraivaussaha-81244,https://media.tarvike.com/product/images/81244/original/158933.png,1438.9,"Husqvarna 555FX on erittäin suorituskykyinen ammattikäyttöön ja vaativiin olosuhteisiin kehitetty raivaussaha. X-Torq®-moottori takaa riittävästi tehoa, kiihtyy nopeasti ja kuluttaa vähän polttoainetta. Lyhyt runkoputki ja 24° kulmavaihde helpottavat suunnattua kaatoa tiheässä metsässä.",1129.0,Husqvarna,
33066270000,Clen Easy P57 Painepesuri,https://tarvike.com/product/clen-easy-p57-painepesuri-180640,https://media.tarvike.com/product/images/180640/original/204009.png,333.0,"Tehokas 145 bar paineella varustettu painepesuri kaikkiin kodin puhdistustarpeisiin. Pesurissa on ergonominen pesukahva ja joustava 12 metrinen paineletku kelalla. Reilut pidikkeet pitävät kaikki varusteet järjestyksessä. Pesurissa on isot pyörät ja vetoaisa helpottamaan siirtelyä. Kolmisylinterinen itseimevä metallinen korkeapainepumppu, kovateräsmännillä.",299.0,Clen,
33066269000,Clen CX 132 Painepesuri,https://tarvike.com/product/clen-cx-132-painepesuri-180639,https://media.tarvike.com/product/images/180639/original/204001.webp,110.0,"Kompakti, kevyt ja helppokäyttöinen painepesuri kodin ympäristöön.",98.0,Clen,
32332868000,Strongline Painevesiautomaatti 800W / 230V,https://tarvike.com/product/strongline-painevesiautomaatti-800w-230v-221917,https://media.tarvike.com/product/images/221917/original/205334.webp,119.0,"Painevesiautomaatti kotitalouskäyttöön. Strongline SLVP012 on 800 W painevesiautomaatti, joka soveltuu vedenjakeluun ja paineen ylläpitoon kotona ja pihapiirissä. Laite käynnistyy ja pysähtyy automaattisesti vedenkulutuksen mukaan, mikä mahdollistaa tasaisen vedenpaineen. Sisäänrakennettu painesäiliö vähentää pumpun käynnistyskertoja. Painevesiautomaatti soveltuu esimerkiksi puutarhan kasteluun, sadeveden hyödyntämiseen sekä veden siirtoon säiliöiden välillä.",99.0,StrongLine,
30896303000,"Käsineet Functional, Talvimalli",https://tarvike.com/product/kasineet-functional-talvimalli-12-6514,https://media.tarvike.com/product/images/6514/original/31026.jpg,44.9,"Lämpimät ja mukavat suojaavat talvihanskat. Vettä hylkivä sisäkalvo ja Thinsulate®-vuori sekä mikrofleece pitävät kätesi lämpiminä ja kuivina kylmissä ja märissä olosuhteissa. Etusormessa on kosketusnäyttöystävällinen rystynen, joten voit käyttää älypuhelinta myös hanskat kädessä. Neulottu elastinen ranneke pitää lumen poissa käsineestä ja tarjoaa erinomaisen istuvuuden. Peukalo-osa tarjoaa paremman otteen ja paremman kestävyyden. Täyttää standardit EN 511 ja EN 388:2016.",39.01,Husqvarna,
27378668001,Husqvarna Technical työpaita,https://tarvike.com/product/tyopaita-technical-lyhythihainen-45206,https://media.tarvike.com/product/images/45206/original/158397.png,49.8,"Kierrätyspolyesteristä valmistettu kevyt ja viileä lyhythihainen t-paita. Edessä olevan vetoketjun, pidemmän takaosan ja helposti käytettävien vetoketjullisten etutaskujen ansiosta tämä t-paita sopii erinomaisesti lämpimissä sääolosuhteissa työskentelyyn. Kosteutta siirtävä ja nopeasti kuivuva materiaali auttaa pitämään olon viileänä kovissakin töissä.",42.39,Husqvarna,
24184502000,"Husqvarna Automower® 450V NERA, EPOS Robottiruohonleikkuri",https://tarvike.com/product/husqvarna-automower-450v-nera-epos-robottiruohonleikkuri-174558,https://media.tarvike.com/product/images/174558/original/197407.webp,5599.0,"Husqvarna Automower® 450V NERA on tehokas, kaapeliton robottiruohonleikkuri, joka soveltuu erinomaisesti suurten, jopa 7 500 m²:n nurmikoiden leikkaamiseen. Kun satelliittipohjaisen teknologiamme mahdollistamat virtuaaliset rajat ovat käytettävissä, asennuksesta tulee paitsi kestävä, myös helposti muokattava. Sisältää Latausasema Varaterät 6kpl Virtalähde Matalajännitekaapeli 10m",5199.0,Husqvarna,
24184500000,"Husqvarna Automower® 430V NERA, EPOS™ Robottiruohonleikkuri",https://tarvike.com/product/husqvarna-automower-430v-nera-epos-robottiruohonleikkuri-174557,https://media.tarvike.com/product/images/174557/original/197410.webp,4399.0,"Husqvarna Automower® 430V NERA on tehokas, kaapeliton robottiruohonleikkuri, joka soveltuu erinomaisesti suurten, jopa 4 800 m²:n nurmikoiden leikkaamiseen. Kun satelliittipohjaisen teknologiamme mahdollistamat virtuaaliset rajat ovat käytettävissä, asennuksesta tulee paitsi kestävä, myös helposti muokattava. Sisältää Latausasema Varaterät 6kpl Virtalähde Matalajännitekaapeli 10m",3999.0,Husqvarna,
16957922001,Husqvarna Turvasaappaat Functional 24,https://tarvike.com/product/turvasaappaat-functional-24-46-6582,https://media.tarvike.com/product/images/6582/original/30742.jpg,131.47,"Husqvarna Functional 24 kumiturvasaappaat ovat käsintehdyt saappaat, joissa on hyväksytty viiltosuoja. Vahvistettu holvi varvassuojalla sekä vahvikkeet pohjan ympärillä. Uuden mallinen kantakuppi helpottaa pukemista ja riisumista. Puuvillavuori. Pohja on nastoitettavissa.",,Husqvarna,
19179711002,"Husqvarna 592XPG Moottorisaha, runko ilman terävarustusta",https://tarvike.com/product/husqvarna-592xpg-moottorisaha-runko-ilman-teravarustusta-81439,https://media.tarvike.com/product/images/81439/original/159705.png,1699.0,"Koe uuden 90-kuutioisen polttomoottorisahan voima! Husqvarna 592 XP G on suunniteltu metsä- ja puunhoitoalan ammattilaisille, jotka vaativat huippuluokan suorituskykyä, luotettavaa toimivuutta sekä erinomaista hallittavuutta.",1599.0,Husqvarna,
19179706002,"Husqvarna 340i Akkusaha, ilman akkua ja laturia",https://tarvike.com/product/husqvarna-340i-akkusaha-ilman-akkua-ja-laturia-81380,https://media.tarvike.com/product/images/81380/original/31250.jpg,566.0,"Husqvarna 340i on tehokas, kevyt ja monipuolinen akkukäyttöinen moottorisaha. Sen hyvä leikkuuteho sopii erilaisiin käyttötarkoituksiin kuten puiden kaatoon, oksien karsimiseen, polttopuiden sahaamiseen tai puutöihin. Kapea runko tekee sahasta helpon käsitellä, sillä sen painopiste pysyy lähellä kahvaa. Sahassa on matala tärinä- ja melutaso sekä älykäs käyttöliittymä ja selkeä akun varaustilan ilmaisin kahvassa. Ketju voidaan kiristää normaalisti tai ilman työkaluja. Sahaa voidaan käyttää sekä laiteakun että reppuakun kanssa. Ei sisällä akkua ja laturia. Akun jännite 36 V Suositeltu terälevyn pituus, maks. 40 cm Paino (ilman akkua) 2.8 kg",425.0,Husqvarna,
19177242002,"Echo ECHT-58V2AHEUC akkupensasleikkuri, 4 Ah akku ja laturi",https://tarvike.com/product/echo-echt-58v2aheuc-akkupensasleikkuri-4-ah-akku-ja-laturi-81553,https://media.tarvike.com/product/images/81553/original/31478.jpg,374.5,"Uutuus! Echo akkupensasleikkuri hiiliharjattomalla moottorilla on pitkä käyttöikä 58V Litium Ion akku antaa huippuluokan tehon trimmerille Erittäin hiljainen käytössä Jumiutumisen esto teknologia Jännite 58 V, kuivapaino 4,3 kg, pensasleikkuri terä 563 mm runko + 4 Ah akku ja laturia",299.0,Echo,
19177195002,Husqvarna LB256SP vetävä ruohonleikkuri,https://tarvike.com/product/husqvarna-lb256sp-vetava-ruohonleikkuri-81438,https://media.tarvike.com/product/images/81438/original/159692.png,689.0,"Husqvarna LB 256SP on kestävä ja tehokas, itsevetävä leikkuri kotikäyttöön. Siinä on helposti käynnistettävä Husqvarna-moottori ja takaveto, joka antaa hyvän pidon. Leikkurissa on leveä, kestävä ja teräksinen leikkuulaite ja sivullepuhallustoiminto. Ergonomisesti muotoiltu taitettava kahvasto, käytännöllinen säiliön rakenne ja helppo leikkuukorkeuden säätö tekevät ruohonleikkuusta vaivatonta. Moottori: HS 166A Vetojärjestelmä: Vetävä, yksi nopeus Leikkuumenetelmä: BioClip®/Sivullepuhallus Leikkuuleveys 56 cm",535.2,Husqvarna,
19177194002,Husqvarna LC140SP vetävä ruohonleikkuri,https://tarvike.com/product/husqvarna-lc140sp-vetava-ruohonleikkuri-81437,https://media.tarvike.com/product/images/81437/original/159682.png,479.0,"Husqvarna LC 140SP on itsevetävä ja helppokäyttöinen leikkuri, joka sopii hieman pienempiin puutarhoihin. Leikkurissa on kestävä, teräksinen leikkuulaite sekä luotettava ja helposti käynnistettävä Husqvarna-moottori, jotka takaavat erinomaisen leikkuu- ja keruutuloksen. Pehmustettu kahva, taitettava kahvasto, keskitetty leikkuukorkeuden säätö ja kuulalaakereilla varustetut pyörät varmistavat ergonomisen ja miellyttävän leikkuukokemuksen. Moottori: HS 123A Vetojärjestelmä: Vetävä, yksi nopeus Leikkuumenetelmä: Keruu/Taaksepuhallus Leikkuuleveys 40 cm",375.2,Husqvarna,
17371730001,"Husqvarna 542i XP Akkumoottorisaha, ei sis. akkua ja laturia",https://tarvike.com/product/husqvarna-542i-xp-akkumoottorisaha-ei-sis-akkua-ja-laturia-110228,https://media.tarvike.com/product/images/110228/original/160092.png,889.0,"Husqvarna 542i XP® on maailman ensimmäinen ammattikäyttöön tarkoitettu, keskipakokytkimellä varustettu akkumoottorisaha. Se tarjoaa ainutlaatuisen leikkuutehon ja erinomaisen kapasiteetin.",789.0,Husqvarna,
17371727001,"Husqvarna 240i moottorisaha, sis. akun ja laturin",https://tarvike.com/product/husqvarna-240i-moottorisaha-sis-akun-ja-laturin-110224,https://media.tarvike.com/product/images/110224/original/159928.png,629.0,"Akkukäyttöinen Husqvarna 240i -moottorisaha on suunniteltu hyvin tehokkaaksi ja helppokäyttöiseksi. Työ voidaan tehdä mukavasti ja ergonomisesti kompaktin, kevyen rakenteen ansiosta.",549.0,Husqvarna,
17371726001,"Husqvarna moottorisaha 540i XP, ei sis. akkua ja laturia",https://tarvike.com/product/husqvarna-moottorisaha-540i-xp-ei-sis-akkua-ja-laturia-110223,https://media.tarvike.com/product/images/110223/original/159905.png,879.0,"Husqvarna 540i XP on suorituskykyinen akkukäyttöinen moottorisaha, jonka teho vastaa 40 cc:n bensiinikäyttöistä sahaa. Se sopii hyvin pienten ja keskisuurten puiden kaatoon sujuvan ja tehokkaan leikkuutehonsa ansiosta. Suunniteltu ammattimaisille käyttäjille, jotka haluavat kevyen ja tehokkaan takakahvaisen moottorisahan.",779.0,Husqvarna,
17371717001,"Husqvarna 225i Akkumoottorisaha, sis. akun ja laturin",https://tarvike.com/product/husqvarna-225i-akkumoottorisaha-sis-akun-ja-laturin-110178,https://media.tarvike.com/product/images/110178/original/159855.png,419.0,"Husqvarna 225i on helposti hallittava akkukäyttöinen moottorisaha, joka on kevyt mutta jonka tehokas moottori tuottaa erinomaisen suorituskyvyn ja leikkuutehon. Näin eri työt, kuten polttopuiden sahaus, karsiminen ja pienten puiden kaato sujuvat sekä mukavasti että tehokkaasti.",349.0,Husqvarna,
17371711001,Husqvarna LC 137i Työnnettävä Ruohonleikkuri,https://tarvike.com/product/husqvarna-lc-137i-tyonnettava-ruohonleikkuri-110129,https://media.tarvike.com/product/images/110129/original/159714.png,509.0,"Husqvarna LC 137i on helppokäyttöinen akkuruohonleikkuri, jonka leikkuuleveys on 37 cm ja joka sopii erinomaisesti pienikokoisten nurmikoiden leikkaamiseen. Pieni ja kevyt ruohonleikkuri mahdollistaa nurmikon leikkaamisen yhdellä latauksella, ja kompaktin leikkuulaitteen ja ergonomisen työntöaisan ansiosta sitä on helppo ohjata kapeissakin tiloissa.",399.2,Husqvarna,
17371446001,Husqvarna LC 247S Vetävä ja Keräävä Ruohonleikkuri,https://tarvike.com/product/husqvarna-lc-247s-vetava-ja-keraava-ruohonleikkuri-81473,https://media.tarvike.com/product/images/81473/original/159839.png,679.0,"Siistin, hyvin leikatun nurmikon luominen on todellinen ilo vetävällä ja keräävällä Husqvarna LC 247S -ruohonleikkurilla. Ergonominen ja säädettävä työntöaisa sekä kätevä leikkuukorkeuden säätö takaavat käyttömukavuuden.",527.2,Husqvarna,
17371444001,Husqvarna Automower® 450X NERA Robottiruohonleikkuri,https://tarvike.com/product/husqvarna-automower-450x-nera-robottiruohonleikkuri-81465,https://media.tarvike.com/product/images/81465/original/159800.png,5099.0,"Husqvarna Automower® 450X NERA on langattomalla teknologialla varustettu robottiruohonleikkuri, joka on suunniteltu jopa 7500 m²:n monimutkaisille nurmikoille. Satelliittiteknologia ja EPOS™-lisäosa mahdollistavat tarkan virtuaalisen rajauksen ilman rajalankakatkoksia. Sisältää Latausasema Varaterät 6kpl Virtalähde Matalajännitekaapeli 10m",4590.0,Husqvarna,
16963989001,Husqvarna Metsätyöpusero Classic High Viz EN20471,https://tarvike.com/product/metsatyopusero-classic-high-viz-en20471-l-6464,https://media.tarvike.com/product/images/6464/original/30762.jpg,128.0,"Husqvarna Classic metsätyöpusero High Viz on mukava malli satunnaiseen työskentelyyn metsässä tai teiden varsilla. Valmistettu laadukkaasta polyesterista/puuvillatvillistä, varustettu rintataskulla. Näkyvyys on tiukimman EN ISO 20471 -standardin luokan 3 mukainen, eli tuotetta voi hyväksytysti käyttää tienvarressa ja metsässä. EN-hyväksyntä: EN 20471 Istuvuus: Suora",108.8,Husqvarna,
16957846001,Husqvarna Nahkaturvakengät Functional 24,https://tarvike.com/product/nahkaturvakengat-functional-24-44-6547,https://media.tarvike.com/product/images/6547/original/30841.jpg,349.0,"Husqvarna Functional 24 turvakengät ovat vettä hyvlkivät ja kevyet ja niiden vakaus on erinomainen, joten ne sopivat kovaan käyttöön. Etu- ja takaosan vahvistukset tukevat jalkaa, ja pehmustettu etukieleke ja yläosa takaavat mukavuuden. Kestävä Perwanger®-nahka ja TE-POR-kalvo pitävät jalat kuivina. Vibram®-pohjissa on hyvä pito myös kylmissä, märissä ja liukkaissa oloissa. Koukkukiinnikkeet helpottavat nauhojen kireyden säätöä ja varvassuojukset parantavat turvallisuutta.",296.69,Husqvarna,
1491383000,Alto KSK-50 TR Traktorin klapikone,https://tarvike.com/product/alto-ksk-50-tr-traktorin-klapikone-126404,https://media.tarvike.com/product/images/126404/original/160555.jpg,10490.0,"ALTO KSK-50 Traktori käyttöinen klapikone Kevyt ja tehokas PTO akselilta käyttövoima Helppoa ja vaivatonta käyttää 4,7t halkaisuvoima 3,8m poistokuljetin 2,5m Syöttökuljetin Kuvan tukkinostin lisävaruste",8990.0,Alto,
13099082001,Kannatin kiintoavaimille rei’kälevyyn,https://tarvike.com/product/kannatin-kiintoavaimille-reikalevyyn-150830,https://media.tarvike.com/product/images/150830/original/189601.webp,16.7,Tehokkaaseen työkalusäilytykseen.,12.0,Treston,
11941713002,Husqvarna LB 144i Työnnettävä Akkuruohonleikkuri ei sis. akkua ja laturia,https://tarvike.com/product/husqvarna-lb-144i-tyonnettava-akkuruohonleikkuri-ei-sis-akkua-ja-laturia-122538,https://media.tarvike.com/product/images/122538/original/160091.png,459.0,"Leikkaa pieniä ja keskikokoisia nurmikkoja kompaktilla ja kevyellä Husqvarna LB 144i -akkuruohonleikkurilla, jota on helppo ohjata haastavillakin alueilla. Silppuava BioClip®-toiminto leikkaa ruohon pieneksi silpuksi, joka maatuu nopeasti luonnolliseksi lannoitteeksi. Kahvan korkeuden säätö ja jalalla käytettävä keskitetty leikkuukorkeuden säätö takaavat käyttömukavuuden. Kun leikkuu on valmis, työntöaisan voi taittaa nopeasti kätevää säilytystä varten. Tämä tuote on yhteensopiva Husqvarnan 36 V:n akkujärjestelmän kanssa, mikä mahdollistaa joustavan yhden akun käytön.",359.2,Husqvarna,
11941682002,"Husqvarna 215i Moottorisaha, mukana akku ja laturi",https://tarvike.com/product/husqvarna-215i-moottorisaha-mukana-akku-ja-laturi-177621,https://media.tarvike.com/product/images/177621/original/203655.webp,339.0,"Tutustu monipuoliseen akkukäyttöiseen moottorisahaan, joka on suunniteltu kotiin ja puutarhaan. Husqvarna 215i on kompakti ja helppokäyttöinen moottorisaha, joka on suunniteltu puiden karsimiseen, tee se itse -projekteihin ja puutarhan raivaamiseen. Tarkka terälevy, ohut teräketju ja leikkausnopeus tekevät tarkasta sahaamisesta helppoa ahtaissakin paikoissa – ihanteellinen puutarhan karsimiseen ja tee se itse -projekteihin.",299.0,Husqvarna,
24184504000,"Husqvarna R 214TC C103, HV 586AE V-Twin Ajoleikkuri leikkuulaitteella",https://tarvike.com/product/husqvarna-r-214tc-c103-hv-586ae-v-twin-ajoleikkuri-leikkuulaitteella-174560,https://media.tarvike.com/product/images/174560/original/197401.webp,5399.0,"Tehokkaalla, monipuolisella ja helppokäyttöisellä etuleikkurilla leikkaat suuremmat nurmikot helposti. Husqvarna R 214 TC -mallissa on kaksisylinterinen moottori ja 103 cm:n yhdistelmäleikkuulaite, joka tarjoaa kaksi leikkausmenetelmää: BioClip®-silppuaminen nurmikon lannoitukseen ja taaksepuhallustoiminto pidemmän tai tiheämmän ruohon leikkaamiseen. Hallittavuudeltaan erinomainen kestävä leikkuri, joka on helppo puhdistaa ja huoltaa leikkuulaitteen huoltoasennon ansiosta.",4390.0,Husqvarna,
19176904002,Husqvarna Duo-Balance 35 valjaat,https://tarvike.com/product/husqvarna-duo-balance-35-valjaat-80460,https://media.tarvike.com/product/images/80460/original/30195.jpg,75.9,"Ergonomiset valjaat jakavat raivurin painon hartioille, rintakehälle ja selälle. Leveät, pehmustetut olkanauhat ja takakappale vähentävät osaltaan ylävartalon kuormitusta. Joustava lanneosa mahdollistaa koneen liikuttamisen mahdollisimman vähin vartalonliikkein.",63.7,Husqvarna,
97353002,Husqvarna Automower® 535 AWD Robottiruohonleikkuri,https://tarvike.com/product/husqvarna-automower-535-awd-robottiruohonleikkuri-122544,https://media.tarvike.com/product/images/122544/original/160112.png,5699.0,"Edistyksellinen ja erittäin tehokas nelipyörävetoinen robottiruohonleikkuri ammattikäyttöön. Malli soveltuu jopa 3,500 m² suuruisten alueiden hoitamiseen ja se navigoi helposti esteiden ympäri. Sisältää Latausasema Virtalähde Matalajännitekaapeli 10m",4490.0,Husqvarna,
9722747002,Husqvarna 122R Ruohoraivuri trimmeripäällä,https://tarvike.com/product/husqvarna-122r-ruohoraivuri-trimmeripaalla-122621,https://media.tarvike.com/product/images/122621/original/160240.png,289.0,"Trimmeripäällä varustettu Husqvarna 122R on suunniteltu helpottamaan ruohon siistimistä etenkin suurissa puutarhoissa. Kevyen painonsa sekä hiljaisen, 22 kuution moottorinsa ansiosta se tarjoaa erittäin mukavan käyttökokemuksen. Ruohoraivuri on varustettu Smart Start®-toiminnolla, joka takaa sujuvan ja nopean käynnistyksen pienellä vaivalla. Käyttökokemusta parantavat myös helppokäyttöiset ohjaimet sekä kätevä auto-return-pysäytyskytkin, joka palautuu automaattisesti ON-asentoon. 122R-ruohoraivurissa on mukavan työasennon takaava kahvasto ja kaksinkertaiset olkavaljaat sekä pitkä runkoputki paremman ulottuvuuden takaamiseksi, esim. pensaiden alla.",269.0,Husqvarna,
9439043000,Varastohylly 2100x2000x460mm,https://tarvike.com/product/varastohylly-2100x2000x460mm-147660,https://media.tarvike.com/product/images/147660/original/180034.webp,199.0,5 hyllytasoa (kantavuus / hyllytaso 300 kg).,179.0,IKH,
8537627001,"Ruohon- ja lehtienkerääjä 42""",https://tarvike.com/product/ruohon-ja-lehtienkeraaja-42-147653,https://media.tarvike.com/product/images/147653/original/180016.webp,279.0,"Kerääjä asennetaan päältä ajettavan ruohonleikkurin, puutarhatraktorin tai mönkijän perään. Soveltuu lehtien, ruohonleikkuujätteen ja oksankappaleiden keräämiseen.",229.0,IKH,
730097002,CLEN Atomax D1915 Painepesuri,https://tarvike.com/product/clen-atomax-d1915-painepesuri-145170,https://media.tarvike.com/product/images/145170/original/176569.jpg,1625.0,Pesuri on rakennettu tukevalle teräsrungolle ja suojattu vahvalla ABS kuorella. Työntöaisa taittuu koneen päälle ja helpottaa näin kuljetusta ja säilytystä. Pesuria on helppo liikutella tukevan kahvan ja isojen pyörien ansiosta. Kahvassa on hyvät pidikkeet letkuille ja varusteille. Letkukela lisävarusteena.,1490.0,Clen,
730096002,CLEN PW Kosmic 1713 Kuumavesipesuri,https://tarvike.com/product/clen-pw-kosmic-1713-kuumavesipesuri-145169,https://media.tarvike.com/product/images/145169/original/176568.jpg,3490.0,"Kestävä, toimintavarma ja edullinen vaihtoehto maatalous- ja yrityskäyttöön, kun pestään koneita sekä laitteita, joissa lika on pinttyneempää. Hyvät käyttäjäominaisuudet ja reilut säätimet koneen päällä. Portaaton vesimäärän ja paineen säätö. Kompakti koko ja isot pyörät helpottavat koneen liikuttelua",2999.0,Clen,
69130000,Husqvarna PW 350 Painepesuri,https://tarvike.com/product/husqvarna-pw-350-painepesuri-122615,https://media.tarvike.com/product/images/122615/original/160226.png,378.9,Saavuta täydellisesti puhdistetut ulkopinnat kestävällä ja monipuolisella Husqvarna PW 350 -painepesurilla.,339.0,Husqvarna,
69129000,"Husqvarna LC 251iS Vetävä Ruohonleikkuri, ei sis. akkua ja laturia",https://tarvike.com/product/husqvarna-lc-251is-vetava-ruohonleikkuri-ei-sis-akkua-ja-laturia-122613,https://media.tarvike.com/product/images/122613/original/160238.png,849.0,"Husqvarna LC 251iS on helppokäyttöinen, vetävä akkuruohonleikkuri, joka tarjoaa tehokkaan leikkaamisen leveällä leikkuulaitteella ja joko keräävällä tai sivullepuhaltavalla leikkuumenetelmällä.",663.2,Husqvarna,
56102000,Husqvarna T540i XP® Moottorisaha,https://tarvike.com/product/husqvarna-t540i-xp-moottorisaha-122381,https://media.tarvike.com/product/images/122381/original/159901.png,848.9,"T540i XP on Husqvarnan tehokkain akkukäyttöinen yläkahvainen moottorisaha, jonka teho vastaa 40 cc:n bensiinikäyttöistä sahaa. Se sopii erinomaisesti kaikille puunhoidon ammattilaisille.",729.0,Husqvarna,
5445692002,Varaterät oksasilppuriin,https://tarvike.com/product/varaterat-oksasilppuriin-149629,https://media.tarvike.com/product/images/149629/original/188833.webp,16.5,Terän pituus 60 mm.,13.0,IKH,
5263002,Husqvarna 525iLK moottoriyksikkö,https://tarvike.com/product/husqvarna-525ilk-moottoriyksikko-122367,https://media.tarvike.com/product/images/122367/original/159878.png,488.9,"Yhdistelmätrimmeri 525iLK moottoriyksikkö, BT",429.0,Husqvarna,
4964340000,"Husqvarna 420EL - 16"" Sähkösaha",https://tarvike.com/product/husqvarna-420el-16-sahkosaha-81309,https://media.tarvike.com/product/images/81309/original/31161.jpg,299.0,"Uuden, tehokkaan Husqvarna 420EL -sähkösahan ergonomia ja käsiteltävyys ovat erinomaiset. Erittäin suuri ketjunopeus takaa parhaan mahdollisen tuloksen erilaisissa kuluttaja- ja ammattikäytön töissä.",289.0,Husqvarna,
2938702002,"Autotalli 3x6x2,4 195G/M2",https://tarvike.com/product/autotalli-3x6x24-195gm2-162105,https://media.tarvike.com/product/images/162105/original/185321.webp,359.0,"Harjamallin Autotalli. Ajoneuvon, veneen, mönkijän, ruohonleikkurin, puutarhakoneiden yms. säilytykseen ja varastointiin.",299.0,IKH,
2798841002,WORX oksasaha 20V 12CM Käsim. Runko,https://tarvike.com/product/worx-oksasaha-20v-12cm-kasim-runko-155752,https://media.tarvike.com/product/images/155752/original/204052.jpg,105.0,"Worx akkukäyttöinen ketjusaha. Tehokas ja monipuolinen saha karsimiseen, trimmaamiseen ja katkaisuun.",73.5,Worx,
25673541001,Husqvarna 540 XP® Mark III,https://tarvike.com/product/husqvarna-540-xp-mark-iii-125825,https://media.tarvike.com/product/images/125825/original/160368.png,949.0,Husqvarna 540 XP® Mark III on näppärä ja kevyt polttomoottorikäyttöinen moottorisaha 40 kuutioisten sarjassa. Se on suunniteltu erityisesti ammattimaiseen puunhoitoon ja puiden karsimiseen. Sahan tehokas moottori yhdistettynä Husqvarnan terävään SP21G tai S93G -teräketjuun tarjoaa vaikuttavan leikkuukapasiteetin nopealla kiihtyvyydellä. Helppo ja luotettava käynnistys - niin kylmällä kuin kuumallakin säällä - sekä sujuva ohjattavuus tekevät tästä sahasta kaikkien puunhoitotiimien suosikin.,809.0,Husqvarna,
2397495002,Nokkakärry 250KG,https://tarvike.com/product/nokkakarry-250kg-152709,https://media.tarvike.com/product/images/152709/original/194567.webp,89.0,Kantavuus 250 kg ja kuormataso 160 / 530mm.,49.9,Danboren,
20575409001,Milwaukee Moottorisahan Laippa 12',https://tarvike.com/product/milwaukee-moottorisahan-laippa-12-169545,https://media.tarvike.com/product/images/169545/original/195118.png,27.45,,21.0,Milwaukee Tools,
20575396001,Milwaukee Chainsaw Sword Laippa 16',https://tarvike.com/product/milwaukee-chainsaw-sword-laippa-16-169471,https://media.tarvike.com/product/images/169471/original/195138.png,39.4,,29.0,Milwaukee Tools,
20575393001,Milwaukee Laippa 8'/20cm M18 FHS20,https://tarvike.com/product/milwaukee-laippa-820cm-m18-fhs20-169421,https://media.tarvike.com/product/images/169421/original/194976.png,39.0,,19.0,Milwaukee Tools,
19767739000,Husqvarna Turvapusero Technical Arbor,https://tarvike.com/product/turvapusero-technical-arbor-20-ms-koko-xl-7627,https://media.tarvike.com/product/images/7627/original/192815.webp,354.0,Husqvarna Technical Arbor turvapuseron erittäin kestävät materiaalit ja viiltosuoja on suunniteltu erityisesti säännölliseen metsätyökäyttöön. Kahteen suuntaan joustavasta polyesteristä valmistettu hyvin istuva ja kyynärpäistä ranteisiin vahvistettu kestävä pusero helpottaa liikkumista ja lisää tehokkuutta kokopäiväisessä käytössä. Täyttää EN 381:n luokan 1 vaatimukset. Koot S-XL. Viiltosuoja: Kyllä EN-hyväksyntä: 381 Luokka: 1 (20 m/s) Euro-testattu: Kyllä,300.9,Husqvarna,
19767724000,Husqvarna Metsätyöpusero Classic KWF,https://tarvike.com/product/metsatyopusero-classic-kwf-l-7598,https://media.tarvike.com/product/images/7598/original/192810.webp,72.9,"Husqvarna Classic metsätyöpusero on tyylikäs malli satunnaisiin ulkotöihin, kuten polttopuiden sahaukseen. Laadukkaasta polyesteri/puuvillatwillistä valmistetussa puserossa on selkeästi näkyvät oranssit alueet ja heijastavat logopainatukset, kaksi etutaskua ja rintatasku. Puseron ominaisuudet parantavat käyttömukavuutta ja lisäävät näkyvyyttä hämärässä. Koot S-XXL. Istuvuus: Suora KWF-standardin mukaan hyväksytty",62.0,Husqvarna,
19179737002,Husqvarna 562 XP® G Mark II Moottorisaha ammattikäyttöön,https://tarvike.com/product/husqvarna-562-xp-g-mark-ii-moottorisaha-ammattikayttoon-110241,https://media.tarvike.com/product/images/110241/original/160141.png,1278.9,"Husqvarna 562 XP® G Mark II on monipuolinen 60-kuutioinen moottorisaha lehtipuiden kaatoon ammattimetsureille. Lämpökahvat lisäävät käyttömukavuutta ja parantavat otetta. Kun haluat ison sahan hyödyt kapeassa ja näppärässä paketissa, 562 XP® G Mark II on polttomoottorikäyttöisten sahojemme paras vaihtoehto.",1149.0,Husqvarna,
19179736002,Husqvarna 560 XP® G Mark II Moottorisaha ammattikäyttöön,https://tarvike.com/product/husqvarna-560-xp-g-mark-ii-moottorisaha-ammattikayttoon-110239,https://media.tarvike.com/product/images/110239/original/160138.png,1319.0,"Husqvarna 560 XP® G Mark II on monipuolinen 60-kuutioinen moottorisaha kaikentyyppisten puiden kaatoon ammattimetsureille. Lämpökahvat lisäävät käyttömukavuutta ja parantavat otetta. Sopii käytettäväksi joko .325” tai 3/8” terävarustuksen kanssa. Kun haluat ison sahan hyödyt kapeassa ja näppärässä paketissa, 560 XP® G Mark II on polttomoottorikäyttöisten sahojemme paras vaihtoehto.",1149.0,Husqvarna,
19179705002,Husqvarna 540i XP® akkusaha ilman akkua ja laturia,https://tarvike.com/product/husqvarna-540i-xp-akkusaha-ilman-akkua-ja-laturia-81379,https://media.tarvike.com/product/images/81379/original/31246.jpg,889.5,"Husqvarna 540i XP on suorituskykyinen akkukäyttöinen moottorisaha, jonka teho vastaa 45 cc:n bensiinikäyttöistä sahaa. Se sopii hyvin pienten ja keskisuurten puiden kaatoon sujuvan ja tehokkaan leikkuutehonsa ansiosta. Suunniteltu käyttäjille, jotka haluavat kevyen, helppokäyttöisen ja tehokkaan takakahvaisen moottorisahan. Saha tarjoaa kaikki akkukäytön edut leikkuutehosta tinkimättä. Integroidun yhteyden ansiosta käyttötilastojen, huoltohistorian ja viimeisimmän sijainnin tarkastelu on helppoa Husqvarna Fleet Service™ -sovelluksen kautta. Akun jännite: 36 V Suositeltu terälevyn pituus, maks.: 40 cm Paino (ilman akkua): 2.9 kg",699.0,Husqvarna,
19179670002,CLEN Galax H4 D2017 P4T Kuumavesipesuri,https://tarvike.com/product/clen-galax-h4-d2017-p4t-kuumavesipesuri-101971,https://media.tarvike.com/product/images/101971/original/118909.jpg,4646.0,"Reilut säätimet, portaaton vesimäärän ja paineen säätö, 20 l pesuainesäiliö, säädettävä pesuaineen syöttö, teräksinen vaippa ja keraaminen pohja.",3470.0,Clen,
19179624002,"Milwaukee märkä-/kuivaimuri M18 FPOVCL-0, runko",https://tarvike.com/product/milwaukee-marka-kuivaimuri-m18-fpovcl-0-runko-80208,https://media.tarvike.com/product/images/80208/original/29846.jpg,405.0,"- M18 FUEL™ PACKOUT™ märkä-/kuivaimuri on täysin yhteensopiva kaikkien MILWAUKEE® PACKOUT™ -järjestelmän tuotteiden kanssa - Hiiliharjaton POWERSTATE™-moottori tuottaa tehokkaan suorituskyvyn puhdistamaan yleisimmät märät ja kuivat työmaajätteet - PACKOUT™-yhteensopivuus mahdollistaa märkä-/kuivaimurin erinomaisen liikkuvuuden, mikä säästää aikaa työmaalla - PACKOUT™-pinoamismahdollisuus tekee imurista liikuteltavimman ja monipuolisimman siivousratkaisun työmaalla - HEPA-suodatin kerää 99,97 % pölystä aina 0,3 mikroniin saakka - M18 HIGH OUTPUT™ 8,0 Ah -akku tuottaa 30 min. käyttöajan korkealla teholla ja 50 min. käyttöajan matalalla teholla - Säilytystila tarvikkeille ja letkuille takaa, että tarvikkeet ovat aina mukana eivätkä joudu hukkaan - DEK 26-yhteensopiva mahdollistaa tehokkaan pölynpoiston sähkötyökaluille - Jopa 1,6 m asti jatkettava letku parantaa ulottuvuutta ja monipuolisuutta työskenneltäessä - Toimii kaikilla MILWAUKEE® M18™ -akuilla HUOM! Tuote ei sisällä akkua.",289.0,Milwaukee Tools,
19177316002,Milwaukee Akkuketjusaha M12 FHS-0 runko,https://tarvike.com/product/milwaukee-akkuketjusaha-m12-fhs-0-runko-80207,https://media.tarvike.com/product/images/80207/original/29840.jpg,329.0,"M12 FUEL™ HATCHET™ -oksasahassa on voimaa katkaista 75 mm kovapuuta ja se tuottaa jopa 120 katkaisua yhdellä M12™ B4 -akun latauksella Suunniteltu vastaamaan maisemointialan ammattilaisten ergonomia-, suorituskyky- ja kestävyystarpeisiin Kompakti 2,3 kg muotoilu parantaa sahan hallittavuutta ja ohjattavuutta ahtaissa työskentelytiloissa Helppo ketjun kiristin mahdollistaa nopean ketjun kireyden säätämisen Läpikuultava öljysäiliö helpottaa öljytason tarkastamista Säädeltävän nopeuskytkimen avulla käyttäjä voi kontrolloida nopeutta täydellisesti Kokometalliset kaatopiikit mahdollistavat ensiluokkaisen sahauksen Automaattinen voitelulaite helpottaa käyttöä ja ketjun asianmukaista voitelua Säilytyspaikka tulppa-avaimelle Mukana toimitetaan 15 cm (6″) Oregon-laippa ja -ketju, tulppa-avain ja laipan suojus Yhdistää kolme MILWAUKEE®-teknologiaa: hiiliharjattoman POWERSTATE™-moottorin, REDLITHIUM™-akun ja REDLINK PLUS™ -elektroniikan, mitkä tuottavat enemmän voimaa, käyttöaikaa ja -ikää Toimii kaikilla MILWAUKEE® M12™ -akuilla HUOM! Tuote ei sisällä akkua!",229.0,Milwaukee Tools,
19177254002,Husqvarna Klippo LB 448SQ Vetävä Ruohonleikkuri,https://tarvike.com/product/husqvarna-klippo-lb-448sq-vetava-ruohonleikkuri-110226,https://media.tarvike.com/product/images/110226/original/159953.png,1079.0,"KLIPPO LB 448SQ on keskikokoinen, kompakti ja helppokäyttöinen etuvedolla ja Bioclip®-silppurilla varustettu ruohonleikkuri. Suunniteltu todella vaativaan kuluttajakäyttöön keskikokoisille puutarhoille. Klippo LB 400-sarja on rakennettu ensiluokkaisen KLIPPO-malliston pohjalta, joka on tunnettu erityisesti kestävyydestä ja luotettavasta leikkuusta.",839.2,Husqvarna,
19177243002,Echo ECLM-58V akkuruohonleikkuri,https://tarvike.com/product/echo-eclm-58v-akkuruohonleikkuri-81554,https://media.tarvike.com/product/images/81554/original/31482.jpg,561.5,Echo ECLM-58V akkuruohonleikkuri - Sis. 4Ah akku ja laturi - Hiiliharjattomalla moottorilla on pitkä käyttöikä - 58V Litium Ion akku antaa huippuluokan tehon,477.275,Echo,
19177228002,"Husqvarna Klippo LB 442Q , 42cm HS 166AP Työnnettävä Ruohonleikkuri",https://tarvike.com/product/husqvarna-klippo-lb-442q-42cm-hs-166ap-tyonnettava-ruohonleikkuri-81489,https://media.tarvike.com/product/images/81489/original/159943.png,749.0,"Husqvarna Klippo LB 442Q on pieni, kompakti ja helppokäyttöinen Bioclip® ruohonleikkuri. Klippo LB 400 -sarja on rakennettu KLIPPO-alustalle, joka on tunnettu erinomaisesta kestävyydestään ja luotettavasta suorituskyvystään. Ruhonleikkurissa on Husqvarna HS 166AP -moottori, valualumiini kansi ja ergonomiset sivusäädettävät kahvat.",583.2,Husqvarna,
19177221002,"Husqvarna LC 142i Työnnettävä Ruohonleikkuri, ei sis. akku ja laturi",https://tarvike.com/product/husqvarna-lc-142i-tyonnettava-ruohonleikkuri-ei-sis-akku-ja-laturi-81478,https://media.tarvike.com/product/images/81478/original/159840.png,469.0,"Husqvarna LC 142i Ruohonleikkuri on kompakti ja kevyt akkuruohonleikkuri, jota on erittäin helppo käyttää. Husqvarna LC 142i on hyvä valinta tasaisten ja nopeiden tulosten saamiseksi. Erittäin helppo käynnistää yhdellä napin painalluksella. Tämä sähköinen akkuruohonleikkuri on ihanteellinen pieniin ja keskikokoisiin puutarhoihin tai pienempien, monimuotoisten alueiden leikkaamiseen. SavE™-tila mahdollistaa erinomaisen leikkauksen vähemmällä energialla. Yhteensopiva Husqvarnan 36 V akkujärjestelmän kanssa.",367.2,Husqvarna,
19177220002,Husqvarna LC 353VE Vetävä ja Keräävä Ruohonleikkuri,https://tarvike.com/product/husqvarna-lc-353ve-vetava-ja-keraava-ruohonleikkuri-81477,https://media.tarvike.com/product/images/81477/original/159835.png,999.0,"Husqvarna LC 353VE on suuritehoinen bensiinikäyttöinen ruohonleikkuri on suunniteltu suurempiin puutarhoihin ja käyttäjille, jotka asettavat korkeat vaatimukset suorituskyvylle, laadulle ja leikkuutulokselle. Husqvarna LC 353VE on Husqvarna-moottorilla toimiva vetävä ruohonleikkuri, jossa on sähkökäynnistys ja portaaton nopeuden säätö. Varustettu 53 cm:n komposiittileikkuulaitteella, keskitetyllä leikkuukorkeuden säädöllä ja helposti saatavilla olevilla säätimillä.",783.2,Husqvarna,
19177206002,Husqvarna Automower® 320 NERA Robottiruohonleikkuri,https://tarvike.com/product/husqvarna-automower-320-nera-robottiruohonleikkuri-81463,https://media.tarvike.com/product/images/81463/original/159801.png,2998.9,"Tehokas malli jopa 2200 m²:n nurmikolle, Automower® 320 NERA tarjoaa ensiluokkaisen leikkauskokemuksen, vankan rakenteen ja luotettavan toiminnan. Sen patentoitu keinuva etuakseli lisää ohjattavuutta ja parantaa suorituskykyä epätasaisessa maastossa, sekä mahdollistaa rinneajon kaltevuudeltaan jopa 70 %:n rinteissä. Tarkkuusleikkaus on saatavilla langattomalla asennuksella Husqvarna EPOS™ Plug-in sarjan ja Automower® Connect -sovelluksen avulla. Optimoitu suorituskyky automaattisilla ohjelmistopäivityksillä FOTA:lla (Firmware Over The Air). Sisältää Latausasema Varaterät 6kpl Virtalähde Matalajännitekaapeli 10m",2699.0,Husqvarna,
19177196002,"Husqvarna LC 137i Työnnettävä Akkuruohonleikkuri, ei sis. akkua ja laturia",https://tarvike.com/product/husqvarna-lc-137i-tyonnettava-akkuruohonleikkuri-ei-sis-akkua-ja-laturia-81440,https://media.tarvike.com/product/images/81440/original/159708.png,369.0,"Husqvarna LC 137i on helppokäyttöinen akkuruohonleikkuri, joka sopii erinomaisesti pienten nurmikoiden leikkaamiseen tai monimuotoisten alueiden siistimiseen. Pienellä ja kevyellä leikkurilla leikkaat puutarhasi nopeasti ja hiljaisesti yhdellä latauksella. Kompaktin leikkuulaitteen ja ergonomisen kahvan ansiosta laitetta on helppo käyttää ja ohjata myös ahtaissa paikoissa. Helposti taitettavan ja säädettävän kahvaston sekä kahden integroidun nostokahvan ansiosta leikkuria on helppo säilyttää ja kuljettaa, joten se vie vain vähän tilaa taitettuna. Yhteensopiva Husqvarna 36V -akkujärjestelmän kanssa.",287.2,Husqvarna,
19177191002,"Husqvarna LB448i Työnnettävä Akkuruohonleikkuri, ei sis. akkua ja laturia",https://tarvike.com/product/husqvarna-lb448i-tyonnettava-akkuruohonleikkuri-ei-sis-akkua-ja-laturia-81434,https://media.tarvike.com/product/images/81434/original/159655.png,1049.0,"Husqvarna LB 448i on puoliammattimaiseen käyttöön suunniteltu kestävä, johdoton akkukäyttöinen ruohonleikkuri, jossa on 48 cm:n silppuava leikkuulaite. Suunniteltu käyttöön, jossa vaaditaan luotettavaa ja hiljaista leikkuria, jonka käyttökustannukset ovat edulliset ja joka on helppo huoltaa. Kestävä alumiininen leikkuulaite, korkealaatuiset osat ja vaativaan käyttöön tarkoitettu moottori takaavat, että LB 448i -leikkuri toimii luotettavasti pitkään. Leikkuri on erittäin helppo käynnistää ja käyttää intuitiivisen näppäimistön ja kevyen painonsa ansiosta. SavE/PowerBoost-toiminnot sekä aktiivinen jäähdytys mahdollistavat myös epätasaisen ja korkean nurmikon leikkaamisen. Leikkurissa on integroitu paikka kahdelle BLi-akulle, mikä pidentää sen käyttöaikaa. Vetojärjestelmä : Työnnettävä Leikkuumenetelmä : BioClip® Leikkuuleveys : 46 cm Power Boost: Automaattinen terän nopeuden lisäys vaikeissa oloissa tuo lisätehoa silloin, kun sitä tarvitaan. Säänkestävä: (IPX4) Huom! Ei sisällä akkua ja laturia!",815.12,Husqvarna,
19177185002,Husqvarna Klippo LB 448 Työnnettävä Ruohonleikkuri,https://tarvike.com/product/husqvarna-klippo-lb-448-tyonnettava-ruohonleikkuri-81428,https://media.tarvike.com/product/images/81428/original/159662.png,939.0,"Husqvarna Klippo LB 448 on keskikokoinen, kompakti ja helppokäyttöinen BioClip®-leikkuri. Suunniteltu puoliammattimaiseen käyttöön keskikokoisilla nurmialueilla. Husqvarna Klippo LB 400 -sarja on rakennettu arvostetulle KLIPPO-alustalle, joka tunnetaan erinomaisesta kestävyydestään ja luotettavasta suorituskyvystään. Varustettu korkealaatuisella ja helposti käynnistyvällä Honda GCV -moottorilla, valualumiinisella rungolla ja ergonomisella sivusäädettävällä kahvalla. KLIPPO LB 400 -sarja, optimoitu muotoilu ja tehokkaat komponentit takaavat suorituskyvyn, johon voit luottaa vuodesta toiseen.",751.2,Husqvarna,
19176984002,"Husqvarna Metsurin Sadelahkeet, yksi koko",https://tarvike.com/product/husqvarna-metsurin-sadelahkeet-yksi-koko-81111,https://media.tarvike.com/product/images/81111/original/158446.png,70.9,"Polyesterineuloksesta valmistetut sadelahkeet, joissa on kestävä yksipuolinen PU-pinnoite ja hitsatut saumat. Kangas on vahvaa, mutta kuitenkin kevyttä ja kahisematonta. Suunniteltu kiinnitettäväksi vyöhön tai työkaluvyöhön. Hyväksytty standardin EN ISO 20471 luokan 1 ja standardin EN343 mukaisesti. Yksi koko.",59.4,Husqvarna,
19176980002,Husqvarna Balance XB - Valjaat,https://tarvike.com/product/husqvarna-balance-xb-valjaat-81020,https://media.tarvike.com/product/images/81020/original/158314.png,124.0,"Husqvarna Balance XB - Valjaat tarjoavat parhaan mahdollisen ergonomian ylävartalolle ja käsivarsille. Valjaiden ansiosta paino jakautuu tasaisesti olkapäiden, rintakehän ja selän sekä hartioiden ja lantion välillä. Varustettu kätevällä akkutelineellä, jotta saat helposti mukaasi aina yhden ylimääräisen akun.",105.39,Husqvarna,
19176912002,Husqvarna Functional Metsurin Suojakypärä,https://tarvike.com/product/husqvarna-functional-metsurin-suojakypara-80507,https://media.tarvike.com/product/images/80507/original/157200.png,91.9,"Functional-kypärässä on paljon yksilöllistä käyttömukavuutta parantavia ominaisuuksia, minkä vuoksi kypärä sopii erinomaisesti mukavuutta ja ergonomiaa arvostavalle metsätyöntekijälle päivittäiseen käyttöön. Kuudesta kohdasta kiinnitettävä kankainen sisäosa varmistaa miellyttävän käytön ja pienentää päähän kohdistuvaa painetta. Varustettu uudella UltraVision-visiirillä, jonka pienemmän valohäviön ansiosta näkyvyys on erinomainen. Kuulonsuojainten ergonomia on erinomainen pitkäaikaisemmassakin käytössä. UV-suoja: Kyllä Hyväksyntä matalalle lämpötilalle -40 °C Kaksi väriä, fluoresoiva ja oranssi.",76.4,Husqvarna,
19176906002,Husqvarna Balance 35B -valjaat (akkutrimmereihin),https://tarvike.com/product/husqvarna-balance-35b-valjaat-akkutrimmereihin-80461,https://media.tarvike.com/product/images/80461/original/30198.jpg,77.8,"Ergonomiset valjaat, jotka on kehitetty erityisesti käytettäväksi akkutrimmereiden kanssa. Valjaat jakavat kuorman optimaalisesti hartioiden, rinnan ja selän välillä. Leveät pehmustetut olkaimet ja leveä selkälevy vähentävät ylävartalon kuormitusta. Varustettu lonkkapehmusteella, jossa on kuljetusliitin. Pehmusteen avulla konetta voidaan ohjata mahdollisimman vähillä kehon liikkeillä, joka puolestaan säästää käyttäjän selkää.",66.2,Husqvarna,
1878192002,Husqvarna LB 244E Työnnettävä Ruohonleikkuri,https://tarvike.com/product/husqvarna-lb-244e-tyonnettava-ruohonleikkuri-125392,https://media.tarvike.com/product/images/125392/original/160227.png,649.0,"Kevyt ja kompaktisti muotoiltu Husqvarna LB 244E on ketterä ruohonleikkuri, joka soveltuu erinomaisesti pienten ja keskisuurten nurmikoiden leikkuuseen.",503.2,Husqvarna,
18739841002,Sadehousut,https://tarvike.com/product/sadehousut-koko-xl-7641,https://media.tarvike.com/product/images/7641/original/30006.jpg,70.8,Husqvarnan sadehousujen materiaali edessä on vahvaa nailonia ja takana PU/PVC-sekoitetta. Hengittävyyttä parantaa vyötäröllä oleva 10 cm verkkovuori. Elastinen vyötärö ja kiristysnyöri parantavat istuvuutta.,56.6,Husqvarna,
18739644002,Husqvarna Tekniset alushousut,https://tarvike.com/product/tekniset-alushousut-husqvarna-s-7554,https://media.tarvike.com/product/images/7554/original/30221.jpg,37.9,"Husqvarnan tekniset alushousut, joka puetaan ensimmäiseksi kerrokseksi ihoa vasten. Materiaali Interlock-neulos, jonka kehrätty sisäpinta on miellyttävän pehmeä iholle ja ulkopinnan teksturointi tehostaa kosteuden siirtymistä seuraavaan vaatekerrokseen. Asun hyvä hengittävyys saa ihon tuntumaan kuivalta ja käyttö on mukavaa. Materiaali on kevyt, 140 g/m2. Materiaali 100% polyester Pesulämpötila 60°C",32.2,Husqvarna,
18341046001,"Autotalli 3x3x2,4m 195G/M2",https://tarvike.com/product/autotalli-3x3x24m-195gm2-44820,https://media.tarvike.com/product/images/44820/original/17421.jpg,249.0,"Harjamallin autotalli ajoneuvon, veneen, mönkijän, ruohonleikkurin, puutarhakoneiden yms. säilytykseen ja varastointiin.",199.0,IKH,
18339746001,Husqvarna Turvahousut 20A,https://tarvike.com/product/turvahousut-20a-50-7576,https://media.tarvike.com/product/images/7576/original/30083.jpg,79.9,Husqvarna 20A Turvahousut ovat erinomaiset housut polttopuiden pilkkomiseen ja satunnaisiin ulkotöihin. Housuissa on kaksi etutaskua ja tuuletusvetoketjut jalkojen takana. EN-hyväksyntä EN ISO 11393 Luokka 1 (20 m/s) Viiltosuojat,67.9,Husqvarna,
1754413000,CLEN Lava Pesevä imuri,https://tarvike.com/product/clen-lava-peseva-imuri-145172,https://media.tarvike.com/product/images/145172/original/176572.jpg,549.0,Pesevä monitoimi-imuri kotiin ja ammattikäyttöön. Vakiovarustus kattaa kaikki tarpeet pölyn imuroinnista kaikenlaisten vettä sietävien pintojen ja tekstiilien pesuun. Painehuuhtelukone vettä sietävien pintojen pesuun ja imurointiin. Levitä pesuaineliuos ja imuroi puhtaaksi ja kuivaksi.,494.1,Clen,
17371741001,Husqvarna TS 100i Puutarhatraktori,https://tarvike.com/product/husqvarna-ts-100i-puutarhatraktori-110257,https://media.tarvike.com/product/images/110257/original/160250.png,5598.9,"Hoida suuremmat nurmialueet kompaktilla ja helposti käytettävällä TS 100i -puutarhatraktorilla. Kompakti muotoilu mahdollistaa vaivattoman ajon kapeissa kulkuväylissä ja helpottaa säilytystä silloin, kun traktori ei ole käytössä. Sen kestävät, huolella suunnitellut käyttöpinnat ja moderni ulkonäkö ilmentävät laatua.",4990.0,Husqvarna,
17371452001,Husqvarna Automower® 410XE Nera Robottiruohonleikkuri,https://tarvike.com/product/husqvarna-automower-410xe-nera-robottiruohonleikkuri-81502,https://media.tarvike.com/product/images/81502/original/160131.png,2699.0,"Husqvarna Automower® 410XE NERA on jopa 1000 m²:n nurmialueen leikkaamiseen suunniteltu robottiruohonleikkuri. Siinä on EdgeCut-toiminto, joka vähentää nurmikon reunojen siistimisen ja trimmauksen tarvetta, mikä säästää aikaa ja vaivaa. 410XE NERA voidaan asentaa joko perinteisemmin rajalankojen kanssa tai langattomasti Husqvarna EPOS™-tekniikan avulla. Sisältää Latausasema Varaterät 9kpl Virtalähde Matalajännitekaapeli 10m",2299.0,Husqvarna,
16963587001,"Sadehousut, Kalvolla",https://tarvike.com/product/sadehousut-l-kalvolla-6422,https://media.tarvike.com/product/images/6422/original/30927.jpg,134.0,"Laadukkaat Technical Vent sadehousut on valmistettu kestävästä pinnoitetusta polyesteristä, jossa on mekaaninen jousto ja teipatut saumat, joiden ansiosta vaate on vettä hylkivä ja hengittävä. Vahvikekangas reisien päällä ja lahkeiden alaosan sisäsivuilla. Takana oleva joustava helma sekä sivuilla olevat koukku- ja lenkkikiinnikkeet helpottavat säätämistä ja takaavat täydellisen istuvuuden. Sivuilla olevat pitkät vetoketjut helpottavat housujen pukemista ja riisumista ja nauhoille tarkoitetut koukut pitävät housut tukevasti paikoillaan. Hyväksytty standardin EN343 mukaisesti.",112.2,Husqvarna,
16962357001,"Husqvarna Nahkakengät Technical, Puutarha",https://tarvike.com/product/nahkakengat-technical-puutarha-44-6528,https://media.tarvike.com/product/images/6528/original/30866.jpg,169.0,"Husqvarna Technical Light turvajalkineet sopivat työskentelyyn puistoissa ja puutarhoissa säällä kuin säällä. Jalkineiden vettä hylkivällä Sympatex®-kalvolla päällystetty nahka, polyesterivuori ja varpaiden suojana oleva komposiittikärki parantavat käyttömukavuutta. Kärki ja kanta vahvistettu kumilla. Kengännauhojen kireyttä on helppo säätää kätevien kiinnikkeiden ansiosta. Varren takaosassa oleva lenkki helpottaa jalkineiden pukemista. Täyttää standardien EN ISO 20345 S3 - SRC + HRO vaatimukset Varvassuoja komposiittia",144.5,Husqvarna,
16957834001,Husqvarna Nahkaturvakengät Classic 20,https://tarvike.com/product/nahkaturvakengat-classic-20-42-6535,https://media.tarvike.com/product/images/6535/original/30873.jpg,259.0,"Husqvarna Classic 20 Nahkaturvakengät ovat kestävät, mutta kevyet ja mukavat jalkineet, jotka sopivat erinomaisesti satunnaisiin ulkotehtäviin. Jalkineet on valmistettu nahasta, ja niissä on mikrokuituvahvistukset ja polyesteriverkkovuori. Pehmustettu etukieleke antaa tukea ja lisää mukavuutta. Vahvistetun etuosan ja kantapään ansiosta jalkineet kestävät hyvin käyttöä ja tukevat nilkkoja ja jalkoja. Varren takaosassa oleva lenkki helpottaa jalkineiden pukemista, ja pikakiinnityskoukkujen ansiosta nauhojen säätäminen ja vapauttaminen on helppoa. Irrotettavat pohjalliset voi pestä. Standardin EN 17249:2013 luokan 1 (20m/s) mukainen. Koot 39–47.",211.71,Husqvarna,
15398114001,Milwaukee M18 FUEL™ -puhallin,https://tarvike.com/product/milwaukee-m18-fuel-puhallin-169546,https://media.tarvike.com/product/images/169546/original/192268.png,339.0,"Tuottaa jopa 14,2 m³/min ilmamäärän ja 193 km/h nopeuden vaativiin lehtien, hiekan ja roskien siivoamiseen",209.0,Milwaukee Tools,
1491385000,Alto KSK-50 TR Traktorin klapikone,https://tarvike.com/product/alto-ksk-50-tr-traktorin-klapikone-126405,https://media.tarvike.com/product/images/126405/original/160558.jpg,9490.0,"ALTO KSK-50 Traktori käyttöinen klapikone Kevyt ja tehokas PTO akselilta käyttövoima Helppoa ja vaivatonta käyttää 4,7t halkaisuvoima 2,7m poistokuljetin Kuvan tukkinostin lisävaruste",6990.0,Alto,
1491380000,Alto KSK-50 PMT klapikone perävaunu varusteltu,https://tarvike.com/product/alto-ksk-50-pmt-klapikone-peravaunu-varusteltu-126403,https://media.tarvike.com/product/images/126403/original/160552.jpg,12990.0,DEMO - käytetty noin 20h ALTO KSK-50 Klapikone. Näppärän kokeinen ja voimakas klapikone. Pienistä mitoistaan huolimatta se on tehokas ja mukava laite polttopuiden käsittelyyn.,10990.0,Alto,
13239424000,Kärcher Laakasuodatin,https://tarvike.com/product/karcher-laakasuodatin-166410,https://media.tarvike.com/product/images/166410/original/188572.jpg,48.6,Valmistettu selluloosapohjaisesta materiaalista.,34.0,Kärcher,
10711913000,Pyörä 4.00X8/2 Met/Liukul. Täydellinen,https://tarvike.com/product/pyora-400x82-metliukul-taydellinen-155957,https://media.tarvike.com/product/images/155957/original/180728.webp,22.9,,18.0,,
10495839001,Husqvarna Turvahousut Technical Robust 20A,https://tarvike.com/product/turvahousut-technical-robust-20a-xl-7631,https://media.tarvike.com/product/images/7631/original/30046.jpg,363.5,Husqvarna Technical Robust Turvahousut on suunniteltu täysipäiväiseen metsätaloustyöhön ammattitasolla. Erittäin kestävässä mallissa on lujaa kangasta etuosassa ja vahvikkeet haarakappaleessa ja lahkeiden alaosassa. Nilkkaosan paksu suojaus ja housujen takaosan joustava kangas takaavat mukavuuden ja tuottavuuden jokaisessa työkohteessa.,290.8,Husqvarna,
10245133000,Vetohihna Linko,https://tarvike.com/product/vetohihna-linko-156066,https://media.tarvike.com/product/images/156066/original/180538.jpeg,35.0,AV13X970 (4LXP960).,26.0,Espina,
10245130000,Hihnapyörä,https://tarvike.com/product/hihnapyora-156067,https://media.tarvike.com/product/images/156067/original/180537.jpeg,17.0,Ulkomitta 50. Sisämitta 12mm,13.0,Espina,
9569186002,"Husqvarna 220iR Ruohotrimmeri, sis. akku ja laturi",https://tarvike.com/product/husqvarna-220ir-ruohotrimmeri-sis-akku-ja-laturi-177610,https://media.tarvike.com/product/images/177610/original/203970.webp,459.0,"Husqvarna 220iR -mallissa yhdistyvät tehokas suorituskyky ja erinomainen ergonomia, mikä tekee siitä ihanteellisen ruohotrimmerin suurille pihoille. Laitteen ohjaustanko, teleskooppivarsi ja pehmustetut valjaat ovat kaikki säädettäviä, jotta käyttökokemus on miellyttävä myös pitkien leikkuutehtävien aikana. Portaattomalla nopeudensäätimellä voi myös säätää tehon sopivaksi kutakin tehtävää varten. Tehokkaasti leikkaavan R25-terälaitteen lisäksi mukana on muoviterillä varustettu Tri-Cut-terälaite, joka sopii erinomaisesti hankaliin tehtäviin, kuten pihan umpeen kasvaneiden alueiden leikkaamiseen.",389.0,Husqvarna,
501478000,Husqvarna R214Ts HV 586AE V-Twin Ajoleikkuri + Husqvarna leikkuulaite Combi 103,https://tarvike.com/product/husqvarna-r214ts-hv-586ae-v-twin-ajoleikkuri-husqvarna-leikkuulaite-combi-103-174554,https://media.tarvike.com/product/images/174554/original/197425.webp,6378.0,"Monipuolinen Husqvarna R 214Ts on suunniteltu suurten nurmikoiden leikkaamiseen ja erilaisiin puutarhatöihin ympäri vuoden. Raiderille tyypilliseen tapaan se tarjoaa erinomaisen ohjattavuuden ja hyvät leikkuutulokset. Ohjaustehostin varmistaa sujuvan ohjailun esteiden ympärillä ja vähentää käsivarsien ja vartalon rasitusta, mikä mahdollistaa mukavamman leikkaamisen myös pitkiä aikoja. Laaja lisävarustevalikoima tekee Raider R 214 Ts:stä yhtä tehokkaan myös muissa kausittaisissa tehtävissä, kuten lumenaurauksessa ja käytävien aurauksessa. LED-ajovalot varmistavat näkyvyyden myös pimeässä. Huolto on helppoa leikkuulaitteen kätevän huoltoasennon ansiosta, mikä tekee terän puhdistamisesta ja vaihtamisesta nopeaa ja helppoa.",4490.0,Husqvarna,
26226112001,"Kekkilä Puutarhamulta 50l Lava, 60 säkkiä",https://tarvike.com/product/kekkila-puutarhamulta-50l-lava-60-sakkia-176110,https://media.tarvike.com/product/images/176110/original/201056.webp,229.0,"Kekkilä Puutarhamulta on korkealaatuinen ja käyttövalmis yleismulta kaikille pihan ja puutarhan kasveille. Puutarhamulta on peruslannoitettu ja kalkittu ja sopii sellaisenaan kasvualustaksi. Lavatoimitus, sisältää 60 säkkiä ,yksi säkki 50 litraa. Tarvitsetko enemmän kuin yhden lavan? Kysy tarkempi saatavuus ja rahtikustannus: asiakaspalvelu@tarvike.com",,Kekkilä,
17743711001,Kekkilä Puutarhamulta 50 l,https://tarvike.com/product/kekkila-puutarhamulta-50-l-127216,https://media.tarvike.com/product/images/127216/original/162021.png,4.7,Kekkilä Puutarhamulta on korkealaatuinen ja käyttövalmis yleismulta kaikille pihan ja puutarhan kasveille. Puutarhamulta on peruslannoitettu ja kalkittu ja sopii sellaisenaan kasvualustaksi.,,Kekkilä,
19180885002,"Oregon teräketju Speedcut 13"" .325 1.3mm 56VL",https://tarvike.com/product/oregon-teraketju-speedcut-13-325-13mm-56vl-81534,https://media.tarvike.com/product/images/81534/original/31462.jpg,20.9,"Oregon teräketju Speedcut 13"" .325 1.3mm 56VL on nopeampi - terävämpi - helpompi.",,Oregon,
19180846002,"Husqvarna Pyöröviila Intensive Cut, 3 kpl 4,0 mm",https://tarvike.com/product/husqvarna-pyoroviila-intensive-cut-3-kpl-40-mm-81002,https://media.tarvike.com/product/images/81002/original/158296.png,7.5,Muotoilun ansiosta 20 % parempi viilausteho ja pidempi käyttöikä. Teräketjun leikkuuhampaiden teroittamiseen tarvitaan pyöröviila ja viilanohjain. Oikein teroitettu ketju tekee sahaamisesta helpompaa ja turvallisempaa. Husqvarnan viilat valmistetaan korkealaatuisesta teräksestä. File 4.0mm,,Husqvarna,
19481330002,Tapio Teräketjuöljy 10l,https://tarvike.com/product/tapio-teraketjuoljy-10l-126975,https://media.tarvike.com/product/images/126975/original/161418.jpg,29.9,"Valitse tuote, joka toimii kaikissa sääolosuhteissa! Valmistamamme teräketjuöljyt sopivat käytettäväksi kaikenlaisten moottorisahojen kanssa, kaikkina vuodenaikoina. Korkealaatuiset Forest- ja Tapio-teräketjuöljyt tunkeutuvat teräketjun niveliin tehokkaasti ja suojaavat teräketjua kulumiselta sekä venymiseltä. Lisäksi öljyt estävät laipan sekä kärkipyörän syöpymistä.",,Forestoil,
18340675001,Fitt muoviletku PVC kirkas 5x8mm,https://tarvike.com/product/fitt-muoviletku-pvc-kirkas-5x8mm-44447,https://media.tarvike.com/product/images/44447/original/16989.jpg,0.65,Myydään metreittäin. Fitt muoviletku kirkas 5x8mm. Materiaali PVC.,,FITT,
19180850002,"Husqvarna Pyöröviila Intensive Cut, 3 kpl 4,8 mm",https://tarvike.com/product/husqvarna-pyoroviila-intensive-cut-3-kpl-48-mm-81004,https://media.tarvike.com/product/images/81004/original/158300.png,7.5,Muotoilun ansiosta 20 % parempi viilausteho ja pidempi käyttöikä. Teräketjun leikkuuhampaiden teroittamiseen tarvitaan pyöröviila ja viilanohjain. Oikein teroitettu ketju tekee sahaamisesta helpompaa ja turvallisempaa. Husqvarnan viilat valmistetaan korkealaatuisesta teräksestä. Huom pakkauksessa 3kpl viiloja,,Husqvarna,
9722734002,Tarmo Puutarhakäsineet kuviolliset,https://tarvike.com/product/tarmo-puutarhakasineet-kuviolliset-187105,https://media.tarvike.com/product/images/187105/original/204161.jpg,3.9,"Kevyt puutarhakäsine, selkäpuoli tekstiiliä, kämmenosassa lateksipinnoite.",,Tarmo,
35664457000,Fitt Muoviletku PVC Kirkas 4x7mm,https://tarvike.com/product/fitt-muoviletku-pvc-kirkas-4x7mm-209318,https://media.tarvike.com/product/images/209318/original/204878.webp,0.65,Myydään metreittäin. Materiaali PVC. 1-kerros letku (vahvistamaton). Joustava PVC-letku nesteiden siirtoon ilman painetta. Teollisuuskäyttöön.,,FITT,
35664456000,Fitt Muoviletku PVC Kirkas 6x9mm,https://tarvike.com/product/fitt-muoviletku-pvc-kirkas-6x9mm-199879,https://media.tarvike.com/product/images/199879/original/204879.webp,0.65,Myydään metreittäin. Materiaali PVC. 1-kerros letku (vahvistamaton). Joustava PVC-letku nesteiden siirtoon ilman painetta. Teollisuuskäyttöön.,,FITT,
18340685001,Continental Poistoletku litteä PVC 25mm,https://tarvike.com/product/continental-poistoletku-littea-pvc-25mm-44453,https://media.tarvike.com/product/images/44453/original/16988.jpg,2.7,Continental poistoletku litteä PVC 25mm. Materiaali PVC.,,IKH,
11623511000,Husqvarna Sytytystulppa HQT-1,https://tarvike.com/product/husqvarna-sytytystulppa-hqt-1-80516,https://media.tarvike.com/product/images/80516/original/157226.png,5.4,"Alkuperäinen Husqvarna sytytystulppa. Vaihda sytytystulppa säännöllisesti helpottaaksesi käynnistystä, vähentääksesi kulumista ja pidentääksesi moottorin käyttöikää",,Husqvarna,
17743713001,Kekkilä kesäkukkamulta 30 l,https://tarvike.com/product/kekkila-kesakukkamulta-30-l-127218,https://media.tarvike.com/product/images/127218/original/162019.png,6.9,Kesäkukkamulta on korkealaatuinen multa kukoistaviin kesäkukkaistuksiin. Mullan ilmava rakenne mahdollistaa kasvien nopean juurtumisen ja runsaan kukinnan.,,Kekkilä,
11623553000,Husqvarna Sytytystulppa HQT-5,https://tarvike.com/product/husqvarna-sytytystulppa-hqt-5-80803,https://media.tarvike.com/product/images/80803/original/157678.png,7.8,,,Husqvarna,
9963004001,Husqvarna Huoltosarja,https://tarvike.com/product/husqvarna-huoltosarja-163450,https://media.tarvike.com/product/images/163450/original/186506.webp,135.4,"Huoltosarja, jossa on ilmansuodatin, polttoainesuodatin, öljynsuodatin, sytytystulppa (x2) ja moottoriöljy (x2) - 100h",,Husqvarna,
18339504001,"Husqvarna 4T-Moottoriöljy SAE 10W-40, 1,4 L",https://tarvike.com/product/husqvarna-4t-moottorioljy-sae-10w-40-14-l-80515,https://media.tarvike.com/product/images/80515/original/157218.png,24.9,"Korkealuokkainen moottoriöljy kaikkiin 4-tahtisiin puutarhakoneisiin. Kehitetty varmistamaan helppo käynnistyvyys myös alhaisissa lämpötiloissa, täydellinen voitelu kaikissa olosuhteissa ja alhainen öljynkulutus.",,Husqvarna,
19180854002,"Husqvarna Pyöröviila Intensive Cut, 3 kpl 5,5 mm",https://tarvike.com/product/husqvarna-pyoroviila-intensive-cut-3-kpl-55-mm-81006,https://media.tarvike.com/product/images/81006/original/158298.png,7.5,Muotoilun ansiosta 20 % parempi viilausteho ja pidempi käyttöikä. Teräketjun leikkuuhampaiden teroittamiseen tarvitaan pyöröviila ja viilanohjain. Oikein teroitettu ketju tekee sahaamisesta helpompaa ja turvallisempaa. Husqvarnan viilat valmistetaan korkealaatuisesta teräksestä. Huom pakkauksessa 3kpl viiloja,,Husqvarna,
13294263001,Champion Sytytystulppa J19LM,https://tarvike.com/product/champion-sytytystulppa-j19lm-43659,https://media.tarvike.com/product/images/43659/original/15202.jpg,5.1,Sytytystulppa ruohonleikkuriin.,,Champion,
6264535002,Kekkilä Kukkamulta 10L,https://tarvike.com/product/kekkila-kukkamulta-10l-176107,https://media.tarvike.com/product/images/176107/original/201033.webp,5.9,"Tumma ja täyteläinen yleismulta, joka sopii kaikille kodin kukkiville kasveille ja viherkasveille. Kukkamultaan istutettujen kasvien hoito on helppoa, sillä kasteluvesi imeytyy multaan nopeasti.",,Kekkilä,
6344635002,Kekkilä Kylvö- ja Taimimulta 10L,https://tarvike.com/product/kekkila-kylvo-ja-taimimulta-10l-176109,https://media.tarvike.com/product/images/176109/original/201044.webp,6.9,Kekkilä Kylvö- ja taimimulta on kaikkiin kylvöihin tarkoitettu erikoismulta. Se on ihanteellinen kasvualusta pienille hentojuurisille taimille.,,Kekkilä,
18339628001,"Kekkilä kasvatussäkki, Luonnonmukainen 40 L",https://tarvike.com/product/kekkila-kasvatussakki-luonnonmukainen-40-l-127223,https://media.tarvike.com/product/images/127223/original/162014.png,8.9,Kekkilä Luonnonmukainen kasvatussäkki on helppo ja käyttövalmis viljelyalusta kaikille kasveille. Kasvit istutetaan suoraan pakkaukseen.,,Kekkilä,
33660975000,Husqvarna Automower® -jatkoliitin,https://tarvike.com/product/husqvarna-automower-jatkoliitin-119593,https://media.tarvike.com/product/images/119593/original/155763.png,79.9,"Monikäyttöisiä Husqvarna Automower® -jatkoliittimiä voidaan käyttää rajakaapelin korjaamiseen, jatkamiseen tai ohjauskaapelin liittämiseen. Kestävät, geelitäytteiset jatkoliittimet suojaavat rajakaapelia. Husqvarna Automower® -jatkoliitin on osa laajaa valikoimaamme korkealaatuisia Automower®-tarvikkeita.",,Husqvarna,
730606002,Continental Poistoletku Litteä PVC 38mm,https://tarvike.com/product/continental-poistoletku-littea-pvc-38mm-145270,https://media.tarvike.com/product/images/145270/original/176741.webp,3.8,Joustava kasaanpainuva PVC-letku polyesterivahvikkeella.,,Continental,
17743712001,Kekkilä havu- ja rodomulta 40 l,https://tarvike.com/product/kekkila-havu-ja-rodomulta-40-l-127217,https://media.tarvike.com/product/images/127217/original/162020.png,7.6,"Kekkilä Havu- ja rodomulta on korkealaatuinen ja käyttövalmis multa hapanta maata suosivien kasvien tarpeisiin. Se sopii alppiruusuille, atsaleoillle, pensasmustikoille, hortensioille sekä useimmille havukasveille.",,Kekkilä,
11623555000,Husqvarna Sytytystulppa HQT-6,https://tarvike.com/product/husqvarna-sytytystulppa-hqt-6-80804,https://media.tarvike.com/product/images/80804/original/157681.png,5.9,"Alkuperäinen Husqvarna HQT-6 sytytystulppa. Kierteellä irroitettavalla hatulla. Avainkoko 21mm, käytetään paljon mm. ruohonleikkureissa.",,Husqvarna,
6264536002,Kekkilä Koristekate pähkinänruskea 45l,https://tarvike.com/product/kekkila-koristekate-pahkinanruskea-45l-176108,https://media.tarvike.com/product/images/176108/original/201040.webp,13.9,"Koristekate Pähkinänruskea on luonnonvärein värjättyä puuhaketta ja sen palakoko on 7-50 mm. Luonnollinen ruskea väri sointuu kauniisti yhteen erilaisten kasvien, puupintojen ja rakenteiden kanssa.",,Kekkilä,
17742884001,Kekkilä Puutarhaturve 50 l,https://tarvike.com/product/kekkila-puutarhaturve-50-l-127224,https://media.tarvike.com/product/images/127224/original/162013.png,7.9,"Puutarhaturve on peruslannoitettu ja kalkittu turve, joka soveltuu kasvualustaksi ja maanparannukseen kotipihan kaikille kasveille. Se on erinomainen kasvualusta sellaisenaan myös kotikasvihuoneen kasveille.",,Kekkilä,
11623562000,Husqvarna Sytytystulppa HQT-10,https://tarvike.com/product/husqvarna-sytytystulppa-hqt-10-80808,https://media.tarvike.com/product/images/80808/original/157676.png,7.7,,,Husqvarna,
17743716001,Kekkilä komposti- ja huussikuivike 50 l,https://tarvike.com/product/kekkila-komposti-ja-huussikuivike-50-l-127221,https://media.tarvike.com/product/images/127221/original/162016.png,10.4,"Komposti- ja huussikuivike on imukykyinen seosaine, joka pitää kompostin hajuttomana ja ilmavana. Puhtaista luonnon raaka-aineista valmistettu kuivike sopii varsinkin talousjätteiden kompostointiin.",,Kekkilä,
7746541002,"Tract Käynnistinnaru, 3,0mm x 50m",https://tarvike.com/product/tract-kaynnistinnaru-30mm-x-50m-133464,https://media.tarvike.com/product/images/133464/original/171668.jpg,13.8,"Tract Käynnistinnaru, 3,0mm x 50m",,,
9722733002,Tarmo Puutarhakäsineet Lasten,https://tarvike.com/product/tarmo-puutarhakasineet-lasten-187104,https://media.tarvike.com/product/images/187104/original/204150.jpg,2.9,Puutarhakäsineet antavat hyvän pidon puutarhavälineistä ja suojaavat käsiä likaantumiselta.,,Tarmo,
426741001,Husqvarna Automower® -jatkoliitin,https://tarvike.com/product/husqvarna-automower-jatkoliitin-119592,https://media.tarvike.com/product/images/119592/original/155752.png,2.9,"Monikäyttöisiä Husqvarna Automower® -jatkoliittimiä voidaan käyttää rajakaapelin korjaamiseen, jatkamiseen tai ohjauskaapelin liittämiseen. Kestävät, geelitäytteiset jatkoliittimet suojaavat rajakaapelia. Husqvarna Automower® -jatkoliitin on osa laajaa valikoimaamme korkealaatuisia Automower®-tarvikkeita.",,Husqvarna,
17627126001,Lube-En 10L Teräketjuöljy,https://tarvike.com/product/lube-en-10l-teraketjuoljy-126970,https://media.tarvike.com/product/images/126970/original/161370.png,29.0,Lube-En® on ympäristöystävällinen ja OECD-301F -standardilla 100% biohajoava teräketjun voiteluaine. Synteettinen Lube-En® pitää teräketjun voideltuna suurissakin leikkuunopeuksissa. Erinomaisesti tarttuva Lube-En® voiteluaine soveltuu ympärivuotiseen käyttöön. Teräketjun voiteluaineen kulutus voidaan säätää huomattavasti vähäisempään Lube-En® aineella verrattuna mineraaliöljypohjaisiin voiteluaineisiin.,,,
27521792001,Terän mutteri,https://tarvike.com/product/teran-mutteri-119594,https://media.tarvike.com/product/images/119594/original/204320.webp,7.3,Alkuperäinen Husqvarna terälaitteen kiinitysmutteri. suuniteltu ja testattu Husqvarnan tuotteisiin.,,Husqvarna,
19180667002,Husqvarna Viilankahva Ø 4.0 - 5.5 mm viiloille,https://tarvike.com/product/husqvarna-viilankahva-40-55-mm-viiloille-80307,https://media.tarvike.com/product/images/80307/original/155992.png,5.5,Patentoitu viilan lukitusjärjestelmä. Sopii 4.0-4.5 mm pyöröviiloille ja 6. tai 8. tuuman lattaviiloille. 25˚:en ja 30˚:en siipien kulmat varmistavat oikean viilauskulman.,,Husqvarna,
35011476000,Champion Sytytystulppa CJ7Y,https://tarvike.com/product/champion-sytytystulppa-cj7y-43658,https://media.tarvike.com/product/images/43658/original/15198.jpg,5.1,Moottorisaha- ja raivaussaha-sytytystulppa.,,Champion,
29134082001,Fitt Muoviletku 4x10mm PVC kudos vahv. kirkas,https://tarvike.com/product/fitt-muoviletku-4x10mm-pvc-kudos-vahv-kirkas-217189,https://media.tarvike.com/product/images/217189/original/204876.webp,1.1,Myydään metreittäin. Materiaali PVC. 3-kerros ristikudosletku. Kudosvahvistettu joustava PVC-letku paineilman ja nesteiden siirtoon. Teollisuuskäyttöön (soveltuu jatkuvalle paineelle).,,FITT,
13099080001,Hyllylaatikko 300×94×80 mm,https://tarvike.com/product/hyllylaatikko-3009480-mm-150829,https://media.tarvike.com/product/images/150829/original/189602.webp,5.79,"Sopiva välilevy KH6610. Tilavuus 1,5 dm³.",,Treston,
11623559000,Husqvarna Sytytystulppa HQT-8,https://tarvike.com/product/husqvarna-sytytystulppa-hqt-8-80806,https://media.tarvike.com/product/images/80806/original/157669.png,7.8,,,Husqvarna,
11623551000,Husqvarna Sytytystulppa HQT-3,https://tarvike.com/product/husqvarna-sytytystulppa-hqt-3-80802,https://media.tarvike.com/product/images/80802/original/157673.png,7.8,"125B, 125BX, 125BVX",,Husqvarna,
11159217000,"Lavasäkki Eur-Lavalle 1,0M3 Verkko",https://tarvike.com/product/lavasakki-eur-lavalle-10m3-verkko-151759,https://media.tarvike.com/product/images/151759/original/181987.webp,3.9,Laadukas kertakäyttöinen UV-suojattu lavasäkki EURO-lavalle 1 m³,,Espegard,
18340677001,"Fitt Muoviletku PVC 12 x 16mm, kirkas",https://tarvike.com/product/fitt-muoviletku-pvc-12-x-16mm-kirkas-44449,https://media.tarvike.com/product/images/44449/original/16974.jpg,1.1,"Myydään metreittäin. Fitt Muoviletku 12 x 16mm, kirkas. Materiaali PVC.",,FITT,
35015492000,"Fitt Muoviletku PVC 8 x 11mm, kirkas",https://tarvike.com/product/fitt-muoviletku-pvc-8-x-11mm-kirkas-44448,https://media.tarvike.com/product/images/44448/original/16990.jpg,0.75,"Myydään metreittäin. Fitt Muoviletku 8 x 11mm, kirkas. Materiaali PVC.",,FITT,
18340681001,"Fitt Muoviletku PVC 10 x 16mm, kudosvahv. kirkas",https://tarvike.com/product/fitt-muoviletku-pvc-10-x-16mm-kudosvahv-kirkas-44451,https://media.tarvike.com/product/images/44451/original/16983.jpg,2.0,"Myydään metreittäin. Fitt Muoviletku PVC 10 x 16mm, kudosvahvistettu, kirkas. Materiaali PVC.",,FITT,
1677606000,Kohlswa ketjulenkki,https://tarvike.com/product/ketjulenkki-36548,https://media.tarvike.com/product/images/36548/original/176378.webp,3.5,Ketjulenkki Kohlswa. Käyttökuorma: 700 kg 85 ketjulenkkiä,,Kohlswa,
4963029000,"Husqvarna 4T-Moottoriöljy SAE 30, 0,6 L",https://tarvike.com/product/husqvarna-4t-moottorioljy-sae-30-06-l-80513,https://media.tarvike.com/product/images/80513/original/157227.png,9.5,Korkealuokkainen öljy 4-tahtisiin ruohonleikkureihin. Erinomainen suoja moottorille.,,Husqvarna,
4963027000,"KULMAVAIHDERASVA, 225 G",https://tarvike.com/product/kulmavaihderasva-225-g-80261,https://media.tarvike.com/product/images/80261/original/155813.png,16.9,Yleisiin voitelutarpeisiin.,,Husqvarna,
4955939000,"Husqvarna Automower raja-/hakukaapelin liitin, AM G2",https://tarvike.com/product/husqvarna-automower-raja-hakukaapelin-liitin-am-g2-80431,https://media.tarvike.com/product/images/80431/original/156511.png,3.5,"Raja-/hakukaapelin liitin, AM G2 (03-)",,Husqvarna,
35664453000,Fitt Muoviletku 6x12mm PVC Kudos vahv. kirkas,https://tarvike.com/product/fitt-muoviletku-6x12mm-pvc-kudos-vahv-kirkas-209319,https://media.tarvike.com/product/images/209319/original/204877.webp,1.3,Myydään metreittäin. Materiaali PVC. 3-kerros ristikudosletku. Kudosvahvistettu joustava PVC-letku paineilman ja nesteiden siirtoon. Teollisuuskäyttöön (soveltuu jatkuvalle paineelle).,,FITT,
11623546000,Husqvarna Sytytystulppa HQT-2,https://tarvike.com/product/husqvarna-sytytystulppa-hqt-2-80796,https://media.tarvike.com/product/images/80796/original/157680.png,5.1,,,Husqvarna,
4963032000,"Husqvarna 2T-öljy LS+, 1 L annospullo",https://tarvike.com/product/husqvarna-2t-oljy-ls-1-l-annospullo-80525,https://media.tarvike.com/product/images/80525/original/30273.jpg,24.9,"Low Smoke + öljy on sekoitus mineraali- ja synteettisiä öljyjä. Savutus on erittäin vähäistä ja voitelu on äärimmäisen hyvä siellä missä kuormitusta on eniten, kuten kiertokangen laakereissa. Se on suunniteltu erityisesti alle 55-kuutioisia moottori- ja raivaussahoja varten. Päästöt ovat alhaiset ja se on erityisen tärkeää kun työskennellään alueilla jotka ovat rakennusten ympäröimiä. Moottorin käyntilämpötila on alhaisempi mikä pidentää käyttöikää. Husqvarna Low Smoke + öljyn koostumus antaa hyvän suojan sekä liian laihasta seoksesta että karstoittumisesta johtuvia kiinnileikkaamisia vastaan.",,Husqvarna,
19179657002,Katkopultti / Murtopulttisarja Cub Cadet/MTD lumilinkoon,https://tarvike.com/product/katkopultti-murtopulttisarja-cub-cadetmtd-lumilinkoon-81524,https://media.tarvike.com/product/images/81524/original/31455.jpg,25.3,"Paketissa 4 kpl sarja (4 x katkopultti + 4 x sokka) .25"" x 1.50"":GR2 6,35mm x 38mm Vuodesta 2005 (ei 900 sarja)",,Cub Cadet,
17743714001,Kekkilä kevätlannoite Plus + 10 l,https://tarvike.com/product/kekkila-kevatlannoite-plus-10-l-127219,https://media.tarvike.com/product/images/127219/original/162018.png,24.9,"Kekkilä Kevätlannoite PLUS+ on puutarhan monivaikutteinen yleislannoite. Se käynnistää keväisen kasvun sekä antaa elinvoimaa ja kestävyyttä kaikille puutarhan kasveille. Kevätlannoite PLUS+ on pölyämätön, rakeinen seos, joka on helppo levittää.",,Kekkilä,
11623549000,Husqvarna Sytytystulppa HQT-4,https://tarvike.com/product/husqvarna-sytytystulppa-hqt-4-80797,https://media.tarvike.com/product/images/80797/original/157664.png,7.8,,,Husqvarna,
5180527000,"Suojapeite lumilingolle, EuroGraden",https://tarvike.com/product/suojapeite-lumilingolle-eurograden-126947,https://media.tarvike.com/product/images/126947/original/161273.jpg,75.9,"Kestävä ja säänkestävä suojapeite suojaa lumilinkosi pölyltä, kosteudelta ja UV-säteilyltä säilytyksen aikana. Hengittävä materiaali ehkäisee kondenssia ja ruostumista. Sopii useimpiin yleisimpiin lumilinkomalleihin.",,EuroGarden,
4963084000,4T erikoisöljy 600 ml,https://tarvike.com/product/4t-erikoisoljy-600-ml-94950,https://media.tarvike.com/product/images/94950/original/100050.jpg,7.0,"Erikoisöljy puutarhalaitteiden, kuten ruohonleikkurien, generaattorien ja pikkutraktorien pieniin 4-tahtimoottoreihin.",,Ratioparts,
28391768000,4Living Taimiruukku 11 cm 12 kpl,https://tarvike.com/product/4living-taimiruukku-11-cm-12-kpl-176401,https://media.tarvike.com/product/images/176401/original/201312.jpg,3.9,Taimiruukku siemenkylvöille ja pistokkaille.,,4 Living,
19180858002,"Husqvarna Raivausterä Scarlett 225/1"" 24T",https://tarvike.com/product/husqvarna-raivaustera-scarlett-2251-24t-81019,https://media.tarvike.com/product/images/81019/original/158320.png,28.9,"Tehokkaan ja kestävän terän hampaat on muotoiltu siten, että sahausjälki on tasainen ja siisti. ja riski puuhun kiinni jäämisestä on vähäisempi.",,Husqvarna,
19180848002,"Husqvarna Pyöröviila Intensive Cut, 3 kpl 4,5 mm",https://tarvike.com/product/husqvarna-pyoroviila-intensive-cut-3-kpl-45-mm-81003,https://media.tarvike.com/product/images/81003/original/158295.png,7.5,Muotoilun ansiosta 20 % parempi viilausteho ja pidempi käyttöikä. Teräketjun leikkuuhampaiden teroittamiseen tarvitaan pyöröviila ja viilanohjain. Oikein teroitettu ketju tekee sahaamisesta helpompaa ja turvallisempaa. Husqvarnan viilat valmistetaan korkealaatuisesta teräksestä. File 4.0m,,Husqvarna,
17742902001,Kekkilä kuorikate  50 l,https://tarvike.com/product/kekkila-kuorikate-50-l-127233,https://media.tarvike.com/product/images/127233/original/162000.jpg,6.95,"Kuorikate on laadukas peruskate, joka sopii pensas- ja havuaidanteiden sekä istutusalueiden maanpinnan kattamiseen. Kuorikate on murskattua ja seulottua männynkuorta.",,Kekkilä,
4963041000,Ruohonleikkurin synteettinen 4T vaihteistoöljy SAE 10W-30 1l,https://tarvike.com/product/ruohonleikkurin-synteettinen-4t-vaihteistooljy-sae-10w-30-1l-81147,https://media.tarvike.com/product/images/81147/original/158491.png,30.9,"Korkealaatuinen vaihteistoöljy, jossa on kitkan säätöaine. Kehitetty erityisesti Husqvarnan nelivetoisten ajoneuvojen vaihteistoille. Vakaa öljy kaikkiin lämpötiloihin, niin kylmiin kuin lämpimiinkin olosuhteisiin.",,Husqvarna,
11623557000,Husqvarna sytytystulppa HQT-7,https://tarvike.com/product/husqvarna-sytytystulppa-hqt-7-80805,https://media.tarvike.com/product/images/80805/original/157662.png,5.9,,,Husqvarna,
4963085000,4MAX 4T erikoisöljy ruohonleikkureille 1l SAE30-HD,https://tarvike.com/product/4max-4t-erikoisoljy-ruohonleikkureille-1l-sae30-hd-94951,https://media.tarvike.com/product/images/94951/original/100053.jpg,16.0,"Erikoisöljy puutarhalaitteiden, kuten ruohonleikkurien, generaattorien ja pikkutraktorien pieniin 4-tahtimoottoreihin.",,Ratioparts,
4963033000,"Husqvarna 2T-öljy XP, synteettinen, 1 L annospullo",https://tarvike.com/product/husqvarna-2t-oljy-xp-synteettinen-1-l-annospullo-80526,https://media.tarvike.com/product/images/80526/original/30277.jpg,30.3,"Husqvarnan uusi täyssynteettinen ja biohajoava (64% acc OESD301B) XP Synteettinen 2-tahtiöljy on kehitetty niihin olosuhteisiin, joissa moottorin kierrosluku on korkea ja kuormitus suuri. Yhdessä uuden täysin tuhkattoman lisäaineistuksen kanssa voitelu on äärimmäisen hyvä, savutus vähäistä, moottori käy puhtaammin ja männän ja kampiakselin karstoittuminen on vähäisempää kuin kilpailevilla öljyillä. Soveltuu kaikille Husqvarna -tuotteille, erityisesti moottoreille joiden kuutiotilavuus on suurempi kuin 55 cm3.",,Husqvarna,
19180867002,"Oregon Terälevy E-Lux 13"" .325 1,3 ja 2 teräketjua",https://tarvike.com/product/oregon-teralevy-e-lux-13-325-13-ja-2-teraketjua-81521,https://media.tarvike.com/product/images/81521/original/31438.jpg,63.97,"1X 130MLBK095+2X 95TXL056E 13"" / 32cm HVA 56 lenkkiä",,Oregon,
19180739002,"Husqvarna Teräketju X-Cut SP33G 15"" Pixel .325"" 1,3 mm",https://tarvike.com/product/husqvarna-teraketju-x-cut-sp33g-15-pixel-325-13-mm-80639,https://media.tarvike.com/product/images/80639/original/157451.png,30.9,"X-CUT SP33G on ensimmäinen teräketju, jonka Husqvarna on kehittänyt, suunnitellut ja valmistanut alusta asti itse. Teräketju sopii erinomaisesti ammattilaisille jokapäiväiseen työskentelyyn sekä vaativaan kuluttajakäyttöön. Ketju pysyy terävänä pitkään ja se on kestävyydeltään ylivertainen. Esivenytetty ketju ei veny ja sen leikkuuteho on erinomainen, minkä ansiosta se tarjoaa paremman sahaustuloksen kuin koskaan aiemmin. Uraleveys: 1.3 mm Ketjujako: .325""",,Husqvarna,
18340687001,Continental Poistoletku litteä PVC 32mm,https://tarvike.com/product/continental-poistoletku-littea-pvc-32mm-44454,https://media.tarvike.com/product/images/44454/original/16973.jpg,3.3,Continental poistoletku litteä PVC 32mm. Materiaali PVC.,,IKH,
19180778002,"Husqvarna Teräketju X-Cut S93G 14"" .3/8 1,3 mm",https://tarvike.com/product/husqvarna-teraketju-x-cut-s93g-14-38-13-mm-80739,https://media.tarvike.com/product/images/80739/original/30506.jpg,26.9,"Uusi X-Cut S93G on erittäin tarkka ja suorituskykyinen teräketju, joka soveltuu käytettäväksi ahtaissa paikoissa. Se sopiikin erityisen hyvin arboristeille ja puunhoidon ammattilaisille. Sahaaminen on tasaista, ketju pysyy pitkään terävänä ja takapotkun riski on minimaalinen. Tuloksena on erinomainen leikkuukapasiteetti ja käyttötehokkuus.",,Husqvarna,
19180760002,"Husqvarna Terälevy X-Force 15"" .325"" 1,5 mm SM",https://tarvike.com/product/husqvarna-teralevy-x-force-15-325-15-mm-sm-80655,https://media.tarvike.com/product/images/80655/original/157502.png,60.9,"Kestävyyttä, keveyttä ja suorituskykyä – Husqvarnan X-Force-terälevyt on suunniteltu käytettäviksi yhdessä X-Cut-ketjujen kanssa, jotta saat kaiken tehon irti Husqvarna-moottorisahastasi. Virtaviivainen siluetti, kestävä kärki ja laakerijärjestelmä sekä optimoitu keskilevy vähentävät seisokkiaikoja ja takaavat erinomaisen leikkuutuloksen. Terälevyn pituus 15"" Uraleveys 1.5 mm Ketjujako .325""",,Husqvarna,
19180689002,"Husqvarna Lattaviila 6"", 1 kpl",https://tarvike.com/product/husqvarna-lattaviila-6-1-kpl-80321,https://media.tarvike.com/product/images/80321/original/156013.png,5.5,Lattaviilaa ja alennuskaaviota tarvitaan ketjun purupiikin alentamiseksi oikealle tasolle. Oikein teroitetulla ketjulla sahaaminen on helpompaa ja turvallisempaa.,,Husqvarna,
17743715001,Kekkilä puutarhakalkki 25 kg,https://tarvike.com/product/kekkila-puutarhakalkki-25-kg-127220,https://media.tarvike.com/product/images/127220/original/162017.png,12.9,"Kekkilä Puutarhakalkin raaka-aine on puhdasta ja luonnonmukaista marmorirouhetta. Koostumukseltaan Puutarhakalkki on murumainen ja kostea, minkä vuoksi se on helppo levittää tasaisesti ilman pölyä. Puutarhakalkki liukenee nopeasti kasvin käyttöön ja vaikuttaa pitkään.",,Kekkilä,
7746543002,"Tract Käynnistinnaru, 3,5mm x 50m",https://tarvike.com/product/tract-kaynnistinnaru-35mm-x-50m-133465,https://media.tarvike.com/product/images/133465/original/171668.jpg,0.34,"Tract Käynnistinnaru, 3,5mm x 50m",,,
4955969000,Husqvarna Automower turvaterät 9 kpl,https://tarvike.com/product/husqvarna-automower-turvaterat-9-kpl-80521,https://media.tarvike.com/product/images/80521/original/30266.jpg,23.9,Alkuperäiset Husqvarna-terät takaavat turvallisen käsittelyn ja täydellisen leikkuun. Lisäturvallisuuden vuoksi terät taittuvat takaisin leikkuulevyyn osuessaan esteeseen. Ne on valmistettu karkaistusta hiiliteräksestä lisäkestävyyden takaamiseksi ja ne täyttävät kaikki vaaditut turvallisuusstandardit. Terät sopivat kaikkiin Husqvarna Automower®- ja Husqvarna Ceora™ -robottiruohonleikkureihin. Terävien terien ansiosta leikkuujälki on siisti ja nurmikko pysyy terveempänä. Terät ovat osa laajaa valikoimaamme korkealaatuisia Automower®-tarvikkeita.,,Husqvarna,
3478242002,Husqvarna Huoltosarja,https://tarvike.com/product/husqvarna-huoltosarja-163257,https://media.tarvike.com/product/placeholders/productImageComingSoong.jpg,46.7,"Huoltosarja Briggs & Stratton, malli 575/650/675EXI 9P702-0193-/103M02-0013-/104M0B-0069-H1.",,Husqvarna,
19176874002,Husqvarna niskasuoja Functional- ja Classic- metsurinkypärään,https://tarvike.com/product/husqvarna-niskasuoja-functional-ja-classic-metsurinkyparaan-80289,https://media.tarvike.com/product/images/80289/original/155969.png,6.9,Niskasuoja Functional- ja Classic- metsurinkypärään. Suojaa niskaa vedeltä ja lumelta.,,Husqvarna,
11623560000,Husqvarna Sytytystulppa HQT-9,https://tarvike.com/product/husqvarna-sytytystulppa-hqt-9-80807,https://media.tarvike.com/product/images/80807/original/157672.png,5.6,,,Husqvarna,
4955388000,Husqvarna Turvaterä 6 kpl swing,https://tarvike.com/product/husqvarna-turvatera-6-kpl-swing-80944,https://media.tarvike.com/product/images/80944/original/157879.png,27.9,"Uusien terien rakenne tekee niistä erittäin kestävät, ja niiden käyttöikä on yli kaksinkertainen pitkäikäisiin turvateriimme verrattuna. Muotoilu mahdollistaa kovemmat ja terävämmät särmät turvallisuudesta tinkimättä.",,Husqvarna,
35011477000,Champion Sytytystulppa RJ19LM,https://tarvike.com/product/champion-sytytystulppa-rj19lm-43661,https://media.tarvike.com/product/images/43661/original/15210.jpg,5.1,Häiriösuojattu tulppa.,,Champion,
27521795001,Moottorisahan laipan mutterit (4),https://tarvike.com/product/moottorisahan-laipan-mutterit-4-119597,https://media.tarvike.com/product/images/119597/original/155864.png,3.6,4 vaihdettavaa moottorisahan terälaipan mutteria pakkauksessa. Sopii KAIKKIIN Husqvarnan moottorisahoihin.,,Husqvarna,
27521787001,"Vetoratas .325"" - 7T",https://tarvike.com/product/vetoratas-325-7t-119565,https://media.tarvike.com/product/images/119565/original/155709.png,13.9,,,Husqvarna,
19180897002,"Teräketju 3/8"" PK 1.3 mm - 52 KL",https://tarvike.com/product/teraketju-38-pk-13-mm-52-kl-94987,https://media.tarvike.com/product/images/94987/original/100098.jpg,21.9,Katso alkuperäinen varaosakuva oikean varaosan määrittämiseksi.,,Ratioparts,
19180891002,"Ratioparts Teräketju rp 3/8"" HHM 1,3 47E",https://tarvike.com/product/ratioparts-teraketju-rp-38-hhm-13-47e-94984,https://media.tarvike.com/product/images/94984/original/100086.jpg,18.2,Katso alkuperäinen varaosakuva oikean varaosan määrittämiseksi.,,Ratioparts,
17742890001,Kekkilä Oleskelunurmikko  1 kg,https://tarvike.com/product/kekkila-oleskelunurmikko-1-kg-127231,https://media.tarvike.com/product/images/127231/original/162001.jpg,18.9,"Kekkilä Oleskelunurmikko on laadukas siemenseos kauniille, tiheästi kasvavalle ja tasaisen pehmeälle nurmikolle. Kestää hyvin lyhyeksi leikkauksen ja tarvitsee vähemmän leikkauskertoja.",,Kekkilä,
4960910000,"Klapisäkki 1,5 m³ Nostokorvakkeilla",https://tarvike.com/product/klapisakki-15-m-nostokorvakkeilla-103072,https://media.tarvike.com/product/images/103072/original/144349.jpg,19.95,"Tee puutöistä tehokkaampaa ja sujuvampia tällä kestäväksi ja käteväksi suunnitellulla klapisäkillä. Säkki tarjoaa äärimmäistä toimivuutta ja kestävyyttä puun varastointiin, siirtämiseen ja käsittelyyn.",,Espegard,
20581148001,Kekkilä Kanankakka 1L,https://tarvike.com/product/kekkila-kanankakka-1l-173996,https://media.tarvike.com/product/images/173996/original/195198.webp,9.9,"Kekkilä Kanankakka on vahvan kasvun ja runsaan kukinnan antava aito luonnonlannoite kaikille kotipihan kasveille. 100 % kotimainen lannoite, joka on valmistettu GMO-vapaalla rehulla ruokittujen kanojen lannasta.",,Kekkilä,
18339630001,Kekkilä Tomaatti- ja chililannoite 200 g,https://tarvike.com/product/kekkila-tomaatti-ja-chililannoite-200-g-127227,https://media.tarvike.com/product/images/127227/original/162010.png,7.9,"Kekkilä Tomaatti- ja chililannoite on veteen sekoitettava erikoislannoite tomaateille, chileille ja muille satovihanneksille.",,Kekkilä,
11623517000,Husqvarna Ruohonleikkurin Terä Combi/CombiClip 94 360mm,https://tarvike.com/product/husqvarna-ruohonleikkurin-tera-combicombiclip-94-360mm-80599,https://media.tarvike.com/product/images/80599/original/30341.jpg,35.2,,,Husqvarna,
304548001,Scarlett-raivausterä 24T 20 mm Ø 225 mm,https://tarvike.com/product/scarlett-raivaustera-24t-20-mm-225-mm-121334,https://media.tarvike.com/product/images/121334/original/158323.png,28.9,"Tehokkaan ja kestävän terän hampaat on muotoiltu siten, että sahausjälki on tasainen ja siisti. ja riski puuhun kiinni jäämisestä on vähäisempi.",,Husqvarna,
20093416002,"Tarmo Kateharso Viljelylaatikoille 0,85x1,2 m",https://tarvike.com/product/tarmo-kateharso-viljelylaatikoille-085x12-m-127441,https://media.tarvike.com/product/images/127441/original/166183.jpg,5.9,"1,20 x 0,85 m. Kuitukangas (50 g / m² ). Kateharson joustavat reunat saavat harson levittymään ja pysymään paremmin paikoillaan. Harson koko on täydellinen lavakauluksiin rakennetuille istutuksille. Kateharsoa käytetään heti kylvön tai istutuksen jälkeen. Suojaa hallalta, tuholaisilta ja linnuilta.",,Tarmo,
19180710002,Husqvarna Nostokoukku,https://tarvike.com/product/husqvarna-nostokoukku-80498,https://media.tarvike.com/product/images/80498/original/157142.png,32.9,"Uusi entistä terävämpi koukku on tehdasteroitettu. Karkaistun teräksen uuden pintakäsittelyn ansiosta tuote on kestävä ja vähemmän altis ruostumiselle. Uudessa kädensijassa on mittamerkinnät, uusi muotoilu ja siitä saa entistä paremman otteen minkä ansiosta myös ergonomia on parantunut. Valmistettu Ruotsissa.",,Husqvarna,
19180675002,"Husqvarna Teränhoitopaketti , raivaussahat",https://tarvike.com/product/husqvarna-teranhoitopaketti-raivaussahat-80317,https://media.tarvike.com/product/images/80317/original/155991.png,28.9,Viilanohjaimen avulla voidaan varmistaa raivausterän oikea viilaustekniikka ja -kulmat. Mukana viila.,,Husqvarna,
19179613002,Rammy kiilahihna XPZ L=1120mm,https://tarvike.com/product/rammy-kiilahihna-xpz-l1120mm-61243,https://media.tarvike.com/product/images/61243/original/18129.jpg,30.3,,,Rammy,
19177380002,"Husqvarna Whisper Twist Siima Ø1,5 mm x 15 m, oranssi/musta",https://tarvike.com/product/husqvarna-whisper-twist-siima-15-mm-x-15-m-oranssimusta-81129,https://media.tarvike.com/product/images/81129/original/158471.png,7.5,"Ammattikäyttöön tarkoitetussa siimassa on kierteinen aerodynaaminen profiili, joka on hiljaisempi ja tärisee vähemmän. Propolymeerimateriaalit takaavat parhaan mahdollisen suorituskyvyn. Sopii kaikkiin vakiomallisiin siimapäihin.",,Husqvarna,
17742889001,Kekkilä Nurmikkokalkki 20 kg (48) 20 kg,https://tarvike.com/product/kekkila-nurmikkokalkki-20-kg-48-20-kg-127230,https://media.tarvike.com/product/images/127230/original/162008.jpg,15.9,Helposti levitettävä Kekkilä Nurmikkokalkki on runsaasti magnesiumia sisältävää dolomiittikivijauhetta. Kalkitseminen ansiosta maaperän ravinteet ovat helpommin nurmen käytettävissä.,,Kekkilä,
17362782001,Dropperi lumenpudotin,https://tarvike.com/product/dropperi-lumenpudotin-101539,https://media.tarvike.com/product/images/101539/original/117954.jpg,119.0,"Kätevä ja turvallinen työkalu lumenpudotukseen talojen, tallien, varastojen jne. katolta. Voit käyttää Dropperia maasta tai katon harjalta käsin.",,,
9722740002,"Ruuvimeisseli - Kaasuttimen säätö, 5mm-20T",https://tarvike.com/product/ruuvimeisseli-kaasuttimen-saato-5mm-20t-178321,https://media.tarvike.com/product/images/178321/original/203639.webp,12.3,,,Husqvarna,
23107233000,Merkintänauha sininen 75 m HVA,https://tarvike.com/product/merkintanauha-sininen-75-m-hva-151462,https://media.tarvike.com/product/images/151462/original/194667.webp,5.99,Merkintänauha metsureille.,,McCulloch,
19180873002,"Oregon Pyöröviila 4,0 mm, 3kpl",https://tarvike.com/product/oregon-pyoroviila-40-mm-3kpl-81527,https://media.tarvike.com/product/images/81527/original/31453.jpg,6.1,"- Paketissa kolme 4,0 mm viilaa - Erittäin tehokkaita - Pitkät hampaat ja pehmeä purenta - Säilyy terävänä pitkään - Ei tukkeudu helposti",,Oregon,
4955763000,NGK Sytytystulppa CR7HSA,https://tarvike.com/product/ngk-sytytystulppa-cr7hsa-62034,https://media.tarvike.com/product/images/62034/original/19206.jpg,5.6,"Wrench size: 16 mm Thread diameter: 10,0 mm Thread Length: 12,7 mm Spark gap: 0,7 mm Resistance: interference-free, 5 KOhm .",,NGK,
19180856002,Husqvarna Raivausterä Scarlett 200 mm/20 mm 22T,https://tarvike.com/product/husqvarna-raivaustera-scarlett-200-mm20-mm-22t-81018,https://media.tarvike.com/product/images/81018/original/158313.png,25.9,"Tehokkaan ja kestävän terän hampaat on muotoiltu siten, että sahausjälki on tasainen ja siisti. Riski puuhun kiinni jäämisestä on vähäisempi. 22T, 20 mm reikä / Ø 200mm.",,Husqvarna,
18340683001,"Fitt Muoviletku PVC 12 x 18mm, kudosvahv. kirkas",https://tarvike.com/product/fitt-muoviletku-pvc-12-x-18mm-kudosvahv-kirkas-44452,https://media.tarvike.com/product/images/44452/original/16985.jpg,2.1,"Myydään metreittäin. Fitt Muoviletku PVC 12 x 18mm, kudosvahvistettu, kirkas. Materiaali PVC.",,FITT,
1206226002,Nahkarasva 200ml,https://tarvike.com/product/nahkarasva-200ml-120887,https://media.tarvike.com/product/images/120887/original/157646.png,13.5,"Pitää nahkatuotteet pehmeänä ja tekee vettä ja likaa hylkivän pinnan nahalle. Sisältää lanoliinia, mehiläisvahaa, vaseliinia ja minkkiöljyä.",,Husqvarna,
4990161000,Ratioparts Leikkuupään terä,https://tarvike.com/product/ratioparts-leikkuupaan-tera-94978,https://media.tarvike.com/product/images/94978/original/100088.jpg,10.0,"Kannen ø 12,20mm Vahvuus 4mm Pituus 106mm",,Ratioparts,
4963067000,Husqvarna QC250-akkulaturi,https://tarvike.com/product/husqvarna-qc250-akkulaturi-81407,https://media.tarvike.com/product/images/81407/original/159480.png,99.8,"Husqvarna QC250 on nopea, osa-aikaiseen käyttöön tarkoitettu 250 W:n latausyksikkö, joka sopii erinomaisesti Husqvarnan BLi20/30-akuille.",,Husqvarna,
4955971000,Husqvarna Automower Lautausaseman Liitin,https://tarvike.com/product/husqvarna-automower-lautausaseman-liitin-80523,https://media.tarvike.com/product/images/80523/original/30261.jpg,11.5,Liitin jolla yhdistetään rajalanka sekä hakukaapelin latausasemaan. 5 kpl Väri: Punainen,,Husqvarna,
4955607000,"Soviteprikka raivurinterälle 25,4mm -> 20mm",https://tarvike.com/product/soviteprikka-raivurinteralle-254mm-20mm-93784,https://media.tarvike.com/product/images/93784/original/58939.jpg,2.2,Soviteprikka raivaussahan terälle jolla muutetaan 25 mm terän keskireikä 20 mm.,,Ratioparts,
4996958000,Husqvarna XP® synteettinen kaksitahtimoottoriöljy 1L,https://tarvike.com/product/husqvarna-xp-synteettinen-kaksitahtimoottorioljy-1l-125308,https://media.tarvike.com/product/images/125308/original/157113.png,36.9,"Husqvarna XP synteettinen kaksitahtimoottoriöljy on kehitetty kovaan käyttöön, jossa on suuret kuormitukset ja moottorin nopeudet. Tämä uusi, täysin synteettinen tuote on kehitetty parannetulla kaavalla, jossa on korkean suorituskyvyn lisäainepaketti. VEF-hyväksytty huippuluokan tuloksilla. Vähäsavuisen öljyn erinomainen voitelu takaa puhtaamman moottorin ja vähemmän kerrostumia männässä ja kampikotelossa. Tuhkaton lisäaine varmistaa, että öljy ei jätä jämiä tai hiilijäämiä puhdistaessaan. Sopii kaikille Husqvarna kaksitahtituotteille.",,Husqvarna,
4955531000,Ratioparts Aisaruuvi M6,https://tarvike.com/product/ratioparts-aisaruuvi-m6-94980,https://media.tarvike.com/product/images/94980/original/100092.jpg,8.6,Kahvamutteri aisakiinnitystä varten. M6 x 50mm,,Ratioparts,
31454128000,"Kekkilä Perunalannoite Luonnonmukainen 1,2L",https://tarvike.com/product/kekkila-perunalannoite-luonnonmukainen-12l-180054,https://media.tarvike.com/product/images/180054/original/203738.webp,9.99,"Kekkilä Perunalannoite on luonnonmukainen, puhtaista kierrätetyistä raaka-aineista valmistettu erikoislannoite maukkaille perunoille. Perunalannoite parantaa perunoiden makua ja laatua sekä kasvattaa sadon määrää.",,Kekkilä,
22331689000,SKF Liitoslenkki suora,https://tarvike.com/product/liitoslenkki-suora-35834,https://media.tarvike.com/product/images/35834/original/176376.webp,3.5,SKF Liitoslenkki suora,,SKF,
19180712002,"Husqvarna Pinotavarasakset, 8"" tartunta-aukko",https://tarvike.com/product/husqvarna-pinotavarasakset-8-tartunta-aukko-80499,https://media.tarvike.com/product/images/80499/original/157148.png,45.9,"Uusi, terävämpi ja entistä parempi koukku, jonka reunat on hiottu takaen vahvan otteen tukkia nosteltaessa. Karkaistu erikoisteräs pintakäsittelyineen tekee tuotteesta tukevan ja vähentää ruostumisriskiä.",,Husqvarna,
11623449000,"Husqvarna Klippo Yläterä lautasterä, 2pkl",https://tarvike.com/product/husqvarna-klippo-ylatera-lautastera-2pkl-80271,https://media.tarvike.com/product/placeholders/productImageComingSoong.jpg,15.6,,,Husqvarna,
4963042000,Ruohonleikkurin synteettinen vaihteistoöljy SAE 10W-30 4l,https://tarvike.com/product/ruohonleikkurin-synteettinen-vaihteistooljy-sae-10w-30-4l-81148,https://media.tarvike.com/product/images/81148/original/158498.png,94.9,"Korkealaatuinen vaihteistoöljy, jossa on kitkan säätöaine. Kehitetty erityisesti Husqvarnan nelivetoisten ajoneuvojen vaihteistoille. Vakaa öljy kaikkiin lämpötiloihin, niin kylmiin kuin lämpimiinkin olosuhteisiin.",,Husqvarna,
23107232000,Merkintänauha punainen 75 m HVA,https://tarvike.com/product/merkintanauha-punainen-75-m-hva-151461,https://media.tarvike.com/product/images/151461/original/194668.webp,5.99,Merkintänauha metsureille,,McCulloch,
19180895002,"Ratioparts Teräketju rp 3/8"" HHM 1,3 50E",https://tarvike.com/product/ratioparts-teraketju-rp-38-hhm-13-50e-94986,https://media.tarvike.com/product/images/94986/original/100094.jpg,21.1,Katso alkuperäinen varaosakuva oikean varaosan määrittämiseksi.,,Ratioparts,
19180776002,"Husqvarna Teräketju X-Cut S93G 12"" .3/8 1,3 mm",https://tarvike.com/product/husqvarna-teraketju-x-cut-s93g-12-38-13-mm-80737,https://media.tarvike.com/product/images/80737/original/30502.jpg,23.9,"Uusi X-Cut S93G on erittäin tarkka ja suorituskykyinen teräketju, joka soveltuu käytettäväksi ahtaissa paikoissa. Se sopiikin erityisen hyvin arboristeille ja puunhoidon ammattilaisille. Sahaaminen on tasaista, ketju pysyy pitkään terävänä ja takapotkun riski on minimaalinen. Tuloksena on erinomainen leikkuukapasiteetti ja käyttötehokkuus.",,Husqvarna,
19180653002,"Husqvarna Kombi-kotelo Metsurin Vyöhön, frigoliittia",https://tarvike.com/product/husqvarna-kombi-kotelo-metsurin-vyohon-frigoliittia-80299,https://media.tarvike.com/product/images/80299/original/155974.png,17.5,"Sopii koukuille ja saksille, kiinnike mittanauhalle. Materiaali polyeteeni (PE-LD).",,Husqvarna,
19177271002,Siima Opti Round Ø1.5 mm x 15 m,https://tarvike.com/product/siima-opti-round-15-mm-x-15-m-121438,https://media.tarvike.com/product/images/121438/original/160383.jpg,5.5,Yleiskäyttöön suunnitellussa siimassa on pyöreä profiili. Hyvän leikkuutehon ja kestävyyden ansiosta siima sopii moniin käyttötarkoituksiin. Sopii kaikkiin vakiomallisiin siimapäihin.,,Husqvarna,
11623474000,"Säätömeisseli, kaasutin",https://tarvike.com/product/saatomeisseli-kaasutin-80413,https://media.tarvike.com/product/images/80413/original/156316.png,12.2,Husqvarna moottorisahan kaasuttimen säätötyökalu,,Husqvarna,
31454127000,"Kekkilä Marjalannoite Luonnonmukainen 1,2L",https://tarvike.com/product/kekkila-marjalannoite-luonnonmukainen-12l-180053,https://media.tarvike.com/product/images/180053/original/203741.webp,9.99,"Kekkilä Marjalannoite on luonnonmukainen, puhtaista kierrätetyistä raaka-aineista valmistettu lannoite marja- ja hedelmäkasveille. Se sisältää kaikki tarvittavat ravinteet ja hivenaineet runsaan ja aromikkaan sadon kasvattamiseen.",,Kekkilä,
31454126000,"Kekkilä Kasvimaalannoite luonnonmukainen 1,2L",https://tarvike.com/product/kekkila-kasvimaalannoite-luonnonmukainen-12l-180052,https://media.tarvike.com/product/images/180052/original/203742.webp,9.99,"Kekkilä Kasvimaalannoite on luonnonmukainen, puhtaista kierrätetyistä raaka-aineista valmistettu lannoite kasvimaalle. Sisältää kaikki tarvittavat ravinteet ja hivenaineet hyvän sadon kasvattamiseen. Sopii vegaaneille.",,Kekkilä,
27521811001,Husqvarna polttoainesuodatin,https://tarvike.com/product/husqvarna-polttoainesuodatin-119869,https://media.tarvike.com/product/images/119869/original/156327.png,7.2,Alkuperäinen Husqvarnan polttoainesuodatin. Estää lian ja roskien pääsyn moottoriin. Vaihda suodatin säännöllisin väliajoin optimaalisen suorituskyvyn ja tuotteen pidemmän käyttöiän saavuttamiseksi.,,Husqvarna,
19180911002,"Ratioparts Teräketju rp 3/8"" HHM 1,1 45E",https://tarvike.com/product/ratioparts-teraketju-rp-38-hhm-11-45e-94991,https://media.tarvike.com/product/images/94991/original/100100.jpg,19.0,Katso alkuperäinen varaosakuva oikean varaosan määrittämiseksi.,,Ratioparts,
19180823002,"Husqvarna Työkalupidike, yleismalli",https://tarvike.com/product/husqvarna-tyokalupidike-yleismalli-80880,https://media.tarvike.com/product/images/80880/original/157799.png,14.8,"Monikäyttöinen pidike työkalujen, kuten kirveen tai iskuraudan, kantamiseen.",,Husqvarna,
9722749002,"Yhdistelmäavain Flat, 13mm/19mm",https://tarvike.com/product/yhdistelmaavain-flat-13mm19mm-123945,https://media.tarvike.com/product/images/123945/original/155714.png,5.6,,,Husqvarna,
242178000,"XPLORER termospullo 0,75 L",https://tarvike.com/product/xplorer-termospullo-075-l-121329,https://media.tarvike.com/product/images/121329/original/158305.png,31.9,"0,75 L, kuuma 6 h/kylmä 24 h",,Husqvarna,
19180828002,"Husqvarna Teräketju X-Cut SP21G 12"" .325"" 1,1 mm",https://tarvike.com/product/husqvarna-teraketju-x-cut-sp21g-12-325-11-mm-80882,https://media.tarvike.com/product/images/80882/original/157788.png,28.9,"SP21G on pyöristetty 0,325 tuuman ja 1,1 mm:n miniketju, joka on kehitetty erityisesti parantamaan jatkuvasti käytettävien akkumoottorisahojen leikkuunopeutta ja tehoa. Ketju on energiatehokas ja sen optimoitu geometria takaa tasaisen leikkuujäljen, erinomaiset pistosahausominaisuudet sekä parantaa hallintaa ja käyttömukavuutta.",,Husqvarna,
19180747002,"Husqvarna Teräketju H38 12"" .3/8"" 1,1 mm 45 L",https://tarvike.com/product/husqvarna-teraketju-h38-12-38-11-mm-45-l-80644,https://media.tarvike.com/product/images/80644/original/157449.png,25.9,"Chisel-leikkuuhampailla varustettu H38 on tehty pienemmille sahoille. Vähätärinäisen ketjun takapotkuriski on pieni. Kuluttajakäytön lisäksi ketju sopii myös arboristien käyttöön. Suositellaan akku-, sähkö- ja pienemmille bensiinikäyttöisille sahoille.",,Husqvarna,
19180732002,"Husqvarna Teräketju X-Cut C85 3/8"" 1.5 mm 18"" 68DL",https://tarvike.com/product/husqvarna-teraketju-x-cut-c85-38-15-mm-18-68dl-80635,https://media.tarvike.com/product/images/80635/original/157440.png,35.9,"Edistyksellien ja suorituskykyinen 3/8"", 1.5 mm teräketju ammattimaiseen metsätyöhön. Alusta loppuun Husqvarnan valmistama ketju varmistaa parhaan mahdollisen leikkuutehon sahallesi. Erittäin kestävä ketju pysyy pitkään terävänä ja venyy vähemmän, minkä ansiosta se tarvitsee vähemmän ylläpitoa ja niiden vaatimia kustannuksia varmistaen paremmat tulokset ja tuottavuuden. Uraleveys: 1.5 mm Käytetään viilan kanssa: Ø 5,5 mm Ketjujako: 3/8""",,Husqvarna,
17362784001,Ötökkä Original K Luxus Oviverho 92x210cm,https://tarvike.com/product/otokka-original-k-luxus-oviverho-92x210cm-101946,https://media.tarvike.com/product/images/101946/original/118850.jpg,45.4,Suosittu kirkas Ötökkä oviverhomalli kotiin ja mökille!,,,
11623451000,"Husqvarna Ruohonleikkurin Terä Combi/CombiClip 112 41,5cm",https://tarvike.com/product/husqvarna-ruohonleikkurin-tera-combicombiclip-112-415cm-80276,https://media.tarvike.com/product/images/80276/original/29946.png,44.8,,,Husqvarna,
4955770000,"Lumilingon Rengas 4.10 - 6, TL 2-pr, HF271",https://tarvike.com/product/lumilingon-rengas-410-6-tl-2-pr-hf271-79256,https://media.tarvike.com/product/images/79256/original/28244.jpg,33.8,Lumilingon rengas Koko 4.10 - 6,,,
9299022002,"Husqvarna 4T-Moottoriöljy SAE 30, 1,4 L",https://tarvike.com/product/husqvarna-4t-moottorioljy-sae-30-14-l-80514,https://media.tarvike.com/product/images/80514/original/203856.webp,20.9,Korkealuokkainen öljy 4-tahtisiin ruohonleikkureihin. Erinomainen suoja moottorille.,,Husqvarna,
6963443002,Katuharja 6-rivinen,https://tarvike.com/product/katuharja-6-rivinen-44521,https://media.tarvike.com/product/images/44521/original/17071.jpg,4.7,"Puurunko, varren reikä Ø 23 mm Sisältää sekä pehmeitä, että kovia harjaksia, PET-kuitua 6-rivinen Korkeus 100 mm Leveys 320 mm Syvyys 60 mm",,IKH,
4955899000,Husqvarna Ruohonleikkurin huoltosarja,https://tarvike.com/product/husqvarna-ruohonleikkurin-huoltosarja-80329,https://media.tarvike.com/product/images/80329/original/29989.jpg,25.2,"Ruohonleikkurin ylläpitohuoltosarjaan sisältyy öljyruisku, sytytystulppa RJ19 ja öljy WP 4T SAE.",,Husqvarna,
30675467000,Emax Myyräkarkotin solar LED,https://tarvike.com/product/emax-myyrakarkotin-solar-led-174777,https://media.tarvike.com/product/images/174777/original/197642.jpeg,15.6,"Aurinkokennon ja akun avulla toimiva myyräkarkotin lähettää myyriä ja jyrsijöitä häiritsevää 400-1000 Hz vaihtelevan taajuuden ääntä. Soveltuu käytettäväksi puutarhaan ja kotipihaan. Laite ei vahingoita ihmisiä, lemmikkejä tai kotieläimiä.",,Emax,
2542480002,Yamaha YT 660 E lumilinko,https://tarvike.com/product/yamaha-yt-660-e-lumilinko-96541,https://media.tarvike.com/product/images/96541/original/103464.jpg,4646.0,Työteho 35 tonnia/h. Mallissa on nelitahtimoottori ja telaveto. Telat tarjoavat loistavan suorituskyvyn vaikeissakin olosuhteissa.,,Yamaha,
19180935002,"Husqvarna Raivausterä Scarlett 200/1"" 22T",https://tarvike.com/product/husqvarna-raivaustera-scarlett-2001-22t-110119,https://media.tarvike.com/product/images/110119/original/158308.png,25.9,"Tehokkaan ja kestävän terän hampaat on muotoiltu siten, että sahausjälki on tasainen ja siisti. ja riski puuhun kiinni jäämisestä on vähäisempi.",,Husqvarna,
19180866002,"Oregon Laippa Stihl 12"""" 1,3MM + 2 Ketjua",https://tarvike.com/product/oregon-laippa-stihl-12-13mm-2-ketjua-81520,https://media.tarvike.com/product/images/81520/original/31435.jpg,43.4,"STIHL 12"""" 170-250, MS170-MS231 1 X120SDEA074 + 2 - 91P44 1,3MM 3/",,Oregon,
19180830002,"Husqvarna Teräketju X-Cut SP21G 14"" .325"" 1,1 mm",https://tarvike.com/product/husqvarna-teraketju-x-cut-sp21g-14-325-11-mm-80883,https://media.tarvike.com/product/images/80883/original/157791.png,32.9,"SP21G on pyöristetty 0,325 tuuman ja 1,1 mm:n miniketju, joka on kehitetty erityisesti parantamaan jatkuvasti käytettävien akkumoottorisahojen leikkuunopeutta ja tehoa. Ketju on energiatehokas ja sen optimoitu geometria takaa tasaisen leikkuujäljen, erinomaiset pistosahausominaisuudet sekä parantaa hallintaa ja käyttömukavuutta.",,Husqvarna,
19180751002,"Husqvarna Terälevy X-Force 13"" .325"" 1,3 mm pixel SM",https://tarvike.com/product/husqvarna-teralevy-x-force-13-325-13-mm-pixel-sm-80650,https://media.tarvike.com/product/images/80650/original/157497.png,52.9,"Kestävyyttä, keveyttä ja suorituskykyä – Husqvarnan X-Force-terälevyt on suunniteltu käytettäviksi yhdessä X-Cut-ketjujen kanssa, jotta saat kaiken tehon irti Husqvarna-moottorisahastasi. Virtaviivainen siluetti, kestävä kärki ja laakerijärjestelmä sekä optimoitu keskilevy vähentävät seisokkiaikoja ja takaavat erinomaisen leikkuutuloksen. Terälevyn pituus 13"" Uraleveys 1.3 mm Ketjujako .325""",,Husqvarna,
19177388002,"Husqvarna CoreCut Siima Ø2,4 mm x 15 m, oranssi/läpinäkyvä",https://tarvike.com/product/husqvarna-corecut-siima-24-mm-x-15-m-oranssilapinakyva-81141,https://media.tarvike.com/product/images/81141/original/158485.png,8.5,Ammattikäyttöön suunniteltu siima on profiililtaan viisikulmio. Energiatehokkuus ja leikkuuteho muodostavat täydellisen yhdistelmän. Kaksoispropolymeerimateriaalissa on joustava sisus ja kestävä sulamaton pinta. Sopii kaikkiin vakiomallisiin siimapäihin.,,Husqvarna,
19177247002,"V-Klinga Allround raivaussahanterä 200 mm / 1""",https://tarvike.com/product/v-klinga-allround-raivaussahantera-200-mm-1-96155,https://media.tarvike.com/product/images/96155/original/103125.jpg,29.3,Monikäyttöinen V-Klingan raivaussahan terä.,,,
19177245002,"V-Klinga Allround raivaussahanterä 225mm / 1""",https://tarvike.com/product/v-klinga-allround-raivaussahantera-225mm-1-96150,https://media.tarvike.com/product/images/96150/original/103126.jpg,30.3,"Monikäyttöinen V-Klingan raivausterä. Käy ruohon, heinän sekä varttuneen vesakon niittämiseen.",,,
19176948002,Husqvarna Xplorer-reppu 30 L,https://tarvike.com/product/husqvarna-xplorer-reppu-30-l-80866,https://media.tarvike.com/product/images/80866/original/157739.png,91.9,"Mukava ja erittäin laadukas joka säälle sopiva reppu. Kestävä TPU-kudos varmistaa, että sisältö pysyy kuivana ja helpottaa myös repun puhdistamista. Isot erilliset sisäosat, esimerkiksi kannettavalle tietokoneelle, vesipullolle ja termokselle. Suljetaan rullaamalla yläosa ja kiinnittämällä se soljilla. Kaksi eri kiinnitystapaa - molemmat varmistavat, että vesi ja kosteus eivät pääse repun sisään.",,Husqvarna,
18341027001,Hiekoitussepeli HSS 3-6MM 15KG,https://tarvike.com/product/hiekoitussepeli-hss-3-6mm-15kg-44791,https://media.tarvike.com/product/images/44791/original/17392.jpg,5.99,3 - 6 mm 15 kg,,IKH,
18339935001,NGK Sytytystulppa CR7HSA,https://tarvike.com/product/ngk-sytytystulppa-cr7hsa-43693,https://media.tarvike.com/product/placeholders/productImageComingSoong.jpg,5.96,,,NGK,
17742888001,Kekkilä nurmikkolannoite Plus + 5 l,https://tarvike.com/product/kekkila-nurmikkolannoite-plus-5-l-127229,https://media.tarvike.com/product/images/127229/original/162009.png,18.9,"Kekkilä Nurmikkolannoite PLUS+ on nurmikon hoitoon tarkoitettu tehokas erikoislannoite. Lannoite sisältää oikeassa suhteessa nurmikolle tärkeitä ravinteita ja hivenaineita, joiden ansiosta nurmikko kasvaa tuuheana ja hyvinvoivana läpi kesän.",,Kekkilä,
11623535000,Husqvarna Öljynsuodatin Rider hydro,https://tarvike.com/product/husqvarna-oljynsuodatin-rider-hydro-80768,https://media.tarvike.com/product/placeholders/productImageComingSoong.jpg,72.4,Alkuperäinen Rider ajoleikkurin öljynsuodatin Tuff Torq K62 / K574A hydrovaihteistoon. Yleisin käytössä oleva hydrosuodatin 4WD ajoleikkureissa.,,Husqvarna,
36753399000,4Living Triangle Ruukku 17 cm,https://tarvike.com/product/4living-ruukku-triangle-beige-44390,https://media.tarvike.com/product/images/44390/original/201295.png,12.9,3 väriä. Suojaruukku.,,4 Living,
3478248002,Husqvarna Huoltosarja Briggs & Stratton,https://tarvike.com/product/husqvarna-huoltosarja-briggs-stratton-163255,https://media.tarvike.com/product/placeholders/productImageComingSoong.jpg,112.0,"Huoltosarja Briggs & Stratton, malli 3125 21R707-0018-B1/-0115-B1/-0118-B1.",,Husqvarna,
347762002,Husqvarna Automower® -jatkoliittimet,https://tarvike.com/product/husqvarna-automower-jatkoliittimet-119947,https://media.tarvike.com/product/images/119947/original/156553.png,10.9,"Husqvarna-jatkoliitin robottiruohonleikkureiden rajoituskaapelin asennukseen, korjaukseen tai jatkamiseen. Helppo käyttää tiivisteen ansiosta, joka pitää kaapelin paikallaan asennuksen aikana. Suora kaapelinsyöttö molemmilta puolilta helpottaa liittimen sijoittamista tasaisesti maahan, ja kaapelin katkeaminen voidaan korjata helposti vain yhdellä liittimellä. Husqvarna-jatkoliittimessä on todella hyvä kosketus- ja kosteussuoja, joka takaa vankan ja kestävän liitännän.",,Husqvarna,
20581145001,Kekkilä Kastelulannoite 800g,https://tarvike.com/product/kekkila-kastelulannoite-800g-173997,https://media.tarvike.com/product/images/173997/original/195203.webp,9.9,"Kastelulannoite on kaikkien kotipuutarhan kasvien hoitolannoite. Se liukenee nopeasti veteen, joten lannoitteen antaminen esim. kastelukannulla käy vaivattomasti. Veden mukana ravinteet tulevat välittömästi kasvien käyttöön antamaan uutta elinvoimaa.",,Kekkilä,
20581144001,Kekkilä Ruusulannoite 800g,https://tarvike.com/product/kekkila-ruusulannoite-800g-173995,https://media.tarvike.com/product/images/173995/original/195190.webp,9.9,"Kekkilä Ruusulannoite on ruusuille tarkoitettu erikoislannoite, jota annetaan kasteluveden mukana. Ruusulannoitteen avulla saadaan voimakkaat versot, paljon nuppuja ja runsas, kauan kestävä kukinta.",,Kekkilä,
20093399002,"Tarmo Maisemointikangas Viljelylaatikoille 0,8x1,2x0,4 m",https://tarvike.com/product/tarmo-maisemointikangas-viljelylaatikoille-08x12x04-m-127432,https://media.tarvike.com/product/images/127432/original/166186.jpg,3.9,Suojakangas lavakaulukselle. Aseta kangas lavan pohjalle ja reunoille. Kangas hidastaa mm. rikkakasvien kasvamista pohjan kautta ja pitää lavakauluksen reunukset pidempään siisteinä. Matalaan pussimuotoon ommeltu kuitukangas.,,Tarmo,
19180931002,Strand Raivaussahanterä 225/20,https://tarvike.com/product/strand-raivaussahantera-22520-96153,https://media.tarvike.com/product/images/96153/original/103138.jpg,32.3,Terähampaan patentoitu kaksoisteroitus takaa jopa 100 % nopeamman sahauksen ja 30 % pienemmän polttoainekulutuksen tavallisiin raivausteriin verrattuna.,,,
19180927002,Strand Raivaussahanterä 200/20,https://tarvike.com/product/strand-raivaussahantera-20020-96151,https://media.tarvike.com/product/images/96151/original/103130.jpg,30.3,Terähampaan patentoitu kaksoisteroitus takaa jopa 100 % nopeamman sahauksen ja 30 % pienemmän polttoainekulutuksen tavallisiin raivausteriin verrattuna.,,,
19180834002,"Husqvarna Terälevy Mini Pixel 0.325 1,1 Mini 12""",https://tarvike.com/product/husqvarna-teralevy-mini-pixel-0325-11-mini-12-80885,https://media.tarvike.com/product/images/80885/original/157798.png,40.9,"Terälevyn loivasti kaartuva muoto ja pieni kärkipyörä vähentävät takapotkun vaaraa ja helpottavat terän vaivatonta hallintaa. Kärjessä on 8-hampainen kärkipyörä ja yksi niitti. Päällyste suojaa terälevyjä naarmuuntumiselta ja kulumiselta. Terälevyn pituus 12"" Uraleveys 1.1 mm Ketjujako .325"" mini",,Husqvarna,
19180821002,Husqvarna Kantokoukku,https://tarvike.com/product/husqvarna-kantokoukku-80879,https://media.tarvike.com/product/images/80879/original/157794.png,14.8,"Monikäyttöinen koukku erilaisten työkalujen, vesikanisterien ja muiden välineiden kantamiseen.",,Husqvarna,
19180777002,"Husqvarna Teräketju X-Cut S93G 14"" .3/8 1,3 mm",https://tarvike.com/product/husqvarna-teraketju-x-cut-s93g-14-38-13-mm-80738,https://media.tarvike.com/product/images/80738/original/30504.jpg,25.9,"Uusi X-Cut S93G on erittäin tarkka ja suorituskykyinen teräketju, joka soveltuu käytettäväksi ahtaissa paikoissa. Se sopiikin erityisen hyvin arboristeille ja puunhoidon ammattilaisille. Sahaaminen on tasaista, ketju pysyy pitkään terävänä ja takapotkun riski on minimaalinen. Tuloksena on erinomainen leikkuukapasiteetti ja käyttötehokkuus.",,Husqvarna,
19180758002,"Husqvarna Terälevy X-Force 13"" .325"" 1,5 mm SM",https://tarvike.com/product/husqvarna-teralevy-x-force-13-325-15-mm-sm-80654,https://media.tarvike.com/product/images/80654/original/157498.png,51.8,"Kestävyyttä, keveyttä ja suorituskykyä – Husqvarnan X-Force-terälevyt on suunniteltu käytettäviksi yhdessä X-Cut-ketjujen kanssa, jotta saat kaiken tehon irti Husqvarna-moottorisahastasi. Virtaviivainen siluetti, kestävä kärki ja laakerijärjestelmä sekä optimoitu keskilevy vähentävät seisokkiaikoja ja takaavat erinomaisen leikkuutuloksen. Terälevyn pituus 13"" Laipan pituus 130 mm Uraleveys 1.5 mm Ketjujako .325""",,Husqvarna,
19180669002,"Husqvarna Rullaviilanohjain ja alennuskaavio .325"" 1,3 mm",https://tarvike.com/product/husqvarna-rullaviilanohjain-ja-alennuskaavio-325-13-mm-80314,https://media.tarvike.com/product/images/80314/original/155998.png,15.9,"Husqvarnan yhdistelmäviilanohjaimessa on yhdistetty viilaohjain ja alennuskaavio. Käytetään pyörö- ja lattaviilan kanssa oikean viilauskulman saamiseksi. Saatavana kaikkiin Husqvarnan teräketjuihin.325"" 1,3 mm",,Husqvarna,
19179634002,Husqvarna ST 124 lumilinko,https://tarvike.com/product/husqvarna-st-124-lumilinko-81421,https://media.tarvike.com/product/images/81421/original/159590.png,999.0,"Husqvarna ST 124 -lumilinko soveltuu ihanteellisesti ajoväylien ja käytävien auraamiseen ja kevyisiin ja keskivaativiin lumiolosuhteisiin. Vahva kaksivaihejärjestelmä varmistaa tehokkaan työskentelyn. Helppo ohjattavuus, innovatiivinen kauko-ohjaus sekä voimakas sähkökäynnistyksellä varustettu moottori varmistavat sujuvan lumen poiston. Kompaktin ja suorituskykyisen lingon työleveys on 61 cm. Työleveys 61 cm Sylinteritilavuus 212 cm³ Vaihteiston tyyppi Kitkalevy Lingon tyyppi 2-vaihe",,Husqvarna,
19177244002,V-Klinga Allround raivaussahanterä 225mm / 20mm,https://tarvike.com/product/v-klinga-allround-raivaussahantera-225mm-20mm-96149,https://media.tarvike.com/product/images/96149/original/103122.jpg,30.3,"Monikäyttöinen V-Klingan raivausterä. Käy ruohon, heinän sekä varttuneen vesakon niittämiseen.",,,
18339617001,Husqvarna primerpumppu,https://tarvike.com/product/husqvarna-primerpumppu-119611,https://media.tarvike.com/product/images/119611/original/155889.png,13.8,"Husqvarnan alkuperäinen primerpumppu, jota käytetään ilman poistamiseksi kaasuttimesta ja polttoainejärjestelmästä. Korvaa pumppu mikäli se on mennyt rikki.",,Husqvarna,
11623533000,Husqvarna Ruohonleikkurin terä 46cm BIOCLIP M46,https://tarvike.com/product/husqvarna-ruohonleikkurin-tera-46cm-bioclip-m46-80727,https://media.tarvike.com/product/images/80727/original/30490.jpg,41.8,,,Husqvarna,
11623495000,Husqvarna Ruohonleikkurin rengas Rider High Grip 165/60-,https://tarvike.com/product/husqvarna-ruohonleikkurin-rengas-rider-high-grip-16560--80437,https://media.tarvike.com/product/images/80437/original/144390.webp,65.5,Ruohonleikkurin rengas Rider High Grip 165/60-8,,Husqvarna,
13338238001,"Rotary Magneeton - Istukan kiila, P. 16mm, L. 4mm, (10kpl), B&S , Murray",https://tarvike.com/product/rotary-magneeton-istukan-kiila-p-16mm-l-4mm-10kpl-bs-murray-133447,https://media.tarvike.com/product/images/133447/original/171663.jpg,10.7,"Rotary Magneeton - Istukan kiila, P. 16mm, L. 4mm, (10kpl), B&S , Murray",,,
8189045002,Ilmansuodatin,https://tarvike.com/product/ilmansuodatin-178190,https://media.tarvike.com/product/images/178190/original/203202.webp,63.6,Ilmansuodatin (10pcs),,Husqvarna,
692308002,Auran irtokärjet,https://tarvike.com/product/auran-irtokarjet-33924,https://media.tarvike.com/product/images/33924/original/176359.webp,7.95,Irtokärjet,,Frank Orginal,
692303002,Kultivaattorin kärki,https://tarvike.com/product/kultivaattorin-karki-33931,https://media.tarvike.com/product/images/33931/original/176373.webp,15.8,Kultivaattorin kärjet,,,
4990156000,Ratioparts Ruohonleikkurin terä 347 mm,https://tarvike.com/product/ratioparts-ruohonleikkurin-tera-347-mm-94971,https://media.tarvike.com/product/images/94971/original/100080.jpg,20.0,Oikealle pyörivä. Sopii mm. Husqvarna,,Ratioparts,
4955647000,Ratioparts Ruohonleikkurin terä 430 mm,https://tarvike.com/product/ratioparts-ruohonleikkurin-tera-430-mm-94953,https://media.tarvike.com/product/images/94953/original/100060.jpg,38.9,Husqvarna ajoleikkureihin. Sopii 30'' (76 cm) leikkurit ilman ruohonkerääjää.,,Ratioparts,
37603469001,"Robota DC-SS36V Akkulumilapio 36V, Runko",https://tarvike.com/product/robota-dc-ss36v-akkulumilapio-36v-runko-247064,https://media.tarvike.com/product/images/247064/original/214862.jpg,129.0,Robotan akkulumilapio tekee lumitöiden tekemisestä nopeaa ja mukavaa! Ei sisällä akkua ja laturia.,,Robota,
3095823001,Jonsered Letku 135 mm,https://tarvike.com/product/jonsered-letku-135-mm-128829,https://media.tarvike.com/product/images/128829/original/168066.webp,5.7,Jonsered Letku 135 mm,,Jonsered,
3095694001,Jonsered Teränkiristysruuvi 450,https://tarvike.com/product/jonsered-terankiristysruuvi-450-128845,https://media.tarvike.com/product/images/128845/original/168058.webp,1.7,Jonsered Teränkiristysruuvi 450,,Jonsered,
304549001,Intensive Cut -viilat,https://tarvike.com/product/intensive-cut-viilat-121321,https://media.tarvike.com/product/images/121321/original/158291.png,6.9,Muotoilun ansiosta 20 % parempi viilausteho ja pidempi käyttöikä. Teräketjun leikkuuhampaiden teroittamiseen tarvitaan pyöröviila ja viilanohjain. Oikein teroitettu ketju tekee sahaamisesta helpompaa ja turvallisempaa. Husqvarnan viilat valmistetaan korkealaatuisesta teräksestä.,,Husqvarna,
28988879000,4Living Roma Line Ruukku 40 cm,https://tarvike.com/product/4living-ruukku-roma-line-40-cm-latte-44472,https://media.tarvike.com/product/images/44472/original/201300.jpg,22.9,"Tyylikäs sisä- ja ulkokäyttöön soveltuva ruukku on valmistettu valmistettu kierrätetystä polypropeenista. Kierrätysmuovin alkuperä sekä kuluttajilta kerättyä että teollisuuden sivuvirtaa (post- ja pre-consumer). Ruukussa on välipohja, joka varmistaa vedenpoiston ja estää juurten seisomisen vedessä, mikä ehkäisee juurimätää. Se luo juurille ilmatilan, parantaa hapensaantia ja poistaa tarpeen salaojitukselle. Tyhjennystulppa tekee ruukusta monikäyttöisen: sisällä tulppa kiinni, ulkona auki. Ylimääräinen vesi poistuu helposti ilman kasvin nostamista, mikä vähentää liikakastelua ja tukee kasvien terveyttä.",,4 Living,
27521818001,Säiliön korkki,https://tarvike.com/product/sailion-korkki-120119,https://media.tarvike.com/product/images/120119/original/204333.png,11.7,"Alkuperäinen Husqvarna säiliön korkki. Varmista, että käytössä on aina oikea säiliön korkki mallista riippuen, jotta tankki pysyy varmasti kiinni ja tuotetta on turvallista käyttää.",,Husqvarna,
2544532002,Sisärengas,https://tarvike.com/product/sisarengas-650-10-js2-40929,https://media.tarvike.com/product/images/40929/original/194910.webp,18.0,,,Agrilife,
2544516002,Sisärengas,https://tarvike.com/product/sisarengas-300-4-tr87-40955,https://media.tarvike.com/product/images/40955/original/194907.webp,8.0,,,Agrilife,
19180798002,"Husqvarna Metsurin mitta, saksikoukku, 15 m",https://tarvike.com/product/husqvarna-metsurin-mitta-saksikoukku-15-m-80776,https://media.tarvike.com/product/images/80776/original/30532.png,79.9,"Ainutlaatuinen, kevyt rakenne. Helppo säätää ja huoltaa. Nauhassa on merkinnät molemmin puolin, ja se on helppo irrottaa ja vaihtaa ilman työkaluja. Varamittanauhaa saatavana kahta eri pituutta.",,Husqvarna,
19180749002,"Husqvarna Teräketju H38 14"" .3/8"" 1,1 mm 52 L",https://tarvike.com/product/husqvarna-teraketju-h38-14-38-11-mm-52-l-80645,https://media.tarvike.com/product/images/80645/original/157452.png,28.9,"Chisel-leikkuuhampailla varustettu H38 on tehty pienemmille sahoille. Vähätärinäisen ketjun takapotkuriski on pieni. Kuluttajakäytön lisäksi ketju sopii myös arboristien käyttöön. Suositellaan akku-, sähkö- ja pienemmille bensiinikäyttöisille sahoille.",,Husqvarna,
1677600000,Hammastetut terälaput,https://tarvike.com/product/hammastetut-teralappu-33927,https://media.tarvike.com/product/images/33927/original/176365.webp,2.3,Puimurin hammastetut terälaput,,,
9962987001,Husqvarna Huoltosarja,https://tarvike.com/product/husqvarna-huoltosarja-163248,https://media.tarvike.com/product/images/163248/original/186373.webp,87.2,"Huoltosarja, jossa on ilmansuodatin, polttoainesuodatin, öljynsuodatin, sytytystulppa (x2) ja moottoriöljy (x2).",,Husqvarna,
4996959000,Husqvarna XP® synteettinen kaksitahtimoottoriöljy 4L,https://tarvike.com/product/husqvarna-xp-synteettinen-kaksitahtimoottorioljy-4l-125309,https://media.tarvike.com/product/images/125309/original/204830.webp,124.0,"4 litraa Husqvarna XP synteettinen kaksitahtimoottoriöljy on kehitetty kovaan käyttöön, jossa on suuret kuormitukset ja moottorin nopeudet. Tämä uusi, täysin synteettinen tuote on kehitetty parannetulla kaavalla, jossa on korkean suorituskyvyn lisäainepaketti. VEF-hyväksytty huippuluokan tuloksilla. Vähäsavuisen öljyn erinomainen voitelu takaa puhtaamman moottorin ja vähemmän kerrostumia männässä ja kampikotelossa. Tuhkaton lisäaine varmistaa, että öljy ei jätä jämiä tai hiilijäämiä puhdistaessaan. Sopii kaikille Husqvarna kaksitahtituotteille.",,Husqvarna,
4955605000,Teräpari Husqvarna,https://tarvike.com/product/terapari-husqvarna-93783,https://media.tarvike.com/product/images/93783/original/130027.jpg,8.1,"Teräpari Husqvarna, Norlett, Caravan. Käytetty mm. Husqvarna Jet 48, Team, Norlett, Caravan Pirkka.",,,
4955533000,Ratioparts Aisaruuvi M8,https://tarvike.com/product/ratioparts-aisaruuvi-m8-94981,https://media.tarvike.com/product/images/94981/original/100095.jpg,8.6,Kahvamutteri aisakiinnitystä varten. M8 x 50mm,,Ratioparts,
31454129000,"Kekkilä Havu- ja Rodolannoite, 800g",https://tarvike.com/product/kekkila-havu-ja-rodolannoite-800g-180055,https://media.tarvike.com/product/images/180055/original/203745.webp,9.9,"Kekkilä Havu- ja rodolannoite on vesiliukoinen erikoislannoite havukasveille, alppiruusuille, pensasmustikalle ja muille happamassa maassa viihtyville kasveille.",,Kekkilä,
27521819001,Ilmansuodatin mesh 44µm,https://tarvike.com/product/ilmansuodatin-mesh-44m-120126,https://media.tarvike.com/product/images/120126/original/204331.png,26.5,Alkuperäinen Husqvarnan ilmansuodatin. Estää lian ja roskien pääsyn moottoriin. Vaihda ilmansuodatin aina säännöllisin väliajoin optimaalisen suorituskyvyn ja tuotteen pidemmän käyttöiän saavuttamiseksi.,,Husqvarna,
19576259001,"Husqvarna 564 XPG, 20"" X-Force 3/8"" C8 Moottorisaha",https://tarvike.com/product/husqvarna-564-xpg-20-x-force-38-c8-moottorisaha-173503,https://media.tarvike.com/product/images/173503/original/194207.webp,1749.0,"Husqvarna 564 XP G on uraauurtava 60 kuutiosenttimetrin moottorisaha metsän- ja puunhoidon ammattilaisille, jotka edellyttävät huippuluokan suorituskykyä. Sahassa yhdistyvät 50 kuutiosenttimetrin moottorisahan koko ja hallittavuus sekä 70 kuution moottorisahan teho, mikä mahdollistaa erinomaisen teho-painosuhteen ja kompaktin rakenteen.",,Husqvarna,
19180817002,Husqvarna Viilan ja yhdistelmätyökalun pidike,https://tarvike.com/product/husqvarna-viilan-ja-yhdistelmatyokalun-pidike-80877,https://media.tarvike.com/product/images/80877/original/157805.png,37.9,Husqvarna pidike yhdelle pyörö- ja yhdelle lattaviilalle sekä yhdistelmätyökalulle. Pidike estää tehokkaasti työkalujen rikkoutumisen ja häviämisen.,,Husqvarna,
19180807002,"Husqvarna Combikotelo, koukulle tai pinotavarasaksille",https://tarvike.com/product/husqvarna-combikotelo-koukulle-tai-pinotavarasaksille-80872,https://media.tarvike.com/product/images/80872/original/157786.png,37.9,"Yhdistelmäkotelo nostosaksille tai nostokoukulle, varusteena silmukka mittanauhoille.",,Husqvarna,
19180704002,"Husqvarna Merkintänauha sininen, 75 m",https://tarvike.com/product/husqvarna-merkintanauha-sininen-75-m-80495,https://media.tarvike.com/product/images/80495/original/157146.png,6.9,"Valmistettu 100 %:sesta viskoosista, biologisesti hajoava.",,Husqvarna,
19180655002,Husqvarna Metsurin Tukityökaluvyö,https://tarvike.com/product/husqvarna-metsurin-tukityokaluvyo-80300,https://media.tarvike.com/product/images/80300/original/155981.png,45.9,"Erikoisleveä vyö tukee hyvin selkää, voidaan varustaa monilla työkaluilla ja tarvikkeilla helpottamaan työntekoasi.",,Husqvarna,
19179651002,"Lumilingon suojapeite, Cub Cadet",https://tarvike.com/product/lumilingon-suojapeite-cub-cadet-81511,https://media.tarvike.com/product/images/81511/original/31439.jpg,59.7,Koko 196 x 12 / 96 x 114cm,,Scheppach,
19177276002,"Siima Opti Round Ø2,4 mm x 15 m",https://tarvike.com/product/siima-opti-round-24-mm-x-15-m-121445,https://media.tarvike.com/product/images/121445/original/160383.jpg,6.5,Yleiskäyttöön suunnitellussa siimassa on pyöreä profiili. Hyvän leikkuutehon ja kestävyyden ansiosta siima sopii moniin käyttötarkoituksiin. Sopii kaikkiin vakiomallisiin siimapäihin.,,Husqvarna,
18340707001,Fiskar Monitoimiharja M,https://tarvike.com/product/fiskar-monitoimiharja-m-44476,https://media.tarvike.com/product/images/44476/original/17015.jpeg,28.9,"Keskikokoinen monikäyttöinen pihaharja käytävien, patioiden ja puutarhan muiden alueiden lakaisuun. Harjan päät kaartuvat sisäänpäin, joten keräät sillä helposti kaikki roskat puutarhastasi. Fiskars PowerClean pehmeiden ja kovien harjasten yhdistelmä tehostaa lakaisua Keveys parantaa ergonomiaa Tehokkaaseen ja vaivattomaan lakaisuun Modernia ja toimivaa muotoilua Helppo säilyttää Leveys 380 mm Pituus 1620 mm Korkeus 125 mm Paino 630 g",,Fiskars,
1803045002,Jonsered Aluslevy,https://tarvike.com/product/jonsered-aluslevy-128772,https://media.tarvike.com/product/images/128772/original/167979.webp,1.9,Jonsered Aluslevy.,,Jonsered,
13240940000,Laastiämpäri 20L,https://tarvike.com/product/laastiampari-20l-155257,https://media.tarvike.com/product/images/155257/original/188775.webp,4.9,Vetoisuus 20l,,Gardeco,
9963007001,Husqvarna Huoltosarja,https://tarvike.com/product/husqvarna-huoltosarja-163539,https://media.tarvike.com/product/placeholders/productImageComingSoong.jpg,32.75,"Huoltopakkaus Briggs & Stratton, malli 450/500 e-sarja 08P502-0087-H1/-0092-H1 / 09P602-0049-H1.",,Husqvarna,
9962985001,Husqvarna Huoltosarja,https://tarvike.com/product/husqvarna-huoltosarja-163246,https://media.tarvike.com/product/images/163246/original/186371.webp,71.2,"Huoltosarja, jossa on ilmansuodatin, polttoainesuodatin, sytytystulppa ja moottoriöljy.",,Husqvarna,
8920229002,Ilmansuodatin 76 x 39 x 102 mm,https://tarvike.com/product/ilmansuodatin-76-x-39-x-102-mm-179728,https://media.tarvike.com/product/images/179728/original/203630.png,17.7,Sopii mm. BRIGGS & STRATTON -malleille. Katso alkuperäinen varaosakuva oikean varaosan määrittämiseksi.,,Ratioparts,
8787650002,Fiskars CF Pikaliitin 9mm ( 3/8' ),https://tarvike.com/product/fiskars-cf-pikaliitin-9mm-38-149934,https://media.tarvike.com/product/images/149934/original/191158.webp,6.59,"Fiskars pikaliittimen näppärä kiinnitysmekanismi helpottaa suihkusuuttimen, -sauvan, sadettimen tai muiden lisäosien asentamista.",,Fiskars,
8189038002,Ilmansuodatin,https://tarvike.com/product/ilmansuodatin-177934,https://media.tarvike.com/product/images/177934/original/203190.webp,28.7,,,Husqvarna,
4963034000,"Husqvarna LS+ 2T-öljy, 4 l",https://tarvike.com/product/husqvarna-ls-2t-oljy-4-l-80527,https://media.tarvike.com/product/images/80527/original/30280.jpg,72.9,"Husqvarna LS+ 2T-, Low Smoke+ öljy on sekoitus mineraali- ja synteettisiä öljyjä. Savutus on erittäin vähäistä ja voitelu on äärimmäisen hyvä siellä, missä kuormitusta on eniten kuten kiertokangen laakereissa. Se on suunniteltu erityisesti alle 55 kuutioisia moottori- ja raivaussahoja varten. Päästöt ovat alhaiset, mikä on erityisen tärkeää, kun työskennellään alueilla, jotka ovat rakennusten ympäröimiä. Moottorin käyntilämpötila on alhaisempi, mikä pidentää käyttöikää. Husqvarna Low Smoke+ öljyn koostumus antaa hyvän suojan sekä liian laihasta seoksesta että karstoittumisesta johtuvia kiinnileikkaamisia vastaan.",,Husqvarna,
4955967000,Husqvarna Automower Sinkilät 100kpl,https://tarvike.com/product/husqvarna-automower-sinkilat-100kpl-80519,https://media.tarvike.com/product/images/80519/original/30262.jpg,21.9,Sinkilöitä käytetään rajakaapelin asentamiseen nurmikkoon Husqvarna Automower-leikkuria asennettaessa.,,Husqvarna,
4955658000,Ratioparts Ruohonleikkurin terä 359 mm,https://tarvike.com/product/ratioparts-ruohonleikkurin-tera-359-mm-94962,https://media.tarvike.com/product/images/94962/original/100079.jpg,30.2,Oikealle pyörivä. Merkki: Jonsered,,Ratioparts,
4955651000,Ratioparts Ruohonleikkurin terä 461 mm,https://tarvike.com/product/ratioparts-ruohonleikkurin-tera-461-mm-94958,https://media.tarvike.com/product/images/94958/original/100085.jpg,26.7,Husqvarna ajoleikkuriin. 2 terää 36'' (92 cm),,Ratioparts,
4955561000,Husqvarna Automower® Asennussarja L,https://tarvike.com/product/husqvarna-automower-asennussarja-l-81411,https://media.tarvike.com/product/images/81411/original/159501.png,228.9,"Husqvarna Automower® asennussarja L sopii avoimille nurmikkoalueille, maks. 5000 m², tai monimutkaisille nurmikkoalueille, maks. 2500 m².",,Husqvarna,
33661038000,Husqvarna Intensive Cut -viilat,https://tarvike.com/product/husqvarna-intensive-cut-viilat-121323,https://media.tarvike.com/product/images/121323/original/158289.png,7.5,Muotoilun ansiosta 20 % parempi viilausteho ja pidempi käyttöikä. Teräketjun leikkuuhampaiden teroittamiseen tarvitaan pyöröviila ja viilanohjain. Oikein teroitettu ketju tekee sahaamisesta helpompaa ja turvallisempaa. Husqvarnan viilat valmistetaan korkealaatuisesta teräksestä.,,Husqvarna,
33660953000,Husqvarna Kaatokiila,https://tarvike.com/product/husqvarna-kaatokiila-121495,https://media.tarvike.com/product/images/121495/original/158516.png,21.9,Ehdoton varuste puiden kaatamisessa. Kiila helpottaa kaadon suuntaamista nostamalla puuta oikeaan suuntaan. Kiilaa käytetään estämään sahan terän juuttumista (tai puun kallistumista sahan suuntaan) myötäsahauksessa. Voidaan käyttää myös jo maassa olevien puiden sahaamiseen. Valmistettu iskunkestävästä muovista.,,Husqvarna,
27521832001,"Husqvarna Terälevy 13"" .325"" 1,3 mm (535FBx)",https://tarvike.com/product/husqvarna-teralevy-13-325-13-mm-535fbx-120592,https://media.tarvike.com/product/images/120592/original/204289.webp,43.4,Oksa- ja muiden moottorisahojen terälevyt,,Husqvarna,
19180903002,"Ratioparts Teräketju rp 3/8"" HHM 1,1 44E",https://tarvike.com/product/ratioparts-teraketju-rp-38-hhm-11-44e-94990,https://media.tarvike.com/product/images/94990/original/100096.jpg,18.5,Katso alkuperäinen varaosakuva oikean varaosan määrittämiseksi.,,Ratioparts,
19180635002,"Husqvarna Terälevy 14"" .3/8"" 1,3 mm 52 L SN/A",https://tarvike.com/product/husqvarna-teralevy-14-38-13-mm-52-l-sna-80255,https://media.tarvike.com/product/images/80255/original/155743.png,37.9,"Terälevyn loivasti kaartuva muoto ja pieni kärkipyörä vähentävät takapotkun vaaraa. Terälevyissä on naarmuilta ja korroosiolta suojaava epoksilakkaus. Terälevy SN/A .3/8"" 1,3 mm 14"" 52 dl Intenz Terälevyn pituus 14""",,Husqvarna,
19179605002,Honda HSS 760A ETD lumilinko,https://tarvike.com/product/honda-hss-760a-etd-lumilinko-61136,https://media.tarvike.com/product/images/61136/original/17893.jpg,5680.0,"Honda HSS 760 ETD -lumilingossa on hydrostattinen voimansiirto, erinomaiset hallintalaitteet ja muut ominaisuudet kuten HSS760 EW -mallissa. Pyörien sijasta laite on varustettu teloilla, mikä mahdollistaa kerroksittain työskentelyn. Linkopesän tasosäätö on portaaton. Lumenheittokapasiteetti on kasvanut yli 42 tonniin tunnissa ja heittoetäisyys on maksimissaan 14 metriä. LED -työvalo vakiovarusteena. Tässä mallissa myös lumen heittosuunta ja etäisyys on sähköisesti ohjattavissa.",,Honda,
19177371002,"Husqvarna Opti Round Siima Ø2,7 mm x 12 m, keltainen",https://tarvike.com/product/husqvarna-opti-round-siima-27-mm-x-12-m-keltainen-81117,https://media.tarvike.com/product/images/81117/original/160383.jpg,5.8,"Ammattikäyttöön tarkoitetussa siimassa on kierteinen aerodynaaminen profiili, joka on hiljaisempi ja tärisee vähemmän. Propolymeerimateriaalit takaavat parhaan mahdollisen suorituskyvyn. Sopii kaikkiin vakiomallisiin siimapäihin.",,Husqvarna,
19177354002,"Husqvarna Siimapää T55X M12, 3,0 - 4,0 mm",https://tarvike.com/product/husqvarna-siimapaa-t55x-m12-30-40-mm-80563,https://media.tarvike.com/product/images/80563/original/30300.jpg,66.9,"Husqvarnan suunnittelemassa T55X siimapäässä on puoliautomaattinen siimansyöttö ja siitä käytetään myös nimitystä ""Tap’n go"" sekä laakeroitu pohjakappale jonka ansiosta vaativassakin käytössä kestävyys ja työn joutuvuus on huippuluokkaa.",,Husqvarna,
19177350002,"Husqvarna Siimapää T35X M10, 2,4 - 2,7 mm",https://tarvike.com/product/husqvarna-siimapaa-t35x-m10-24-27-mm-80560,https://media.tarvike.com/product/images/80560/original/30287.jpg,39.8,"Husqvarnan suunnittelemassa T35X siimapäässä on puoliautomaattinen siimansyöttö ja siitä käytetään myös nimitystä ""Tap’n go"" sekä laakeroitu pohjakappale jonka ansiosta vaativassakin käytössä kestävyys ja työn joutuvuus on huippuluokkaa. Kun kaasu painetaan pohjaan ja siimapää painetaan maata vasten syöttää siimapää automaattisesti uutta siimaa. Tämän ansiosta työtä ei tarvitse keskeyttää eikä konetta tarvitse irroittaa valjaista kun siimaa tarvitaan lisää.",,Husqvarna,
19177274002,"Siima Opti Round Ø3,0 mm x 10 m",https://tarvike.com/product/siima-opti-round-30-mm-x-10-m-121443,https://media.tarvike.com/product/images/121443/original/160383.jpg,6.5,Yleiskäyttöön suunnitellussa siimassa on pyöreä profiili. Hyvän leikkuutehon ja kestävyyden ansiosta siima sopii moniin käyttötarkoituksiin. Sopii kaikkiin vakiomallisiin siimapäihin.,,Husqvarna,
19177241002,"Shindaiwa C2510 C4 trimmeri, siimapää",https://tarvike.com/product/shindaiwa-c2510-c4-trimmeri-siimapaa-81536,https://media.tarvike.com/product/images/81536/original/31456.jpg,430.0,Tehokas kevytraivuri puistoalueille.,,Scheppach,
19176908002,Husqvarna UltraVision-visiiri Metsurin Kypärään,https://tarvike.com/product/husqvarna-ultravision-visiiri-metsurin-kyparaan-80501,https://media.tarvike.com/product/images/80501/original/157149.png,29.9,"Verkkovisiiri metsurin kypärään. Valonläpäisy on tasainen koko visiirin alueella, ja valohäviö on vain 20 % tavallisen visiirin valohäviön ollessa 30 %. Uuden materiaalin ja muotoilun ansiosta vesi poistuu visiiristä tehokkaasti, ja verkko säilyttää hyvin muotonsa. Sopii Husqvarna Functional- ja Classic-kypäriin.",,Husqvarna,
18339512001,"Oregon Teräketju 3/8 1,3mm 44 VL",https://tarvike.com/product/oregon-teraketju-38-13mm-44-vl-81532,https://media.tarvike.com/product/images/81532/original/31454.jpg,13.1,"Moottorisahan teräketju Oregon Versacut 3/8 1,3mm 44 VL, pitkähampainen.",,Oregon,
17742885001,"Kekkilä perunalannoite, Luonnonmukainen 3 l",https://tarvike.com/product/kekkila-perunalannoite-luonnonmukainen-3-l-127225,https://media.tarvike.com/product/images/127225/original/162012.png,17.9,"Kekkilä Perunalannoite on luonnonmukainen, puhtaista kierrätetyistä raaka- aineista valmistettu erikoislannoite maukkaille perunoille.",,Kekkilä,
17371728001,Husqvarna 40-B220X Akku,https://tarvike.com/product/husqvarna-40-b220x-akku-110225,https://media.tarvike.com/product/images/110225/original/159950.png,349.0,Husqvarna 40-B220X on monikäyttöinen 36V akku 6 Ah kapasiteetilla. Suunniteltu käytettäväksi ammattikäyttöön tarkoitettujen akkutuotteiden kanssa. Akun uusin kennoteknologia tarjoaa erinomaisen painokapasiteetti- ja tehopainosuhteen.,,Husqvarna,
11623463000,Husqvarna Ajoleikkureiden terä 30cm R850 taaksepuhaltava,https://tarvike.com/product/husqvarna-ajoleikkureiden-tera-30cm-r850-taaksepuhaltava-80324,https://media.tarvike.com/product/placeholders/productImageComingSoong.jpg,36.1,,,Husqvarna,
11623450000,Husqvarna Polttoainesuodatin,https://tarvike.com/product/husqvarna-polttoainesuodatin-80272,https://media.tarvike.com/product/images/80272/original/155877.png,7.1,Alkuperäinen Husqvarnan polttoainesuodatin. Estää lian ja roskien pääsyn moottoriin. Vaihda suodatin säännöllisin väliajoin optimaalisen suorituskyvyn ja tuotteen pidemmän käyttöiän saavuttamiseksi.,,Husqvarna,
8289880002,"Deli Sisärengas, 18 x 8.50 - 8 TR-13 (suora)",https://tarvike.com/product/deli-sisarengas-18-x-850-8-tr-13-suora-134943,https://media.tarvike.com/product/images/134943/original/171936.jpg,23.3,Sisärengas - Suora venttiiili -18x8.50-8,,Deli,
4955832000,Sisärengas 13 x 5.00 - 6 TR13,https://tarvike.com/product/sisarengas-13-x-500-6-tr13-79284,https://media.tarvike.com/product/images/79284/original/28268.jpg,9.5,Puutarhakoneiden/Kottikärryn sisärengas Koko 13 x 5.00 - 6,,,
4955779000,"Lumilingon Rengas 4.00 - 8, TL 2-pr, HF271",https://tarvike.com/product/lumilingon-rengas-400-8-tl-2-pr-hf271-79259,https://media.tarvike.com/product/images/79259/original/28236.jpg,56.0,Lumilingon rengas Koko 4.80 - 8,,,
4955776000,"Lumilingon Rengas 14 x 4.00 - 6, TL 2-pr, HF270",https://tarvike.com/product/lumilingon-rengas-14-x-400-6-tl-2-pr-hf270-79258,https://media.tarvike.com/product/images/79258/original/28232.jpg,53.4,Lumilingon rengas Koko 14 x 4.00 - 6,,,
9962990001,Husqvarna Huoltosarja,https://tarvike.com/product/husqvarna-huoltosarja-163251,https://media.tarvike.com/product/images/163251/original/186376.webp,100.3,"Huoltosarja, jossa on ilmansuodatin, polttoainesuodatin, öljynsuodatin, sytytystulppa (x2) ja moottoriöljy (x2) - 100h",,Husqvarna,
9721771002,Husqvarna 590BTS Lehtipuhallin,https://tarvike.com/product/husqvarna-590bts-lehtipuhallin-177577,https://media.tarvike.com/product/images/177577/original/204106.webp,1399.0,"Husqvarna 590BTS -reppupuhallin on suunniteltu hoitamaan vaativia työtehtäviä äärimmäisen tehokkaasti. Sen suorituskyky on markkinoiden paras: puhallusteho on 56 N ja ilmamäärä 2100 m³/h, kun suuttimen nopeus on 96 m/s. Sen suuri polttoainesäiliö ja luotettava kaksitahtimoottori mahdollistavat pitkän käyttöajan ilman keskeytyksiä koko työpäiväksi. Lisäksi pehmustetut lantiovyöllä varustetut valjaat jakavat painon tasaisesti, ja Husqvarna LowVib® -ominaisuus vähentää käyttäjän väsymystä pitkien työrupeamien aikana. 590BTS on varustettu AutoTune®-ohjelmalla, joka helpottaa käynnistystä olosuhteista riippumatta. Kiinnitä lisävarusteena saatava Husqvarna-liitäntälaite sille määritettyyn kohtaan, jotta tuote voidaan integroida saumattomasti Husqvarna Fleet Services™ -palveluun.",,Husqvarna,
706496001,Vararaterä,https://tarvike.com/product/vararatera-144914,https://media.tarvike.com/product/images/144914/original/176368.webp,15.9,Vesakkosilppurin vasaraterä,,,
4955572000,"BELT 3L X 36.64 LG, MTD Ajohihna",https://tarvike.com/product/belt-3l-x-3664-lg-mtd-ajohihna-81558,https://media.tarvike.com/product/images/81558/original/31477.jpeg,37.5,Sopii käytettäväksi vaihtoehtona MTD 954-05019,,Scheppach,
4955559000,Husqvarna Automower® Asennussarja M,https://tarvike.com/product/husqvarna-automower-asennussarja-m-81410,https://media.tarvike.com/product/images/81410/original/159498.png,149.0,"Husqvarna Automower® asennussarja M (keskikokoinen sarja) sopii avoimille nurmikkoalueille, maks. 2000 m², tai monimutkaisille nurmikkoalueille, maks. 1000 m².",,Husqvarna,
37276936000,Harjanvarsi 24x1500mm,https://tarvike.com/product/harjanvarsi-24x1500mm-44522,https://media.tarvike.com/product/images/44522/original/17074.jpg,3.0,"Puuta, kaventamaton 24 x 1500 mm",,Gardeco,
33661039000,Husqvarna Kaatokiila,https://tarvike.com/product/husqvarna-kaatokiila-121493,https://media.tarvike.com/product/images/121493/original/158510.png,14.5,Ehdoton varuste puiden kaatamisessa. Kiila helpottaa kaadon suuntaamista nostamalla puuta oikeaan suuntaan. Kiilaa käytetään estämään sahan terän juuttumista (tai puun kallistumista sahan suuntaan) myötäsahauksessa. Voidaan käyttää myös jo maassa olevien puiden sahaamiseen. Valmistettu iskunkestävästä muovista.,,Husqvarna,
33660968000,"Husqvarna Ruohoterä, 3-hampainen",https://tarvike.com/product/husqvarna-ruohotera-3-hampainen-125316,https://media.tarvike.com/product/images/125316/original/156823.png,34.9,"Tiheälle ja paksulle ruoholle, mutta ei puuvartiseen kasvustoon. Soveltuu erinomaisesti aluskasvuston raivaamiseen.",,Husqvarna,
30675475000,"Teräketju 3/8"" PK 1.1 mm - 56 KL",https://tarvike.com/product/teraketju-38-pk-11-mm-56-kl-179735,https://media.tarvike.com/product/images/179735/original/203624.png,23.6,,,Ratioparts,
30675472000,"Teräketju 3/8"" PK 1.1 mm - 46 KL",https://tarvike.com/product/teraketju-38-pk-11-mm-46-kl-179734,https://media.tarvike.com/product/images/179734/original/203624.png,19.4,,,Ratioparts,
27521806001,Tärinänvaimennin,https://tarvike.com/product/tarinanvaimennin-119679,https://media.tarvike.com/product/images/119679/original/156032.png,13.6,"Alkuperäinen Husqvarnan tärinänvaimennuselementti. Suunniteltu vähentämään melua ja tärinää, jotta voit työskennellä mukavasti ja tehokkaasti pidemmän aikaa.",,Husqvarna,
2544539002,Sisärengas,https://tarvike.com/product/sisarengas-600-16-tr15-40936,https://media.tarvike.com/product/images/40936/original/194912.webp,14.0,,,Agrilife,
22205924001,Viima Teräketjuöljy 10l Iso VG100,https://tarvike.com/product/viima-teraketjuoljy-10l-iso-vg100-155710,https://media.tarvike.com/product/images/155710/original/188800.webp,53.0,"Uudesta mineraaliöljystä valmistettu Viima teräketjuöljy. Lisäaineilla varmistetaan tehokas voitelu alhaisissakin lämpötiloissa, erinomainen korroosion esto ja kiinnitarttuvuus",,Viima,
19575804001,"Teräsuoja 12""-14""",https://tarvike.com/product/terasuoja-12-14-119902,https://media.tarvike.com/product/images/119902/original/156422.png,7.9,"Suojaa teräketjuasi ja terälevyäsi vaurioilta säilytyksen ja kuljetuksen aikana tällä kestävällä, laadukkaalla muovisuojuksella. Suojus suojaa myös ympäröiviä esineitä ja pintoja kosketukselta terävän ja öljyisen ketjun kanssa. Terälevyn suojus on suunniteltu sopimaan oksasahan terälaippaan täydellisesti ja pysymään tukevasti paikoillaan.",,Husqvarna,
19180913002,"Ratioparts Teräketju rp 3/8""1,1 47E LoPro",https://tarvike.com/product/ratioparts-teraketju-rp-3811-47e-lopro-94992,https://media.tarvike.com/product/images/94992/original/100104.jpg,19.8,Katso alkuperäinen varaosakuva oikean varaosan määrittämiseksi.,,Ratioparts,
19180888002,"Ratioparts Teräketju rp 3/8"" HHM 1,3 44E",https://tarvike.com/product/ratioparts-teraketju-rp-38-hhm-13-44e-94982,https://media.tarvike.com/product/images/94982/original/100099.jpg,18.5,Katso alkuperäinen varaosakuva oikean varaosan määrittämiseksi.,,Ratioparts,
19180887002,Yhdistelmäavain 13 x 19 mm,https://tarvike.com/product/yhdistelmaavain-13-x-19-mm-94954,https://media.tarvike.com/product/images/94954/original/100069.jpg,7.2,Sopii mm. STIHL-malleille. Katso alkuperäinen varaosakuva oikean varaosan määrittämiseksi.,,Ratioparts,
19180884002,Oregon Teräketju 3/8'' 1.3mm 47VL,https://tarvike.com/product/oregon-teraketju-38-13mm-47vl-81533,https://media.tarvike.com/product/images/81533/original/31458.jpg,14.8,"Moottorisahan teräketju Oregon Versacut 3/8"" 1.3mm 47VL, pitkähampainen.",,Oregon,
19180869002,"Oregon Pyöröviila 5.5 mm, 3kpl",https://tarvike.com/product/oregon-pyoroviila-55-mm-3kpl-81525,https://media.tarvike.com/product/images/81525/original/31460.jpg,6.1,"- Paketissa kolme 5,5 mm viilaa - Erittäin tehokkaita - Pitkät hampaat ja pehmeä purenta - Säilyy terävänä pitkään - Ei tukkeudu helposti",,Oregon,
19180815002,Husqvarna Kotelo yleiskäyttöön,https://tarvike.com/product/husqvarna-kotelo-yleiskayttoon-80876,https://media.tarvike.com/product/images/80876/original/157801.png,42.8,"Yleiskotelo ensiapupakkaukselle, GPS-laitteelle, varavirtalähteelle tai muille pienemmille tarvikkeille.",,Husqvarna,
19180788002,Husqvarna Kaatorauta Koukulla,https://tarvike.com/product/husqvarna-kaatorauta-koukulla-80771,https://media.tarvike.com/product/images/80771/original/30535.jpg,89.9,Taottu kaatorauta koukulla,,Husqvarna,
19180779002,"Husqvarna Terälevy Pro .325"" 1,5 mm 13"" 56 L SN/A",https://tarvike.com/product/husqvarna-teralevy-pro-325-15-mm-13-56-l-sna-80743,https://media.tarvike.com/product/images/80743/original/30509.jpg,34.4,"Terälevyt, joissa pidennetty keskilevy antaa lisätukea kärkipyörälle, vahvistettu terälevyn kärki, jonka geometria antaa lisävoimaa ja vähentää puristuksiin joutumisesta johtuvia vahinkoja. Suljettu laakerointijärjestelmä ja poistettu rasvausaukko estävät lian pääsemisen laakereihin ja eliminoivat rasvan lisäyksen tarpeen. Terälevy Pro SN/A .325"" 1,5 mm 13"" 56 dl",,Husqvarna,
19180743002,"Husqvarna Teräketju X-Cut SP33G 18"" Pixel .325"" 1,3 mm",https://tarvike.com/product/husqvarna-teraketju-x-cut-sp33g-18-pixel-325-13-mm-80641,https://media.tarvike.com/product/images/80641/original/157462.png,37.9,"X-CUT SP33G on ensimmäinen teräketju, jonka Husqvarna on kehittänyt, suunnitellut ja valmistanut alusta asti itse. Teräketju sopii erinomaisesti ammattilaisille jokapäiväiseen työskentelyyn sekä vaativaan kuluttajakäyttöön. Ketju pysyy terävänä pitkään ja se on kestävyydeltään ylivertainen. Esivenytetty ketju ei veny ja sen leikkuuteho on erinomainen, minkä ansiosta se tarjoaa paremman sahaustuloksen kuin koskaan aiemmin. Ketjujako .325"" Uraleveys 1.3 mm",,Husqvarna,
19180714002,"Husqvarna Tukkisakset, tartunta-aukko 12""",https://tarvike.com/product/husqvarna-tukkisakset-tartunta-aukko-12-80500,https://media.tarvike.com/product/images/80500/original/157152.png,64.9,"Uusi, terävämpi ja entistä parempi koukku, jonka reunat on hiottu, takaa vahvan otteen tukkia nosteltaessa. Karkaistu erikoisteräs pintakäsittelyineen tekee tuotteesta tukevan ja vähentää ruostumisriskiä.",,Husqvarna,
19180703002,"Husqvarna Merkintänauha punainen, 75 m",https://tarvike.com/product/husqvarna-merkintanauha-punainen-75-m-80494,https://media.tarvike.com/product/images/80494/original/157144.png,6.9,"Valmistettu 100 %:sesta viskoosista, biologisesti hajoava.",,Husqvarna,
19180677002,"Husqvarna Teränhoitopaketti  H30 .325"" 1,3 mm",https://tarvike.com/product/husqvarna-teranhoitopaketti-h30-325-13-mm-80319,https://media.tarvike.com/product/images/80319/original/156002.png,28.9,"Täydellinen sarja helpottaa ketjun pitämistä teräkunnossa. Oikein teroitetulla ketjulla työ on helpompaa ja turvallisempaa. Viilanohjaimen avulla saadaan oikeat viilauskulmat, jolloin viilaaminen on huomattavasti helpompaa. Paketissa on viilankahva, viilanohjain-alennuskaavioyhdistelmä, kaksi pyöröviilaa ja lattaviila. Teroituspaketti H30 / .325"" / 1,3 mm",,Husqvarna,
19180651002,Husqvarna Takakappale Metsurin Työkaluvyöhön,https://tarvike.com/product/husqvarna-takakappale-metsurin-tyokaluvyohon-80298,https://media.tarvike.com/product/images/80298/original/155962.png,31.9,"Suuressa säilytystaskussa on tilaa sidontatarpeille, varaketjulle ja kaasuttimen ruuvitaltalle. Pidin viilalle, viilanohjaimelle ja yhdistelmäavaimelle sekä kiinnikkeet mitalle.",,Husqvarna,
19177384002,"Husqvarna Whisper Twist Siima Ø2,7 mm x 10 m, oranssi/musta",https://tarvike.com/product/husqvarna-whisper-twist-siima-27-mm-x-10-m-oranssimusta-81135,https://media.tarvike.com/product/images/81135/original/158472.png,7.5,"Ammattikäyttöön tarkoitetussa siimassa on kierteinen aerodynaaminen profiili, joka on hiljaisempi ja tärisee vähemmän. Propolymeerimateriaalit takaavat parhaan mahdollisen suorituskyvyn. Sopii kaikkiin vakiomallisiin siimapäihin.",,Husqvarna,
19177323002,"Husqvarna Laippa laminoitu 5"" 1/4""mini Pixel 1.1mm HMM",https://tarvike.com/product/husqvarna-laippa-laminoitu-5-14mini-pixel-11mm-hmm-80457,https://media.tarvike.com/product/images/80457/original/30205.jpg,17.8,"Husqvarna 1/4"" Pixel laippa on erityisesti Husqvarna Aspire™ -oksasahaan suunniteltu. Ohut mitta, kevyt paino ja kapea säde mahdollistavat erinomaisen tarkkuuden ja sujuvan toiminnan. Sopii täydellisesti Husqvarna X-PRECISION™ SP11G:n kanssa, joka on puolitalttainen ¼"" mini 1,1 mm ketju.",,Husqvarna,
19177248002,Husqvarna Ruohoterä 3-hampainen,https://tarvike.com/product/husqvarna-ruohotera-3-hampainen-110126,https://media.tarvike.com/product/images/110126/original/156820.png,34.9,"Tiheälle ja paksulle ruoholle, mutta ei puuvartiseen kasvustoon. Soveltuu erinomaisesti aluskasvuston raivaamiseen.",,Husqvarna,
19176964002,"Husqvarna sahan suojalaukku, harmaa",https://tarvike.com/product/husqvarna-sahan-suojalaukku-harmaa-81008,https://media.tarvike.com/product/images/81008/original/158317.png,55.8,"Husqvarna moottorisahan suojalaukku onn suunniteltu moottorisahan kuljettamiseen. Sen ulkopuolella on moottorisahaviiloille tarkoitettuja taskuja sekä tarralla suljettava tasku. Sopii tilavuudeltaan enintään 90cc:n (terälevyn pituus enintään 18”) moottorisahoille. Valmistettu kierrätetyistä PET-muovipulloista, väri musta/oranssi Irrotettava muovipohja Irrotettava muovipohja helpottaa öljyn, bensiinin ja sahanpurun puhdistamista ja poistamista pussien sisältä. Lisätaskut sivulla Sivulla olevista lisätaskuista saat työkalut tai varusteet helposti käyttöön.",,Husqvarna,
19176884002,"Husqvarna Kuulonsuojaimet Ruohonraivaustyöhön, Pleksivisiirillä",https://tarvike.com/product/husqvarna-kuulonsuojaimet-ruohonraivaustyohon-pleksivisiirilla-80293,https://media.tarvike.com/product/images/80293/original/155964.png,61.9,"Suojaa esim. raivaustyössä. Päälakisuoja visiirin ja sankakuulonsuojainten välissä suojaa ruoholta, roskilta ja sateelta. Toimitetaan täydellisenä, kuvan mukaisena yhdistelmänä. Kypärään sopivan pleksivisiirin voi ostaa myös erikseen, ja siinä oleviin kannattimiin voi kiinnittää aurinkolipan. Lisävarusteena niskasuoja. Tuotteen nettopaino: 510 g",,Husqvarna,
18340744001,Fiskars Vaihtovarsi Solid Kiin.Mekanismi,https://tarvike.com/product/fiskars-vaihtovarsi-solid-kiinmekanismi-44510,https://media.tarvike.com/product/images/44510/original/17062.jpg,12.95,"Fiskars Solid™ -sarjan tuotteet ovat toimivia ja helppokäyttöisiä. Kiinnitä vaihtovarteen haravan lapaosa ja tuote on valmis käyttöön. Tukeva kiinnitysmekanismi lapaosille 135014, 135024, 135064 Aluminiinivarsi Varren päässä ripustusreikä tuotteen varastointiin 28x1600mm",,Fiskars,
18340669001,Fitt Puutarhaletku 19mm x 25m,https://tarvike.com/product/fitt-puutarhaletku-19mm-x-25m-44442,https://media.tarvike.com/product/images/44442/original/16966.jpg,32.9,Fitt Puutarhaletku 19mm x 25m on kestävä kasteluletku. Materiaali PVC + polyesteri.,,IKH,
17362785001,"Ötökkä Magneetti oviverho, musta 93 x 235",https://tarvike.com/product/otokka-magneetti-oviverho-musta-93-x-235-101947,https://media.tarvike.com/product/images/101947/original/118855.jpg,43.7,"Suositussa Ötökkä Magneetti -oviverhossa on kaksi lamellia, joiden keskellä on koko verhon korkuinen magneetti, joka sulkee verhon kokonaan.",,,
17362783001,Haghus Mini Lumilapio,https://tarvike.com/product/haghus-mini-lumilapio-101540,https://media.tarvike.com/product/images/101540/original/117962.jpg,11.9,Todella kevyt pienikokoinen Haghus Mini lumilapio. Lapion varsi on kestävää komposiittia ja itse lapio-osa on vahvaa alumiinia.,,Haghus,
15207313001,Jäänsulatussuola 5kg,https://tarvike.com/product/jaansulatussuola-5kg-170526,https://media.tarvike.com/product/images/170526/original/191567.webp,7.9,"Riittoisa pakkaus, jonka kahva ja sirotinkorkki helpottavat suolan levittämistä. Tehokas jäänsulatussuola liukkaiden torjuntaan pihoilla ja jalkakäytävillä.",,Viima,
1516002,"Siima Whisper Twist Ø2,0 mm x 15 m",https://tarvike.com/product/siima-whisper-twist-20-mm-x-15-m-121468,https://media.tarvike.com/product/images/121468/original/158475.png,7.5,"Ammattikäyttöön tarkoitetussa siimassa on kierteinen aerodynaaminen profiili, joka on hiljaisempi ja tärisee vähemmän. Propolymeerimateriaalit takaavat parhaan mahdollisen suorituskyvyn. Sopii kaikkiin vakiomallisiin siimapäihin.",,Husqvarna,
13240938000,Rakennussanko 12L,https://tarvike.com/product/rakennussanko-12l-155256,https://media.tarvike.com/product/images/155256/original/188776.webp,2.55,Vetoisuus 12l,,Gardeco,
11623467000,"Husqvarna leikkuulaitteen tukipyörä, Rider",https://tarvike.com/product/husqvarna-leikkuulaitteen-tukipyora-rider-80326,https://media.tarvike.com/product/images/80326/original/144393.webp,40.0,"Husqvarna leikkuulaitteen tukipyörä, laakerilla",,Husqvarna,
11623420000,Ketjusieppo,https://tarvike.com/product/ketjusieppo-119866,https://media.tarvike.com/product/images/119866/original/156328.png,5.9,"Alkuperäinen Husqvarnan ketjusieppari. Kaikkien moottorisahojen tulisi olla varustettu tällä turvatoiminnolla, joka estää ketjua osumasta sahan käyttäjään sellaisessa riskitilanteessa, jossa ketju katkeaa tai suistuu terälevystä.",,Husqvarna,
11120328002,"Käärme ja myyrä karkotin, ultraääni",https://tarvike.com/product/kaarme-ja-myyra-karkotin-ultraaani-44571,https://media.tarvike.com/product/images/44571/original/17131.jpg,34.9,"Myyrien ja käärmeiden karkottamiseen- äänitaajuus 400 - 1000 Hz Kattavuusalue 625 m² Kaksitoiminen: tuottaa ääniaaltoja ja värähtelyä Turvallinen ihmisille ja lemmikeille Vedenpitävä alumiinirunko Paristojen vaihtaminen helppoa ilman että karkotinta tarvitsee poistaa paikaltaan Virtalähde: 4 x D -paristot (tuote ei sisällä paristoja) Käyttöaika paristoilla: 2-3 kuukautta Mitat 41,5 x 5,6 x 5,6 cm Paino 250 g",,IKH,
8289878002,"Deli Sisärengas, 16 x 6.50 - 8 TR-13 (suora)",https://tarvike.com/product/deli-sisarengas-16-x-650-8-tr-13-suora-134942,https://media.tarvike.com/product/images/134942/original/171936.jpg,20.2,Sisärengas - Suora venttiiili -16x6.50-8,,Deli,
4955838000,Sisärengas 18 x 8.50/9.50 - 8 TR13,https://tarvike.com/product/sisarengas-18-x-850950-8-tr13-79287,https://media.tarvike.com/product/images/79287/original/28281.jpg,20.7,Puutarhakoneiden/Kottikärryn sisärengas Koko 18 x 8.50/9.50 - 8,,,
4955791000,"Ruohonleikkurin Rengas 15 x 6.00 - 6, TL 4-pr, HF224",https://tarvike.com/product/ruohonleikkurin-rengas-15-x-600-6-tl-4-pr-hf224-79265,https://media.tarvike.com/product/images/79265/original/28261.jpg,48.1,Ruohonleikkurin rengas Koko 15 x 6.00 - 6,,,
9962986001,Husqvarna Huoltosarja,https://tarvike.com/product/husqvarna-huoltosarja-163247,https://media.tarvike.com/product/images/163247/original/186372.webp,95.1,"Huoltosarja, jossa on ilmansuodatin, polttoainesuodatin, öljynsuodatin, sytytystulppa ja moottoriöljy.",,Husqvarna,
9722748002,Husqvarna ´Laakerirasva,https://tarvike.com/product/husqvarna-laakerirasva-122928,https://media.tarvike.com/product/images/122928/original/156548.png,13.5,"Husqvarna-laakerirasva on suorituskykyinen litiumrasva, joka on suunniteltu moottorisahan kytkimen neulalaakereiden ja raivaussahan vetovarsien voiteluun. Se sopii erinomaisesti myös terälevyn kärkipyörän laakereiden voiteluun, vähentäen kulumista ja pidentäen käyttöikää. Tämä laakerirasva on vedenkestävä sekä erittäin vastustuskykyinen korroosiolle ja hapettumiselle, mikä takaa erinomaisen suorituskyvyn korkeissa lämpötiloissa ja kovassa paineessa.",,Husqvarna,
8920227002,Ilmansuodatin 76 x 39 x 126 mm,https://tarvike.com/product/ilmansuodatin-76-x-39-x-126-mm-179727,https://media.tarvike.com/product/images/179727/original/203630.png,18.8,Sopii mm. BRIGGS & STRATTON -malleille. Katso alkuperäinen varaosakuva oikean varaosan määrittämiseksi.,,Ratioparts,
8189039002,Ilmansuodatin,https://tarvike.com/product/ilmansuodatin-177938,https://media.tarvike.com/product/images/177938/original/203189.webp,31.0,,,Husqvarna,
8189037002,Ilmansuodatin,https://tarvike.com/product/ilmansuodatin-177933,https://media.tarvike.com/product/images/177933/original/203191.webp,38.0,,,Husqvarna,
5866909002,Aitatolpan jalka,https://tarvike.com/product/aitatolpan-jalka-49x49x600x2mm-kuumasinkitty-39549,https://media.tarvike.com/product/images/39549/original/189332.webp,3.99,Kuumasinkitty.,,Fixit,
4990157000,Ruohonleikkurin terä 456 mm,https://tarvike.com/product/ruohonleikkurin-tera-456-mm-94972,https://media.tarvike.com/product/images/94972/original/100084.jpg,34.5,Sopii mm. Husqvarna-malleille. Katso alkuperäinen varaosakuva oikean varaosan määrittämiseksi.,,Ratioparts,
4963089000,Husqvarna 40-C750X akkulaturi,https://tarvike.com/product/husqvarna-40-c750x-akkulaturi-110245,https://media.tarvike.com/product/images/110245/original/160213.png,218.9,"Husqvarna 40-C750X -laturi on erittäin tehokas pikalaturi, joka on optimoitu joustavaan Husqvarna BLi-X 36V -akkujärjestelmän suurikapasiteettisten akkujen nopeaan lataamiseen. 750 W:n lataustehon ja sisäisillä puhaltimilla varustetun ActiveCool-jäähdytysjärjestelmän ansiosta 40-C750X mahdollistaa akkujen nopean latauksen suurella latausvirralla ilman aikaa vieviä jäähdytysaikoja.",,Husqvarna,
4955381000,Husqvarna Automower Huolto- ja puhdistussarja,https://tarvike.com/product/husqvarna-automower-huolto-ja-puhdistussarja-80812,https://media.tarvike.com/product/images/80812/original/157679.png,39.9,"Huoltosarja sisältää tarvikkeet Husqvarna Automower-leikkurin puhdistamiseen ja hoitamiseen kauden aikana. Mukana kaksi harjaa; toinen kapea ja terävä ja toinen pieni, raaputtimella varustettu harja lian ja kuivuneen ruohon poistamiseen. Ruuvimeisseli leikkuuterien vaihtamista varten, hankausliina leikkurin ja latausaseman liittimien puhdistamiseen sekä pyyhe ja muoville tarkoitettu hoitosuihke, joilla muoviosat saa kiiltäviksi.",,Husqvarna,
3753645002,Husqvarna Metsätyökypärä Technical,https://tarvike.com/product/husqvarna-metsatyokypara-technical-174135,https://media.tarvike.com/product/images/174135/original/196995.webp,174.0,"Metsätöitä varten suunniteltu suojakypärä, jossa on kuulonsuojaimet, visiiri ja niskasuoja. Husqvarna Technical -metsätyökypärä on tukeva ja kevyt, ja se on rakenteeltaan modulaarinen, joten voit vaihtaa visiiriä ja kuulonsuojaimia aina tarpeidesi mukaisesti. Kaareva visiiri suojaa kasvoja joka puolelta ja tarjoaa erinomaisen näkökentän, oli visiiri silmien edessä tai yläasennossa, joten esteetön näkymä puiden latvoihin on taattu. Kypärän mukavan muotoilun ansioista voit keskittyä täysin omaan työhösi. Kypärä on saatavilla kahdessa värissä, joista voit valita tyyliisi ja työympäristöösi sopivan.",,Husqvarna,
3478244002,Husqvarna Huoltosarja,https://tarvike.com/product/husqvarna-huoltosarja-163259,https://media.tarvike.com/product/images/163259/original/186382.webp,92.2,"Huoltosarja, johon kuuluu esisuodatin, ilmansuodatin, polttoainesuodatin, öljynsuodatin, sytytystulppa ja moottoriöljy - 100h.",,Husqvarna,
3478241002,Husqvarna Huoltosarja 100H B&S,https://tarvike.com/product/husqvarna-huoltosarja-100h-bs-163245,https://media.tarvike.com/product/images/163245/original/186370.webp,95.9,"Huoltosarja, jossa on ilmansuodatin, polttoainesuodatin, öljynsuodatin, sytytystulppa ja moottoriöljy - 100h.",,Husqvarna,
33661024000,Husqvarna BioClip-sarja,https://tarvike.com/product/husqvarna-bioclip-sarja-120819,https://media.tarvike.com/product/images/120819/original/204264.webp,57.9,"Käytetään, kun leikkuumenetelmä halutaan muuntaa silppuavaksi (BioClip). Leikkaa ruohon hienoksi silpuksi, joka palautuu nurmikolle nopeasti maatuvaksi luontaiseksi ravinteeksi parantaen samalla nurmikon kuivuudensietokykyä. Sarja sisältää tulpan ja terän.",,Husqvarna,
33660951000,Husqvarna Kaatokiila,https://tarvike.com/product/husqvarna-kaatokiila-121494,https://media.tarvike.com/product/images/121494/original/158514.png,16.9,Ehdoton varuste puiden kaatamisessa. Kiila helpottaa kaadon suuntaamista nostamalla puuta oikeaan suuntaan. Kiilaa käytetään estämään sahan terän juuttumista (tai puun kallistumista sahan suuntaan) myötäsahauksessa. Voidaan käyttää myös jo maassa olevien puiden sahaamiseen. Valmistettu iskunkestävästä muovista.,,Husqvarna,
27521816001,Ilmansuodatin mesh 80µm,https://tarvike.com/product/ilmansuodatin-mesh-80m-120111,https://media.tarvike.com/product/images/120111/original/204335.png,25.9,Alkuperäinen Husqvarnan ilmansuodatin. Estää lian ja roskien pääsyn moottoriin. Vaihda ilmansuodatin aina säännöllisin väliajoin optimaalisen suorituskyvyn ja tuotteen pidemmän käyttöiän saavuttamiseksi.,,Husqvarna,
27521812001,Ilmansuodatin,https://tarvike.com/product/ilmansuodatin-119870,https://media.tarvike.com/product/images/119870/original/204328.png,9.0,,,Husqvarna,
2615534002,Letkukara R11/2 11/2'LETKULLE,https://tarvike.com/product/letkukara-r112-112letkulle-156082,https://media.tarvike.com/product/images/156082/original/180517.jpeg,27.8,R11/2 11/2' Letkulle. Materiaali: messinki.,,IKH,
19180923002,"Teräketju .325"" PK 1.5 mm - 62 KL",https://tarvike.com/product/teraketju-325-pk-15-mm-62-kl-94996,https://media.tarvike.com/product/images/94996/original/100121.jpg,30.1,Katso alkuperäinen varaosakuva oikean varaosan määrittämiseksi.,,Ratioparts,
19180893002,"Ratioparts Teräketju rp 3/8"" HHM 1,3 49E",https://tarvike.com/product/ratioparts-teraketju-rp-38-hhm-13-49e-94985,https://media.tarvike.com/product/images/94985/original/100090.jpg,20.7,Katso alkuperäinen varaosakuva oikean varaosan määrittämiseksi.,,Ratioparts,
19180753002,"Husqvarna Terälevy X-Force 15"" .325"" 1,3 mm pixel SM",https://tarvike.com/product/husqvarna-teralevy-x-force-15-325-13-mm-pixel-sm-80651,https://media.tarvike.com/product/images/80651/original/157501.png,60.9,"Kestävyyttä, keveyttä ja suorituskykyä – Husqvarnan X-Force-terälevyt on suunniteltu käytettäviksi yhdessä X-Cut-ketjujen kanssa, jotta saat kaiken tehon irti Husqvarna-moottorisahastasi. Virtaviivainen siluetti, kestävä kärki ja laakerijärjestelmä sekä optimoitu keskilevy vähentävät seisokkiaikoja ja takaavat erinomaisen leikkuutuloksen. Terälevyn pituus 15"" Laipan pituus 150 mm Uraleveys 1.3 mm Ketjujako .325""",,Husqvarna,
19180745002,"Husqvarna Teräketju X-Cut SP33G 20"" Pixel .325"" 1,3 mm",https://tarvike.com/product/husqvarna-teraketju-x-cut-sp33g-20-pixel-325-13-mm-80642,https://media.tarvike.com/product/images/80642/original/157466.png,40.9,"X-CUT SP33G on ensimmäinen teräketju, jonka Husqvarna on kehittänyt, suunnitellut ja valmistanut alusta asti itse. Teräketju sopii erinomaisesti ammattilaisille jokapäiväiseen työskentelyyn sekä vaativaan kuluttajakäyttöön. Ketju pysyy terävänä pitkään ja se on kestävyydeltään ylivertainen. Esivenytetty ketju ei veny ja sen leikkuuteho on erinomainen, minkä ansiosta se tarjoaa paremman sahaustuloksen kuin koskaan aiemmin. Ketjujako .325"" Uraleveys 1.3 mm",,Husqvarna,
19180733002,"Husqvarna Teräketju X-Cut C85 20"" .3/8"" 1,5 mm 72 L",https://tarvike.com/product/husqvarna-teraketju-x-cut-c85-20-38-15-mm-72-l-80636,https://media.tarvike.com/product/images/80636/original/157444.png,38.9,"Edistyksellien ja suorituskykyinen 3/8"", 1.5 mm teräketju ammattimaiseen metsätyöhön. Alusta loppuun Husqvarnan valmistama ketju varmistaa parhaan mahdollisen leikkuutehon sahallesi. Erittäin kestävä ketju pysyy pitkään terävänä ja venyy vähemmän, minkä ansiosta se tarvitsee vähemmän ylläpitoa ja niiden vaatimia kustannuksia varmistaen paremmat tulokset ja tuottavuuden.",,Husqvarna,
19180706002,"Husqvarna Merkintänauha keltainen, 75 m",https://tarvike.com/product/husqvarna-merkintanauha-keltainen-75-m-80496,https://media.tarvike.com/product/images/80496/original/157131.png,5.8,"Valmistettu 100 %:sesta viskoosista, biologisesti hajoava.",,Husqvarna,
19180676002,"Husqvarna Teränhoitopaketti  H25 .325"" 1,5 mm",https://tarvike.com/product/husqvarna-teranhoitopaketti-h25-325-15-mm-80318,https://media.tarvike.com/product/images/80318/original/155997.png,28.9,"Täydellinen sarja helpottaa ketjun pitämistä teräkunnossa. Oikein teroitetulla ketjulla työ on helpompaa ja turvallisempaa. Viilanohjaimen avulla saadaan oikeat viilauskulmat, jolloin viilaaminen on huomattavasti helpompaa. Paketissa on viilankahva, viilanohjain-alennuskaavioyhdistelmä, kaksi pyöröviilaa ja lattaviila. Teroituspaketti H25 / .325"" / 1,5 mm",,Husqvarna,
19180600002,"Husqvarna Teräketju H25 .325"" 1,5 mm 16"" / 66 L",https://tarvike.com/product/husqvarna-teraketju-h25-325-15-mm-16-66-l-80237,https://media.tarvike.com/product/images/80237/original/29917.jpg,14.9,"Nopeasti ja tehokkaasti leikkaava ketju, jossa terälaitteen aiheuttama tärinä on vaimennettu tehokkaasti. Helppo teroittaa. Teräketju H25 / .325 / 1,5 mm / 66 dl",,Husqvarna,
19180596002,"Husqvarna Teräketju H25 .325"" 1,5 mm 13"" / 56 L",https://tarvike.com/product/husqvarna-teraketju-h25-325-15-mm-13-56-l-80235,https://media.tarvike.com/product/images/80235/original/29908.jpg,23.2,"Nopeasti ja tehokkaasti leikkaava ketju, jossa terälaitteen aiheuttama tärinä on vaimennettu tehokkaasti. Helppo teroittaa. Käytetään Ø 4,8 mm viilan kanssa.",,Husqvarna,
19179652002,Cub Cadet XS2 61 SWE lumilinko,https://tarvike.com/product/cub-cadet-xs2-61-swe-lumilinko-81515,https://media.tarvike.com/product/images/81515/original/31433.jpg,1690.0,"Cub Cadet XS2 61 SWE lumilinko tarjoaa arjen helpotusta lumitöihin pieniin ja keskisuuriin pihoihin. Zero- ohjausjärjestelmän avulla linkoa on helppo ohjata vaikka sormenpäillä, lingon ohjattavuus on sujuvaa ja työn tekeminen nopeaa. Xtreme- ruuvimurskaimen hammastettu reuna hienontaa paakkuuntuneen lumen ja jään ennen linkoamista. Sähköstartti käynnistää lumilingon napin painalluksella ja lämpökahvat pitävät kädet lämpimänä kylmemmilläkin keleillä. Cub Cadetin 4-tahtinen OHV- talvimoottori on vähäpäästöinen ja kehitetty erityisesti kylmiin olosuhteisiin. Työleveys 61 cm / paino 84 kg / OHV talvimoottori 208 cc",,Cub Cadet,
19179625002,Husqvarna suojapeite 2-vaihelumilinkoon,https://tarvike.com/product/husqvarna-suojapeite-2-vaihelumilinkoon-80620,https://media.tarvike.com/product/images/80620/original/157426.png,59.9,"Husqvarna suojapeite suojaa lumilinkosi säältä, pölyltä ja auringolta. Alareunassa joustava kiristysnauha. Sopii useimpiin Husqvarnan 2-vaihelinkoihin.",,Husqvarna,
19177359002,"Husqvarna Siimapää Trimmy S II M12, 2,0 - 3,3 mm",https://tarvike.com/product/husqvarna-siimapaa-trimmy-s-ii-m12-20-33-mm-80567,https://media.tarvike.com/product/images/80567/original/30315.jpg,71.9,"Siimapää, jossa manuaalinen siimansyöttö. Siimaa syötetään manuaalisesti painamalla siimansyöttöpainiketta ja vetämällä siimasta.",,Husqvarna,
19177352002,"Husqvarna Siimapää T45X M12, 2,7 - 3,3 mm",https://tarvike.com/product/husqvarna-siimapaa-t45x-m12-27-33-mm-80562,https://media.tarvike.com/product/images/80562/original/30294.jpg,52.9,"Husqvarnan suunnittelemassa T45X siimapäässä on puoliautomaattinen siimansyöttö ja siitä käytetään myös nimitystä ""Tap’n go"" sekä laakeroitu pohjakappale jonka ansiosta vaativassakin käytössä kestävyys ja työn joutuvuus on huippuluokkaa.",,Husqvarna,
19177272002,"Siima Opti Round Ø2,4 mm x 90 m",https://tarvike.com/product/siima-opti-round-24-mm-x-90-m-121441,https://media.tarvike.com/product/images/121441/original/160383.jpg,19.5,Yleiskäyttöön suunnitellussa siimassa on pyöreä profiili. Hyvän leikkuutehon ja kestävyyden ansiosta siima sopii moniin käyttötarkoituksiin. Sopii kaikkiin vakiomallisiin siimapäihin.,,Husqvarna,
19176892002,"Husqvarna nahkavyö, 125 cm",https://tarvike.com/product/husqvarna-nahkavyo-125-cm-80297,https://media.tarvike.com/product/images/80297/original/155958.png,28.9,Nahkainen työkaluvyö.,,Husqvarna,
19176872002,"Husqvarna Kuulonsuojaimet Pro, sankamalli",https://tarvike.com/product/husqvarna-kuulonsuojaimet-pro-sankamalli-80288,https://media.tarvike.com/product/images/80288/original/155965.png,39.9,"Kevyet kuulonsuojaimet, joissa säädettävä pehmustettu sanka. Päähän kohdistuvaa painetta voidaan säätää n. 20 %. Erinomainen vaihtoehto, kun halutaan mukavuutta ja yksilöllistä sopivuutta. Voidaan varustaa visiirillä.",,Husqvarna,
18340720001,Fiskars Lumilapio Snowxpert,https://tarvike.com/product/fiskars-lumilapio-snowxpert-44488,https://media.tarvike.com/product/images/44488/original/17047.jpg,36.95,"Fiskars SnowXpert™ -lumilapiossa on kevyt alumiinivarsi, jossa on uusittu oranssi tarttumapinta. Ergonomisesti muotoiltu kädensija mahdollistaa tukevan otteen jopa paksuilla kintailla. Lujitemuovista valmistettu kuuppaosa on kevyt, mutta jäykkä, mikä mahdollistaa isompienkin lumikuormien poistamisen pihoilta, käytäviltä ja autojen ympäriltä.",,Fiskars,
17742886001,"Kekkilä Marjalannoite, Luonnonmukainen 3 l",https://tarvike.com/product/kekkila-marjalannoite-luonnonmukainen-3-l-127226,https://media.tarvike.com/product/images/127226/original/162011.png,17.9,"Marjalannoite on luonnonmukainen, puhtaista kierrätetyistä raaka- aineista valmistettu lannoite marja- ja hedelmäkasveille.",,Kekkilä,
17362786001,Ötökkä Hyönteisverkkorulla 100x250 valkoinen,https://tarvike.com/product/otokka-hyonteisverkkorulla-100x250-valkoinen-101948,https://media.tarvike.com/product/images/101948/original/118858.jpg,11.6,"Monikäyttöinen hyönteisverkko, jolla suljet asuntosi, kesämökkisi tai vaikka asuntovaunusi aukot helposti. Rullan koko 100 x 250 cm.",,,
17362764001,Husqvarna A1400 -yleiskirves,https://tarvike.com/product/husqvarna-a1400-yleiskirves-80625,https://media.tarvike.com/product/images/80625/original/157422.png,87.9,"Yleiskirves soveltuu monenlaiseen käyttöön, kuten rakennus- ja metsätyöhön. Tarttumattomaksi käsitellyn terän kitka on pienempi ja se uppoaa hyvin puuhun Terän geometria sopii oivallisesti puutyöhön Lasikuituvahvisteinen polyamidivarsi on kestävä ja vakaa Painopiste on lähellä terää, minkä ansiosta paino jakautuu erinomaisesti, jolloin iskuihin saa voimaa Voidaan käyttää vasaran tavoin halkaisukiiloja käytettäessä (ei teräskiilojen kanssa)",,Husqvarna,
14359489000,Säilytyslaatikko Classic 31L,https://tarvike.com/product/sailytyslaatikko-classic-31l-151978,https://media.tarvike.com/product/images/151978/original/189345.webp,12.0,"Tilava säilytyslaatikko sopii erinomaisesti esim. kausivaatteiden, kenkien, tyynyjen, peittojen tai vaikkapa urheiluvälineiden säilytykseen.",,Smartstore By Orthex,
13805985001,"Kombikannu 6 l + 2,5 l",https://tarvike.com/product/kombikannu-6-l-25-l-175669,https://media.tarvike.com/product/images/175669/original/198032.webp,21.5,"Monipuoliseen kombikannuun mahtuu 6 litraa polttoainetta ja 2,5 litraa teräketjuöljyä.",,IKH,
13240957000,Rikkakasvien ja sammaleen poistaja 1 l nopea,https://tarvike.com/product/rikkakasvien-ja-sammaleen-poistaja-1-l-nopea-155133,https://media.tarvike.com/product/images/155133/original/188803.webp,16.9,Solabiol nopea rikkakasvien ja sammaleen poistaja.,,Solabiol,
13240943000,Sanko 12 l sinkittyä peltiä,https://tarvike.com/product/sanko-12-l-sinkittya-peltia-155259,https://media.tarvike.com/product/images/155259/original/188773.webp,8.99,Vetoisuus 12 l.,,Gardeco,
13232100000,Katuharja 250mm,https://tarvike.com/product/katuharja-250mm-149971,https://media.tarvike.com/product/images/149971/original/188468.webp,2.4,Pitkät harjakset PET-kuitua.,,Gardeco,
12828209000,"Ylivuotoliitin, ALU MB",https://tarvike.com/product/ylivuotoliitin-alu-mb-156866,https://media.tarvike.com/product/images/156866/original/187708.jpg,10.5,2-tie (T-malli) (alumiini).,,Startax,
11623526000,"Husqvarna Ruohonleikkurinterä, traktori 38""/97CM BIO",https://tarvike.com/product/husqvarna-ruohonleikkurintera-traktori-3897cm-bio-80630,https://media.tarvike.com/product/placeholders/productImageComingSoong.jpg,33.9,"Sivulle puhaltava, silppuava",,Husqvarna,
11623515000,Husqvarna Öljynsuodatin Kawasaki P524 (KAW 49065-7007),https://tarvike.com/product/husqvarna-oljynsuodatin-kawasaki-p524-kaw-49065-7007-80529,https://media.tarvike.com/product/images/80529/original/147026.webp,48.1,Alkuperäinen Husqvarnan öljynsuodatin Kawasaki P524,,Husqvarna,
11623503000,Ajoleikkurin virtalukko  sis. avaimet,https://tarvike.com/product/ajoleikkurin-virtalukko-sis-avaimet-80465,https://media.tarvike.com/product/images/80465/original/30203.jpg,37.4,"Husqvarna muovinen ajoleikkurin virtalukko, joka sisältää avaimet. Sopii useisiin Husqvarna rider -ajoleikkureihin. Katso tarkempi sopivuus teknisistä tiedoista.",,Husqvarna,
11623492000,Husqvarna Öljynsuodatin Kawasaki 15-21HV,https://tarvike.com/product/husqvarna-oljynsuodatin-kawasaki-15-21hv-80433,https://media.tarvike.com/product/placeholders/productImageComingSoong.jpg,40.3,,,Husqvarna,
11623489000,"Husqvarna Ruohonleikkurin terä R152SV Universal 53cm / 21""",https://tarvike.com/product/husqvarna-ruohonleikkurin-tera-r152sv-universal-53cm-21-80428,https://media.tarvike.com/product/placeholders/productImageComingSoong.jpg,41.1,,,Husqvarna,
11623485000,"Husqvarna Ruohonleikkurin Terä 55cm / 22"" puhaltava",https://tarvike.com/product/husqvarna-ruohonleikkurin-tera-55cm-22-puhaltava-80426,https://media.tarvike.com/product/images/80426/original/30132.jpg,44.5,,,Husqvarna,
11623480000,"Husqvarna Ruohonleikkurin Terä Traktori 36"" / 92cm BIO",https://tarvike.com/product/husqvarna-ruohonleikkurin-tera-traktori-36-92cm-bio-80423,https://media.tarvike.com/product/placeholders/productImageComingSoong.jpg,32.4,Sivulle puhaltava. Silppuava,,Husqvarna,
11623410000,Ruohonleikkurin öljynvaihtoimuri,https://tarvike.com/product/ruohonleikkurin-oljynvaihtoimuri-80985,https://media.tarvike.com/product/images/80985/original/30780.jpg,5.4,,,Husqvarna,
11120276002,"Fiskars Pikaliitin 13-15mm (1/2-5/8"")",https://tarvike.com/product/fiskars-pikaliitin-13-15mm-12-58-44480,https://media.tarvike.com/product/images/44480/original/17026.jpeg,6.59,"Fiskarsin uusi pikaliitin on helposti valittava, ergonominen ja korkealaatuinen Oikean kokoisen liittimen valinta on tehty helpoksi värikoodauksen avulla: sininen sopii 13 - 15 mm (1/2"" - 5/8"") letkuille Pehmeä pintarakenne takaa pitävän otteen myös märkänä Yhteensopiva muiden valmistajien tuotteiden kanssa Mitat P 68 x K 116 x L 39 mm Paino 30 g",,Fiskars,
11120163002,Lumikola Matti 73cm,https://tarvike.com/product/lumikola-matti-73cm-44433,https://media.tarvike.com/product/images/44433/original/16970.jpg,69.0,"Valmistettu kierrätyskelpoisesta vahvasta HD-polyeteenimuovista Käyttö vaatii vähemmän ""tehoa"" Kevyempi rakenne, paino 4,5 kg Leveys 73 cm",,IKH,
8289874002,"Deli Rengas, 16 x 6.50-8 TL 4-pr, S-365",https://tarvike.com/product/deli-rengas-16-x-650-8-tl-4-pr-s-365-134940,https://media.tarvike.com/product/images/134940/original/171932.jpg,48.6,Vastaavat mm-koot: - 165/60-8 - 170/60-8,,Deli,
706445001,"Greentek Tulpanhattu, Yleismalli, Kumia , Ø 5mm johdolle",https://tarvike.com/product/greentek-tulpanhattu-yleismalli-kumia-5mm-johdolle-133455,https://media.tarvike.com/product/images/133455/original/171674.jpg,3.1,"Husqvarna 501 48 54-01 , 501 48 54-02 , 501485401 , 501485402",,,
4955834000,Sisärengas 15 x 6.00 - 6 TR13,https://tarvike.com/product/sisarengas-15-x-600-6-tr13-79285,https://media.tarvike.com/product/images/79285/original/28272.jpg,10.7,Puutarhakoneiden/Kottikärryn sisärengas Koko 15 x 6.00 - 6,,,
4955799000,"Ruohonleikkurin Rengas 18 x 8.50 - 8, TL 4-pr, HF224",https://tarvike.com/product/ruohonleikkurin-rengas-18-x-850-8-tl-4-pr-hf224-79269,https://media.tarvike.com/product/images/79269/original/28259.jpg,107.0,Ruohonleikkurin rengas Koko 18 x 8.50 - 8,,,
4955774000,"Lumilingon Rengas 13 x 5.00 - 6, TL 2-pr, HF271",https://tarvike.com/product/lumilingon-rengas-13-x-500-6-tl-2-pr-hf271-79257,https://media.tarvike.com/product/images/79257/original/28228.jpg,38.1,Lumilingon rengas Koko 13 x 5.00 - 6,,,
9963008001,Husqvarna Huoltosarja,https://tarvike.com/product/husqvarna-huoltosarja-163540,https://media.tarvike.com/product/images/163540/original/186540.webp,37.5,"Huoltosarja, jossa on ilmansuodatin, polttoainesuodatin, sytytystulppa ja moottoriöljy.",,Husqvarna,
8189044002,Ilmansuodatin,https://tarvike.com/product/ilmansuodatin-177945,https://media.tarvike.com/product/images/177945/original/203184.webp,8.1,,,Husqvarna,
8189040002,Ilmansuodatin,https://tarvike.com/product/ilmansuodatin-177939,https://media.tarvike.com/product/images/177939/original/203188.webp,12.8,,,Husqvarna,
8189031002,Robottiruohonleikkurin akku,https://tarvike.com/product/robottiruohonleikkurin-akku-177919,https://media.tarvike.com/product/images/177919/original/202758.webp,243.2,14 18.0 V / 5.0 Ah.,,Husqvarna,
8189030002,Robottiruohonleikkurin akku,https://tarvike.com/product/robottiruohonleikkurin-akku-177917,https://media.tarvike.com/product/images/177917/original/203198.webp,136.9,"10 Li-Ion 18V, 2.0 Ah, 36.0Wh.",,Husqvarna,
4963065000,Husqvarna BLi30-akku,https://tarvike.com/product/husqvarna-bli30-akku-81403,https://media.tarvike.com/product/images/81403/original/159454.png,339.0,"Husqvarna BLi30 on tehokas, integroitava 270 Wh Li-Ion-akku osa-aikaiseen käyttöön. Erinomainen käyttöaika ja suorituskyky vaativiin töihin. Neljän LED-valon latausilmaisin ja tehokas jäähdytys. Voidaan ladata uudelleen jopa 600 kertaa. Paino 1,9 kg. Akun kapasiteetti 7.7 Ah Akun tyyppi Li-Ion Akun jännite 36 V",,Husqvarna,
4963059000,"Husqvarna QC 80-akkulaturi, 80 W",https://tarvike.com/product/husqvarna-qc-80-akkulaturi-80-w-81322,https://media.tarvike.com/product/images/81322/original/31176.jpg,84.9,"Husqvarnan Li-ion-akkujen laturit lataavat nopeasti ja älykkäästi. Akkulaturi, QC80-laturi 80W, 220V",,Husqvarna,
4963053000,"Husqvarna BLi200 -akku 36V, 5,2 Ah",https://tarvike.com/product/husqvarna-bli200-akku-36v-52-ah-81270,https://media.tarvike.com/product/images/81270/original/159028.png,179.0,"Ammattikäyttöön sopiva tehokas 5,2Ah akku, joka toimii kaikissa sääolosuhteissa. Kestävä rakenne mahdollistaa jopa 1 500 latauskertaa. Tehokas jäähdytys ja helppotajuinen neljän merkkivalon latausilmaisin. 5.2Ah / Li-Ion / 36V / 1,3 kg",,Husqvarna,
4955972000,Husqvarna Automower Pyöräharjasarja 6 kpl,https://tarvike.com/product/husqvarna-automower-pyoraharjasarja-6-kpl-80524,https://media.tarvike.com/product/images/80524/original/30268.jpg,46.8,"Auttaa pitämään pyörät puhtaina ja pidon hyvänä. Pyöräharjasaraja, 6 harjaa, 2 kiinnikettä, AM G2 (04-), kuplapakkaus",,Husqvarna,
4955903000,Husqvarna Automower Rajakaapeli 500m,https://tarvike.com/product/husqvarna-automower-rajakaapeli-500m-80334,https://media.tarvike.com/product/images/80334/original/156082.png,479.0,Husqvarna Heavy Duty -kaapeli sopii vaativiin Automower®-käyttökohteisiin ja rajaa leikkurin käyttöalueen turvallisesti! Kaapeli sopii erinomaisesti suurten ja monimutkaisten pihojen tai alueiden rajaamiseen.,,Husqvarna,
4955886000,"Husqvarna Ruohonleikkurin Suojapeite, Rider 100-300 -sarjat",https://tarvike.com/product/husqvarna-ruohonleikkurin-suojapeite-rider-100-300-sarjat-80284,https://media.tarvike.com/product/images/80284/original/155953.png,81.9,Riderin kokonaan peittävä suoja on tehty vettäpitävästä nylonista. Reunassa säädettävä kiristysnaru ja tuuletusaukot.,,Husqvarna,
426375001,Husqvarna HL 1200 akkukäyttöinen kypärälamppu,https://tarvike.com/product/husqvarna-hl-1200-akkukayttoinen-kyparalamppu-120061,https://media.tarvike.com/product/images/120061/original/173623.png,258.9,"Husqvarna HL 1200 on tehokas kypärälamppu, joka sopii täydellisesti Husqvarnan Technical-kypärään. Tämä lamppu on ihanteellinen, kun täytyy työskennellä aikaisin aamulla tai myöhemmin illalla.",,Husqvarna,
33661005000,Husqvarna Halkaisukiila,https://tarvike.com/product/husqvarna-halkaisukiila-120354,https://media.tarvike.com/product/images/120354/original/157223.png,44.9,"Kiilan kaareva muoto soveltuu erinomaisesti puunrungon halkaisemiseen. Käytetään yhdessä lekan tai nuijakirveen kanssa. Käytä aina kasvo- ja silmäsuojaimia, kun lyöt teräksen terästä vasten.",,Husqvarna,
33521069000,Husqvarna Kiristysräikkä,https://tarvike.com/product/husqvarna-kiristysraikka-120219,https://media.tarvike.com/product/images/120219/original/204235.webp,25.9,"Kiristysräikkä kuorman varmistamiseen kuljetuksen aikana. Saatavilla kolmessa eri versiossa, joiden enimmäiskuormitus on 1000, 3000 ja 5000 kg.",,Husqvarna,
33507135000,"Husqvarna 530iB Lehtipuhallin, ei sis. akkua ja laturia",https://tarvike.com/product/husqvarna-530ib-lehtipuhallin-ei-sis-akkua-ja-laturia-122567,https://media.tarvike.com/product/images/122567/original/160123.png,439.0,"Husqvarna 530iB on tehokas akkukäyttöinen puhallin. Siinä on tehokas harjaton moottori, joka kuluttaa vähän energiaa ja lisää käyttöaikaa. Kevyt, kompakti ja tasapainoinen muotoilu tekee siitä sopivan kokopäiväiseen ammattikäyttöön, ja alhaisen melutason ansiosta sitä voi käyttää julkisilla, meluherkillä alueilla. Jos tarvitset lisää puhallustehoa, voit aktivoida Boost-toiminnon helposti. Vakionopeudensäätimen ansiosta voit asettaa kiinteän puhallusnopeuden toimimaan jatkuvasti ilman säätöjä ja keskittyä täysin lehtien ja roskien poistamiseen. Vakionopeudensäädin voidaan aktivoida myös Boost-tilassa. 530iB on osa joustavaa Husqvarna BLi-X 36V -akkujärjestelmää. Akku ja laturi myydään erikseen.",,Husqvarna,
3095816001,Jonsered Kurist.Akseli,https://tarvike.com/product/jonsered-kuristakseli-128835,https://media.tarvike.com/product/images/128835/original/168062.webp,25.0,Jonsered Kurist.Akseli,,Jonsered,
27521846001,Husqvarna 40-C1000X4 lataus- ja kuljetuslaatikko,https://tarvike.com/product/husqvarna-40-c1000x4-lataus-ja-kuljetuslaatikko-122584,https://media.tarvike.com/product/images/122584/original/160167.png,569.0,"Husqvarna 40-1000X4 monipaikkainen lataus- ja kuljetuslaatikko akkujen lataamiseen missä tahansa – työpajassa, työmaalla, autossa tai perävaunussa. 40-C1000X4 mahdollistaa jopa neljän Husqvarna BLi-X 36V akun samanaikaisen ja helpon latauksen yhdessä yksikössä. Älykkään kuormituksen tasapainotuksen ansiosta kaikki akut latautuvat nopeasti ja tehokkaasti. Täyttää IPX4-luokituksen vedenpitävyyden suhteen, joten se sopii käytettäväksi kaikissa sääolosuhteissa. Lataus-, kuljetus- ja säilytys – tämä monipaikkainen laatikko tarjoaa all-in-one-ratkaisun helppoon akkujen käsittelyyn. Akut myydään erikseen.",,Husqvarna,
27521840001,"Husqvarna X-Force, laminoitu terälevy 3/8"" 1.5 mm",https://tarvike.com/product/husqvarna-x-force-laminoitu-teralevy-38-15-mm-120827,https://media.tarvike.com/product/images/120827/original/204299.webp,64.8,Terälevyn loivasti kaartuva muoto ja pieni kärkipyörä vähentävät takapotkun vaaraa. Terälevyissä on naarmuilta ja korroosiolta suojaava epoksilakkaus.,,Husqvarna,
27521824001,Tärinänvaimennin,https://tarvike.com/product/tarinanvaimennin-120185,https://media.tarvike.com/product/images/120185/original/156666.png,16.6,"Alkuperäinen Husqvarnan tärinänvaimennuselementti. Suunniteltu vähentämään melua ja tärinää, jotta voit työskennellä mukavasti ja tehokkaasti pidemmän aikaa.",,Husqvarna,
27521797001,Terän mutteri M10x1.25 L-6H DIN 1654 T.4 Zn,https://tarvike.com/product/teran-mutteri-m10x125-l-6h-din-1654-t4-zn-119608,https://media.tarvike.com/product/images/119608/original/155878.png,8.2,Alkuperäinen Husqvarna terälaitteen kiinitysmutteri. suuniteltu ja testattu Husqvarnan tuotteisiin.,,Husqvarna,
2544514002,Sisärengas,https://tarvike.com/product/sisarengas-400-4-tr87-40951,https://media.tarvike.com/product/images/40951/original/194908.webp,9.0,,,Agrilife,
1943974000,Jonsered Jousi 535 455,https://tarvike.com/product/jonsered-jousi-535-455-128791,https://media.tarvike.com/product/placeholders/productImageComingSoong.jpg,2.1,Jonsered Jousi 535 455.,,Jonsered,
19180929002,Strand Raivaussahanterä 200/25,https://tarvike.com/product/strand-raivaussahantera-20025-96152,https://media.tarvike.com/product/images/96152/original/103134.jpg,30.3,Terähampaan patentoitu kaksoisteroitus takaa jopa 100 % nopeamman sahauksen ja 30 % pienemmän polttoainekulutuksen tavallisiin raivausteriin verrattuna.,,,
19180901002,"Ratioparts Ketju rp  3/8"" HHM 1,3 57E",https://tarvike.com/product/ratioparts-ketju-rp-38-hhm-13-57e-94989,https://media.tarvike.com/product/images/94989/original/100091.jpg,24.0,Katso alkuperäinen varaosakuva oikean varaosan määrittämiseksi.,,Ratioparts,
19180875002,"Oregon Teräketju 3/8 45 VL 1,1 MM VL 45",https://tarvike.com/product/oregon-teraketju-38-45-vl-11-mm-vl-45-81528,https://media.tarvike.com/product/images/81528/original/31457.jpeg,14.7,"Vähän täristävissä, takapotkua vaimentavissa kourutalttahampaissa on kulmittaismuoto ja kaksi leikkuunurkkaa, mikä tekee ketjusta pyöreänurkkaisiin ketjuihin verrattuna erittäin suorituskykyisen, kestävän ja helposti huollettavan. Kapea, 1,1 mm (.043”) rakoväli keventää MICRO-LITE™-terälaipan ja ketjun yhdistelmän painoa noin 15 %. LubriLink™-sidelenkit auttavat pitämään öljyn siellä missä sitä tarvitaan – ketjussa. Ylälevyn viilausmerkki helpottaa tarkkaa teroitusta. Kaikissa vetolenkeissä olevat Lubriwell™- öljyreiät auttavat levittämään öljyn terälaipan uran koko pituudelle. Suositellaan sähkösahoihin ja iskutilavuudeltaan korkeintaan 35 cm3:n polttomoottorisahoihin, joiden terälaipan pituus on 30 -",,Scheppach,
19180790002,"TERÄNHOITOPAKETTI  X-CUT SP33G .325"" 1,3 MM",https://tarvike.com/product/teranhoitopaketti-x-cut-sp33g-325-13-mm-80772,https://media.tarvike.com/product/images/80772/original/30540.jpg,29.9,"Täydellinen sarja teräketjun kunnossapitoon. Oikein teroitetulla ketjulla työ on helpompaa ja turvallisempaa. Viilanohjaimen avulla saadaan oikeat viilauskulmat, jolloin viilaaminen on huomattavasti helpompaa. Paketissa on viilankahva, viilanohjain-alennuskaavioyhdistelmä, kaksi pyöröviilaa ja lattaviila.",,Husqvarna,
19180671002,"Husqvarna Rullaviilanohjain ja alennuskaavio .325"" 1,5 mm",https://tarvike.com/product/husqvarna-rullaviilanohjain-ja-alennuskaavio-325-15-mm-80315,https://media.tarvike.com/product/images/80315/original/156000.png,14.8,Husqvarnan yhdistelmäviilanohjaimessa on yhdistetty viilaohjain ja alennuskaavio. Käytetään pyörö- ja lattaviilan kanssa oikean viilauskulman saamiseksi. Saatavana kaikkiin Husqvarnan teräketjuihin.,,Husqvarna,
19180647002,"Husqvarna Teräketju 15"" - 64 vl 0.325"" 1.3mm",https://tarvike.com/product/husqvarna-teraketju-15-64-vl-0325-13mm-80280,https://media.tarvike.com/product/images/80280/original/29944.jpg,18.3,,,Husqvarna,
19179658002,Kitkapyörän kumi,https://tarvike.com/product/kitkapyoran-kumi-94952,https://media.tarvike.com/product/images/94952/original/100057.jpg,3.6,Sopii mm. MTD lumilingoille. Katso alkuperäinen varaosakuva oikean varaosan määrittämiseksi.,,Ratioparts,
19179609002,Honda HSS 970A ETD lumilinko,https://tarvike.com/product/honda-hss-970a-etd-lumilinko-61140,https://media.tarvike.com/product/images/61140/original/17894.jpg,6590.0,"Järeä telalumilinko Honda HSS 970 ETD on suunniteltu käytettäväksi vaativissa olosuhteissa. Tehokas moottori ja portaaton, hydrostaattinen voimansiirto telastoon antavat erinomaiset edellytykset raskaankin lumen siirtoon. Linkopesän tasosäätö on portaaton. Telojen ja säädettävän linkopesän ansiosta lumenpoisto tasakatoilta onnistuu hyvin. Lingon maksimikapasiteetti on jopa 50 tonnia tunnissa ja lumen heittoetäisyys peräti max. 15m. Tässä ETD -mallissa lumen heittoetäisyys ja -kulma on sähköisesti säädettävissä. LED -valo vakiovarusteena.",,Honda,
19179603002,Honda HSS 1380A ETD lumilinko,https://tarvike.com/product/honda-hss-1380a-etd-lumilinko-61134,https://media.tarvike.com/product/images/61134/original/17866.jpg,6990.0,"Lumikenttien kuningas! Honda HSS 1380A ETD lumilinko on varustettu hydrostaattisella voimansiirrolla ja sähkökäynnistyksellä. Heittokapasiteetti on 65 tonnia tunnissa. Lumen heittoetäisyys ja -kulma on sähköisesti säädettävissä. Järeä telamalli on varustettu samoilla ominaisuuksilla kuin HSS970A -malli, mutta sen työskentelykapasiteetti on vielä huomattavasti suurempi.",,Honda,
19177391002,"Husqvarna CoreCut Siima Ø3,0 mm x 10 m, oranssi/läpinäkyvä",https://tarvike.com/product/husqvarna-corecut-siima-30-mm-x-10-m-oranssilapinakyva-81144,https://media.tarvike.com/product/images/81144/original/158489.png,8.5,Ammattikäyttöön suunniteltu siima on profiililtaan viisikulmio. Energiatehokkuus ja leikkuuteho muodostavat täydellisen yhdistelmän. Kaksoispropolymeerimateriaalissa on joustava sisus ja kestävä sulamaton pinta. Sopii kaikkiin vakiomallisiin siimapäihin.,,Husqvarna,
19177284002,"Siima Opti Quadra Ø2,7 mm x 55 m",https://tarvike.com/product/siima-opti-quadra-27-mm-x-55-m-121455,https://media.tarvike.com/product/images/121455/original/158463.png,19.5,Yleiskäyttöön suunnitellussa siimassa on neliömäinen profiili. Terävien reunojen ansiosta leikkuuteho on erinomainen erityisesti tiheää ja paksua ruohoa leikattaessa. Sopii kaikkiin vakiomallisiin siimapäihin.,,Husqvarna,
19177246002,V-Klinga Allround raivaussahanterä 200mm / 20 mm,https://tarvike.com/product/v-klinga-allround-raivaussahantera-200mm-20-mm-96154,https://media.tarvike.com/product/images/96154/original/103121.jpg,29.3,"Monikäyttöinen V-Klingan raivaussahan terä. Käy ruohon, heinän sekä varttuneen vesakon niittämiseen.",,,
19176920002,Husqvarna Vaihtopehmustesarja Radiokuulonsuojaimiin,https://tarvike.com/product/husqvarna-vaihtopehmustesarja-radiokuulonsuojaimiin-80532,https://media.tarvike.com/product/images/80532/original/30275.jpg,15.9,Takaa mukavuuden ja suojauksen ja on lisäksi hygieeninen. Sarjaan kuuluvat vaimennus- ja korvatyynyt. Vaihdettava kaksi kertaa vuodessa.,,Husqvarna,
18340691001,"Fiskars Oksasakset P26, ohileikkaavat",https://tarvike.com/product/fiskars-oksasakset-p26-ohileikkaavat-44456,https://media.tarvike.com/product/images/44456/original/16981.jpg,18.9,"Fiskarsin SingleStep oksasakset ovat suunniteltu tuoreen puun leikkaamiseen. Leikkaa maksimissaan noin 22 mm paksua puuta. Fiskarsin ohileikkaavia oksasaksia on helppo ja miellyttävä käyttää, sillä ne on ergonomisesti muotoiltu. Erittäin hyvät oksasakset niin ammattilaisten kuin harrastepuutarhureiden käyttöön. Terä ruostumatonta terästä Yläterän PTFE-pinnoite vähentää kitkaa Lukitusmekanismi pitää terät turvallisesti kiinni silloin, kun leikkuria ei käytetä Reikä rannehihnalle Leikkuuteho n. Ø 22 mm Pituus 208 mm",,Fiskars,
18340668001,Fitt Puutarhaletku 15mm x 25m,https://tarvike.com/product/fitt-puutarhaletku-15mm-x-25m-44441,https://media.tarvike.com/product/images/44441/original/16961.jpg,21.0,Fitt Puutarhaletku 15mm x 25m on kestävä kasteluletku. Materiaali PVC + polyesteri.,,IKH,
18340664001,Lasten lumikola Mikko 45cm,https://tarvike.com/product/lasten-lumikola-mikko-45cm-44429,https://media.tarvike.com/product/images/44429/original/16953.jpg,39.9,"Valmistettu kierrätyskelpoisesta vahvasta HD-polyeteenimuovista Leveys 45 cm Paino 1,5 kg Ikäsuositus 7 - 12 vuotta",,IKH,
18339606001,Husqvarna 40-C500X akkulaturi,https://tarvike.com/product/husqvarna-40-c500x-akkulaturi-110244,https://media.tarvike.com/product/images/110244/original/160208.png,164.0,"Husqvarna 40-C500X -laturi on tehokas pikalaturi, joka on optimoitu joustavan Husqvarna BLi-X 36V -akkujärjestelmän akkujen nopeaan lataamiseen. 500 W:n lataustehon ja sisäisillä puhaltimilla varustetun ActiveCool-jäähdytysjärjestelmän ansiosta 40-C500X mahdollistaa nopean latauksen ilman aikaa vieviä jäähdytysaikoja. Laturi voidaan joko asettaa pöydälle tai hyllylle tai asentaa helposti seinään käyttämällä seinäkiinnikettä, joka on saatavana lisävarusteena.",,Husqvarna,
1802739002,Jonsered Tappi 535 455 525 450,https://tarvike.com/product/jonsered-tappi-535-455-525-450-128849,https://media.tarvike.com/product/images/128849/original/168055.webp,3.7,Jonsered Tappi 535 455 525 450.,,Jonsered,
17743717001,Kekkilä viherkasviravinne 400 ml,https://tarvike.com/product/kekkila-viherkasviravinne-400-ml-127222,https://media.tarvike.com/product/images/127222/original/162015.jpg,7.8,Kekkilä Viherkasviravinne on helposti annosteltava kasteluveteen sekoitettava erikoislannoite kaikille viherkasveille.,,Kekkilä,
17362793001,Fiskars Istutuslapio Solid,https://tarvike.com/product/fiskars-istutuslapio-solid-126345,https://media.tarvike.com/product/images/126345/original/160435.webp,9.29,"Fiskars Solid™ -istutuslapio kuuluu laadukkaaseen ja kestävään, lyhytvartisten puutarhatyökalujen sarjaan, joka on valmistettu vastuullisesti kierrätysmateriaaleista ja jota on mukava käyttää. Sen leveä ja kaareva, teräväreunainen kauha sopii hyvin pintamaan rikkomiseen ja pienten istutuskolojen kaivamiseen ruukkuihin ja kukkapenkkeihin Istutuslapio on 65-prosenttisesti kierrätettyä, lasikuituvahvisteista muovia kestävyyden takaamiseksi Istutuslapio on UV-suojattu ja säänkestävä Istutuslapion ergonominen kahva vähentää käteen kohdistuvaa rasitusta, ja siinä on näppärä ripustusreikä helppoon säilytykseen",,Fiskars,
13240936000,Laastipalju 65l pyöreä,https://tarvike.com/product/laastipalju-65l-pyorea-155255,https://media.tarvike.com/product/images/155255/original/188777.webp,9.49,Vetoisuus 65l,,Gardeco,
13240934000,Laastipalju 90L Pyöreä,https://tarvike.com/product/laastipalju-90l-pyorea-155254,https://media.tarvike.com/product/images/155254/original/188778.webp,11.4,Vetoisuus 90l.,,Gardeco,
13240932000,Rakennuspalju 65L suorakaide,https://tarvike.com/product/rakennuspalju-65l-suorakaide-155253,https://media.tarvike.com/product/images/155253/original/188779.webp,9.49,Vetoisuus 65l,,Gardeco,
13099088001,"Säilytyslaatikko Classic 15 l, transparent",https://tarvike.com/product/sailytyslaatikko-classic-15-l-transparent-151980,https://media.tarvike.com/product/images/151980/original/189606.webp,7.05,"Sopii mainiosti papereiden, lehtien ja kirjojen säilytykseen, sillä laatikkoon sopii A4 -kokoinen paperiarkki. Käytännöllinen säilytyslaatikko esimerkiksi kotitoimistoon.",,Smartstore By Orthex,
11623528000,TERÄ 46CM R147/S/SE,https://tarvike.com/product/tera-46cm-r147sse-80632,https://media.tarvike.com/product/images/80632/original/146559.webp,32.8,Terä 46cm R147/S/SE,,Husqvarna,
11623513000,Husqvarna Automower Kaapelitesteri,https://tarvike.com/product/husqvarna-automower-kaapelitesteri-80518,https://media.tarvike.com/product/images/80518/original/30259.jpg,60.5,Yksinkertainen ja helppo testauslaite robottiruohonleikkureiden rajakaapeleille. Auttaa löytämään kaapelikatkoksia rajakaapelista. Sopii kaikkiin automower malleihin,,Husqvarna,
11623478000,Husqvarna Öljynsuodatin Kohler SV 15/17 HV,https://tarvike.com/product/husqvarna-oljynsuodatin-kohler-sv-1517-hv-80419,https://media.tarvike.com/product/placeholders/productImageComingSoong.jpg,42.2,,,Husqvarna,
11623448000,Husqvarna Klippo Alaterät lautaterä 2kpl,https://tarvike.com/product/husqvarna-klippo-alaterat-lautatera-2kpl-80270,https://media.tarvike.com/product/placeholders/productImageComingSoong.jpg,28.85,,,Husqvarna,
11623446000,"Husqvarna Klippo Terä BIO, 53 CM, 21""",https://tarvike.com/product/husqvarna-klippo-tera-bio-53-cm-21-80269,https://media.tarvike.com/product/placeholders/productImageComingSoong.jpg,44.5,,,Husqvarna,
11623221000,Husqvarna Huoltosarja,https://tarvike.com/product/husqvarna-huoltosarja-163244,https://media.tarvike.com/product/images/163244/original/186366.webp,77.1,"Huoltosarja, jossa on ilmansuodatin, polttoainesuodatin, öljynsuodatin, sytytystulppa ja moottoriöljy.",,Husqvarna,
11159988000,Jatkonippa M22 U / U - 14/15,https://tarvike.com/product/jatkonippa-m22-u-u-1415-158244,https://media.tarvike.com/product/images/158244/original/183227.jpg,2.9,,,Clen,
8289876002,"Deli Sisärengas, 15 x 6.00 - 6 TR-13 (suora)",https://tarvike.com/product/deli-sisarengas-15-x-600-6-tr-13-suora-134941,https://media.tarvike.com/product/images/134941/original/171936.jpg,16.9,Sisärengas - Suora venttiiili -15x6.00-6 Korvaa S156006,,Deli,
4955787000,"Ruohonleikkurin Rengas 13 x 5.00 - 6, TL 4-pr, HF224",https://tarvike.com/product/ruohonleikkurin-rengas-13-x-500-6-tl-4-pr-hf224-79263,https://media.tarvike.com/product/images/79263/original/28255.jpg,38.1,Ruohonleikkurin rengas Koko 13 x 5.00 - 6,,,
9963005001,Husqvarna Huoltosarja,https://tarvike.com/product/husqvarna-huoltosarja-163451,https://media.tarvike.com/product/images/163451/original/186507.webp,40.1,"Huoltosarja, jossa on ilmansuodatin, polttoainesuodatin, sytytystulppa ja moottoriöljy.",,Husqvarna,
979019002,Husqvarna Teräketju X-CUT C85 Chisel 3/8” 1.5mm,https://tarvike.com/product/husqvarna-teraketju-x-cut-c85-chisel-38-15mm-120685,https://media.tarvike.com/product/images/120685/original/157434.png,29.8,"Edistyksellien ja suorituskykyinen 3/8"", 1.5 mm teräketju ammattimaiseen metsätyöhön. Alusta loppuun Husqvarnan valmistama ketju varmistaa parhaan mahdollisen leikkuutehon sahallesi. Erittäin kestävä ketju pysyy pitkään terävänä ja venyy vähemmän, minkä ansiosta se tarvitsee vähemmän ylläpitoa ja niiden vaatimia kustannuksia varmistaen paremmat tulokset ja tuottavuuden.",,Husqvarna,
8993088002,Husqvarna 450X Moottorisaha,https://tarvike.com/product/husqvarna-450x-moottorisaha-179859,https://media.tarvike.com/product/images/179859/original/203641.webp,829.0,"Husqvarna 450X on maanomistajien käyttöön tarkoitettu moottorisaha, joka on suunniteltu vankkaa suorituskykyä vaativiin töihin, kuten metsänhoitoon. Siinä yhdistyvät tehokkuus, parannettu kestävyys ja helppokäyttöisyys.",,Husqvarna,
8920235002,Hihna Tyyppi 1 - 9.5 x 711,https://tarvike.com/product/hihna-tyyppi-1-95-x-711-179731,https://media.tarvike.com/product/images/179731/original/203625.png,16.4,,,Ratioparts,
8920233002,Solenoidi,https://tarvike.com/product/solenoidi-179730,https://media.tarvike.com/product/images/179730/original/203626.png,29.3,"12 volttia, + ja - erikseen, 4 liitäntää.",,Ratioparts,
8773002002,"Lokerikko 23x38x8cm pinottava, prof",https://tarvike.com/product/lokerikko-23x38x8cm-pinottava-prof-155309,https://media.tarvike.com/product/images/155309/original/191205.webp,22.5,9 irrotettavaa laatikkoa. Sään- ja iskunkestävä.,,Tactix,
8189034002,Ilmansuodatin,https://tarvike.com/product/ilmansuodatin-177927,https://media.tarvike.com/product/images/177927/original/203194.webp,26.4,,,Husqvarna,
8189029002,Robottiruohonleikkurin akku,https://tarvike.com/product/robottiruohonleikkurin-akku-177915,https://media.tarvike.com/product/images/177915/original/203199.webp,125.1,6 18.5 V / 21.1Ah,,Husqvarna,
7746547002,Leca Hiekotusmurske 25l,https://tarvike.com/product/leca-hiekotusmurske-25l-155706,https://media.tarvike.com/product/images/155706/original/188782.webp,9.2,"Pihan ja puutarhan soramurske hiekoitukseen, kevyt, helppo levittää, hyvä pito, ei kulkeudu sisään, puhdas luonnontuote.",,Leca,
732301001,Pyörä täyd. 3.00-4 puhkeamaton,https://tarvike.com/product/pyora-tayd-300-4-puhkeamaton-145327,https://media.tarvike.com/product/images/145327/original/176824.webp,16.4,"Metallivanne, koko 3.00-4 (260x85).",,IKH,
5216232002,Lumenpudotin 6400mm x 630mm teleskooppi,https://tarvike.com/product/lumenpudotin-6400mm-x-630mm-teleskooppi-149632,https://media.tarvike.com/product/images/149632/original/188436.webp,41.9,"Kevyt, kolmiosainen alumiininen teleskooppivarsi.",,Espina,
4990160000,Solenoidi,https://tarvike.com/product/solenoidi-94977,https://media.tarvike.com/product/images/94977/original/100105.jpg,26.2,Sopii mm. BRIGGS & STRATTON -malleille. Katso alkuperäinen varaosakuva oikean varaosan määrittämiseksi.,,Ratioparts,
4990159000,Ratioparts Ruohonleikkurin terä 485 mm,https://tarvike.com/product/ratioparts-ruohonleikkurin-tera-485-mm-94975,https://media.tarvike.com/product/images/94975/original/100097.jpg,31.6,2 terää 38'' (97 cm),,Ratioparts,
4963060000,Husqvarna QC80F Autolaturi 12V 80 W,https://tarvike.com/product/husqvarna-qc80f-autolaturi-12v-80-w-81326,https://media.tarvike.com/product/images/81326/original/159214.png,99.8,Husqvarnan kompakti 12V akkulaturi soveltuu erinomaisesti turvalliseen ja tehokkaaseen Li-on BLi -akkujen lataamiseen autossa.,,Husqvarna,
4963043000,Husqvarna 125B Lehtipuhallin,https://tarvike.com/product/husqvarna-125b-lehtipuhallin-81204,https://media.tarvike.com/product/images/81204/original/158834.png,339.0,Tehokkaassa Husqvarna 125B -puhaltimessa on yhdistetty erinomainen puhallusteho ja käyttäjäystävällisyys. Erittäin tasapainoinen puhallin on helposti hallittava ja helppokäyttöinen. Sylinteritilavuus 28 см³ Teho 0.8 kW Ilmannopeus 76 m/s Paino 4.26 kg,,Husqvarna,
4963022000,Cramer 48SK96 Kit 48 V / 2 Ah akku ja 4 A laturi,https://tarvike.com/product/cramer-48sk96-kit-48-v-2-ah-akku-ja-4-a-laturi-50737,https://media.tarvike.com/product/images/50737/original/17564.jpg,160.92,Cramer 48SK96 Kit sisältää: 48 V / 2 Ah akku ja 4 A laturi,,Cramer,
4955645000,Ratioparts Ruohonleikkurin terä 530 mm,https://tarvike.com/product/ratioparts-ruohonleikkurin-tera-530-mm-94949,https://media.tarvike.com/product/images/94949/original/100046.jpg,44.0,"Yleisterä, sis. supistusrenkaat (9,5 / 12,7 / 14,2 / 15,8 / 19,05).",,Ratioparts,
4955644000,Ratioparts Ruohonleikkurin terä 400 mm,https://tarvike.com/product/ratioparts-ruohonleikkurin-tera-400-mm-94948,https://media.tarvike.com/product/images/94948/original/100062.jpg,35.2,"Suora yleisterä, sis. supistusrenkaat (9,5 / 12,7 / 14,2 / 15,8 / 19,05)",,Ratioparts,
4955635000,Ilmansuodatin Briggs & Stratton 3000-series,https://tarvike.com/product/ilmansuodatin-briggs-stratton-3000-series-93795,https://media.tarvike.com/product/images/93795/original/58938.jpg,12.5,Ilmansuodatin Briggs & Stratton sekä Husqvarna ruohonleikkureihin.,,,
4955603000,Teräpari Bio Husqvarna,https://tarvike.com/product/terapari-bio-husqvarna-93782,https://media.tarvike.com/product/images/93782/original/130027.jpg,21.6,"Teräpari Husqvarna, Norlett, Caravan. Käytetty mm. Husqvarna Jet 48, Team, Norlett, Caravan Pirkka.",,,
4955589000,"Ruohonleikkurin terä Husqvarna 42"" leikkuulaite",https://tarvike.com/product/ruohonleikkurin-tera-husqvarna-42-leikkuulaite-93774,https://media.tarvike.com/product/images/93774/original/58926.jpg,25.6,Leikkurin terä useammalle eri mallille. Tarkasta yhteensopivuus lisätiedoista.,,,
4955571000,"BELT:V TYP:3/8 X 35.68, MTD",https://tarvike.com/product/beltv-typ38-x-3568-mtd-81557,https://media.tarvike.com/product/placeholders/productImageComingSoong.jpg,38.9,"Sopii käytettäväksi vaihtoehtona MTD 4011-M6-0109, 754-04201, 954-04201A",,Scheppach,
4955543000,Husqvarna EPOS™ Plug-sarja NERA 305E/310E/405XE/410XE,https://tarvike.com/product/husqvarna-epos-plug-sarja-nera-305e310e405xe410xe-110258,https://media.tarvike.com/product/images/110258/original/160276.png,479.0,"Nauti rajakaapelittoman Automower®-asennuksen joustavuudesta. Kaapeleiden rikkoutumisesta ei tarvitse enää olla huolissaan. EPOS™-laajennus antaa sinulle täydellisen vapauden muokata nurmikonhoitoa tarkoilla virtuaalisilla rajoilla Automower® Connect -sovelluksessa. Voit luoda helposti tilapäisiä poissuljettuja alueita tai työalueita, joilla on yksilölliset asetukset. Yhteensopiva Automower® 305E NERA-, Automower® 310E NERA-, Automower® 405XE NERA- ja Automower® 410XE NERA -leikkureiden kanssa",,Husqvarna,
4955514000,Husqvarna Liittimien talvisuoja,https://tarvike.com/product/husqvarna-liittimien-talvisuoja-81283,https://media.tarvike.com/product/images/81283/original/159073.png,15.9,Robottiruohonleikkurin liittimien talvisuoja on tarkoitettu rajakaapelin ja hakukaapelin liittimien suojaamiseen talven vaihtelevilta sääolosuhteilta ja korroosiolta. Kaapelien päät liittimineen voidaan säilyttää turvallisesti ja säältä suojassa kestävässä muovilaatikossa.,,Husqvarna,
4955396000,Husqvarna Automower Rajakaapeli 150 m,https://tarvike.com/product/husqvarna-automower-rajakaapeli-150-m-80986,https://media.tarvike.com/product/images/80986/original/158269.png,99.9,"Husqvarnan alkuperäiskaapeli rajaa Automower®-leikkurin käyttöalueen turvallisesti. Se on yhteensopiva useimpien Automower®-sovellusten kanssa ja on helppo asentaa. Halkaisija 2,7 mm, pituus 150m.",,Husqvarna,
4871627002,Tulppa ylivuotoputkeen,https://tarvike.com/product/tulppa-ylivuotoputkeen-156835,https://media.tarvike.com/product/images/156835/original/187784.jpg,1.0,"M-B, MAN.",,Startax,
4055580002,Husqvarna Turvahaalari Classic 20A,https://tarvike.com/product/turvahaalari-classic-20a-koko-52-42712,https://media.tarvike.com/product/images/42712/original/197069.webp,137.0,"Husqvarnan kestävät ja tehokkaasti suojaavat henkselilliset Classic-turvahaalarit on suunniteltu metsätöihin. Täysin tiivis viiltosuoja ja viiltosuojan lisävahvistettu alempi suojus lisäävät turvallisuutta ja kestävyyttä. Henkselit takaavat istuvuuden, ja huomiovärit parantavat näkyvyyttä. Vetoketjulliset tuuletusaukot lahkeiden takana takaavat hengittävyyden, ja vetoketjutaskut helpottavat pikkutavaroiden käsittelyä ja suojaavat niitä sahanpurulta.",,Husqvarna,
4055529002,Husqvarna Metsätyöpusero Classic KWF,https://tarvike.com/product/metsatyopusero-classic-kwf-koko-m-42722,https://media.tarvike.com/product/images/42722/original/197075.webp,73.9,"Husqvarnan Classic-metsätyötakki on suunniteltu metsätöihin ja ulkokäyttöön. Huomiovärit ja heijastinlogot parantavat näkyvyyttä ulkona. Hartioissa olevat tuuletusaukot viilentävät työskentelyn aikana. Rintatasku ja kaksi sivutaskua tarjoavat kätevää säilytystilaa tavaroille, ja hihoissa olevien painonappien ansiosta hihojen säätäminen on helppoa myös käsineet kädessä. Saatavilla koot XS–XXL.",,Husqvarna,
3829628002,Umpikumipyörä 250X80 Lamelli,https://tarvike.com/product/umpikumipyora-250x80-lamelli-155946,https://media.tarvike.com/product/images/155946/original/180787.webp,9.99,,,IKH,
36450238000,Emax Myyrä- ja käärmekarkotin solar,https://tarvike.com/product/emax-myyra-ja-kaarmekarkotin-solar-174766,https://media.tarvike.com/product/images/174766/original/197607.jpeg,8.4,Aurinkokennolla akkunsa lataava myyrä- ja käärmekarkotin. 30 sekunnin välein lähetetyt matalataajuiset 400-1000 Hz pulssit karkottavat jyrsijät ja moottorin tuottama tärinä pitää käärmeet poissa. Eläin- ja ympäristöystävällinen vaihtoehto tappaville loukuille ja myrkyille.,,Emax,
33661009000,"Husqvarna Teräketju 14"" / 3/8""",https://tarvike.com/product/husqvarna-teraketju-14-38-120401,https://media.tarvike.com/product/images/120401/original/204278.webp,23.2,"14""/35 cm 52 lenkkiä 3/8"" 1,3 mm",,Husqvarna,
33661007000,"Husqvarna Teräketju 12"" / 3/8""",https://tarvike.com/product/husqvarna-teraketju-12-38-120395,https://media.tarvike.com/product/images/120395/original/204278.webp,23.2,"12""/30 cm 45 lenkkiä 3/8"" 1,3 mm",,Husqvarna,
33660967000,"Husqvarna Ruohoterä, 3-hampainen",https://tarvike.com/product/husqvarna-ruohotera-3-hampainen-125314,https://media.tarvike.com/product/images/125314/original/156813.png,32.9,"Tiheälle ja paksulle ruoholle, mutta ei puuvartiseen kasvustoon. Soveltuu erinomaisesti aluskasvuston raivaamiseen.",,Husqvarna,
33521075000,Husqvana Pyörivä harjasarja,https://tarvike.com/product/husqvana-pyoriva-harjasarja-120895,https://media.tarvike.com/product/images/120895/original/157661.png,79.9,"Pyörivässä harjasarjassa on kolme erilaista harjaa: yksi pehmeille, yksi koville ja yksi vaikeapääsyisille pinnoille. Sisäänrakennetussa pesuainesäiliössä on annostelua helpottava säätöjärjestelmä.",,Husqvarna,
33521068000,"Kiristysräikkä kuorman varmistamiseen kuljetuksen aikana. Saatavilla kolmessa eri versiossa, joiden suurin sallittu kuormitus on 1000, 3000 ja 5000 kg.",https://tarvike.com/product/kiristysraikka-kuorman-varmistamiseen-kuljetuksen-aikana-saatavilla-kolmessa-eri-versiossa-joiden-su-120215,https://media.tarvike.com/product/images/120215/original/204235.webp,21.9,"Kiristysräikkä kuorman varmistamiseen kuljetuksen aikana. Saatavilla kolmessa eri versiossa, joiden enimmäiskuormitus on 750, 1500 ja 2500 kg.",,Husqvarna,
31096925000,FIXIT Kirves 900g lasikuituvarsi,https://tarvike.com/product/fixit-kirves-900g-lasikuituvarsi-180001,https://media.tarvike.com/product/images/180001/original/203702.webp,9.29,Kirves normaalipituisella varrella. Lasikuituvarsi. Kumikahva.,,Fixit,
30675417000,Husqvarna 545FXT AutoTune™ Metsänraivaussaha,https://tarvike.com/product/husqvarna-545fxt-autotune-metsanraivaussaha-177571,https://media.tarvike.com/product/images/177571/original/201325.webp,1329.0,Husqvarna 545FXT AutoTune™ on erityisen helppokäyttöinen raivaussaha metsänhoitoon. Tehokkaat ja ainutlaatuiset ergonomiset ominaisuudet on suunniteltu vaativaan raivaustyöhön. AutoTune™-moottorin automaattinen säätö varmistaa huipputehon säästä riippumatta.,,Husqvarna,
27521835001,"Husqvarna X-Force laminoitu laippa .325"" 1.3mm PIXEL",https://tarvike.com/product/husqvarna-x-force-laminoitu-laippa-325-13mm-pixel-120706,https://media.tarvike.com/product/images/120706/original/157493.png,76.9,"Kestävyyttä, keveyttä ja suorituskykyä – Husqvarnan X-Force-terälevyt on suunniteltu käytettäviksi yhdessä X-Cut-ketjujen kanssa, jotta saat kaiken tehon irti Husqvarna-moottorisahastasi. Virtaviivainen siluetti, kestävä kärki ja laakerijärjestelmä sekä optimoitu keskilevy vähentävät seisokkiaikoja ja takaavat erinomaisen leikkuutuloksen.",,Husqvarna,
27521825001,Ilmansuodatin,https://tarvike.com/product/ilmansuodatin-120198,https://media.tarvike.com/product/images/120198/original/156689.png,8.8,Alkuperäinen Husqvarnan ilmansuodatin. Estää lian ja roskien pääsyn moottoriin. Vaihda ilmansuodatin aina säännöllisin väliajoin optimaalisen suorituskyvyn ja tuotteen pidemmän käyttöiän saavuttamiseksi.,,Husqvarna,
27521807001,Ilmansuodatin T401282311,https://tarvike.com/product/ilmansuodatin-t401282311-119680,https://media.tarvike.com/product/images/119680/original/156057.png,52.4,Alkuperäinen Husqvarnan ilmansuodatin. Estää lian ja roskien pääsyn moottoriin. Vaihda ilmansuodatin aina säännöllisin väliajoin optimaalisen suorituskyvyn ja tuotteen pidemmän käyttöiän saavuttamiseksi.,,Husqvarna,
27521789001,"Vetoratas 3/8"" - 7T",https://tarvike.com/product/vetoratas-38-7t-119566,https://media.tarvike.com/product/images/119566/original/155706.png,18.0,,,Husqvarna,
26476416001,Honda F220 jyrsin,https://tarvike.com/product/honda-f220-jyrsin-180440,https://media.tarvike.com/product/images/180440/original/203885.jpg,990.0,"Pienikokoinen tehopakkaus, jonka aisojen leveys ja työleveys säädettävissä.",,Honda,
26387000,Husqvarna EPOS™ RS5 -tukiasema,https://tarvike.com/product/husqvarna-epos-rs5-tukiasema-122185,https://media.tarvike.com/product/images/122185/original/159613.png,1028.9,Käsittelee RTK-GNSS-signaaleja EPOS™-leikkureiden ja satelliittien välillä. Yhdellä tukiasemalla pystyt ohjaamaan useita EPOS™-leikkureita. Tukiaseman toimintasäde on jopa 500 metriä.,,Husqvarna,
2544545002,Sisärengas,https://tarvike.com/product/sisarengas-184-30-tr218a-40965,https://media.tarvike.com/product/images/40965/original/194900.webp,90.0,,,Agrilife,
2544535002,Sisärengas,https://tarvike.com/product/sisarengas-20x800-10-tr13-40932,https://media.tarvike.com/product/images/40932/original/194909.webp,16.0,,,Agrilife,
2544522002,Sisärengas,https://tarvike.com/product/sisarengas-112-28-tr218a-40964,https://media.tarvike.com/product/images/40964/original/194900.webp,55.0,Venttiili TR218A,,Promotion,
24928196001,"4Living Ruukku Dluto 40x40x75,3 cm",https://tarvike.com/product/4living-ruukku-dluto-40x40x753-cm-176402,https://media.tarvike.com/product/images/176402/original/201309.jpg,59.0,Tyylikäs ja ryhdikäs sisä- ja ulkokäyttöön soveltuva ruukku on valmistettu kestävästä puukomposiitista. Muovista 40 % korvattu kierrätyspuukuidulla.,,4 Living,
24741958000,"2 in 1 Viilapidike SP33G - .325"" Pixel  4,8mm",https://tarvike.com/product/2-in-1-viilapidike-sp33g-325-pixel-48mm-174299,https://media.tarvike.com/product/images/174299/original/197135.webp,40.9,"Husqvarnan 2-in-1-viilanohjain nostaa moottorisahan huollon uudelle tasolle tarjoamalla tehokkaan teräketjun teroituksen sekä tarkat ja luotettavat tulokset joka kerta. Innovatiivinen rakenne mahdollistaa sekä leikkuureunojen että puruhampaiden samanaikaisen viilaamisen, mikä säästää aikaa ja vähentää työn määrää. Värikoodattu ketjujaon ja viilauskulmien merkintä tekevät teroittamisesta erittäin sujuvaa ja yksinkertaista; yhteen suuntaan viilaaminen riittää. Viilat voi vaihtaa avaamalla yläkannen, mikä tekee viilanohjaimen huollosta nopeaa ja vaivatonta.",,Husqvarna,
242180000,"Terälevy X-TOUGH .3/8"" 1.5mm/.058"" RSN, leveä sovite",https://tarvike.com/product/teralevy-x-tough-38-15mm058-rsn-levea-sovite-121282,https://media.tarvike.com/product/images/121282/original/158187.png,107.0,"Suosittelemme käytettäväksi pitkien terälevyjen kanssa terälevyn kärjen kuormituksen vähentämiseksi. Kuorma välitetään laadukkaan rullalaakerin kautta. Kitkahäviö pienenee 8 - 10 % terälevyn pituudesta riippuen. Terälevyt on päällystetty epoksilla, mikä suojaa naarmuuntumiselta ja kulumiselta. Vaihdettava kärki on saatavana varaosana.",,Husqvarna,
218903001,Husqvarna-lämpökahvasarja,https://tarvike.com/product/husqvarna-lampokahvasarja-121535,https://media.tarvike.com/product/images/121535/original/158596.png,149.0,"Husqvarnan ainutlaatuinen lämpökahvasarja 200-, 300- ja 400-sarjan lumilinkoihin varmistaa tasaisen ja miellyttävän kahvojen lämmön linkoa käytettäessä. Sarja voidaan jälkiasentaa vm. 2014 alkaen 200-/300-/400-sarjan malleihin.",,Husqvarna,
2080385001,Puunhalkaisukone sivutasot AWD052J,https://tarvike.com/product/puunhalkaisukone-sivutasot-awd052j-127621,https://media.tarvike.com/product/images/127621/original/167278.webp,37.6,Halkomakoneen AWD052J sopivat sivutasot.,,IKH,
1944206000,Jonsered Blade,https://tarvike.com/product/jonsered-blade-128868,https://media.tarvike.com/product/images/128868/original/168048.webp,5.6,Jonsered Blade,,Jonsered,
1943975000,Jonsered Lukkomutteri M8x1.25 10 ZPB,https://tarvike.com/product/jonsered-lukkomutteri-m8x125-10-zpb-128816,https://media.tarvike.com/product/images/128816/original/167968.webp,2.1,Jonsered Lukkomutteri M8x1.25 10 ZPB.,,Jonsered,
19180938002,Kottikärry 80l,https://tarvike.com/product/kottikarry-80l-126351,https://media.tarvike.com/product/images/126351/original/160442.webp,39.95,"Galvanoitu pesä 80 l, kantavuus 150 kg Pesäosan koko (L x P): 610 x 810 mm Liukulaakeroitu ilmakumipyörä 3,5 x 6 Muovivanteet",,IKH,
19180889002,"Ratioparts Teräketju rp 3/8"" HHM 1,3 46E",https://tarvike.com/product/ratioparts-teraketju-rp-38-hhm-13-46e-94983,https://media.tarvike.com/product/images/94983/original/100102.jpg,19.4,Katso alkuperäinen varaosakuva oikean varaosan määrittämiseksi.,,Ratioparts,
19180852002,"Husqvarna Pyöröviila Intensive Cut, 12 kpl 4,8 mm",https://tarvike.com/product/husqvarna-pyoroviila-intensive-cut-12-kpl-48-mm-81005,https://media.tarvike.com/product/images/81005/original/158297.png,25.9,Muotoilun ansiosta 20 % parempi viilausteho ja pidempi käyttöikä. Teräketjun leikkuuhampaiden teroittamiseen tarvitaan pyöröviila ja viilanohjain. Oikein teroitettu ketju tekee sahaamisesta helpompaa ja turvallisempaa. Husqvarnan viilat valmistetaan korkealaatuisesta teräksestä. File 4.8m,,Husqvarna,
19180840002,"Husqvarna Teränhoitopaketti X-Cut SP21G .325"" 1,1 mm",https://tarvike.com/product/husqvarna-teranhoitopaketti-x-cut-sp21g-325-11-mm-80941,https://media.tarvike.com/product/images/80941/original/157862.png,29.9,"Täydellinen viilasarja helpottaa ketjun kunnossapitoa. Työ sujuu helpommin ja nopeammin oikein teroitetulla teräketjulla. Viilasarjaan sisältyvät: viilankahva, yhdistelmäviilanohjain tai viilanohjain ja syvyydensäätöhammas, kaksi pyöröviilaa ja yksi lattaviila.",,Husqvarna,
19180838002,"Husqvarna Merkkausliitu, 12kpl",https://tarvike.com/product/husqvarna-merkkausliitu-12kpl-80888,https://media.tarvike.com/product/images/80888/original/157817.png,19.5,"Säänkestävät grafiittiliidut kuivan ja märän puun merkitsemiseen. Kuusikulmainen muoto, mitat 12 x 120 mm, 12 kpl/paketti",,Husqvarna,
19180836002,"Husqvarna Terälevy Mini Pixel 0.325 1,1 Mini 14""",https://tarvike.com/product/husqvarna-teralevy-mini-pixel-0325-11-mini-14-80886,https://media.tarvike.com/product/images/80886/original/157787.png,47.9,"Terälevyn loivasti kaartuva muoto ja pieni kärkipyörä vähentävät takapotkun vaaraa ja helpottavat terän vaivatonta hallintaa. Kärjessä on 8-hampainen kärkipyörä ja yksi niitti. Päällyste suojaa terälevyjä naarmuuntumiselta ja kulumiselta. Terälevyn pituus 14"" Uraleveys 1.1 mm Ketjujako .325"" mini",,Husqvarna,
19180832002,"Husqvarna Teräketju X-Cut SP21G 16"" .325"" 1,1 mm",https://tarvike.com/product/husqvarna-teraketju-x-cut-sp21g-16-325-11-mm-80884,https://media.tarvike.com/product/images/80884/original/157793.png,33.8,"SP21G on pyöristetty 0,325 tuuman ja 1,1 mm:n miniketju, joka on kehitetty erityisesti parantamaan jatkuvasti käytettävien akkumoottorisahojen leikkuunopeutta ja tehoa. Ketju on energiatehokas ja sen optimoitu geometria takaa tasaisen leikkuujäljen, erinomaiset pistosahausominaisuudet sekä parantaa hallintaa ja käyttömukavuutta.",,Husqvarna,
19180766002,"Husqvarna Terälevy X-Force 20"" .325"" 1,5 mm SM",https://tarvike.com/product/husqvarna-teralevy-x-force-20-325-15-mm-sm-80658,https://media.tarvike.com/product/images/80658/original/157494.png,81.9,"Kestävyyttä, keveyttä ja suorituskykyä – Husqvarnan X-Force-terälevyt on suunniteltu käytettäviksi yhdessä X-Cut-ketjujen kanssa, jotta saat kaiken tehon irti Husqvarna-moottorisahastasi. Virtaviivainen siluetti, kestävä kärki ja laakerijärjestelmä sekä optimoitu keskilevy vähentävät seisokkiaikoja ja takaavat erinomaisen leikkuutuloksen. Terälevyn pituus 20"" Uraleveys 1.5 mm Ketjujako .325""",,Husqvarna,
19180741002,"Husqvarna Teräketju X-Cut SP33G 16"" Pixel .325"" 1,3 mm",https://tarvike.com/product/husqvarna-teraketju-x-cut-sp33g-16-pixel-325-13-mm-80640,https://media.tarvike.com/product/images/80640/original/157457.png,34.9,"X-CUT SP33G on ensimmäinen teräketju, jonka Husqvarna on kehittänyt, suunnitellut ja valmistanut alusta asti itse. Teräketju sopii erinomaisesti ammattilaisille jokapäiväiseen työskentelyyn sekä vaativaan kuluttajakäyttöön. Ketju pysyy terävänä pitkään ja se on kestävyydeltään ylivertainen. Esivenytetty ketju ei veny ja sen leikkuuteho on erinomainen, minkä ansiosta se tarjoaa paremman sahaustuloksen kuin koskaan aiemmin. Ketjujako .325"" Uraleveys 1.3 mm",,Husqvarna,
19180658002,Husqvarna Viilanohjaimen kotelo,https://tarvike.com/product/husqvarna-viilanohjaimen-kotelo-80301,https://media.tarvike.com/product/images/80301/original/155986.png,14.9,Kotelo viilanohjaimelle.,,Husqvarna,
19180645002,Husqvarna Viktor -polkukaatorauta,https://tarvike.com/product/husqvarna-viktor-polkukaatorauta-80277,https://media.tarvike.com/product/images/80277/original/155936.png,83.9,"Teleskooppimallinen polkukaatorauta, jota voi kantaa vyökotelossa.",,Husqvarna,
19180633002,"Husqvarna Mini Laminoitu Terälevy 12"" .3/8"" 1,3 mm 45 L SN/A",https://tarvike.com/product/husqvarna-mini-laminoitu-teralevy-12-38-13-mm-45-l-sna-80254,https://media.tarvike.com/product/images/80254/original/155739.png,39.8,"Terälevyn loivasti kaartuva muoto ja pieni kärkipyörä vähentävät takapotkun vaaraa. Terälevyissä on naarmuilta ja korroosiolta suojaava epoksilakkaus. Uraleveys: 1.3 mm Ketjujako: 3/8"" mini Terälevyn tyyppi: Laminoitu terälevy",,Husqvarna,
19180626002,"Husqvarna Teräketju H00 .1/4"" 1,3 mm 10"" / 58 L",https://tarvike.com/product/husqvarna-teraketju-h00-14-13-mm-10-58-l-80250,https://media.tarvike.com/product/images/80250/original/155740.png,30.9,"Erittäin kevyt ketju sahaa tasaisesti ja siististi. Micro Chisel -leikkuuhampaat. Uraleveys: 1.3 mm Käytetään viilan kanssa: Ø 4,0 mm Ketjujako: 1/4""",,Husqvarna,
19179703002,Husqvarna 120 Mark II Moottorisaha,https://tarvike.com/product/husqvarna-120-mark-ii-moottorisaha-81371,https://media.tarvike.com/product/images/81371/original/159358.png,209.0,"Kevyt, monipuolinen ja helppokäyttöinen – Husqvarna 120 Mark II -moottorisaha sopii erinomaisesti pihatöihin, kuten polttopuiden sahaukseen, pienten puiden kaatamiseen ja oksien poistamiseen. Siinä on X-Torq®-moottori, joka tuottaa erinomaisen tehon ja vääntömomentin erittäin tehokkaan palamisen ansiosta, ja ylläpito on helppoa, sillä Air Injection™ pitää suodattimen puhtaampana pidempään. Takapotkutilanteessa tehokas, automaattinen ketjujarru pysäyttää ketjun välittömästi, mikä pienentää loukkaantumisriskiä.",,Husqvarna,
19179660002,Kitkapyörä,https://tarvike.com/product/kitkapyora-94976,https://media.tarvike.com/product/images/94976/original/100101.jpg,54.7,"Sopii 21"" (53cm). Ulko-Ø, mm 111,00",,Ratioparts,
19179638002,Husqvarna ST 224 lumilinko,https://tarvike.com/product/husqvarna-st-224-lumilinko-81450,https://media.tarvike.com/product/images/81450/original/159790.png,1799.0,"Husqvarna ST 224 on omiaan pientaloasujalle, joka haluaa suorituskykyisen lumilingon autotallin edustan ja leveämpien kulkuväylien auraamiseen. Husqvarna ST 224 on tehty satunnaiseen käyttöön, jossa lumikerroksen paksuus voi olla 10–30 cm. Linko on varustettu kaksivaihejärjestelmällä ja tehokkaalla lumenpoistolla ja säädettävä työntöaisa parantaa käyttömukavuutta. Säädettävien jalasten ansiosta lumilinko toimii kaikenlaisilla alustoilla ja kitkalevyvoimansiirto varmistaa tasaisen käytön. Vakiona lämpökahvat, LED-ajovalo ja joka säällä käynnistyksen varmistava sähkökäynnistys. Työleveys 61 cm Sylinteritilavuus 212 cm³ Vaihteiston tyyppi Kitkalevy Lingon tyyppi 2-vaihe",,Husqvarna,
19179616002,Kytkinvaijeri Rammy,https://tarvike.com/product/kytkinvaijeri-rammy-61246,https://media.tarvike.com/product/images/61246/original/18119.jpg,66.7,,,Rammy,
19179614002,Kaasuvaijeri Rammy,https://tarvike.com/product/kaasuvaijeri-rammy-61244,https://media.tarvike.com/product/images/61244/original/18132.jpg,30.3,,,Rammy,
19177387002,"Husqvarna CoreCut Siima Ø2,0 mm x 130 m, oranssi/läpinäkyvä",https://tarvike.com/product/husqvarna-corecut-siima-20-mm-x-130-m-oranssilapinakyva-81140,https://media.tarvike.com/product/images/81140/original/158482.png,26.8,Ammattikäyttöön suunniteltu siima on profiililtaan viisikulmio. Energiatehokkuus ja leikkuuteho muodostavat täydellisen yhdistelmän. Kaksoispropolymeerimateriaalissa on joustava sisus ja kestävä sulamaton pinta. Sopii kaikkiin vakiomallisiin siimapäihin.,,Husqvarna,
19177363002,"Husqvarna Siimapää T35 Universal 2,4 - 2,7 mm",https://tarvike.com/product/husqvarna-siimapaa-t35-universal-24-27-mm-80571,https://media.tarvike.com/product/images/80571/original/30314.jpg,34.9,"Husqvarnan suunnittelemassa T35 Universal siimapäässä on puoliautomaattinen siimansyöttö ja siitä käytetään myös nimitystä ""Tap’n go"". Kun kaasu painetaan pohjaan ja siimapää painetaan maata vasten syöttää siimapää automaattisesti uutta siimaa. Tämän ansiosta työtä ei tarvitse keskeyttää eikä konetta tarvitse irroittaa valjaista kun siimaa tarvitaan lisää.",,Husqvarna,
19177351002,"Husqvarna Siimapää T35X M12, 2,4 - 2,7 mm",https://tarvike.com/product/husqvarna-siimapaa-t35x-m12-24-27-mm-80561,https://media.tarvike.com/product/images/80561/original/30291.jpg,40.9,"Husqvarnan suunnittelemassa T35X siimapäässä on puoliautomaattinen siimansyöttö ja siitä käytetään myös nimitystä ""Tap’n go"" sekä laakeroitu pohjakappale jonka ansiosta vaativassakin käytössä kestävyys ja työn joutuvuus on huippuluokkaa.",,Husqvarna,
19177328002,"Husqvarna Siima Whisper 2,4 mm 90 m",https://tarvike.com/product/husqvarna-siima-whisper-24-mm-90-m-80535,https://media.tarvike.com/product/images/80535/original/30270.jpg,25.3,"Melutaso laskee 50 % (7-8 dBA) saman paksuiseen pyöreään siimaan verrattuna. Pienemmän ilmanvastuksen ansiosta moottori kiihttyy nopeammin ja tehokkuus kasvaa. Ainutlaatuiselle materiaalille on tunnusomaista, että se ei halkeile päästä, siiman sulamisriski siimapäässä on olematon ja pintakäsittelyn ansiosta käyttöikä on pitkä ja kulutuskestävyys hyvä. Siiman muotoilu estää siiman katkeamisen läpiviennin kohdalta.",,Husqvarna,
19177319002,"Husqvarna Oksasahan teleskooppivarsi, 280 - 510 cm",https://tarvike.com/product/husqvarna-oksasahan-teleskooppivarsi-280-510-cm-80260,https://media.tarvike.com/product/images/80260/original/155760.png,135.0,Oksasahan teleskooppivarsi. 280-510 cm. Pituus helppo säätää.,,Husqvarna,
19177279002,"Siima Opti Round Ø3,0 mm x 56 m",https://tarvike.com/product/siima-opti-round-30-mm-x-56-m-121448,https://media.tarvike.com/product/images/121448/original/160383.jpg,19.5,Yleiskäyttöön suunnitellussa siimassa on pyöreä profiili. Hyvän leikkuutehon ja kestävyyden ansiosta siima sopii moniin käyttötarkoituksiin. Sopii kaikkiin vakiomallisiin siimapäihin.,,Husqvarna,
19177268002,Husqvarna GS 340is Akkuoksasilppuri,https://tarvike.com/product/husqvarna-gs-340is-akkuoksasilppuri-110261,https://media.tarvike.com/product/images/110261/original/160378.png,598.9,"Husqvarna GS 340is on helppokäyttöinen akkukäyttöinen silppuri, jolla oksat on helppo silputa ja hävittää raivauksen ja karsimisen jälkeen. Nopeasti taittuva ja kompakti rakenne helpottavat varastointia, ja silppurin omasta säilytystilasta voit valita käyttöösi lisävarusteita, kuten suojalasit ja käsityökalut.",,Husqvarna,
19177199002,Husqvarna 120iTK4 Akkuoksasaha,https://tarvike.com/product/husqvarna-120itk4-akkuoksasaha-81445,https://media.tarvike.com/product/images/81445/original/159762.png,378.9,"Akkukäyttöisessä Husqvarna 120iTK4 -oksasahassa on hiljainen käyntiääni ja polttomoottorin tasoinen suorituskyky ilman suoria päästöjä. 120iTK4 on teleskooppivartinen laite, joten voit yhdistää koneen rungon joko oksasaha- tai pensasleikkurilisävarusteeseen. Tämä tekee siitä moniin tehtäviin sopivan monipuolisen ja kätevän työkalun. Varustettu teleskooppiputkella, jonka ulottuvuus on jopa 4 m, ja kuljetusta helpottavalla jaettavalla runkoputkella.",,Husqvarna,
19176958002,Husqvarna Flexi-varustepussi,https://tarvike.com/product/husqvarna-flexi-varustepussi-80956,https://media.tarvike.com/product/images/80956/original/158104.png,14.5,"Käytännöllinen varustepussi FLEXI-työkalu- tai akkuvyöhön. Soveltuu vesipullon, palosammuttimen tai muiden tarvikkeiden kuljettamiseen.",,Husqvarna,
19176944002,Husqvarna Flexi BLi Akkuvyö,https://tarvike.com/product/husqvarna-flexi-bli-akkuvyo-80801,https://media.tarvike.com/product/images/80801/original/157663.png,19.9,Kätevä akkuvyö jopa kolmelle Husqvarnan akulle. Vara-akut on helppo kantaa mukana ja käyttöaika pitenee merkittävästi.,,Husqvarna,
19176897002,Husqvarna Power box -kuljetuslaatikko sahalle,https://tarvike.com/product/husqvarna-power-box-kuljetuslaatikko-sahalle-80420,https://media.tarvike.com/product/images/80420/original/156414.png,59.9,"Kestävä ja kätevä kannettava kuljetuslaatikko sahalle. Laatikkoon mahtuu kaikki mitä sahan ylläpitohuoltoon tarvitaan: teränhoitopaketti, ympäristöbensiiniä, teräketjuöljyä ja varaketju. Hinta koskee vain laatikkoa.",,Husqvarna,
19176882002,Husqvarna Pleksivisiiri Metsurin Kypärään,https://tarvike.com/product/husqvarna-pleksivisiiri-metsurin-kyparaan-80292,https://media.tarvike.com/product/images/80292/original/155960.png,16.9,Pleksivisiiri sopii Husqvarna Functional -metsurin kypärään ja kuulonsuojaimiin.,,Husqvarna,
19176878002,Husqvarna Vaihtopehmustesarja Pro-kuulonsuojaimiin,https://tarvike.com/product/husqvarna-vaihtopehmustesarja-pro-kuulonsuojaimiin-80291,https://media.tarvike.com/product/images/80291/original/155975.png,9.9,Vaihtopehmustesarja Pro-kuulonsuojaimiin,,Husqvarna,
19176868002,"Husqvarna olkaimet, nappikiinnitys",https://tarvike.com/product/husqvarna-olkaimet-nappikiinnitys-80283,https://media.tarvike.com/product/images/80283/original/155957.png,31.9,"Nahkasoljin varustetut olkaimet. Tarkoitettu vyötärömallisiin housuihin, joissa napit olkaimia varten. Erikoisleveät, säädettävä pituus.",,Husqvarna,
19006111001,Robota DC- LB18V akkulehtipuhallin 36V runko,https://tarvike.com/product/robota-dc-lb18v-akkulehtipuhallin-36v-runko-246319,https://media.tarvike.com/product/images/246319/original/214439.webp,119.0,"Robotan akkutyökalusarjan tehokas lehtipuhallin, joka toimii kahdella 18V:n akulla. Erinomainen valinta kaikenalaiseen puhdistukseen ja lumenpoistoon. Ei sisällä akkua ja laturia",,Robota,
1878159002,Husqvarna 40-B330X,https://tarvike.com/product/husqvarna-40-b330x-122406,https://media.tarvike.com/product/images/122406/original/159945.png,499.0,Husqvarna 40-B330X on tehokas 36V akku 9 Ah kapasiteetilla. Suunniteltu käytettäväksi kaikkein tehokkaimpien ammattikäyttöön tarkoitettujen akkutuotteiden kanssa.,,Husqvarna,
18341026001,Teräketjuöljy 5L Eco ISO VG68,https://tarvike.com/product/teraketjuoljy-5l-eco-iso-vg68-44790,https://media.tarvike.com/product/images/44790/original/17388.jpg,22.0,"- ekologinen - parempi biohajoavuus säästäen luontoa - soveltuu vaativiin olosuhteisiin - lisäaineistettu X1R metallin kulumista estävällä lisäaineella - lisää metallipinnan tiheyttä tehden metallipinnan kovemmaksi ja tasaisemmaksi - suojaa ketjua ja teräslaippaa - sopii käytettäväksi sahoissa, harvestereissa ja kuljetusketjuissa - kulutus biohajoavan lisäaineistuksen vuoksi 30% vähemmän verrattuna perinteiseen teräketjuöljyyn",,IKH,
18340961001,ProMotion Sisärengas 15X6.00-6 TR13,https://tarvike.com/product/promotion-sisarengas-15x600-6-tr13-44705,https://media.tarvike.com/product/images/44705/original/17289.jpg,10.0,koko 15x6.00-6 venttiili TR13,,IKH,
18340872001,"Köysiportti elastinen 3,2m",https://tarvike.com/product/koysiportti-elastinen-32m-44592,https://media.tarvike.com/product/images/44592/original/17145.jpg,22.0,"max. pituus 3,2 m",,,
18340671001,Fitt Puutarhaletku kiertymätön 12mm 25M,https://tarvike.com/product/fitt-puutarhaletku-kiertymaton-12mm-25m-44444,https://media.tarvike.com/product/images/44444/original/16975.jpg,31.7,Fitt Puutarhaletku kiertymätön 12mm 25M. NTS rakenne estää solmujen ja taitosten syntymistä puutarhaletkuun ja takaa näin ollen poikkeuksellisen käyttömukavuuden.,,IKH,
18177205001,Sisärengas 23X8.50-12 TR13,https://tarvike.com/product/sisarengas-23x850-12-tr13-152678,https://media.tarvike.com/product/images/152678/original/208936.webp,20.0,Koko 23x8.50-12 Venttiili TR13,,Agrilife,
1803046002,Jonsered Letkunkirstin YDN10073,https://tarvike.com/product/jonsered-letkunkirstin-ydn10073-128773,https://media.tarvike.com/product/images/128773/original/167978.webp,2.7,Jonsered Letkunkirstin YDN10073,,Jonsered,
1803043002,Jonsered Tärinän Vaimennin,https://tarvike.com/product/jonsered-tarinan-vaimennin-128769,https://media.tarvike.com/product/images/128769/original/167981.webp,10.5,Jonsered Tärinän Vaimennin.,,Jonsered,
1802403002,Jonsered O-Rengas 2.6X1.3,https://tarvike.com/product/jonsered-o-rengas-26x13-128820,https://media.tarvike.com/product/placeholders/productImageComingSoong.jpg,2.0,Jonsered O-Rengas 2.6X1.3.,,Jonsered,
1754800000,"Clen Pikaliitin KW Naaras 1/4""U",https://tarvike.com/product/clen-pikaliitin-kw-naaras-14u-145219,https://media.tarvike.com/product/images/145219/original/176657.jpg,23.2,Clen KW pikaliitin pesukahvaan.,,Clen,
17362794001,Fiskars Yleisleikkuri Single Step,https://tarvike.com/product/fiskars-yleisleikkuri-single-step-126346,https://media.tarvike.com/product/images/126346/original/160437.webp,17.5,"Fiskars SingleStep™ yleisleikkuri SP28 puutarhan muihin leikkaustöihin, mm. lankojen, köysien ja letkun katkaisuun. Tukevat kädensijat, joista saa hyvän otteen. Reikä rannehihnalle Ei suositella oksien leikkaamiseen Hammastetut terät pitävät leikkauskohteen paikoillaan Pituus 208 mm Paino 200 g",,Fiskars,
13099084001,"Säilytyslaatikko Pro 31 l, musta",https://tarvike.com/product/sailytyslaatikko-pro-31-l-musta-151976,https://media.tarvike.com/product/images/151976/original/189604.webp,18.8,Laatikko kestää niin iskuja kuin suuria lämpötilan vaihteluita aina -40...+100 °C.,,Smartstore By Orthex,
11623524000,"Husqvarna Ruohonleikkurin Terä C94 pit. 471 mm, R115C",https://tarvike.com/product/husqvarna-ruohonleikkurin-tera-c94-pit-471-mm-r115c-80603,https://media.tarvike.com/product/images/80603/original/30340.jpg,42.8,,,Husqvarna,
11623476000,Husqvarna Polttoainesuodatin Kohler 15-17,https://tarvike.com/product/husqvarna-polttoainesuodatin-kohler-15-17-80418,https://media.tarvike.com/product/placeholders/productImageComingSoong.jpg,21.7,,,Husqvarna,
11623440000,"Husqvarna Klippo-Terä 48 CM, 19""",https://tarvike.com/product/husqvarna-klippo-tera-48-cm-19-80266,https://media.tarvike.com/product/placeholders/productImageComingSoong.jpg,78.9,,,Husqvarna,
11623415000,Husqvarna-polttoainesuodatin,https://tarvike.com/product/husqvarna-polttoainesuodatin-119607,https://media.tarvike.com/product/images/119607/original/155879.png,7.0,Alkuperäinen Husqvarnan polttoainesuodatin. Estää lian ja roskien pääsyn moottoriin. Vaihda suodatin säännöllisin väliajoin optimaalisen suorituskyvyn ja tuotteen pidemmän käyttöiän saavuttamiseksi.,,Husqvarna,
11120387002,ProMotion Sisärengas 18X8.50/9.50-8 TR13,https://tarvike.com/product/promotion-sisarengas-18x850950-8-tr13-44706,https://media.tarvike.com/product/images/44706/original/17276.jpg,15.0,koko 18x8.50/9.50-8 venttiili TR13,,IKH,
10711912000,Pyörä 4.00X8/4 Met/Kuulal. Täydellinen,https://tarvike.com/product/pyora-400x84-metkuulal-taydellinen-155956,https://media.tarvike.com/product/images/155956/original/180727.webp,22.9,,,,
10711910000,Pyörä 3.00X4 4PR HD Liukulaakeri,https://tarvike.com/product/pyora-300x4-4pr-hd-liukulaakeri-155954,https://media.tarvike.com/product/images/155954/original/180739.webp,35.0,,,,
7746538002,"Greentek Tulpanhattu, Honda GX110-160, GX200-220, GX340-390",https://tarvike.com/product/greentek-tulpanhattu-honda-gx110-160-gx200-220-gx340-390-133456,https://media.tarvike.com/product/images/133456/original/171678.jpg,6.9,"GREENTEK on Suomen markkinoille suunniteltu varaosa- ja tarvikesarja. Valikoimasta löydät laadukkaat, mutta kohtuullisen hintaiset varaosat ja tarvikkeet puutarha koneisiin ja metsäpuolen koneisiin.",,,
4955841000,Sisärengas 20 x 8.00/10.00 - 8 TR13,https://tarvike.com/product/sisarengas-20-x-8001000-8-tr13-79288,https://media.tarvike.com/product/images/79288/original/28284.jpg,20.7,Puutarhakoneiden/Kottikärryn sisärengas Koko 20 x 8.00/10.00 - 8,,,
4955836000,Sisärengas 16 x 6.50/7.50 - 8 TR13,https://tarvike.com/product/sisarengas-16-x-650750-8-tr13-79286,https://media.tarvike.com/product/images/79286/original/28276.jpg,15.0,Puutarhakoneiden/Kottikärryn sisärengas Koko 16 x 6.50/7.50 - 8,,,
4955795000,"Ruohonleikkurin Rengas 16 x 7.50 - 8, TL 4-pr, HF224",https://tarvike.com/product/ruohonleikkurin-rengas-16-x-750-8-tl-4-pr-hf224-79267,https://media.tarvike.com/product/images/79267/original/28252.jpg,81.3,Ruohonleikkurin rengas Koko 16 x 7.50 - 8,,,
4955793000,"Ruohonleikkurin Rengas 16 x 6.50 - 8, TL 4-pr, HF224",https://tarvike.com/product/ruohonleikkurin-rengas-16-x-650-8-tl-4-pr-hf224-79266,https://media.tarvike.com/product/images/79266/original/28248.jpg,61.7,Ruohonleikkurin rengas Koko 16 x 6.50 - 8,,,
9963010001,Husqvarna moottorisahan huoltosarja,https://tarvike.com/product/husqvarna-moottorisahan-huoltosarja-163541,https://media.tarvike.com/product/images/163541/original/186541.webp,32.9,Husqvarna moottorisahan huoltosarja.,,Husqvarna,
9963003001,Husqvarna Huoltosarja,https://tarvike.com/product/husqvarna-huoltosarja-163263,https://media.tarvike.com/product/placeholders/productImageComingSoong.jpg,102.65,"Huoltosarja Briggs & Stratton, malli 3115, 11,5 hv 21R607-0001-H1.",,Husqvarna,
9962988001,Husqvarna Huoltosarja,https://tarvike.com/product/husqvarna-huoltosarja-163249,https://media.tarvike.com/product/images/163249/original/186374.webp,23.5,"Huoltosarja, jossa on sytytystulppa, ilmansuodatin ja polttoainesuodatin.",,Husqvarna,
9439042000,Varastohylly 1860x1005x410mm,https://tarvike.com/product/varastohylly-1860x1005x410mm-147659,https://media.tarvike.com/product/images/147659/original/180033.webp,69.0,5 hyllytasoa. Kantavuus 70 kg/hyllytaso. Varmista vakaus kiinnittämällä hylly seinään.,,IKH,
8993098002,"Husqvarna 230i Moottorisaha, mukana akku ja laturi",https://tarvike.com/product/husqvarna-230i-moottorisaha-mukana-akku-ja-laturi-177623,https://media.tarvike.com/product/images/177623/original/203662.webp,409.0,"Husqvarna 230i on tehokas ja tasapainoinen akkukäyttöinen moottorisaha, joka on suunniteltu oksien karsimiseen, puutarhan raivaamiseen, polttopuiden sahaamiseen ja satunnaiseen puiden kaatamiseen. Hiiliharjaton moottori, teräketjun nopeus ja optimoitu vääntö takaavat erinomaisen sahaustehon, joten vaativammatkin sahaukset hoituvat vaivattomasti.",,Husqvarna,
8773000002,"Lokerikko 46x38x8cm pinottava, prof",https://tarvike.com/product/lokerikko-46x38x8cm-pinottava-prof-155308,https://media.tarvike.com/product/images/155308/original/191208.webp,41.0,9 irrotettavaa laatikkoa.,,Tactix,
8549645001,ProForest teräketju 3/8-39 -1.3mm,https://tarvike.com/product/proforest-teraketju-38-39-13mm-147803,https://media.tarvike.com/product/images/147803/original/180306.jpg,13.1,ProForest teräketju 3/8-39 -1.3mm.,,ProForest,
8376121002,King Teräketjuöljy 1L mineraalipohjainen,https://tarvike.com/product/king-teraketjuoljy-1l-mineraalipohjainen-43653,https://media.tarvike.com/product/images/43653/original/15197.jpg,6.48,"Mineraalipohjainen, sitkostettu teräketjuöljy joka soveltuu ympärivuotiseen käyttöön. Tuotteella on erinomaiset kylmäominaisuudet jopa -30°C. Erittäin hyvät voiteluominaisuudet takaavat voitelukalvon kestävyyden, tarttuvuuden sekä voitelun esim. sahojen laipoissa ja terissä. King teräketjuöljyä voi käyttää esim. metsäkoneissa, sahalaitoksissa, sahalinjoilla, kuljettimissa sekä moottorisahoissa, myös raskaaseen käyttöön. Tuote on tarkoitettu vain teräketjujen voiteluun, ei sovellu moottoreille.",,,
8189033002,Ilmansuodatin,https://tarvike.com/product/ilmansuodatin-177926,https://media.tarvike.com/product/images/177926/original/203195.webp,30.3,,,Husqvarna,
735350002,Muuttolaatikko kansi,https://tarvike.com/product/muuttolaatikko-kansi-145337,https://media.tarvike.com/product/images/145337/original/176839.webp,7.99,Elintarvikehyväksyttyä muovia. sopii DM5005 ja DM5006 laatikoihin.,,GDM Di Martino,
730192002,"Clen Tulovesisuodatin 3/4""S/U 12 BAR",https://tarvike.com/product/clen-tulovesisuodatin-34su-12-bar-145251,https://media.tarvike.com/product/images/145251/original/176702.jpg,10.2,Pestävä muovinen tulovesisuodatin painepesureihin. Ehkäisee epäpuhtauksien joutumista pumppuun ja suuttimeen.,,Clen,
5371063002,Viima ECO-Teräketjuöljy 3l Iso VG46,https://tarvike.com/product/viima-eco-teraketjuoljy-3l-iso-vg46-155708,https://media.tarvike.com/product/images/155708/original/188524.webp,11.5,"Ympäristöystävällinen, biohajoava tekninen kasviöljy, hyvät voitelu- ja tartuntaominaisuudet, suojaa teräketjua ja laippaa.",,Viima,
5261002,Husqvarna CEORA™ 546 EPOS™ käyttöyksikkö,https://tarvike.com/product/husqvarna-ceora-546-epos-kayttoyksikko-122628,https://media.tarvike.com/product/images/122628/original/166613.webp,22999.0,CEORA KÄYTTÖYKSIKKÖ - varustettava erikoissuunnitellulla leikkuulaitteella RZ 43M/RZ 43L ja latausasemalla CS4.,,Husqvarna,
5260002,Robottiruohonleikkurin Latausasema CEORA™ CS4,https://tarvike.com/product/robottiruohonleikkurin-latausasema-ceora-cs4-122184,https://media.tarvike.com/product/images/122184/original/159612.png,3098.0,"Lataa CEORA™-leikkurin automaattisesti ja tehokkaasti leikkurille asetetun aikataulun mukaisesti. Kokonaislatausaika 3 – 4 tuntia, kun akku on tyhjä. Lisävarusteena on saatavana pehmeän maan levyt, jotka tukevat latausasemaa, kun se asennetaan pehmeälle maalle.",,Husqvarna,
5216238002,Puutarhasäkki 56l Solid,https://tarvike.com/product/puutarhasakki-56l-solid-149927,https://media.tarvike.com/product/images/149927/original/188456.webp,19.99,Solid PopUp puutarhasäkki.,,Fiskars,
4963070000,Husqvarna BLi200X akku,https://tarvike.com/product/husqvarna-bli200x-akku-81420,https://media.tarvike.com/product/images/81420/original/159583.png,299.0,"Optimaalinen ammattikäyttöön tarkoitettu Husqvarna BLi200X akku tarjoaa erinomaisen tehon ja painon suhteen. Soveltuu vaativaan käyttöön kaikissa sääolosuhteissa. Kapasiteetti 5.2 Ah, jännite 36 V, paino 1,3, kg. Akun kapasiteetti 5.2 Ah Akun tyyppi Li-Ion Akun jännite 36 V",,Husqvarna,
4963068000,Husqvarna 120iB Akkupuhallin,https://tarvike.com/product/husqvarna-120ib-akkupuhallin-81413,https://media.tarvike.com/product/images/81413/original/159517.png,328.9,"Husqvarna 120iB on kevyt, helppokäyttöinen ja hiljainen akkupuhallin. Moottori käynnistyy välittömästi käynnistysnäppäintä kevyesti painamalla. Tasapaino, pito ja keveys takaavat erinomaisen ergonomian. Mukana BLi20 akku ja QC80-laturi. Akun jännite 36 V Ilmannopeus 46 m/s Akun tyyppi Li-Ion",,Husqvarna,
4963062000,"Husqvarna 340iBT Reppuakkupuhallin, ei sis. akku/laturi",https://tarvike.com/product/husqvarna-340ibt-reppuakkupuhallin-ei-sis-akkulaturi-81355,https://media.tarvike.com/product/images/81355/original/159298.png,599.0,"Husqvarna 340iBT tehokkaassa ja tasapainotetussa reppuakkupuhaltimessa on huippualhainen melu- ja värinätaso. Puhaltimessa on erinomainen 17 N:n puhallusteho ja intuitiivinen käyttöliittymä sekä kaksi paikkaa BLi-akuille. Kun ensimmäinen akku loppuu, laite siirtyy automaattisesti käyttämään toista akkua eikä työ jää kesken.",,Husqvarna,
4963050000,"Husqvarna BLi 10 -akku 36V, 2,0 Ah",https://tarvike.com/product/husqvarna-bli-10-akku-36v-20-ah-81267,https://media.tarvike.com/product/images/81267/original/31124.jpg,116.2,Kotitalouskäyttöön sopiva akku erityisesti Husqvarna 100 -sarjan tuotteille.,,Husqvarna,
4963047000,Husqvarna 580BTS Lehtipuhallin,https://tarvike.com/product/husqvarna-580bts-lehtipuhallin-81248,https://media.tarvike.com/product/images/81248/original/158943.png,1099.0,"580BTS on Husqvarna-malliston suorituskykyisin selässä kannettava puhallin, joka on suunniteltu vaativiin tehtäviin ja ammattikäyttöön. Puhallinsiiven tehokkaan muotoilun ja voimakkaan X-TORQ®-moottorin ansiosta ilmanvirtaus ja puhallusnopeus ovat erinomaiset. Ammattikäyttöön tarkoitettu ilmansuodatin takaa pitkän käyttöiän ja vaivattoman käytön. Valjaissa on leveät olkahihnat. Sylinteritilavuus 75.6 см³ Teho 3.3 kW Ilmannopeus 92.2 m/s Paino 11.8 kg",,Husqvarna,
4960916000,Alto KSK-50 klapikoneen 2/6 halkaisuterä,https://tarvike.com/product/alto-ksk-50-klapikoneen-26-halkaisutera-103079,https://media.tarvike.com/product/images/103079/original/144362.jpg,474.5,Alto KSK-50 klapikoneen 2/6 halkaisuterä,,,
4960895000,Woodtec Klapisirkkeli/Klapikone 405mm 2.2kw 230V koottuna,https://tarvike.com/product/woodtec-klapisirkkeliklapikone-405mm-22kw-230v-koottuna-103068,https://media.tarvike.com/product/images/103068/original/144359.jpg,555.5,Klapisirkkeli jopa 140mm halkaisijan puille.,,IKH,
4960893000,Ristihalkaisuveitsi,https://tarvike.com/product/ristihalkaisuveitsi-103067,https://media.tarvike.com/product/images/103067/original/144361.webp,34.0,Ristihalkaisuveitsi klapikoneisiin.,,IKH,
4955978000,"Husqvarna Automower Rajakaapeli 250 m Standard Ø 2.7 mm, musta",https://tarvike.com/product/husqvarna-automower-rajakaapeli-250-m-standard-27-mm-musta-80604,https://media.tarvike.com/product/images/80604/original/157378.png,158.9,"Husqvarnan alkuperäiskaapeli rajaa Automower®-leikkurin käyttöalueen turvallisesti. Se on yhteensopiva useimpien Automower®-sovellusten kanssa ja on helppo asentaa. Halkaisija 2,7 mm, pituus 150m.",,Husqvarna,
4955797000,"Ruohonleikkurin Rengas 18 x 6.50 - 8, TL 4-pr, HF224",https://tarvike.com/product/ruohonleikkurin-rengas-18-x-650-8-tl-4-pr-hf224-79268,https://media.tarvike.com/product/images/79268/original/28256.jpg,83.0,Ruohonleikkurin rengas Koko 18 x 6.50 - 8,,,
4955745000,Lumilingon rengas 4.80-8 2PR ST49,https://tarvike.com/product/lumilingon-rengas-480-8-2pr-st49-44728,https://media.tarvike.com/product/images/44728/original/17297.jpg,40.0,"Koko 4.80-8 2 PR Kuvio ST49 Vannesuositus 2.50x8 Leveys 115 mm, korkeus 410 mm Paino- ja nopeusluokka 51 LI, A4 SI, 20 km/h Sopiva sisärengas, myydään erikseen: RA400-8",,IKH,
4955659000,Ratioparts Ruohonleikkurin terä 389 mm,https://tarvike.com/product/ratioparts-ruohonleikkurin-tera-389-mm-94963,https://media.tarvike.com/product/images/94963/original/100083.jpg,31.2,Oikealle pyörivä. Merkki: Husqvarna,,Ratioparts,
4955617000,Teräakselin mutteri Murray,https://tarvike.com/product/teraakselin-mutteri-murray-93786,https://media.tarvike.com/product/images/93786/original/144391.jpg,2.6,"Sopii mm. vanhemmat koneet, joissa teräistukka kiilalla",,,
4955597000,Terä Husqvarna R152SV,https://tarvike.com/product/tera-husqvarna-r152sv-93778,https://media.tarvike.com/product/images/93778/original/58941.jpg,26.5,Terä useampaan eri leikkuulaitteeseen. Tarkasta yhteensopivuus lisätiedoista.,,,
4955595000,Ruohonleikkurin Terä Husqvarna Rider Combi 103(vm 2004->),https://tarvike.com/product/ruohonleikkurin-tera-husqvarna-rider-combi-103vm-2004--93777,https://media.tarvike.com/product/images/93777/original/58937.jpg,25.5,Terä useammalle eri leikkurin mallille. Tarkasta yhteensopivuus lisätiedoista.,,,
4955587000,"Ruohonleikkurinterä Husqvarna 36"" leikkuulaite",https://tarvike.com/product/ruohonleikkurintera-husqvarna-36-leikkuulaite-93773,https://media.tarvike.com/product/images/93773/original/144392.jpg,55.0,"Leikkurin terä, joka sopii useaan Husqvarnan valmistamaan traktorimalliseen ajoleikkuriin. Tarkasta yhteensopivuus lisätiedoista.",,,
4955581000,"Ristikkoterä Husqvarna 36""  leikkuulaite (original)",https://tarvike.com/product/ristikkotera-husqvarna-36-leikkuulaite-original-93770,https://media.tarvike.com/product/images/93770/original/58912.jpg,31.7,Lisäterä useaan eri malliin. Tarkasta yhteensopivuus lisätiedoista.,,,
4955557000,Husqvarna Automower® Asennussarja S,https://tarvike.com/product/husqvarna-automower-asennussarja-s-81409,https://media.tarvike.com/product/images/81409/original/159493.png,92.9,"Husqvarna Automower® asennussarja S sopii avoimille nurmikkoalueille, maks. 800 m², tai monimutkaisille nurmikkoalueille, maks. 400 m².",,Husqvarna,
4955413000,Husqvarna Automower väliaikainen aitasarja,https://tarvike.com/product/husqvarna-automower-valiaikainen-aitasarja-81153,https://media.tarvike.com/product/images/81153/original/158518.png,49.8,"Husqvarna Automower väliaikaisen aitasarjan vankkarakenteisten teräskaarien avulla on helppo rajata osa nurmikosta tilapäisesti robottiruohonleikkurin työskentelyalueen ulkopuolelle. Aitauksen avulla voidaan esimerkiksi suojella kevätkukkia, lasten kahluuallasta tai vasta kylvettyä nurmikkoa. Kaariaitaus on luotettava ja helppokäyttöinen, eikä robottileikkurin asennukseen tai ajastuksiin tarvitse tehdä muutoksia.",,Husqvarna,
4955357000,Husqvarna Automower Pyöräharjasarja 310/315,https://tarvike.com/product/husqvarna-automower-pyoraharjasarja-310315-80781,https://media.tarvike.com/product/images/80781/original/30545.jpg,28.2,"Auttaa pitämään pyörät puhtaina ja pidon hyvänä. Pyöräharjasarja, 6 harjaa ja 2 kiinnikettä - 310/315",,Husqvarna,
4955353000,Husqvarna Automower Seinäteline 310/315,https://tarvike.com/product/husqvarna-automower-seinateline-310315-80779,https://media.tarvike.com/product/images/80779/original/30539.jpg,74.8,Lattiatilaa säästävä seinäteline on tehty Automower®-leikkurin säilyttämiseen talvella tai silloin kuin leikkuri ei ole käytössä. Malleille: 310/315 (2015-),,Husqvarna,
4871628002,Ylivuotoliitinsarja,https://tarvike.com/product/ylivuotoliitinsarja-156821,https://media.tarvike.com/product/images/156821/original/187785.jpg,7.1,"2-tie (T-malli), sis. O-renk. ja lukkosokkan (muovinen).",,Startax,
4871619002,Gardener-kuulonsuojaimet,https://tarvike.com/product/gardener-kuulonsuojaimet-119664,https://media.tarvike.com/product/images/119664/original/156010.png,22.9,"Vapaa-aikaan ja puutarhatyöhön suunnitellut kuulonsuojaimet. Erikoisleveä panta istuu tukevasti ja mukavasti, ja päälakeen kohdistuva paine on pieni. Kuvut iskunkestävää, miellyttäväntuntuista polyuretaania. Voidaan varustaa visiirillä.",,Husqvarna,
4871385002,Liitin suora 41199,https://tarvike.com/product/liitin-suora-41199-156885,https://media.tarvike.com/product/images/156885/original/187677.jpg,5.0,Facet suora 8mm. 1/8-27 kierre.,,Startax,
35011489000,Fitt Puutarhaletku kiertymätön 19mm 25M,https://tarvike.com/product/fitt-puutarhaletku-kiertymaton-19mm-25m-44445,https://media.tarvike.com/product/images/44445/original/16979.jpg,59.7,Fitt Puutarhaletku kiertymätön 19mm 25M. Materiaali PVC + polyesteri. NTS rakenne estää solmujen ja taitosten syntymistä puutarhaletkuun ja takaa näin ollen poikkeuksellisen käyttömukavuuden,,IKH,
33661035000,"Teräketju X-PRECISION SP21G Semi chisel PIXEL .325"" mini 1,1 mm",https://tarvike.com/product/teraketju-x-precision-sp21g-semi-chisel-pixel-325-mini-11-mm-120942,https://media.tarvike.com/product/images/120942/original/157804.png,24.8,"Teräketju X-Cut SP21G Semi chisel PIXEL 10"" .325"" mini 1,1 mm",,Husqvarna,
33661033000,"Flexi-työkaluvyö, Combi-sarja",https://tarvike.com/product/flexi-tyokaluvyo-combi-sarja-120940,https://media.tarvike.com/product/images/120940/original/157785.png,258.9,"Joustava ja ergonominen työkaluvyö on kehitetty erityisesti metsätöihin. Sen paino jakautuu ihanteellisesti, ja siinä on säädettävä, yhdellä kädellä avattava vyösolki. Kätevä ja helppo räätälöidä käyttäjän tarpeisiin pidikkeiden, koteloiden ja valjaiden avulla. Sarjan mukana toimitetaan: työkaluvyö, valjaat, yhdistelmäkotelo, yhdistelmäkotelo ja kiilatasku, työkalupidike, yleislaukku ensiapupakkaukselle, pidike viiloille/yhdistelmätyökalulle",,Husqvarna,
33661029000,Husqvarna raja- ja hakukaapelin liitin,https://tarvike.com/product/husqvarna-raja-ja-hakukaapelin-liitin-120881,https://media.tarvike.com/product/images/120881/original/157629.png,10.5,Robottiruohonleikkurin raja- ja hakukaapelin yhdistämiseen.,,Husqvarna,
33661026000,Husqvarna Automower® Connect -sarja,https://tarvike.com/product/husqvarna-automower-connect-sarja-120838,https://media.tarvike.com/product/images/120838/original/204249.webp,319.0,"Pidä Husqvarna Automower® hallinnassa missä tahansa oletkin. Käynnistä, pysäytä, seuraa sen sijaintia, muuta asetuksia ja vastaanota hälytyksiä – kaikki älypuhelimesi kautta.",,Husqvarna,
33661011000,Husqvarna HDO002 Siimapää P35,https://tarvike.com/product/husqvarna-hdo002-siimapaa-p35-120446,https://media.tarvike.com/product/images/120446/original/204245.webp,35.3,Universal-siimapäät sopivat sovitinsarjansa ansiosta useimpiin johtavien tuotemerkkien bensiinikäyttöisiin trimmereihin.,,Husqvarna,
33660995000,Husqvarna Moottorisahan alusta,https://tarvike.com/product/husqvarna-moottorisahan-alusta-120096,https://media.tarvike.com/product/images/120096/original/204257.webp,22.9,"Tämä kestävä PP-muovista valmistettu alusta sopii käytettäväksi useimpien moottorisahojen kanssa, ja se tarjoaa hyvä suojan moottorisahasi turvallisempaan ja puhtaampaan kuljetukseen sekä varastointiin. Sen avulla voit vähentää huomattavasti öljy- tai pölyvuotojen riskiä autossasi tai autotallissasi. Moottorisahan alustaa on saatavilla kahta eri kokoa. Toinen alle 55-kuution moottorisahoihin ja toinen yli 50-kuution moottorisahoihin.",,Husqvarna,
33660982000,"Teräketju X-PRECISION™ SP11G Semi-chisel 1/4” mini 1,1 mm",https://tarvike.com/product/teraketju-x-precision-sp11g-semi-chisel-14-mini-11-mm-119691,https://media.tarvike.com/product/images/119691/original/156105.png,14.8,"Husqvarna X-PRECISION™ SP11G on pyöristetty ¼ tuuman mini 1,1 mm:n moottorisahaketju, joka on suunniteltu erityisesti tarkkaan ja hellävaraiseen karsimistyöhön jopa 15 cm paksuisille oksille. Tämä ketju leikkaa kuin veitsi, tehden siitä erinomaisen kaupunkipuiden hoitoon ammattilaisille ja niille, jotka haluavat siistit leikkaukset pitääkseen puutarhan puut terveinä ja kauniina. Siisti leikkuujälki auttaa puuta paranemaan nopeammin ja näyttämään paremmalta heti karsimisen jälkeen. Kapea, kevyt ja sujuvasti leikkaava ketju on hiljainen ja sitä pystyy käyttämään niin akkusahoissa kuin pienissä polttomoottorisahoissakin. Sopii täydellisesti yhteen Husqvarna X-PRECISION™ ¼” mini -terälevyn kanssa.",,Husqvarna,
33660977000,Husqvarna Polkukaatoraudan kotelo,https://tarvike.com/product/husqvarna-polkukaatoraudan-kotelo-119646,https://media.tarvike.com/product/images/119646/original/155980.png,14.9,"""Viktor""-polkukaatoraudan kotelo.",,Husqvarna,
33660959000,Husqvarna puhallinvarustus DB110 FLXi,https://tarvike.com/product/husqvarna-puhallinvarustus-db110-flxi-122581,https://media.tarvike.com/product/images/122581/original/160168.png,99.8,"DB110 FLXi -puhallinvarustus lehtien, leikkuujätteen ja roskien siistimiseen. Kevyt ja helppo käsitellä. Kätevä säilyttää mukana tulevan koukun avulla.",,Husqvarna,
33660957000,Husqvarna oksasahavarustus DP110 FLXi,https://tarvike.com/product/husqvarna-oksasahavarustus-dp110-flxi-122580,https://media.tarvike.com/product/images/122580/original/160166.png,149.0,"DP110 FLXi-oksasahavarustus X-Precision™-ketjulla, joka tarjoaa tarkan leikkuujäljen. Oksasahan tanko on sijoitettu vasemmalle puolelle hallinnan parantamiseksi.",,Husqvarna,
33660954000,"Husqvarna Kaatokiila Pro, 9,5""",https://tarvike.com/product/husqvarna-kaatokiila-pro-95-121496,https://media.tarvike.com/product/images/121496/original/158519.png,30.9,Tämä erittäin lujatekoinen kaatokiila on valmistettu iskunkestävästä muovista. Muotoiltu urallinen päätypinta takaa tarkat tulokset parantamalla pitoa jäisessä puussa. Kiila helpottaa kaadon suuntaamista nostamalla puuta oikeaan suuntaan. Käytetään estämään terälevyn puristuksiin jääminen kaatosahauksen aikana. Voidaan käyttää myös jo maassa olevien puiden sahaamiseen.,,Husqvarna,
33521077000,Jatkoletku 8 m,https://tarvike.com/product/jatkoletku-8-m-120897,https://media.tarvike.com/product/images/120897/original/157647.png,69.9,"Kahdeksan metriä pitkässä letkussa on pikaliitäntä ja laaja ulottuvuus ilman, että sähkön ja veden lähteestä tarvitsee tinkiä.",,Husqvarna,
33521076000,Husqvarna Ajoneuvon puhdistussarja,https://tarvike.com/product/husqvarna-ajoneuvon-puhdistussarja-120896,https://media.tarvike.com/product/images/120896/original/157643.png,79.9,"Ajoneuvon puhdistussarjassa on leveäsuihkuinen sumutussuutin herkkien pintojen nopeaan ja hellävaraiseen puhdistukseen, kulmasuutin vaikeapääsyisten paikkojen puhdistukseen sekä pesuharja, jossa on mukana kumilasta.",,Husqvarna,
33521074000,"Vedensuodatin 3/4""",https://tarvike.com/product/vedensuodatin-34-120890,https://media.tarvike.com/product/images/120890/original/157658.png,14.8,Vedensuodatin suojaa pumppua vedessä olevan lian aiheuttamilta vaurioilta. Liitäntä ¾”. Lisävaruste 100–300-sarjojen painepesureihin.,,Husqvarna,
33521073000,HusqvarnaSC 400 pintapesuri,https://tarvike.com/product/husqvarnasc-400-pintapesuri-120888,https://media.tarvike.com/product/images/120888/original/157651.png,114.0,"SC 400 on tehokas pyörivä pintapesuri, jonka tehonsäätöominaisuuden avulla optimaalinen paine on aina helppo valita. Pesurissa on mukana tehosuutinsarja, joka poistaa pinttyneenkin lian. Soveltuui sekä pysty- että vaakasuorien laajojen pintojen puhdistukseen, esimerkiksi patioille, pihateille, seinille ja terasseille. Mukana jatkovarsi, jota voi käyttää myös muiden lisävarusteiden kanssa. Lisävaruste 300–400-sarjojen painepesureihin.",,Husqvarna,
33521066000,Husqvarna Nokkahihna,https://tarvike.com/product/husqvarna-nokkahihna-120213,https://media.tarvike.com/product/images/120213/original/156785.png,9.9,"Kiristysräikkä kuorman varmistamiseen kuljetuksen aikana. Tämä räikkä sisältää nokkasoljellisen kiinnitysliinan, jolla erilaiset kuormat saa nopeasti kiinnitettyä, ja sen enimmäiskuormitus on 250 kg.",,Husqvarna,
32071652000,Honda FG320 jyrsin,https://tarvike.com/product/honda-fg320-jyrsin-180439,https://media.tarvike.com/product/images/180439/original/203879.jpg,990.0,Uskomattoman hiljainen ja tehokas GP160H moottori. Hondan puutarhajyrsimet ovat varmatoimisia puutarhurin työkavereita vuodesta toiseen.,,Honda,
3095825001,Jonsered Tiivistyskumi,https://tarvike.com/product/jonsered-tiivistyskumi-128823,https://media.tarvike.com/product/images/128823/original/168070.webp,2.3,Jonsered Tiivistyskumi,,Jonsered,
3095653001,Jonsered Säkring,https://tarvike.com/product/jonsered-sakring-128891,https://media.tarvike.com/product/placeholders/productImageComingSoong.jpg,6.2,Jonsered Säkring.,,Jonsered,
30675471000,Trimmeripää T-55 145 mm - M12 x 1.75,https://tarvike.com/product/trimmeripaa-t-55-145-mm-m12-x-175-179725,https://media.tarvike.com/product/images/179725/original/203632.png,39.0,"Puoliautomaattinen siimapää, 145 mm, Tap-N-Go-toiminnolla ja kuulalaakereilla.",,Ratioparts,
30336664000,Husqvarna Ketju X-CUT C85 Chisel 3/8” 1.5mm,https://tarvike.com/product/husqvarna-ketju-x-cut-c85-chisel-38-15mm-120687,https://media.tarvike.com/product/images/120687/original/157429.png,44.9,"Edistyksellien ja suorituskykyinen 3/8"", 1.5 mm teräketju ammattimaiseen metsätyöhön. Alusta loppuun Husqvarnan valmistama ketju varmistaa parhaan mahdollisen leikkuutehon sahallesi. Erittäin kestävä ketju pysyy pitkään terävänä ja venyy vähemmän, minkä ansiosta se tarvitsee vähemmän ylläpitoa ja niiden vaatimia kustannuksia varmistaen paremmat tulokset ja tuottavuuden.",,Husqvarna,
29836069000,"Siima Whisper Twist Ø3,0 mm x 48 m",https://tarvike.com/product/siima-whisper-twist-30-mm-x-48-m-121472,https://media.tarvike.com/product/images/121472/original/158469.png,25.9,"Ammattikäyttöön tarkoitetussa siimassa on kierteinen aerodynaaminen profiili, joka on hiljaisempi ja tärisee vähemmän. Propolymeerimateriaalit takaavat parhaan mahdollisen suorituskyvyn. Sopii kaikkiin vakiomallisiin siimapäihin.",,Husqvarna,
27521844001,"Husqvarna X-TOUGH LIGHT 3/8"" 1.5mm  RSN  iso sovite",https://tarvike.com/product/husqvarna-x-tough-light-38-15mm-rsn-iso-sovite-121569,https://media.tarvike.com/product/images/121569/original/158657.png,157.0,"Husqvarna X-TOUGH LIGHT RSN -laipat ovat kevyitä, helppoja käsitellä sekä erittäin kestäviä. Laipat on suunniteltu haastaviin olosuhteisiin ja pitkiin työpäiviin. Vaihdettava, kolmella niitillä kiinnitetty tiukkasovitteinen RSN-kärki on erittäin kulutuksen kestävä ja kärki sekä öljyreikä on suunniteltu vähentämään kitkaa ja sitä kautta myös polttoaineen kulutusta. Laipan pintakäsittely suojaa sitä naarmuilta sekä korroosiolta. Vaihdettava kärki on saatavana varaosana. Saatavana olevat koot (20–36""). 3 /8"" jaolla..",,Husqvarna,
27521833001,"Husqvarna Laminated Terälevy 15"" .325"" 1,3mm, Pixel, SM, 64DL",https://tarvike.com/product/husqvarna-laminated-teralevy-15-325-13mm-pixel-sm-64dl-120593,https://media.tarvike.com/product/images/120593/original/204289.webp,49.5,Oksa- ja muiden moottorisahojen terälevyt,,Husqvarna,
27521829001,Kannettavien koneiden sytytystulpat,https://tarvike.com/product/kannettavien-koneiden-sytytystulpat-120530,https://media.tarvike.com/product/images/120530/original/204342.webp,8.0,"Pidä käsikäyttöinen, bensiinillä toimiva puutarhakoneesi jatkuvasti toimintakunnossa säännöllisellä huollolla. Tarjoamme tässä yhteydessä neljä ylimääräistä sytytystulppaa, jotka sopivat pienempiin moottoreihin, esimerkiksi moottorisahoihin ja trimmereihin.",,McCulloch,
27521809001,Husqvarna-primerpumppu,https://tarvike.com/product/husqvarna-primerpumppu-119683,https://media.tarvike.com/product/images/119683/original/156060.png,15.5,"Husqvarnan alkuperäinen primerpumppu, jota käytetään ilman poistamiseksi kaasuttimesta ja polttoainejärjestelmästä. Korvaa pumppu mikäli se on mennyt rikki.",,Husqvarna,
27521808001,Ilmansuodatin T401282321,https://tarvike.com/product/ilmansuodatin-t401282321-119681,https://media.tarvike.com/product/images/119681/original/156063.png,28.7,Alkuperäinen Husqvarnan ilmansuodatin. Estää lian ja roskien pääsyn moottoriin. Vaihda ilmansuodatin aina säännöllisin väliajoin optimaalisen suorituskyvyn ja tuotteen pidemmän käyttöiän saavuttamiseksi.,,Husqvarna,
27521800001,Kytkinrumpu täyd. .325'' - 7T,https://tarvike.com/product/kytkinrumpu-tayd-325-7t-119634,https://media.tarvike.com/product/images/119634/original/155948.png,40.4,,,Husqvarna,
27521798001,Tärinänvaimennin,https://tarvike.com/product/tarinanvaimennin-119620,https://media.tarvike.com/product/images/119620/original/155912.png,21.3,,,Husqvarna,
26384000,Husqvarna 322iHD60 Pensasleikkuri,https://tarvike.com/product/husqvarna-322ihd60-pensasleikkuri-122178,https://media.tarvike.com/product/images/122178/original/159597.png,429.0,Muotoile pensasaidoista täydellisiä.,,Husqvarna,
2615566002,"Linjalanka 2,0mm 50m",https://tarvike.com/product/linjalanka-20mm-50m-156026,https://media.tarvike.com/product/images/156026/original/180583.jpeg,7.99,"Nauhan paksuus 2 mm, pituus 50 m. Nauhan väri punakeltainen.",,Fixit,
2544548002,Sisärengas,https://tarvike.com/product/sisarengas-14065-16-tr15-40969,https://media.tarvike.com/product/images/40969/original/194923.webp,30.0,,,Agrilife,
1944205000,Jonsered Pultti,https://tarvike.com/product/jonsered-pultti-128874,https://media.tarvike.com/product/images/128874/original/168046.webp,3.4,Jonsered Pultti,,Jonsered,
19180915002,"Ratioparts Teräketju rp 3/8""HM1,5 52E",https://tarvike.com/product/ratioparts-teraketju-rp-38hm15-52e-94993,https://media.tarvike.com/product/images/94993/original/100109.jpg,21.9,Katso alkuperäinen varaosakuva oikean varaosan määrittämiseksi.,,Ratioparts,
19180878002,Oregon Teräketju 3/8'' 1.3mm 47VL,https://tarvike.com/product/oregon-teraketju-38-13mm-47vl-81529,https://media.tarvike.com/product/images/81529/original/31461.jpg,14.8,"Moottorisahan teräketju Oregon 3/8"" 1.3mm 47VL, turvalenkkiketju. Tämä takapotkua vaimentava ja vähän täristävä ketju sopii ihanteellisesti mökkisahoihin ja satunnaiskäyttäjille.",,Oregon,
19180825002,"Husqvara Merkkausliidun pidike, flexi, jojolla",https://tarvike.com/product/husqvara-merkkausliidun-pidike-flexi-jojolla-80881,https://media.tarvike.com/product/images/80881/original/157803.png,54.9,"Pidikkeessä on jousikuormitteinen metallikela 12 mm:n liiduille. Vankka rakenne, metallikela voidaan kiinnittää työkaluvyöhön tai valjaisiin.",,Husqvarna,
19180819002,Husqvarna Spraypullon pidike,https://tarvike.com/product/husqvarna-spraypullon-pidike-80878,https://media.tarvike.com/product/images/80878/original/157789.png,15.9,Kotelossa spraypullo pysyy tukevasti paikallaan.,,Husqvarna,
19180802002,"Husqvarna Flexi-työkaluvyö, Wedge-sarja",https://tarvike.com/product/husqvarna-flexi-tyokaluvyo-wedge-sarja-80869,https://media.tarvike.com/product/images/80869/original/157771.png,258.9,"Husqvarna Flexi Wedge-sarjan joustava ja ergonominen työkaluvyö on kehitetty erityisesti metsätöihin. Sen paino jakautuu ihanteellisesti, ja siinä on säädettävä, yhdellä kädellä avattava vyönsolki. Kätevä ja helppo räätälöidä käyttäjän tarpeisiin pidikkeiden, koteloiden ja valjaiden avulla. Sarjan mukana toimitetaan: työkaluvyö, valjaat, kiilakotelo, kiilataskulla varustettu yhdistelmäkotelo, työkalupidike, yleislaukku ensiapupakkaukselle, pidike viiloille/yhdistelmätyökalulle.",,Husqvarna,
19180775002,"Husqvarna Terälevy X-Force  12"" .3/8"" mini 1,3 mm SM",https://tarvike.com/product/husqvarna-teralevy-x-force-12-38-mini-13-mm-sm-80660,https://media.tarvike.com/product/images/80660/original/157511.png,49.8,"Aiempaa kestävämpi ja kevyempi sekä erittäin suorituskykyinen terälevy, Husqvarna X-Force, on kehitetty varmistamaan paras mahdollinen tulos yhdessä X-Cut-ketjun kanssa. 9-hampaisessa kärkipyörässä on enemmän niittejä (4) ja laakeripinta-ala on entistä suurempi (21 laakeria), minkä ansiosta kestävyys on erinomainen. Optimaalinen profiili ja aikaisempaa pidempi keskilamelli parantavat tehokkuutta pienentäen painoa vakauden ja suorituskyvyn kärsimättä. Parempi voitelu ja optimaalinen hitsaus parantavat jäykkyyttä auttaen saavuttamaan maksimaaliset tulokset. Terälevyn pituus 12"" Uraleveys 1.3 mm Ketjujako 3/8"" mini",,Husqvarna,
19180762002,"Husqvarna Terälevy X-Force 16"" .325"" 1,5 mm SM",https://tarvike.com/product/husqvarna-teralevy-x-force-16-325-15-mm-sm-80656,https://media.tarvike.com/product/images/80656/original/157488.png,70.9,"Kestävyyttä, keveyttä ja suorituskykyä – Husqvarnan X-Force-terälevyt on suunniteltu käytettäviksi yhdessä X-Cut-ketjujen kanssa, jotta saat kaiken tehon irti Husqvarna-moottorisahastasi. Virtaviivainen siluetti, kestävä kärki ja laakerijärjestelmä sekä optimoitu keskilevy vähentävät seisokkiaikoja ja takaavat erinomaisen leikkuutuloksen. Terälevyn pituus 16"" Uraleveys 1.5 mm Ketjujako .325""",,Husqvarna,
19180735002,"Husqvarna Teräketju X-Cut C85 28"" .3/8"" 1,5 mm 92 L",https://tarvike.com/product/husqvarna-teraketju-x-cut-c85-28-38-15-mm-92-l-80637,https://media.tarvike.com/product/images/80637/original/157431.png,47.9,"Edistyksellien ja suorituskykyinen 3/8"", 1.5 mm teräketju ammattimaiseen metsätyöhön. Alusta loppuun Husqvarnan valmistama ketju varmistaa parhaan mahdollisen leikkuutehon sahallesi. Erittäin kestävä ketju pysyy pitkään terävänä ja venyy vähemmän, minkä ansiosta se tarvitsee vähemmän ylläpitoa ja niiden vaatimia kustannuksia varmistaen paremmat tulokset ja tuottavuuden.",,Husqvarna,
19180699002,Husqvarna Puinen Sahapukki,https://tarvike.com/product/husqvarna-puinen-sahapukki-80478,https://media.tarvike.com/product/images/80478/original/156694.png,61.8,"Vahva ja vakaa puinen sahapukki raskaiden puiden leikkaamiseen, puusepäntöihin, tee-se-itse-projekteihin ja muihin tehtäviin. Sisäänrakennetun mittataulun ansiosta pukilla sahaaminen on tarkkaa. Kun lopetat työskentelyn, taita pukki kokoon ja säilytä se näppärästi pienemmässä tilassa.",,Husqvarna,
19180664002,"Husqvarna Mittasakset, 36 cm",https://tarvike.com/product/husqvarna-mittasakset-36-cm-80305,https://media.tarvike.com/product/images/80305/original/155982.png,35.9,"Sylinteritilavuustaulukko, senttimetrijako kahdella sivulla.",,Husqvarna,
19180646002,"Husqvarna Rullaviilanohjain viilalle .3/8"" 4,0 mm",https://tarvike.com/product/husqvarna-rullaviilanohjain-viilalle-38-40-mm-80279,https://media.tarvike.com/product/images/80279/original/155954.png,13.5,Erikoissuunnitelluilla viilanohjaimilla saadaan oikea viilauskulma. Käytetään pyöröviilan kanssa. Saatavana kaikille Husqvarnan teräketjuille.,,Husqvarna,
19180639002,"Husqvarna Terälevy 12"" .3/8"" 1,1 mm 45 L SN/A",https://tarvike.com/product/husqvarna-teralevy-12-38-11-mm-45-l-sna-80257,https://media.tarvike.com/product/images/80257/original/155754.png,40.9,"Terälevyn loivasti kaartuva muoto ja pieni kärkipyörä vähentävät takapotkun vaaraa ja helpottavat terän hallintaa. Terälevyt on päällystetty epoksilla, mikä suojaa naarmuuntumiselta ja kulumiselta. Laminoitu terälevy PIXEL / 12"" / 3/8"" MINI / 1,1 mm / pieni sovite",,Husqvarna,
19180612002,"Husqvarna Teräketju H42LV .3/8"" 1,5 mm 20"" 72 L",https://tarvike.com/product/husqvarna-teraketju-h42lv-38-15-mm-20-72-l-80243,https://media.tarvike.com/product/images/80243/original/29921.jpg,35.4,"Suorituskykyisessä ketjussa on chisel-leikkuuhampaat, ja terälaitteen aiheuttama tärinä on vaimennettu tehokkaasti. Suositellaan puhtaan puun suuritehoiseen korjaukseen ja 50 - 100 kuutiosenttimetrin ammattisahoihin. Uraleveys: 1.5 mm Käytetään viilan kanssa: Ø 5,5 mm Ketjujako: 3/8""",,Husqvarna,
19180610002,"Husqvarna Teräketju H42 / 3/8"" / 1,5 mm / 68 dl / 18""",https://tarvike.com/product/husqvarna-teraketju-h42-38-15-mm-68-dl-18-80242,https://media.tarvike.com/product/images/80242/original/29918.jpg,33.4,"Suorituskykyisessä ketjussa on chisel-leikkuuhampaat, ja terälaitteen aiheuttama tärinä on vaimennettu tehokkaasti. Suositellaan puhtaan puun suuritehoiseen korjaukseen ja 50 - 100 cc:n ammattisahoihin. Teräketju H42 / 3/8"" / 1,5 mm / 68 dl / 18""",,Husqvarna,
19179654002,Cub Cadet XS3 71 lumilinko,https://tarvike.com/product/cub-cadet-xs3-71-lumilinko-81517,https://media.tarvike.com/product/images/81517/original/31431.jpg,2630.0,"Suurilla ominaisuuksilla varustettu Cub Cadet XS3 71 lumilinko pienten ja keskikokoisten alueiden hoitoon. Mullistava 3-vaihejärjestelmä: Reunan Xtreme- ruuvit murskaavat paakkuuntuneen lumen ja jään, ja siirtävät ne keskelle. 25 % enemmän tehoa! Uusi keskitetty Xtreme-tehoruuvi murskaa lumen ja siirtää sen ulosheittokanavaan. 30 % lisää nopeutta! Voimakas heittoruuvi heittää lumen ulosheittotorven kautta haluttuun suuntaan ja halutulle etäisyydelle. Helppoa ja vaivatonta! Työleveys 71 cm / Paino 118 kg / sähkökäynnistys / OHV talvimoottori 420 cc",,Cub Cadet,
19179615002,Heittoputken ohjainvaijeri Rammy,https://tarvike.com/product/heittoputken-ohjainvaijeri-rammy-61245,https://media.tarvike.com/product/images/61245/original/18137.jpg,33.3,,,Rammy,
19179612002,"Honda lumilinko HSM 1390 ETDR Hybridi, telalinko",https://tarvike.com/product/honda-lumilinko-hsm-1390-etdr-hybridi-telalinko-61143,https://media.tarvike.com/product/images/61143/original/17907.jpg,9990.0,"Honda lumilinko HSM 1390 ETDR Hybridi on järeä telamalli jota voikin sanoa lumikenttien todelliseksi kuninkaaksi! Se on varustettu samoilla ominaisuuksilla kuin HSS1380A -malli, mutta sen työskentelykapasiteetti on vielä huomattavasti suurempi. Työleveys peräti 920 mm. Lumen heittoetäisyys ja -kulma on sähköisesti säädettävissä.",,Honda,
19177382002,"Husqvarna Whisper Twist Siima Ø2,4 mm x 12 m, oranssi/musta",https://tarvike.com/product/husqvarna-whisper-twist-siima-24-mm-x-12-m-oranssimusta-81133,https://media.tarvike.com/product/images/81133/original/158483.png,7.5,"Ammattikäyttöön tarkoitetussa siimassa on kierteinen aerodynaaminen profiili, joka on hiljaisempi ja tärisee vähemmän. Propolymeerimateriaalit takaavat parhaan mahdollisen suorituskyvyn. Sopii kaikkiin vakiomallisiin siimapäihin.",,Husqvarna,
19177381002,"Husqvarna Whisper Twist Siima Ø2,0 mm x 112 m, oranssi/musta",https://tarvike.com/product/husqvarna-whisper-twist-siima-20-mm-x-112-m-oranssimusta-81131,https://media.tarvike.com/product/images/81131/original/158479.png,25.9,"Ammattikäyttöön tarkoitetussa siimassa on kierteinen aerodynaaminen profiili, joka on hiljaisempi ja tärisee vähemmän. Propolymeerimateriaalit takaavat parhaan mahdollisen suorituskyvyn. Sopii kaikkiin vakiomallisiin siimapäihin.",,Husqvarna,
19177365002,"Husqvarna Siimapää T25B akkutrimmerit, 2,0 - 2,4 mm",https://tarvike.com/product/husqvarna-siimapaa-t25b-akkutrimmerit-20-24-mm-80588,https://media.tarvike.com/product/images/80588/original/157257.png,23.9,"Siimapää voi pyöriä sekä myötä- että vastapäivään. Se on suunniteltu erityisesti akkukäyttöisiin trimmereihimme. Husqvarnan suunnittelemassa T25B-siimapäässä on puoliautomaattinen siimansyöttöjärjestelmä, josta käytämme myös nimeä Tap'n go.",,Husqvarna,
19177347002,"Husqvarna Siimapää T25 M10 (L), 2,0 - 2,4 mm",https://tarvike.com/product/husqvarna-siimapaa-t25-m10-l-20-24-mm-80557,https://media.tarvike.com/product/images/80557/original/30297.jpg,23.9,"Husqvarnan suunnittelemassa T25 siimapäässä on puoliautomaattinen siimansyöttö ja siitä käytetään myös nimitystä ""Tap’n go"". Kun kaasu painetaan pohjaan ja siimapää painetaan maata vasten syöttää siimapää automaattisesti uutta siimaa. Tämän ansiosta työtä ei tarvitse keskeyttää eikä konetta tarvitse irroittaa valjaista kun siimaa tarvitaan lisää.",,Husqvarna,
19177280002,"Siima Opti Round Ø3,0 mm x 240 m",https://tarvike.com/product/siima-opti-round-30-mm-x-240-m-121449,https://media.tarvike.com/product/images/121449/original/160383.jpg,61.8,Yleiskäyttöön suunnitellussa siimassa on pyöreä profiili. Hyvän leikkuutehon ja kestävyyden ansiosta siima sopii moniin käyttötarkoituksiin. Sopii kaikkiin vakiomallisiin siimapäihin.,,Husqvarna,
19177205002,"Husqvarna 110iL Akkutrimmeri, mukana akku ja laturi",https://tarvike.com/product/husqvarna-110il-akkutrimmeri-mukana-akku-ja-laturi-81462,https://media.tarvike.com/product/images/81462/original/159795.png,289.0,"Husqvarna 110iL on ihanteellinen akkutrimmeri pienempiin puutarhoihin. Trimmeri toimii hiljaisesti, tärinä on todella vähäistä ja suoria päästöjä ei synny lainkaan. Suunniteltu erittäin helpoksi ja mukavaksi käyttää. Automaattisen siimansyötön, taitettavan taimisuojan ja reunaleikkuritilan ansiosta tämä akkuruohotrimmeri tuottaa loistavia työtuloksia myös kokemattomalle käyttäjälle. Jaettu akseli tekee trimmeristä erittäin helpon kuljettaa ja varastoida. Akun jännite 36V Leikkuuleveys 30 cm",,Husqvarna,
19176986002,Husqvarna Kuulonsuojaimet Verkkovisiirillä,https://tarvike.com/product/husqvarna-kuulonsuojaimet-verkkovisiirilla-81155,https://media.tarvike.com/product/images/81155/original/158537.png,61.9,"Mukavat kuulonsuojaimet, joissa on 20 prosentin säätövara päähän kohdistuvalle paineelle. UltraVision-visiiri takaa optimaalisen valon läpäisyn. Visiirin ja sangan välissä on tekstiilisuojus, joka suojaa päätä ruoholta, pölyltä ja sateelta. Käytä aina yhdessä suojalasien kanssa.",,Husqvarna,
19176960002,Husqvarna X-COM Kuulonsuojaimen Hygieniasarja,https://tarvike.com/product/husqvarna-x-com-kuulonsuojaimen-hygieniasarja-80981,https://media.tarvike.com/product/images/80981/original/158156.png,20.9,Mukava ja suojaava tuote on myös hygieninen. Sarjaan kuuluvat vaimennus- ja korvatyynyt. Vaihdettava kaksi kertaa vuodessa.,,Husqvarna,
19176952002,Husqvarna Classic viiltosuojalahkeet,https://tarvike.com/product/husqvarna-classic-viiltosuojalahkeet-80902,https://media.tarvike.com/product/images/80902/original/30701.jpg,126.41,"Nämä lahkeet on helppo pukea päälle ja riisua. Ne tarjoavat satunnaisille moottorisahan käyttäjille luotettavan suojauksen. Valmistettu kestävästä polyesteristä/puuvillatvillistä, takana täysimittainen vetoketju. Viiltosuoja on vahvistettu alaosan sisäpuolelta jalkineiden aiheuttamaa kulumista vastaan. Viiltosuoja: Kyllä EN-hyväksyntä: 381 Luokka: Luokka 1 (20 m/s) Euro-testattu: Kyllä",,Husqvarna,
19176940002,"Husqvarna Flexi-akkuvyö, sovitinsarja",https://tarvike.com/product/husqvarna-flexi-akkuvyo-sovitinsarja-80799,https://media.tarvike.com/product/images/80799/original/157670.png,199.0,"Husqvarnan akkutuotteita varten suunnitellun FLEXI-akkuhihnajärjestelmän avulla voit tehdä töitä mukavasti ja helposti myös kaukana pistorasiasta. Vyö sijoittaa painon käyttäjän käsien sijasta lantionseudulle, mikä vähentää uupumista ja pidentää näin käyttöaikoja ja tekee työstä tuottavampaa. Tukeva vyö on valmistettu korkealaatuisista materiaaleista, ja se tekee työstä joustavaa ja parantaa käyttömukavuutta. Se mahdollistaa vara-akkujen, öljyn, veden ja muiden lisävarusteiden kuljettamisen helposti minne ikinä menetkin. Suunniteltu työskentelyyn, jossa työalueelle siirrytään kävellen ja vara-akkuja kannetaan mukana. Sovitinsarja sisältää: yhden BLi -kuljetuskotelon yhden kotelon kiinteällä adapterilla yhden varustepussin",,Husqvarna,
19176930002,Husqvarna Aurinkolippa Metsurin Kypärään,https://tarvike.com/product/husqvarna-aurinkolippa-metsurin-kyparaan-80633,https://media.tarvike.com/product/images/80633/original/157432.png,7.5,Technical-kypärän visiiriin kiinnitettävä aurinkolippa. Lisävaruste. Sopii V300-visiiriin (Technical suojakypärä),,Husqvarna,
19176890002,Husqvarna Vaihtopehmustesarja Radiokuulonsuojaimiin,https://tarvike.com/product/husqvarna-vaihtopehmustesarja-radiokuulonsuojaimiin-80296,https://media.tarvike.com/product/images/80296/original/155976.png,14.8,"Uusissa kuulonsuojaimissa on FM-radion lisäksi mahdollisuus GSM-yhteydelle. Langaton Bluetooth-tekniikka mahdollistaa GSM-puhelimen turvallisen käytön työskentelyn keskeytymättä. Bluetooth-tekniikalla varustettu puhelin voi olla taskussa tai laukussa, maksimietäisyys on n. 10 m. Kuulonsuojaimissa oleva mikrofoni on ""stand-by"" asennossa, kun puhelin ei ole käytössä. Puhelimen soidessa mikrofoni on helppo kääntää puheasentoon ja puhelin aktivoidaan ""talk"" -näppäintä painamalla. Mikrofonin käyttäminen on mahdollista myös meluisassa ympäristössä. Tuotteen nettopaino: 65 g EN-hyväksyntä: EN 352-1, EN 352-3",,Husqvarna,
19176876002,"Husqvarna Kuulonsuojaimet Metsurin Kypärään, Functional ja Technical",https://tarvike.com/product/husqvarna-kuulonsuojaimet-metsurin-kyparaan-functional-ja-technical-80290,https://media.tarvike.com/product/images/80290/original/155971.png,35.9,Lisävarusteena saatavat kuulonsuojaimet sopivat Husqvarnan kypäriin. Erinomaisen ergonomian ansiosta kuulonsuojaimet sopivat hyvin pitkäaikaiseen käyttöön. Ainutlaatuinen polyuretaanisisus jättää hyvin tilaa korville eikä paina korvaa. Yksilöllinen käyttömukavuus. H200 ja Alveo (Functional ja Technical),,Husqvarna,
19176862002,"Husqvarna Niskasuoja Metsurin Kypärään, Talvimalli",https://tarvike.com/product/husqvarna-niskasuoja-metsurin-kyparaan-talvimalli-80278,https://media.tarvike.com/product/images/80278/original/155922.png,19.9,"Niskasuoja turkisvuorilla, suojaa niskaa vedeltä ja lumelta.",,Husqvarna,
19158067001,Robota DC-PS18V akkuoksasaha 18V runko,https://tarvike.com/product/robota-dc-ps18v-akkuoksasaha-18v-runko-246369,https://media.tarvike.com/product/images/246369/original/214471.webp,49.9,"Akkukäyttöinen moottori- ja oksasaha. Voidaan käyttää metsän raivaamiseen, puun leikkaamiseen, oksien karsimiseen ja niin edelleen. Laipan pituus 6” Ketjun nopeus 6 m/s. Koneessa led näyttö akun varaukselle, öljysäiliö teräketjuöljylle. Sisältää yhden ketjun. Ei sisällä akkua ja laturia",,Robota,
18340960001,ProMotion Sisärengas 13X5.00-6 TR13,https://tarvike.com/product/promotion-sisarengas-13x500-6-tr13-44704,https://media.tarvike.com/product/images/44704/original/17286.jpg,11.0,koko 13x5.00-6 venttiili TR13,,IKH,
18340729001,"Fiskars Oksasakset sormilenkillä, ohileikkaava malli",https://tarvike.com/product/fiskars-oksasakset-sormilenkilla-ohileikkaava-malli-44494,https://media.tarvike.com/product/images/44494/original/17037.jpg,29.9,"Fiskarsin ergonomiset oksasakset ovat miellyttäviä ja helppoja käyttää. Niin ammattilaiset kuin harrastepuutarhuritkin arvostavat niiden hyvää hinta-laatusuhdetta ja leikkuutehoa. Kahvat ovat kestävät ja terät ruostumatonta terästä. Helppokäyttöinen lukitusmekanismi pitää terät turvallisesti kiinni silloin, kun leikkuria ei käytetä. Ohileikkaava malli mahdollistaa rungon läheltä leikkaamisen Tuoreen puun leikkaamiseen Otteenpitävä Softgrip™ kahva Leikkuuteho: Ø n. 20 mm",,Fiskars,
18340722001,"Fiskars Lehtiharavan Lapa, Solid M",https://tarvike.com/product/fiskars-lehtiharavan-lapa-solid-m-44489,https://media.tarvike.com/product/images/44489/original/17050.jpg,11.9,"Keskikokoinen monikäyttöinen harava työskentelyyn pienemmillä alueilla, kuten puiden ympärillä ja pensaiden alla. Tukevat piikit toimivat hyvin epätasaisessa maaperässä, jossa on paljon juuria.",,Fiskars,
18340689001,Fitt Imuletku 25mm x 7m pohjaventtiilillä,https://tarvike.com/product/fitt-imuletku-25mm-x-7m-pohjaventtiililla-44455,https://media.tarvike.com/product/images/44455/original/16977.jpg,30.8,Fitt Imuletku 25mm x 7m pohjaventtiilillä. Käyttövalmis imuletku painevesiautomaatti / vesipumppu -käyttöön.,,IKH,
18340673001,Fitt Puutarhaletku kiertymätön 25mm 25M,https://tarvike.com/product/fitt-puutarhaletku-kiertymaton-25mm-25m-44446,https://media.tarvike.com/product/images/44446/original/16991.jpg,97.5,Fitt Puutarhaletku kiertymätön 25mm 25M. Materiaali PVC + polyesteri.,,IKH,
18339725001,Husqvarna 40-B540X,https://tarvike.com/product/husqvarna-40-b540x-177794,https://media.tarvike.com/product/images/177794/original/202519.webp,769.0,"36 V:n akku, jossa on erinomainen käyttöaika ja suorituskyky.",,Husqvarna,
18339619001,"Alennuskaavio .325""",https://tarvike.com/product/alennuskaavio-325-119654,https://media.tarvike.com/product/images/119654/original/155999.png,6.5,"Erikoismuotoillut alennuskaaviot varmistavat oikean viilauskulman. Käytetään lattaviilan kanssa. Saatavana kaikkiin Husqvarna-teräketjuihin. Suorituskyky on paras mahdollinen, kun alennus (leikkuuhampaan korkeus) on viilattu oikein.",,Husqvarna,
18339510001,"Husqvarna BLi 300 -akku 36V, 9,4 Ah",https://tarvike.com/product/husqvarna-bli-300-akku-36v-94-ah-81266,https://media.tarvike.com/product/images/81266/original/159024.png,459.0,Husqvarna BLi300 on integroitu ja erittäin tehokas akku ammattikäyttöön.,,Husqvarna,
1803047002,Jonsered Haka,https://tarvike.com/product/jonsered-haka-128774,https://media.tarvike.com/product/placeholders/productImageComingSoong.jpg,5.4,Jonsered Haka.,,Jonsered,
1772936000,Sisärengas 15x6.00-6 TR87,https://tarvike.com/product/sisarengas-15x600-6-tr87-145367,https://media.tarvike.com/product/images/145367/original/176890.webp,11.0,Koko 15x6.00-6. Venttiili TR87,,Agrilife,
1772878000,"Hanaliitin G1/2"" G3/4""",https://tarvike.com/product/hanaliitin-g12-g34-145362,https://media.tarvike.com/product/images/145362/original/176885.webp,2.99,"Urosliitin, 3/4"" ja 1/2"" kierre.",,GF,
1755009000,"Clen Tulovesisuodatin 3/4""S-Pika Hobby",https://tarvike.com/product/clen-tulovesisuodatin-34s-pika-hobby-145264,https://media.tarvike.com/product/images/145264/original/176731.jpg,7.8,Muovinen tulovesisuodatin painepesureihin. Ehkäisee epäpuhtauksien joutumista venttiileihin ja suuttimeen.,,Clen,
17362790001,"Suora oksasaha, 300 mm",https://tarvike.com/product/suora-oksasaha-300-mm-119678,https://media.tarvike.com/product/images/119678/original/156028.png,32.9,"Kevyt oksasaha korkealaatuista terästä. Ergonominen kahvan muotoilu tekee käytöstä mukavaa. Sahakotelon kiinnitys vyölle klipsillä ja helppo vapautus silloin kun sahaa ei tarvitse vyöllä kantaa. Leikkuu vetävällä terällä. Soveltuu puun-, muoviputkien ja rakennuslevyjen katkaisuun, oksien muotoiluun sekä yleiseen oksaraivuuseen. Kovakromi pinnoite jäykistää terää ja antaa hyvän suojan ruostetta vastaan. Teroitusta normaali olosuhteissa ei tarvita.",,Husqvarna,
17362775001,Gardena Kasteluvarsi Classic,https://tarvike.com/product/gardena-kasteluvarsi-classic-81317,https://media.tarvike.com/product/images/81317/original/31175.png,25.9,Kasteluvarsi GARDENA Classic on ihanteellinen etäällä sijaitsevien kohteiden kasteluun,,IKH,
17362774001,Gardena Voikukan Kitkijä,https://tarvike.com/product/gardena-voikukan-kitkija-81249,https://media.tarvike.com/product/images/81249/original/31094.jpg,38.4,"GARDENA-kitkijä poistaa rikkaruohot helposti ja tehokkaasti - erityisesti hankalat ja sitkeät voikukat. Kitkijää voi käyttää helposti seisten ja kumartelematta. Kitkijässä on kaksi erikoisterää (patentteja haettu), jotka tunkeutuvat helposti maahan ja vetävät rikkaruohon vaivatta ylös. Poistomekanismin avulla poistat rikkaruohot kätevästi likaamatta käsiäsi.",,Husqvarna,
17362766001,Husqvarna S1600 -halkaisukirves,https://tarvike.com/product/husqvarna-s1600-halkaisukirves-80627,https://media.tarvike.com/product/images/80627/original/157409.png,92.9,"Halkaisukirves polttopuiden tekoon. Tarttumattomaksi käsitellyn terän kitka on pienempi ja se uppoaa hyvin puuhun Terän geometria sopii oivallisesti keskikokoisten puiden halkaisemiseen Painopiste on lähellä terää, minkä ansiosta paino jakautuu erinomaisesti Optimaalisen terän ja kevyen varren yhdistelmä keskittää iskuvoiman oikein, ja puun halkaiseminen on helpompaa Lasikuituvahvisteinen polyamidivarsi on kestävä ja vakaa Voidaan käyttää vasaran tavoin halkaisukiiloja käytettäessä (ei teräskiilojen kanssa) Pituus 60 cm",,Husqvarna,
17362763001,Husqvarna H900 -yleiskirves,https://tarvike.com/product/husqvarna-h900-yleiskirves-80624,https://media.tarvike.com/product/images/80624/original/157418.png,61.8,"Pieni Husqvarna H900 -yleiskirves soveltuu takkapuiden tekoon, puutarhatyöhön ja vaellusharrastuksiin. Lasikuituvahvisteinen polyamidivarsi on kestävä ja vakaa Terä on käsitelty tarttumattomaksi, jolloin kitka on pienempi, ja terä uppoaa hyvin puuhun Ergonominen ote takaa turvallisen käytön Painopiste on lähellä terää, minkä ansiosta paino jakautuu erinomaisesti Voidaan käyttää vasaran tavoin halkaisukiiloja käytettäessä (ei teräskiilojen kanssa) Pituus 34cm",,Husqvarna,
17362759001,Husqvarna Vesuri,https://tarvike.com/product/husqvarna-vesuri-80503,https://media.tarvike.com/product/images/80503/original/30235.jpg,60.6,"Raivauskirveessä on karkaistu erikoisterästerä, ja sen varsi on hikkoripuuta. Terässä on muovinen reunasuoja. Käytetään pensaiden raivaamiseen ja puiden karsimiseen. Kokonaispituus 60 cm (kahva 31 cm).",,Husqvarna,
12368732001,"Jatkoliitin 3/4""",https://tarvike.com/product/jatkoliitin-34-44534,https://media.tarvike.com/product/images/44534/original/17082.jpg,3.55,"3/4"" letkuille",,IKH,
11962907001,Husqvarna Automower®-suojakatos,https://tarvike.com/product/husqvarna-automower-suojakatos-44843,https://media.tarvike.com/product/placeholders/productImageComingSoong.jpg,249.0,"Pidä robottiruohonleikkurisi moitteettomassa kunnossa. Näyttävän näköinen, helposti koottava ja kestävä integroitu ratkaisu suojaa Automower®-leikkuria sateelta ja auringolta. Suunniteltu sopimaan täydellisesti yhteen Automower®-leikkurien kanssa. Katos asettuu tasaisesti latausasemaan, mikä estää ruohon kasvun katoksen alla ja vähentää siistimisen tarvetta katoksen ympärillä. Säädettävän katoksen ansiosta pääset nopeasti ja helposti käsiksi leikkuriin sekä latausasemaan. Katoksen voi myös irrottaa ja varastoida kauden päätteeksi.",,Husqvarna,
11623724000,Husqvarna Huoltosarja,https://tarvike.com/product/husqvarna-huoltosarja-163543,https://media.tarvike.com/product/images/163543/original/186546.webp,11.0,"Huoltosarja, jossa on sytytystulppa, ilmansuodatin ja polttoainesuodatin.",,Husqvarna,
11623496000,"Husqvarna Kawasaki 21HP FH641V Ilmansuodatin, ulompi",https://tarvike.com/product/husqvarna-kawasaki-21hp-fh641v-ilmansuodatin-ulompi-80438,https://media.tarvike.com/product/placeholders/productImageComingSoong.jpg,113.8,,,Husqvarna,
11623491000,"Husqvarna Ruohonleikkurin Terä 77cm / 30"" Mulch",https://tarvike.com/product/husqvarna-ruohonleikkurin-tera-77cm-30-mulch-80429,https://media.tarvike.com/product/placeholders/productImageComingSoong.jpg,48.1,Sivulle puhaltava. Silppuava.,,Husqvarna,
11623471000,"Husqvarna Ruohonleikkurin Terä 48cm / 19"" Puhaltava LC48",https://tarvike.com/product/husqvarna-ruohonleikkurin-tera-48cm-19-puhaltava-lc48-80330,https://media.tarvike.com/product/images/80330/original/29994.jpg,42.2,,,Husqvarna,
11623469000,Husqvarna Ilmansuodatin Sylinteri Kawasaki 18 HP,https://tarvike.com/product/husqvarna-ilmansuodatin-sylinteri-kawasaki-18-hp-80328,https://media.tarvike.com/product/placeholders/productImageComingSoong.jpg,34.2,,,Husqvarna,
11623453000,"Husqvarna Ruohonleikkurin Terä 48cm / 19"" Universal",https://tarvike.com/product/husqvarna-ruohonleikkurin-tera-48cm-19-universal-80281,https://media.tarvike.com/product/images/80281/original/29949.jpg,43.3,,,Husqvarna,
11623435000,"Husqvarna Klippo Terä 48CM,19"" Puhaltava",https://tarvike.com/product/husqvarna-klippo-tera-48cm19-puhaltava-80263,https://media.tarvike.com/product/placeholders/productImageComingSoong.jpg,42.2,,,Husqvarna,
11623417000,Husqvarna Tärinänvaimennin,https://tarvike.com/product/husqvarna-tarinanvaimennin-119610,https://media.tarvike.com/product/images/119610/original/155887.png,24.3,"Alkuperäinen Husqvarnan tärinänvaimennuselementti. Suunniteltu vähentämään melua ja tärinää, jotta voit työskennellä mukavasti ja tehokkaasti pidemmän aikaa.",,Husqvarna,
11623223000,Husqvarna Huoltosarja,https://tarvike.com/product/husqvarna-huoltosarja-125370,https://media.tarvike.com/product/images/125370/original/186367.webp,13.0,"Huoltosarja, jossa sytytystulppa, moottoriöljy ja imuruisku.",,Husqvarna,
11197735001,Trimmerin siima,https://tarvike.com/product/trimmerin-siima-16mm-35m-pyorea-39214,https://media.tarvike.com/product/images/39214/original/188569.webp,4.49,,,Grimsholm Green,
11120283002,Fiskars Lehtiharava M Solid,https://tarvike.com/product/fiskars-lehtiharava-m-solid-44490,https://media.tarvike.com/product/images/44490/original/17055.jpeg,22.9,"Fiskarsin keskikokoinen monikäyttöinen yleisharava työskentelyyn pienemmillä alueilla, kuten puiden ympärillä ja pensaiden alla. Haravan tukevat piikit toimivat hyvin epätasaisessa maaperässä, jossa on paljon juuria. 25 piikkiä Pituus 1750 mm",,Fiskars,
2544555002,Sisärengas,https://tarvike.com/product/sisarengas-149-28-tr218a-40976,https://media.tarvike.com/product/images/40976/original/194900.webp,69.0,,,Agrilife,
2544508002,Sisärengas,https://tarvike.com/product/sisarengas-750-18-tr15-40944,https://media.tarvike.com/product/images/40944/original/194912.webp,23.0,,,Agrilife,
8289870002,"Journey Rengas, 4.10 - 6 TL 2-pr, P5016",https://tarvike.com/product/journey-rengas-410-6-tl-2-pr-p5016-134938,https://media.tarvike.com/product/images/134938/original/189941.jpg,41.2,Ulkorengas Lumilinkoon sekä puutarha laitteisiin,,Journey,
692271002,"Maxpower Hihna, Kevlar, 1/2"" x 101""",https://tarvike.com/product/maxpower-hihna-kevlar-12-x-101-133459,https://media.tarvike.com/product/images/133459/original/171665.jpg,56.0,"Maxpower Hihna, Kevlar, 1/2"" x 101""",,,
692269002,"Rotary Hihna, 5/8"" x 37-1/2"", Husqvarna / Jonsered / McCulloch / Partner / Rally",https://tarvike.com/product/rotary-hihna-58-x-37-12-husqvarna-jonsered-mcculloch-partner-rally-133457,https://media.tarvike.com/product/images/133457/original/171661.jpg,67.5,"Husqvarna Lumilinko : 1027 STE, 10527 SBE, 10530 SBE, 1130 ST, 524 S-ST-STE, 5524 SE-SEB-ST-STE, 8024 ST-STE, 8527 SBE-STE, 9027 ST-STE, 924 SBE, 927 SB Jonsered Lumilinko : ST2106 Partner Lumilinko : SB27, SB240, SB270, SB300 AYP 183533 , 408010 Husqvarna 5324080-10 , 5321835-33 , 32408010 , 532183533",,,
4955845000,Sisärengas 23 x 8.50/10.50 - 12 TR13,https://tarvike.com/product/sisarengas-23-x-8501050-12-tr13-79290,https://media.tarvike.com/product/images/79290/original/28270.jpg,23.8,Puutarhakoneiden/Kottikärryn sisärengas Koko 23 x 8.50/10.50 - 12,,,
4955824000,Sisärengas 3.50/4.00 - 8 TR13,https://tarvike.com/product/sisarengas-350400-8-tr13-79280,https://media.tarvike.com/product/images/79280/original/28269.jpg,7.7,Puutarhakoneiden/Kottikärryn sisärengas Koko 3.50/4.00 - 8,,,
4955822000,Sisärengas 3.50/4.00 - 6 TR13,https://tarvike.com/product/sisarengas-350400-6-tr13-79279,https://media.tarvike.com/product/images/79279/original/28265.jpg,7.1,Puutarhakoneiden/Kottikärryn sisärengas Koko 3.50/4.00 - 6,,,
4955816000,"Ruohonleikkurin Rengas 23 x 8.50 - 12, TL 4-pr, HF224",https://tarvike.com/product/ruohonleikkurin-rengas-23-x-850-12-tl-4-pr-hf224-79276,https://media.tarvike.com/product/images/79276/original/28257.jpg,176.0,Ruohonleikkurin rengas Koko 23 x 8.50 - 12,,,
4955802000,"Ruohonleikkurin Rengas 18 x 9.50 - 8, TL 4-pr, HF224",https://tarvike.com/product/ruohonleikkurin-rengas-18-x-950-8-tl-4-pr-hf224-79270,https://media.tarvike.com/product/images/79270/original/28250.jpg,107.0,Ruohonleikkurin rengas Koko 18 x 9.50 - 8,,,
4955789000,"Ruohonleikkurin Rengas 13 x 6.50 - 6, TL 4-pr, KT302",https://tarvike.com/product/ruohonleikkurin-rengas-13-x-650-6-tl-4-pr-kt302-79264,https://media.tarvike.com/product/images/79264/original/28258.jpg,53.4,Ruohonleikkurin rengas Koko 13 x 6.50 - 6,,,
4955785000,"Ruohonleikkurin Rengas 11 x 4.00 - 5, TL 4-pr, KT302",https://tarvike.com/product/ruohonleikkurin-rengas-11-x-400-5-tl-4-pr-kt302-79262,https://media.tarvike.com/product/images/79262/original/28251.jpg,28.1,Ruohonleikkurin rengas Koko 11 x 4.00 - 5,,,
4955781000,"Lumilingon Rengas 16 x 6.50 - 8, TL 2-pr, HF271",https://tarvike.com/product/lumilingon-rengas-16-x-650-8-tl-2-pr-hf271-79260,https://media.tarvike.com/product/images/79260/original/28239.jpg,64.4,Lumilingon rengas Koko 16 x 6.50 - 8,,,
4955847000,Sisärengas 21 x 12.00 - 8 TR13,https://tarvike.com/product/sisarengas-21-x-1200-8-tr13-79291,https://media.tarvike.com/product/images/79291/original/28274.jpg,25.9,Puutarhakoneiden/kottikärryn sisärengas Koko 21 x 12.00 - 8,,,
9963006001,Husqvarna Huoltosarja,https://tarvike.com/product/husqvarna-huoltosarja-163538,https://media.tarvike.com/product/images/163538/original/186539.webp,18.4,"Huoltosarja, jossa on ilmansuodatin, sytytystulppa ja moottoriöljy.",,Husqvarna,
9963000001,Husqvarna Huoltosarja,https://tarvike.com/product/husqvarna-huoltosarja-163261,https://media.tarvike.com/product/images/163261/original/186383.webp,160.3,"Huoltosarja, jossa on esisuodatin, ilmansuodatin, polttoainesuodatin, öljynsuodatin, sytytystulppa (x2) ja moottoriöljy (x2) - 100h",,Husqvarna,
9962991001,Husqvarna Huoltosarja,https://tarvike.com/product/husqvarna-huoltosarja-163252,https://media.tarvike.com/product/images/163252/original/186377.webp,25.2,"Huoltosarja, jossa on ilmansuodatin, polttoainesuodatin, sytytystulppa ja moottoriöljy.",,Husqvarna,
9962989001,Husqvarna Huoltosarja,https://tarvike.com/product/husqvarna-huoltosarja-163250,https://media.tarvike.com/product/images/163250/original/186375.webp,32.7,"Huoltosarja, jossa on sytytystulppa, ilmansuodatin ja polttoainesuodatin.",,Husqvarna,
979021002,Husqvarna Bioleikkuusarja akkukäyttöiselle leikkurille LC 47,https://tarvike.com/product/husqvarna-bioleikkuusarja-akkukayttoiselle-leikkurille-lc-47-120903,https://media.tarvike.com/product/images/120903/original/205196.webp,58.9,"Sarja ruohonleikkurin leikkuumenetelmän vaihtamiseksi BioClip®-toiminnoksi. Bioleikkuusarjan avulla ruoho leikataan pieneksi silpuksi, joka hajoaa nopeasti nurmikon lannoitteeksi tehden siitä samalla paremmin kuivuutta kestävän. Sarja sisältää BioClip®-tulpan ja terät.",,Husqvarna,
979020002,Husqvarna Bioleikkuusarja Akku/Johdollinen leikkuri LC 41,https://tarvike.com/product/husqvarna-bioleikkuusarja-akkujohdollinen-leikkuri-lc-41-120877,https://media.tarvike.com/product/images/120877/original/205197.webp,36.8,"Sarja ruohonleikkurin leikkuumenetelmän vaihtamiseksi BioClip®-toiminnoksi. Bioleikkuusarjan avulla ruoho leikataan pieneksi silpuksi, joka hajoaa nopeasti nurmikon lannoitteeksi tehden siitä samalla paremmin kuivuutta kestävän. Sarja sisältää BioClip®-tulpan ja terät.",,Husqvarna,
979018002,"Husqvarna Piikeillä varustetut lumiketjut, 16x4-8"", pari",https://tarvike.com/product/husqvarna-piikeilla-varustetut-lumiketjut-16x4-8-pari-119672,https://media.tarvike.com/product/images/119672/original/156024.png,157.0,"Lumiketjut 16x4-8"", pari",,Husqvarna,
9722746002,Husqvarna PW 360 Painepesurit,https://tarvike.com/product/husqvarna-pw-360-painepesurit-122616,https://media.tarvike.com/product/images/122616/original/160228.png,478.9,"Koe monipuolinen Husqvarna PW 360 -painepesuri ja hyödynnä sen useita älykkäitä ominaisuuksia, joiden avulla voit puhdistaa ulkopinnat helposti. Uuden 3-in-1 Multi-Lancen avulla voit vaihtaa nopeasti eri tehtävien välillä, sillä sen ansiosta suuttimen vaihto on mahdollista vain yhdellä napsautuksella. Pesurissa on pitkä, joustava letku parempaa ulottuvuutta ja helppoa käyttöä varten sekä uusi korkealuokkainen vaahtomuovisumutin, jossa on parannettu vaahdotus ja tuulettimen säädettävyys. Luotettava, suorituskykyinen oikosulkumoottori ja metallipumppu tarjoavat ensiluokkaista suorituskykyä.",,Husqvarna,
9721775002,"Husqvarna 122iB, sis. akku ja laturi",https://tarvike.com/product/husqvarna-122ib-sis-akku-ja-laturi-177579,https://media.tarvike.com/product/images/177579/original/204119.webp,309.0,"Husqvarna 122iB on kevyt ja helppokäyttöinen akkukäyttöinen lehtipuhallin, joka sopii pienten ja keskisuurten pihojen hoitoon. Kolme eri tilaa tarjoavat optimaalista suorituskykyä erilaisissa töissä, kevyistä tehtävistä aina täyttä tehoa vaativiin töihin. Kompakti muotoilu, pehmeät kädensijat, kevyt paino ja täydellinen tasapaino mahdollistavat erinomaisen ergonomian ja mukavan työskentelyn.",,Husqvarna,
9575758002,Sadetinkärry,https://tarvike.com/product/sadetinkarry-155911,https://media.tarvike.com/product/images/155911/original/204050.jpg,50.4,Sadetinkärry.,,IKH,
95700002,Husqvarna CEORA™ RZ 43L Leikkuulaite,https://tarvike.com/product/husqvarna-ceora-rz-43l-leikkuulaite-122415,https://media.tarvike.com/product/images/122415/original/159942.png,10298.0,"CEORA™ RZ 43L on erityisesti urheilu- ja golfkenttien nurmikon leikkaamiseen suunniteltu leikkuulaite, joka mahdollistaa jopa 10 mm:n leikkuukorkeuden.",,Husqvarna,
9370079002,Husqvarna ST 269 lumilinko,https://tarvike.com/product/husqvarna-st-269-lumilinko-171205,https://media.tarvike.com/product/images/171205/original/191803.webp,1999.0,"Husqvarna ST 269 -lumilingossa yhdistyvät tehokkuus, vankka rakenne ja kätevät ominaisuudet, joiden ansiosta lumenluonti on tehokasta ja mukavaa. Sähkökäynnistys on käytettävissä kaikissa olosuhteissa, joten käynnistäminen on aina helppoa. Yhdellä painikkeen painalluksella pystyt luomaan lumet keskikokoisilta ja suurilta pihoilta. ST 269 -mallissa on kahvalämmittimet, jotka lisäävät käyttömukavuutta kylmässä. Automaattinen ohjaustehostin tekee ohjauksesta sulavaa ja helppoa, ja yhdellä kädellä käytettävä säädin mahdollistaa nopeat säädöt käytön aikana. Suuri ja tehokas moottori sekä leveä tuloaukko varmistavat, että suuria määriä lunta voidaan käsitellä tehokkaasti.",,Husqvarna,
9015593001,Puutarhasäkki 67 x 76 cm,https://tarvike.com/product/puutarhasakki-67-x-76-cm-151757,https://media.tarvike.com/product/images/151757/original/181988.jpeg,7.0,Puutarhasäkki kiristysnyörillä.,,IKH,
8993099002,"Husqvarna 242i Moottorisaha, mukana akku ja laturi",https://tarvike.com/product/husqvarna-242i-moottorisaha-mukana-akku-ja-laturi-177624,https://media.tarvike.com/product/images/177624/original/203666.webp,549.0,"Tehokas Husqvarna 242i on suunniteltu vaativaan ja jatkuvaan polttopuiden pilkkomiseen, johon tarvitaan luotettavaa ja helppokäyttöistä akkusahaa. Saha on myös erinomainen valinta satunnaiseen puunkaatoon ja puutarhan raivaustöihin. Suurempi ketjunopeus ja optimoitu vääntö takaavat erinomaisen leikkuutehon ja mahdollistavat vaativampienkin sahaustöiden hoitamisen vaivattomasti. Max Torque ‑teknologia varmistaa luotettavan tehon ja vähentää ketjun juuttumisen riskiä puunkaadon ja katkaisun aikana. Portaaton nopeudensäätö helpottaa työskentelyn mukauttamista eri tehtäviin, ja käyttäjäystävällinen näppäimistö tekee käytöstä helppoa ja intuitiivista.",,Husqvarna,
8920238002,Hihna Tyyppi 1 - 15.8 x 2388,https://tarvike.com/product/hihna-tyyppi-1-158-x-2388-179733,https://media.tarvike.com/product/images/179733/original/203625.png,72.7,,,Ratioparts,
8772998002,"Lokerikko 43x33x13cm, prof",https://tarvike.com/product/lokerikko-43x33x13cm-prof-155307,https://media.tarvike.com/product/images/155307/original/191211.webp,38.5,9irrotettavaa laatikkoa.,,Tactix,
8629140001,Rullatuki HD säädettävä,https://tarvike.com/product/rullatuki-hd-saadettava-156092,https://media.tarvike.com/product/images/156092/original/180509.jpeg,49.9,1150x580x430mm. Max 136kg.,,WOODTEC,
8189042002,Ilmansuodatin,https://tarvike.com/product/ilmansuodatin-177943,https://media.tarvike.com/product/images/177943/original/203186.webp,19.1,,,Husqvarna,
8189032002,Ilmansuodatin,https://tarvike.com/product/ilmansuodatin-177924,https://media.tarvike.com/product/images/177924/original/203196.webp,26.4,,,Husqvarna,
8189028002,Robottiruohonleikkurin akku,https://tarvike.com/product/robottiruohonleikkurin-akku-177913,https://media.tarvike.com/product/images/177913/original/203200.webp,235.9,,,Husqvarna,
7746548002,Apupukki Säädettävä 810-1300mm,https://tarvike.com/product/apupukki-saadettava-810-1300mm-155892,https://media.tarvike.com/product/images/155892/original/187592.webp,39.9,,,IKH,
7746546002,Akseli pikkupyörän 20X300,https://tarvike.com/product/akseli-pikkupyoran-20x300-153490,https://media.tarvike.com/product/images/153490/original/180771.webp,11.0,,,IKH,
738379002,Sisärengas 13x5.00-6 TR87,https://tarvike.com/product/sisarengas-13x500-6-tr87-145366,https://media.tarvike.com/product/images/145366/original/176890.webp,12.0,Koko 13x5.00-6. Venttiili TR87.,,Agrilife,
735316002,Kottikärry 65l,https://tarvike.com/product/kottikarry-65l-145328,https://media.tarvike.com/product/images/145328/original/176826.webp,29.9,"Sinkitty pesä 65l. Ilmakumipyörä 4,00 x 6, muovivanne.",,Meganex,
732513001,Varastohylly 2134x1219x457mm,https://tarvike.com/product/varastohylly-2134x1219x457mm-145334,https://media.tarvike.com/product/images/145334/original/176836.webp,169.0,"Luja teräsrakenne (Z palkki -malli), korroosionkestävä pulverimaalipinnoite.",,IKH,
730184002,Clen Adapteri letkuun kärcher,https://tarvike.com/product/clen-adapteri-letkuun-karcher-145246,https://media.tarvike.com/product/images/145246/original/176697.jpg,19.2,Adapteri jolla voit liittää CLEN pesukahvan Kärcherin paineletkuun.,,Clen,
721740001,Clen Tekstiilipesuaine,https://tarvike.com/product/clen-tekstiilipesuaine-145262,https://media.tarvike.com/product/images/145262/original/176730.jpg,9.6,"Erikoispesuaine vesipesun kestäville tekstiileille. Soveltuu tekstiili-, muovi-, puu-, lasi-, nahka- ja kenonahkapinnoille. Ei tarvitse huuhdella, koska aine ei koveta tekstiilejä. Levitä puhdistettavalle pinnalle ja harjaa tarvittaessa, imuroi kuivaksi. Hyväksytty käytettäväksi CLEN painehuuhteluimureissa.",,Clen,
721396001,"Clen Pikaliitinnippa ""KW"" UROS 1/4"" S- RST",https://tarvike.com/product/clen-pikaliitinnippa-kw-uros-14-s-rst-145220,https://media.tarvike.com/product/images/145220/original/176658.jpg,23.2,KW pikaliitin pistoke.,,Clen,
721303001,Clen Mikrokuitupussi 429-440-623-633 10kpl,https://tarvike.com/product/clen-mikrokuitupussi-429-440-623-633-10kpl-145194,https://media.tarvike.com/product/images/145194/original/176611.jpg,61.5,"Mikrokuitupussi Malleihin Clen 429, 440, 623 sekä 633.",,Clen,
721298001,Clen kääntyvä suutinputki 850m M22 15045 Suutin,https://tarvike.com/product/clen-kaantyva-suutinputki-850m-m22-15045-suutin-145180,https://media.tarvike.com/product/images/145180/original/176585.jpg,222.0,Kääntyvä suihkuputki suuttimella 850 mm.,,Clen,
706799001,10-pulttinen napa,https://tarvike.com/product/10-pulttinen-napa-145088,https://media.tarvike.com/product/images/145088/original/176406.webp,630.0,10-pulttinen 100mm napa. 10x280x335,,IKH,
706449001,Deestone Rengassetti 4.00-6 4PR 57A4 TR13,https://tarvike.com/product/deestone-rengassetti-400-6-4pr-57a4-tr13-144907,https://media.tarvike.com/product/images/144907/original/176353.webp,15.0,Deestone rengassettti sisältää renkaan ja sisärenkaan.,,Deestone,
6963444002,Fiskars Lumikola 72cm Snowxpert,https://tarvike.com/product/fiskars-lumikola-72cm-snowxpert-44519,https://media.tarvike.com/product/images/44519/original/17059.jpg,72.9,"Fiskars Lumikola 72cm Snowxpert on kevytrakenteinen malli. Uusi kärkiosa, terävämpi muotoilu ja kestävämpi materiaali.",,Fiskars,
6963442002,Katuharja 7-rivinen,https://tarvike.com/product/katuharja-7-rivinen-44520,https://media.tarvike.com/product/images/44520/original/17065.jpg,7.49,"Puurunko, metallinen varsipidike Ø 23 mm Leveys 400 mm Harjas PET-kuitua 7-rivinen",,IKH,
6863189002,Robota DC-LM36V akkuruohonleikkuri runko,https://tarvike.com/product/robota-dc-lm36v-akkuruohonleikkuri-runko-246374,https://media.tarvike.com/product/images/246374/original/214392.webp,179.0,"Kätevä 36V ruohonleikkuri kerääjällä. Sopii hyvin pieniin puutarhoihin, rivitaloasuntoihin jne. Jännite 36V eli käyttöön tarvitaan 2x 18V akkua. Ei sisällä akkua ja laturia",,Robota,
5371064002,Viima ECO-Teräketjuöljy 5l Iso VG46,https://tarvike.com/product/viima-eco-teraketjuoljy-5l-iso-vg46-155709,https://media.tarvike.com/product/images/155709/original/188523.webp,16.2,"Ympäristöystävällinen, biohajoava tekninen kasviöljy, hyvät voitelu- ja tartuntaominaisuudet, suojaa teräketjua ja laippaa.",,Viima,
5371001002,Varsi pesuharjalle 1900 mm vesiliitännällä,https://tarvike.com/product/varsi-pesuharjalle-1900-mm-vesiliitannalla-155539,https://media.tarvike.com/product/images/155539/original/188758.webp,52.9,"Alumiinia, otepinta eristetty, Ø 31 mm. Varustettu vedenlasku-uralla.",,Vikan,
5216240002,Kuokka Classic Pro pitkävarsi FSC,https://tarvike.com/product/kuokka-classic-pro-pitkavarsi-fsc-149926,https://media.tarvike.com/product/images/149926/original/188459.webp,84.9,Fiskars Classic Pro pitkävartinen kuokka. Maan siirtämiseen ja tasoittamiseen.,,Fiskars,
4990158000,Ratioparts Ruohonleikkurin terä 533 mm,https://tarvike.com/product/ratioparts-ruohonleikkurin-tera-533-mm-94974,https://media.tarvike.com/product/images/94974/original/100093.jpg,26.5,Sopii mm. Husqvarna-malleille. Katso alkuperäinen varaosakuva oikean varaosan määrittämiseksi´.,,Ratioparts,
4963056000,Husqvarna TF 435P Puutarhajyrsin,https://tarvike.com/product/husqvarna-tf-435p-puutarhajyrsin-81282,https://media.tarvike.com/product/images/81282/original/159054.png,1199.0,Suorituskykyinen Husqvarna TF 435P puutarhajyrsin on tehty vaativiin käyttökohteisiin. Tehokas ja hiljainen moottori on helppo käynnistää. Käyttöä ja hallittavuutta lisäävät peruutusvaihde ja kaksi vaihdetta eteenpäin ajoon sekä paineilmakytkimet.,,Husqvarna,
4963055000,Husqvarna TF225 Puutarhajyrsin,https://tarvike.com/product/husqvarna-tf225-puutarhajyrsin-81279,https://media.tarvike.com/product/images/81279/original/159051.png,698.9,"Helppokäyttöinen ja luotettava Husqvarna TF225 puutarhajyrsin on varustettu tehokkaalla ja helposti käynnistyvällä RATO-moottorilla. Säädettävä ja taitettava työntöaisa, kaksoiskantokahvat ja kuljetuspyörä helpottavat säilyttämistä ja kuljettamista.",,Husqvarna,
4963054000,Husqvarna TF 120 Puutarhajyrsin,https://tarvike.com/product/husqvarna-tf-120-puutarhajyrsin-81278,https://media.tarvike.com/product/images/81278/original/159053.png,609.0,"Husqvarna TF 120 on kevytrakenteinen ja monikäyttöinen puutarhajyrsin puutarhan muokkaamiseen, puiden ja pensaiden istutukseen sekä istutusvakojen kyntämiseen. Kestävä rakenne ja ketjuvoimansiirto pidentävät käyttöikää. Työleveys 46 cm, muokkaussyvyys 15 cm",,Husqvarna,
4963045000,Husqvarna 350BT Lehtipuhallin,https://tarvike.com/product/husqvarna-350bt-lehtipuhallin-81229,https://media.tarvike.com/product/images/81229/original/31084.jpg,707.5,"Husqvarna 350BT on ammattimaiseen käyttöön tarkoitettu puhallin suosittuun keskikokoiseen 50-kuutioisten luokkaan. Tehokas X-Torq®-moottori ja E-TECH II -katalysaattori. Ergonomiset valjaat ja hallintalaitteet on suunniteltu siten, että koneen käyttäminen on mahdollisimman helppoa ja tehokasta. Sylinteritilavuus 50.2 см³ Teho 1.6 kW Ilmannopeus 80.47 m/s Paino 10.21 kg",,Husqvarna,
4963037000,"Husqvarna Akkulaturi CTEK BC 0,8",https://tarvike.com/product/husqvarna-akkulaturi-ctek-bc-08-80598,https://media.tarvike.com/product/images/80598/original/157252.png,79.9,"Kaikkiin 12 V:n lyijyhappoakkuihin (1,2-32 Ah), kuten mönkijöissä, traktoreissa jne. käytettäviin akkuihin. Laturi sopii enintään 100 Ah:n ylläpitolataukseen. Soveltuu hyvin kausiluonteisiin ajoneuvoihin. Täysin automaattinen optimaaliseen lataukseen ja ylläpitolataukseen, joka maksimoi akun käyttöiän ja tehon. Ei kipinöintiä, oikosulkusuojaus ja napojenvaihtosuojaus takaavat ongelmattoman käytön. Vesitiivis (IP 65), joten sopii ulkokäyttöön myös vesi- tai lumisateella. Käytä yhdessä Husqvarnan akun tilailmaisimen kanssa.",,Husqvarna,
4963024000,Honda FR 750 - Puutarhajyrsin,https://tarvike.com/product/honda-fr-750-puutarhajyrsin-61104,https://media.tarvike.com/product/images/61104/original/17851.jpg,3490.0,Helppokäyttöinen ja luotettava jyrsin suuremmille kasvimaille. Muokkaussyvyys säädettävissä. Soveltuu erinomaisesti nurmialueiden uusimiseen.,,Honda,
4960911000,"Woodtech Puunhalkaisukone 8t, 2-nopeutta 2,1KW",https://tarvike.com/product/woodtech-puunhalkaisukone-8t-2-nopeutta-21kw-103073,https://media.tarvike.com/product/images/103073/original/144346.jpg,799.0,"Woodtech puunhalkaisukone halkaisuvoima on 8 tonnia, halkaisu ja paluunopeus yhteensä n. 16 sekuntia ja suositeltu halkaistavan puun paksuus 7-30 senttiä. IP 54 -luokitus: Pöly- ja roiskevesisuojattu.",,IKH,
4955985000,Husqvarna Automower Pyöräharjasarja,https://tarvike.com/product/husqvarna-automower-pyoraharjasarja-80647,https://media.tarvike.com/product/images/80647/original/30387.jpg,39.5,"Auttaa pitämään pyörät puhtaina ja pidon hyvänä. Pyöräharjasarja, 6 harjaa ja 2 kiinnikettä Sopii malleihin 320/330 X/420/430X",,Husqvarna,
4955958000,Husqvarna Ruohonleikkurin terä,https://tarvike.com/product/husqvarna-ruohonleikkurin-tera-80463,https://media.tarvike.com/product/placeholders/productImageComingSoong.jpg,48.2,,,Husqvarna,
4955914000,Husqvarna Automower Aluekytkin,https://tarvike.com/product/husqvarna-automower-aluekytkin-80340,https://media.tarvike.com/product/images/80340/original/156109.png,35.9,"Olipa puutarhasi sitten todella iso tai hiukan pienempi, sen leikkutarpeet vaihtelevat kauden aikana. Automower®-aluekytkimen avulla voit helposti kytkeä tietyn rajakaapelin päälle tai pois, luoden näin tilapäisiä alueita, joihin leikkuri ei mene. Laajenna tai pienennä leikkurin leikkuualueita vuodenajan tai istutusten kasvun mukaan ja luo väliaikaisia saarekeita, joissa haluat ruohon hetkellisesti kasvavan pidemmäksi. Tämä antaa puutarhallesi joustoa ja sinulle parempaa alueen hallintaa - koko kauden ajaksi.",,Husqvarna,
4955849000,Briggs & Stratton Ruohonleikkurin suojapeite,https://tarvike.com/product/briggs-stratton-ruohonleikkurin-suojapeite-80202,https://media.tarvike.com/product/placeholders/productImageComingSoong.jpg,23.1,"Korkeus 119cm Leveys 55cm Pituus 142cm Sopii useipiin malleihin 22""/55cm saakka. Materiaali Dacron 210",,,
4955663000,Sähköstartti,https://tarvike.com/product/sahkostartti-94966,https://media.tarvike.com/product/images/94966/original/100078.jpg,99.1,"Moottoreille, joissa alumiininen tai muovinen vauhtipyörän hammasratas.",,Ratioparts,
4955652000,Ruohonleikkurin terä 490 mm,https://tarvike.com/product/ruohonleikkurin-tera-490-mm-94959,https://media.tarvike.com/product/images/94959/original/100067.jpg,43.1,"Husqvarna ajoleikkuriin. Silppuava Terä, 2 kpl. 38'' (97 cm)",,Ratioparts,
4955649000,Ruohonleikkurin terä 530 mm,https://tarvike.com/product/ruohonleikkurin-tera-530-mm-94955,https://media.tarvike.com/product/images/94955/original/100073.jpg,57.1,TORO nurmikkoleikkuriin. Toimitus ilman asennuslevyä.,,Ratioparts,
4955640000,Laakeri Murray,https://tarvike.com/product/laakeri-murray-93798,https://media.tarvike.com/product/images/93798/original/58951.jpg,19.9,Murray laakeripesiin.,,,
4955639000,Laakeri Murray,https://tarvike.com/product/laakeri-murray-93797,https://media.tarvike.com/product/images/93797/original/58947.jpg,15.1,Ilmansuodatin Briggs & Stratton -merkkisiin ruohonleikkureihin.,,,
4955637000,Ilmansuodatin Briggs & Stratton #798452,https://tarvike.com/product/ilmansuodatin-briggs-stratton-798452-93796,https://media.tarvike.com/product/images/93796/original/58943.jpg,8.3,Ilmansuodatin Briggs & Stratton -merkkisiin ruohonleikkureihin.,,,
4955629000,"Ruohonleikkurin Yleispyörä 7""-12mm Laakeroitu",https://tarvike.com/product/ruohonleikkurin-yleispyora-7-12mm-laakeroitu-93792,https://media.tarvike.com/product/images/93792/original/58927.jpg,22.3,"Ruohonleikkurin laakeroitu yleispyörä muovivanteella, sisältää kapselin. 180 mm, 12 mm akselille.",,,
4955625000,"Kiilahihna 1/2"" X 83"" Kevlar",https://tarvike.com/product/kiilahihna-12-x-83-kevlar-93790,https://media.tarvike.com/product/images/93790/original/58936.jpg,42.6,Yleinen kiilahihna monelle eri merkille. Tarkasta yhteensopivuus lisätiedoista.,,,
4955623000,"Kiilahihna 1/2"" X 58"" Kevlar",https://tarvike.com/product/kiilahihna-12-x-58-kevlar-93789,https://media.tarvike.com/product/images/93789/original/58932.jpg,30.2,Yleinen kiilahihna monelle eri merkille. Tarkasta yhteensopivuus lisätiedoista.,,,
4955621000,"Kiilahihna 1/2"" X 35"" Kevlar",https://tarvike.com/product/kiilahihna-12-x-35-kevlar-93788,https://media.tarvike.com/product/images/93788/original/58928.jpg,19.0,Yleinen kiilahihna monelle eri merkille. Tarkasta yhteensopivuus lisätiedoista.,,,
4955593000,Ruohonleikkurinterä Husqvarna Rider 11 Bio,https://tarvike.com/product/ruohonleikkurintera-husqvarna-rider-11-bio-93776,https://media.tarvike.com/product/images/93776/original/58933.jpg,28.8,"Sopii mm Husqvarna Rider 11 Bio, Rider 13H Bio Jonsered FR2111M, FR2113MA, FRH13M, FRM13 mallit (PNC); 953535301, 9535353-01 Partner 11-90 Bio, 10-90 Bio 2 x 13-136 => 900mm (vertaa työleveys, uudemmissa malleissa eri leikkuulaite), tarvitaan 2 kpl / leikkuulaite pituus 48 cm, keskireikä 24.5 mm, nastaväli 48 mm korvaa alkuperäisnumerot Husqvarna 5310080-26, 5310075-25, 5069697-10, 5069697-01, 531008026, 531007525, 506969710, 506969701",,,
4955591000,"Ruohonleikkurin Terä Husqvarna Bio 38"" leikkuulaite",https://tarvike.com/product/ruohonleikkurin-tera-husqvarna-bio-38-leikkuulaite-93775,https://media.tarvike.com/product/images/93775/original/58930.jpg,27.5,"sopii useisiin Husqvarnan valmistamat traktorimalliset ajoleikkurit joissa 38"" (97 cm) leikkuulaite, mm Craftsman, HOP, Husqvarna, Jonsered, Lazer, McCulloch, Partner, Poulan, Rally, Wizard, mm mallit (PNC); 960410431, 960410390, 960410377, 960410376, 960410103, 960410019, 960110265, 960110264, 960110112, 960110110, 9604103-90, 9604103-77, 9604103-76, 9601101-12, 9601110-00, 9601102-64, 960110264, 917.274120, 917.256330. mm Husqvarna LT151, LTH151, LT154, LTH154 sopii myös McCulloch etuleikkurikoneet M105-97F, M125-97FH, mm mallit (PNC); 966725501, 966725601, 967207001, 967207101, 2 x 13-117 => 38"" (97 cm), tarvitaan 2 kpl / leikkuulaite. Combi-terä, eli sama terä käy sekä silppuavana että ulospuhaltavana. pituus 49 cm, keskireikä 5-osainen tähti korvaa alkuperäisnumerot Husqvarna 5811163-02, 5811163-01, 5321939-57, 5321341-48, 581116302, 581116301, 532193957, 532134148 Rally 193957, 134148",,,
4955585000,"Ruohonleikkurinterä Husqvarna 36"" leikkuulaite",https://tarvike.com/product/ruohonleikkurintera-husqvarna-36-leikkuulaite-93772,https://media.tarvike.com/product/images/93772/original/58920.jpg,22.4,Leikkurin terä useammalle eri mallille. Tarkasta yhteensopivuus lisätiedoista.,,,
4955583000,"Ristikkoterä Husqvarna 42""  leikkuulaite (original)",https://tarvike.com/product/ristikkotera-husqvarna-42-leikkuulaite-original-93771,https://media.tarvike.com/product/images/93771/original/58916.jpg,35.2,Terä useammalle eri mallille. Tarkasta yhteensopivuus lisätiedoista.,,,
4955535000,SLIME Rengastiiviste SDS 946ml,https://tarvike.com/product/slime-rengastiiviste-sds-946ml-94998,https://media.tarvike.com/product/images/94998/original/100106.jpg,44.0,Suojaa renkaasi puhkeamiselta Slime Rengastiivisteellä!,,Ratioparts,
4955491000,"Husqvarna Bio-tulppa, CT/CTH 97 cm ja 107 cm",https://tarvike.com/product/husqvarna-bio-tulppa-ctcth-97-cm-ja-107-cm-81220,https://media.tarvike.com/product/images/81220/original/158856.png,37.9,"Mahdollistaa traktorin leikkuumenetelmäksi BioClip®-toiminnon, jossa ruoho leikataan pieneksi silpuksi, joka maatuu nopeasti maaperän lannoitteeksi samalla kun nurmikon vastustuskyky kasvaa.",,Husqvarna,
4955408000,Husqvarna Automower Pyöräharjasarja,https://tarvike.com/product/husqvarna-automower-pyoraharjasarja-81150,https://media.tarvike.com/product/images/81150/original/158494.png,47.9,Auttaa pitämään pyörät puhtaina ja pidon hyvänä.,,Husqvarna,
4955404000,"Husqvarna Automower® Suojakatos, 435X AWD, 535 AWD",https://tarvike.com/product/husqvarna-automower-suojakatos-435x-awd-535-awd-81026,https://media.tarvike.com/product/images/81026/original/158326.png,259.0,"Husqvarna Automower® on suunniteltu työskentelemään erilaisissa olosuhteissa. Tyylikkään silauksen puutarhaasi tuo Husqvarna Automower® -suojakatos, joka suojaa robottileikkuria pitkäaikaiselta sateen ja auringonvalon vaikutuksilta. Taitettavan yläosan ansiosta leikkurin näppäimistö ja näyttö ovat hyvin käytettävissä, kun leikkuri lataa akkuaan. Kaikkiin latausaseman kaapeleihin pääsee tarvittaessa käsiksi.",,Husqvarna,
4783092002,HUSQVARNA 435 II Moottorisaha,https://tarvike.com/product/husqvarna-435-ii-moottorisaha-122375,https://media.tarvike.com/product/images/122375/original/159885.png,529.0,"Husqvarna 435 II on moottorisaha niille, jotka haluavat kevyen ja tehokkaan yleissahan erilaisiin sahaustöihin. Se on varustettu tehokkaalla suuren vääntömomentin 40-kuutioisella X-Torq®-moottorilla. Pikalukitteinen polttoainesäiliön korkki on helppo avata ja sulkea myös paksut käsineet kädessä, ja LowVib®-tekniikka tekee käytöstä mukavaa.",,Husqvarna,
37596733001,"Fiskars Pikaliitin 19mm (3/4"")",https://tarvike.com/product/fiskars-pikaliitin-19mm-34-44481,https://media.tarvike.com/product/images/44481/original/17033.jpeg,7.99,"Fiskarsin korkealaatuinen pikaliitin Pehmeä pintarakenne takaa pitävän otteen myös märkänä Ergonominen muotoilu Värikoodaus kokovalinnan helpottamiseksi Yhteensopiva muiden valmistajien tuotteiden kanssa Koko 19 mm (3/4"") Pituus 68 mm Korkeus 116 mm Leveys 46 mm Paino 0,04 kg Värikoodaus: Liittimen valinta on tehty helpoksi värikoodauksen avulla: sininen sopii 13-15 mm (1/2""-5/8"") letkuille, punainen 19 mm (3/4"") letkuille ja keltainen 9 mm (3/8"") letkuille",,Fiskars,
35999029000,Sisärengas 4.00-6 TR13,https://tarvike.com/product/sisarengas-400-6-tr13-44702,https://media.tarvike.com/product/images/44702/original/17279.jpg,10.0,Koko 4.00 x 6 Venttiili TR13,,IKH,
35955846000,Woodster Trimmerin siimakela,https://tarvike.com/product/woodster-trimmerin-siimakela-220515,https://media.tarvike.com/product/images/220515/original/205041.webp,9.9,"Siiman Ø 1,6 mm Pituus 4 m",,Woodster,
35385257000,Kottikärryn rengas 4.00x6 MET/LIUKUL. Puhkeamaton täydellinen,https://tarvike.com/product/kottikarryn-rengas-400x6-metliukul-puhkeamaton-taydellinen-44824,https://media.tarvike.com/product/images/44824/original/17425.jpg,20.9,"Metallivanne Koko 4.00-6 PU (polyuretaani, puhkeamaton rengas) Halkaisija Ø 350 mm Akseli Ø 20 mm Laakeriväli 98 mm Liukulaakeri",,IKH,
351662002,Husqvarna 543 XP® Moottorisaha,https://tarvike.com/product/husqvarna-543-xp-moottorisaha-121791,https://media.tarvike.com/product/images/121791/original/158959.png,729.0,"Kevyt ja tehokas Husqvarna 543 XP® on ammattimaiseen käyttöön ja ammattitasoa vaativalle tarkoitettu suorituskykyinen saha. Keveyden ja teräketjun suuren nopeuden ansiosta saha sopii hyvin tehokkaaseen karsintaan. Polttoainetehokkaan, vähäpäästöisen 43-kuutioisen X-Torq®-moottorin ansiosta se tarjoaa erinomaista suorituskykyä kompaktissa paketissa, jota on helppo kantaa koko päivän.",,Husqvarna,
34881720000,Espina Betonilapio metallivarsi,https://tarvike.com/product/espina-betonilapio-metallivarsi-44766,https://media.tarvike.com/product/images/44766/original/17368.jpg,13.1,,,Espina,
347761002,CEORA™ latausasema CS4 tukialusta,https://tarvike.com/product/ceora-latausasema-cs4-tukialusta-119945,https://media.tarvike.com/product/images/119945/original/156546.png,419.0,"Tarvitaan aina, kun CEORA™-latausasemaa (CS4) asennetaan nurmikolle ja/tai muulle pehmeälle alustalle latausaseman vakauttamiseksi. Jaettu kahteen kappaleeseen kuljetussyistä.",,Husqvarna,
34102038000,"Fitt Puutarhaletkusetti 1/2"" x 20m",https://tarvike.com/product/fitt-puutarhaletkusetti-12-x-20m-44440,https://media.tarvike.com/product/images/44440/original/16956.jpg,14.3,"Fitt Puutarhaletkusetti 1/2"" x 20m. Sisältää pikaliittimet.",,IKH,
33661019000,Husqvarna Viilanohjaimet,https://tarvike.com/product/husqvarna-viilanohjaimet-120610,https://media.tarvike.com/product/images/120610/original/157272.png,13.0,Erikoissuunnitelluilla viilanohjaimilla saadaan oikea viilauskulma. Käytetään pyöröviilan kanssa. Saatavana kaikille Husqvarnan teräketjuille.,,Husqvarna,
33661013000,"Husqvarna Ruohoterä, 4-hampainen",https://tarvike.com/product/husqvarna-ruohotera-4-hampainen-120595,https://media.tarvike.com/product/images/120595/original/204240.png,27.8,"Paksulle ja karkealle ruoholle, mutta ei puuvartiseen kasvustoon. Ruoho jää terän päälle, josta sen voi siirtää siisteihin riveihin.",,Husqvarna,
33661003000,"Husqvarna Kaatorauta, kevyt",https://tarvike.com/product/husqvarna-kaatorauta-kevyt-120322,https://media.tarvike.com/product/images/120322/original/157134.png,74.8,"Uuden muotoilun ja paremman materiaalin ansiosta tuote on kestävä ja vankka. Kahvasta saa hyvän otteen, ja etuhammastuksen avulla puusta saa paremman pidon. Yhdistelmäkaatorauta minimoi käteen kohdistuvan tärinän kiilan kanssa työskenneltäessä. Valmistettu Ruotsissa",,Husqvarna,
33660997000,Husqvarna siimapäävarustus,https://tarvike.com/product/husqvarna-siimapaavarustus-120124,https://media.tarvike.com/product/images/120124/original/204250.png,158.9,Jaettavalla runkoputkella varustettuihin trimmereihin. Mukana terävarustus ja suojus.,,Husqvarna,
33660993000,Husqvarna Moottorisahan alusta,https://tarvike.com/product/husqvarna-moottorisahan-alusta-120095,https://media.tarvike.com/product/images/120095/original/204257.webp,16.9,"Tämä kestävä PP-muovista valmistettu alusta sopii käytettäväksi useimpien moottorisahojen kanssa, ja se tarjoaa hyvä suojan moottorisahasi turvallisempaan ja puhtaampaan kuljetukseen sekä varastointiin. Sen avulla voit vähentää huomattavasti öljy- tai pölyvuotojen riskiä autossasi tai autotallissasi. Moottorisahan alustaa on saatavilla kahta eri kokoa. Toinen alle 55-kuution moottorisahoihin ja toinen yli 50-kuution moottorisahoihin.",,Husqvarna,
33660917000,Husqvarna Functional Light Non-slip Käsineet,https://tarvike.com/product/kasineet-functional-light-non-slip-45181,https://media.tarvike.com/product/images/45181/original/156279.png,24.8,"Mukavat suojakäsineet, jotka on suunniteltu monipuolisiin maisemointi- ja metsätöihin. Käsineen kämmenosa takaa hyvän tartunnan ja erinomaisen pidon myös märissä olosuhteissa. Etusormessa on kosketusnäyttöystävällinen rystynen, joten voit käyttää älypuhelinta myös hanskat kädessä. Käsineet on helppo pestä käsin ja pinttynyt lika, kuten hartsi, irtoaa käsineistä myös helposti.",,Husqvarna,
33660911000,Husqvarna Functional Light Vent käsineet,https://tarvike.com/product/kasineet-functional-light-vent-45174,https://media.tarvike.com/product/images/45174/original/156295.png,23.9,"Ohuet ja hyvin hengittävät suojakäsineet, jotka on suunniteltu monipuolisiin puutarha- ja metsätöihin lämpimällä ja kuivalla säällä. Käsineen kämmenosa on valmistettu hengittävästä, nopeasti kuivuvasta synteettisestä nahasta, joka tarjoaa hyvän pidon samalla, kun kämmentäsi suojaa iskuja vaimentava pehmuste. Etusormessa on kosketusnäyttöystävällinen rystynen, joten voit käyttää älypuhelinta myös hanskat kädessä. Käsineet on helppo pestä käsin ja pinttynyt lika, kuten hartsi, irtoaa käsineistä myös helposti.",,Husqvarna,
33521080000,"Husqvarna Turvaterä, Endurance HSS",https://tarvike.com/product/husqvarna-turvatera-endurance-hss-121577,https://media.tarvike.com/product/images/121577/original/158689.png,1028.9,"Husqvarna Endurance HSS -terät turvalliseen käsittelyyn ja täydelliseen leikkuujälkeen. Lisäturvallisuuden vuoksi terät taittuvat takaisin leikkuulevyyn osuessaan esteeseen. Terissä on kovemmat ja terävämmät reunat, jotka on valmistettu nopeasti leikkuuteräksestä (HSS), mikä pidentää terän käyttöikää ja täyttää kaikki vaaditut turvallisuusstandardit. Parempaa leikkuujälkeä varten HSS Endurance -terissä on leikkuureunat kaikilla neljällä sivulla. Endurance HSS -terät ovat osa laajaa valikoimaamme korkealaatuisia Automower®-tarvikkeita.",,Husqvarna,
33521079000,Husqvarna Kivi- ja puupuhdistusaine,https://tarvike.com/product/husqvarna-kivi-ja-puupuhdistusaine-120901,https://media.tarvike.com/product/images/120901/original/157665.png,17.8,"Erittäin tehokas puhdistusaine, joka soveltuu kulkuväylien, tiilien ja puun puhdistamiseen. Sopii myös muiden vettä kestävien pintojen pesuun.",,Husqvarna,
33521078000,Teräsvahvisteinen jatkoletku 10 m,https://tarvike.com/product/terasvahvisteinen-jatkoletku-10-m-120898,https://media.tarvike.com/product/images/120898/original/157650.png,118.9,"10 metrin jatkoletku laajentaa huomattavasti käyttöaluetta ilman, että sähkön tai veden lähteestä tarvitsee tinkiä. Kumipäällysteinen ja teräsvahvisteinen on varustettu pikaliitännällä. Voidaan käyttää 160 bar tehoon ja 100° lämpötilaan asti.",,Husqvarna,
31454082000,"Husqvarna TH 125i Jyrsin, Ei sisällä akkua ja laturia",https://tarvike.com/product/husqvarna-th-125i-jyrsin-ei-sisalla-akkua-ja-laturia-177642,https://media.tarvike.com/product/images/177642/original/203732.webp,409.0,"Husqvarna TH 125i -akkujyrsin mahdollistaa tarkan ja hellävaraisen maanmuokkauksen, mikä parantaa maaperää ja luonnon monimuotoisuutta",,Husqvarna,
3095824001,Jonsered Käynnistinkynsi,https://tarvike.com/product/jonsered-kaynnistinkynsi-128824,https://media.tarvike.com/product/images/128824/original/168069.webp,3.4,Jonsered Käynnistinkynsi,,Jonsered,
3095819001,Jonsered Ketjujarrun jousi 5354,https://tarvike.com/product/jonsered-ketjujarrun-jousi-5354-128830,https://media.tarvike.com/product/images/128830/original/168065.webp,4.2,Jonsered Ketjujarrun jousi 5354,,Jonsered,
3095695001,Jonsered Pumppukalvo,https://tarvike.com/product/jonsered-pumppukalvo-128842,https://media.tarvike.com/product/images/128842/original/168059.webp,8.5,Jonsered Pumppukalvo,,Jonsered,
3095689001,"Jonsered Jarruvanne 450,510,520,",https://tarvike.com/product/jonsered-jarruvanne-450510520-128851,https://media.tarvike.com/product/images/128851/original/168054.webp,38.8,"Jonsered Jarruvanne 450,510,520,",,Jonsered,
3095615001,Jonsered Block 9534,https://tarvike.com/product/jonsered-block-9534-128892,https://media.tarvike.com/product/placeholders/productImageComingSoong.jpg,40.6,Jonsered Block 9534.,,Jonsered,
3095553001,Jonsered Asteikko,https://tarvike.com/product/jonsered-asteikko-128893,https://media.tarvike.com/product/placeholders/productImageComingSoong.jpg,11.8,Jonsered Asteikko,,Jonsered,
304553001,"Terälevy X-TOUGH .3/8"" 1.5mm/.058"" RSN, leveä sovite",https://tarvike.com/product/teralevy-x-tough-38-15mm058-rsn-levea-sovite-121283,https://media.tarvike.com/product/images/121283/original/158191.png,118.9,"Suosittelemme käytettäväksi pitkien terälevyjen kanssa terälevyn kärjen kuormituksen vähentämiseksi. Kuorma välitetään laadukkaan rullalaakerin kautta. Kitkahäviö pienenee 8 - 10 % terälevyn pituudesta riippuen. Terälevyt on päällystetty epoksilla, mikä suojaa naarmuuntumiselta ja kulumiselta. Vaihdettava kärki on saatavana varaosana.",,Husqvarna,
28552498000,Husqvarna EPOS™ RS1 -viiteasema,https://tarvike.com/product/husqvarna-epos-rs1-viiteasema-177844,https://media.tarvike.com/product/images/177844/original/203587.webp,309.0,"Satelliittipohjaisen EPOS™-teknologian viiteasema, joka mahdollistaa kaapelittomat rajat robottiruohonleikkureille ja täysin mukautettavan nurmikonhoidon.",,Husqvarna,
27521847001,"Husqvarna 1 x X-Force 3/8""/1.5mm HLM / 2 x X-CUT C85 3/8"" 1.5mm",https://tarvike.com/product/husqvarna-1-x-x-force-3815mm-hlm-2-x-x-cut-c85-38-15mm-125306,https://media.tarvike.com/product/images/125306/original/157118.png,118.9,"Paketti sisältää yhden laipan ja kaksi ketjua; X-Force 3/8""/1.5mm HLM / 2 x X-CUT C85 3/8"" 1.5mm",,Husqvarna,
27521839001,"Husqvarna Terälevy X-Force Pro 15"" .3/8"" 1,5 mm 56 L SN/A",https://tarvike.com/product/husqvarna-teralevy-x-force-pro-15-38-15-mm-56-l-sna-120825,https://media.tarvike.com/product/images/120825/original/204298.webp,76.8,Terälevyn loivasti kaartuva muoto ja pieni kärkipyörä vähentävät takapotkun vaaraa. Terälevyissä on naarmuilta ja korroosiolta suojaava epoksilakkaus.,,Husqvarna,
27521834001,Ilmansuodatin,https://tarvike.com/product/ilmansuodatin-120601,https://media.tarvike.com/product/images/120601/original/204345.webp,94.2,Alkuperäinen Husqvarnan ilmansuodatin. Estää lian ja roskien pääsyn moottoriin. Vaihda ilmansuodatin aina säännöllisin väliajoin optimaalisen suorituskyvyn ja tuotteen pidemmän käyttöiän saavuttamiseksi.,,Husqvarna,
27521826001,Ilmansuodatin,https://tarvike.com/product/ilmansuodatin-120321,https://media.tarvike.com/product/images/120321/original/157135.png,11.2,Alkuperäinen Husqvarnan ilmansuodatin. Estää lian ja roskien pääsyn moottoriin. Vaihda ilmansuodatin aina säännöllisin väliajoin optimaalisen suorituskyvyn ja tuotteen pidemmän käyttöiän saavuttamiseksi.,,Husqvarna,
27521822001,Tärinänvaimennin,https://tarvike.com/product/tarinanvaimennin-120182,https://media.tarvike.com/product/images/120182/original/156670.png,22.9,"Alkuperäinen Husqvarnan tärinänvaimennuselementti. Suunniteltu vähentämään melua ja tärinää, jotta voit työskennellä mukavasti ja tehokkaasti pidemmän aikaa.",,Husqvarna,
27521813001,"Lumiketjut - 16"" x 4"" x 8""",https://tarvike.com/product/lumiketjut-16-x-4-x-8-119892,https://media.tarvike.com/product/images/119892/original/156359.png,129.0,Takaavat pidon lumilinkoa käytettäessä. Yksi pari.,,Husqvarna,
27521810001,Kytkinrumpu 3/8'' - 6T,https://tarvike.com/product/kytkinrumpu-38-6t-119867,https://media.tarvike.com/product/images/119867/original/156320.png,36.1,,,Husqvarna,
27521791001,"Vetoratas .404"", 7-hampainen",https://tarvike.com/product/vetoratas-404-7-hampainen-119567,https://media.tarvike.com/product/images/119567/original/155701.png,18.0,,,Husqvarna,
2615532002,Rullatuki 670-1150MM,https://tarvike.com/product/rullatuki-670-1150mm-156086,https://media.tarvike.com/product/images/156086/original/180514.jpeg,59.0,670-1150mm. Kapasiteetti 80 kg.,,WOODTEC,
2544556002,Sisärengas,https://tarvike.com/product/sisarengas-208-38-tr218a-40977,https://media.tarvike.com/product/images/40977/original/194922.webp,125.0,,,Agrilife,
2544518002,Sisärengas,https://tarvike.com/product/sisarengas-124-24-tr218a-40958,https://media.tarvike.com/product/placeholders/productImageComingSoong.jpg,43.0,Venttiili TR218A,,Agrilife,
2544510002,Sisärengas,https://tarvike.com/product/sisarengas-500-8-tr13-40947,https://media.tarvike.com/product/images/40947/original/194909.webp,10.0,,,Agrilife,
2542482002,Yamaha YS1070T Lumilinko,https://tarvike.com/product/yamaha-ys1070t-lumilinko-96604,https://media.tarvike.com/product/images/96604/original/103458.jpg,7378.0,"Yamaha YS1070T lumilinko yhdistää sähkömagneettisen kytkimen ja portaattoman hydrostaattisen vaihteiston, mikä tekee käytöstä helppoa ja tarkkaa.",,Yamaha,
25235570001,Husqvarna Automower® -säilytyskoukku,https://tarvike.com/product/husqvarna-automower-sailytyskoukku-44844,https://media.tarvike.com/product/images/44844/original/203590.webp,33.9,"Husqvarna Automower® -säilytyskoukku on tilaa säästävä ratkaisu, joka tekee robottiruohonleikkurisi säilyttämisestä helppoa talvikaudella. Se vie vähän tilaa, voidaan kiinnittää suoraan seinään ja sopii myös Husqvarna-säilytyskiskoon.",,Husqvarna,
24741961000,"2 in 1 Viilapidike S93G - 3/8"" Mini  4,0mm",https://tarvike.com/product/2-in-1-viilapidike-s93g-38-mini-40mm-174302,https://media.tarvike.com/product/images/174302/original/197125.webp,40.9,"Husqvarnan 2-in-1-viilanohjain nostaa moottorisahan huollon uudelle tasolle tarjoamalla tehokkaan teräketjun teroituksen sekä tarkat ja luotettavat tulokset joka kerta. Innovatiivinen rakenne mahdollistaa sekä leikkuureunojen että puruhampaiden samanaikaisen viilaamisen, mikä säästää aikaa ja vähentää työn määrää. Värikoodattu ketjujaon ja viilauskulmien merkintä tekevät teroittamisesta erittäin sujuvaa ja yksinkertaista; yhteen suuntaan viilaaminen riittää. Viilat voi vaihtaa avaamalla yläkannen, mikä tekee viilanohjaimen huollosta nopeaa ja vaivatonta.",,Husqvarna,
24741960000,"2 in 1 Viilapidike C83 85 - 3/8"" 5,5mm",https://tarvike.com/product/2-in-1-viilapidike-c83-85-38-55mm-174301,https://media.tarvike.com/product/images/174301/original/197121.webp,40.9,"Husqvarnan 2-in-1-viilanohjain nostaa moottorisahan huollon uudelle tasolle tarjoamalla tehokkaan teräketjun teroituksen sekä tarkat ja luotettavat tulokset joka kerta. Innovatiivinen rakenne mahdollistaa sekä leikkuureunojen että puruhampaiden samanaikaisen viilaamisen, mikä säästää aikaa ja vähentää työn määrää. Värikoodattu ketjujaon ja viilauskulmien merkintä tekevät teroittamisesta erittäin sujuvaa ja yksinkertaista; yhteen suuntaan viilaaminen riittää. Viilat voi vaihtaa avaamalla yläkannen, mikä tekee viilanohjaimen huollosta nopeaa ja vaivatonta.",,Husqvarna,
24741959000,"2 in 1 Viilapidike C33 35 - .325""  4,8mm",https://tarvike.com/product/2-in-1-viilapidike-c33-35-325-48mm-174300,https://media.tarvike.com/product/images/174300/original/197117.webp,40.9,"Husqvarnan 2-in-1-viilanohjain nostaa moottorisahan huollon uudelle tasolle tarjoamalla tehokkaan teräketjun teroituksen sekä tarkat ja luotettavat tulokset joka kerta. Innovatiivinen rakenne mahdollistaa sekä leikkuureunojen että puruhampaiden samanaikaisen viilaamisen, mikä säästää aikaa ja vähentää työn määrää. Värikoodattu ketjujaon ja viilauskulmien merkintä tekevät teroittamisesta erittäin sujuvaa ja yksinkertaista; yhteen suuntaan viilaaminen riittää. Viilat voi vaihtaa avaamalla yläkannen, mikä tekee viilanohjaimen huollosta nopeaa ja vaivatonta.",,Husqvarna,
24741957000,"2 in 1 Viilapidike SP21G - .325"" Mini 4,0mm",https://tarvike.com/product/2-in-1-viilapidike-sp21g-325-mini-40mm-174298,https://media.tarvike.com/product/images/174298/original/197131.webp,40.9,"Husqvarnan 2-in-1-viilanohjain nostaa moottorisahan huollon uudelle tasolle tarjoamalla tehokkaan teräketjun teroituksen sekä tarkat ja luotettavat tulokset joka kerta. Innovatiivinen rakenne mahdollistaa sekä leikkuureunojen että puruhampaiden samanaikaisen viilaamisen, mikä säästää aikaa ja vähentää työn määrää. Värikoodattu ketjujaon ja viilauskulmien merkintä tekevät teroittamisesta erittäin sujuvaa ja yksinkertaista; yhteen suuntaan viilaaminen riittää. Viilat voi vaihtaa avaamalla yläkannen, mikä tekee viilanohjaimen huollosta nopeaa ja vaivatonta.",,Husqvarna,
24741956000,"2 in 1 Viilapidike SP11G - 1/4"" Mini 3,5m",https://tarvike.com/product/2-in-1-viilapidike-sp11g-14-mini-35m-174297,https://media.tarvike.com/product/images/174297/original/197127.webp,39.8,"Husqvarnan 2-in-1-viilanohjain nostaa moottorisahan huollon uudelle tasolle tarjoamalla tehokkaan teräketjun teroituksen sekä tarkat ja luotettavat tulokset joka kerta. Innovatiivinen rakenne mahdollistaa sekä leikkuureunojen että puruhampaiden samanaikaisen viilaamisen, mikä säästää aikaa ja vähentää työn määrää. Värikoodattu ketjujaon ja viilauskulmien merkintä tekevät teroittamisesta erittäin sujuvaa ja yksinkertaista; yhteen suuntaan viilaaminen riittää. Viilat voi vaihtaa avaamalla yläkannen, mikä tekee viilanohjaimen huollosta nopeaa ja vaivatonta.",,Husqvarna,
2316077002,"Ruohon- ja lehtien kerääjä 26""",https://tarvike.com/product/ruohon-ja-lehtien-keraaja-26-147655,https://media.tarvike.com/product/images/147655/original/180026.webp,199.0,"Työnnettävä lehtien, ruohonleikkuujätteen ja oksankappaleiden kerääjä. Pyörivät harjakset keräävät tehokkaasti irtaimen aineksen nurmikolta",,Espina,
22296560001,Jatkoliitin Uros/Uros,https://tarvike.com/product/jatkoliitin-urosuros-149933,https://media.tarvike.com/product/images/149933/original/191159.webp,4.99,Yhdistä helposti halkaisijaltaan eri kokoisia puutarhaletkuja Fiskars jatkoliittimen avulla.,,Fiskars,
22296559001,Korjausliitin 19mm (3/4'),https://tarvike.com/product/korjausliitin-19mm-34-149932,https://media.tarvike.com/product/images/149932/original/191134.webp,7.29,Fiskars korkealaatuinen korjausliitin puutarhaletkujen korjaamiseen tai yhteen liittämiseen. Pehmeä pintarakenne takaa pitävän otteen myös märkänä,,Fiskars,
22296558001,Hanaliitin sisätiloihin M22X1 / M24X2,https://tarvike.com/product/hanaliitin-sisatiloihin-m22x1-m24x2-149931,https://media.tarvike.com/product/images/149931/original/191135.webp,17.0,"Helppokäyttöinen hanaliitin sisätiloihin, esimerkiksi kylpyhuoneen, WC:n tai keittiön hanan yhteyteen.",,Fiskars,
22205934001,Pikajääsula 20l Teknoseesam,https://tarvike.com/product/pikajaasula-20l-teknoseesam-155700,https://media.tarvike.com/product/images/155700/original/188801.webp,39.95,Pikajäänsulatusrae on tehokas ja helppo tapa ehkäistä talven tuomaa vaaraa liukkauden osalta,,Teknoseesam,
22205932001,Pikajääsula 10L Teknoseesam,https://tarvike.com/product/pikajaasula-10l-teknoseesam-155699,https://media.tarvike.com/product/images/155699/original/188802.webp,22.9,Pikajäänsulatusrae on tehokas ja helppo tapa ehkäistä talven tuomaa vaaraa liukkauden osalta,,Teknoseesam,
21978520001,Husqvarna Turvahousut Classic 20A,https://tarvike.com/product/turvahousut-classic-20a-koko-52-42693,https://media.tarvike.com/product/images/42693/original/197091.webp,127.0,"Husqvarnan kestävät ja tehokkaasti suojaavat Classic-moottorisahahousut on suunniteltu metsätöihin. Täysin tiivis viiltosuoja ja viiltosuojan lisävahvistettu alempi suojus lisäävät turvallisuutta ja kestävyyttä. Henkselinapit mahdollistavat nopean kiinnityksen, kun tarvitset lisätukea, ja huomiovärit parantavat näkyvyyttä. Vetoketjulliset tuuletusaukot lahkeiden takana takaavat hengittävyyden, ja vetoketjutaskut helpottavat pikkutavaroiden käsittelyä ja suojaavat niitä sahanpurulta. Standardin EN ISO 11393 luokan 1 (20 m/s) mukainen tuote. Saatavana koot 40–64 sekä normaalipituisena että lyhytlahkeisena.",,Husqvarna,
21509125001,Husqvarna Metsätypusero Classic,https://tarvike.com/product/husqvarna-metsatypusero-classic-42654,https://media.tarvike.com/product/images/42654/original/197059.webp,129.0,"Huomiovärinen Husqvarnan Classic-metsätyötakki on täydellinen valinta metsä- ja ulkotöihin, sillä se tarjoaa hyvän näkyvyyden ja toiminnallisuuden. Hartioissa olevat tuuletusaukot tekevät työskentelystä mahdollisimman mukavaa. Kätevä rintatasku pikkutavaroita varten, ja painonapit hihansuissa tekevät hihojen säätämisestä helppoa myös käsineet kädessä. Huomioväritakki on hyväksytty standardin EN ISO 20471 luokan 3 mukaisesti. Saatavilla koot XXS–XXXL.",,Husqvarna,
20261132001,"Paperipölypussi, 5kpl",https://tarvike.com/product/paperipolypussi-5kpl-151503,https://media.tarvike.com/product/images/151503/original/194886.webp,25.0,Meganex kuiva-/märkäimurin pölypussi.,,Lavor,
19767735000,"Husqvarna Technical työpaita, lyhythihainen",https://tarvike.com/product/technical-tyopaita-lyhythihainen-xl-7653,https://media.tarvike.com/product/images/7653/original/192811.webp,50.5,Husqvarna Technical-työpaita on ideaalinen lämpimässä työskentelyyn. Nopeasti kuivuva materiaali pitää kehon viileänä ja kuivana. Edessä oleva vetoketju helpottaa käyttöä. Vetoketjutasku paidan etuosassa.,,Husqvarna,
19767729000,Husqvarna Metsätyöpusero Technical KWF,https://tarvike.com/product/metsatyopusero-technical-kwf-l-7613,https://media.tarvike.com/product/images/7613/original/192813.webp,289.0,Husqvarna Technical KWF metsätyöpusero on valmistettu kestävistä ja kevyistä kankaista ammattilaisille jokapäiväiseen metsätyökäyttöön. Joka suuntaan joustava polyesterikangas ja hyvä istuvuus helpottavat liikkumista ja lisäävät käyttömukavuutta. Ilmanvaihtoaukot kaarrokkeessa ja alaselässä parantavat mukavuutta ja suorituskykyä. Istuvuus Tiukka Valmiiksi muotoillut kyynärpäät,,Husqvarna,
19544599001,Robota DC-BL18V akkupuhalluspistooli runko,https://tarvike.com/product/robota-dc-bl18v-akkupuhalluspistooli-runko-247005,https://media.tarvike.com/product/images/247005/original/214739.webp,69.9,"Robota DC-BL18V akkupuhalluspistooli on kätevä ja monipuolinen ratkaisu pölyn ja irtolian poistamiseen sekä erilaisiin täyttötöihin. Tämä akkupuhallin kuuluu Robotan akkutyökalusarjaan ja tarjoaa luotettavaa suorituskykyä niin työkalujen, porausreikien kuin suodattimienkin puhdistamiseen. Akkupuhallin sopii myös erinomaisesti puhallettavien lelujen ja ilmapatjojen täyttämiseen. Tyhjentäminen on vaivatonta integroidun imutoiminnon ansiosta. Ei sisällä akkua ja laturia",,Robota,
19544572001,Robota DC-PTR18V jatkovarsi robota akkuoksasaksille 132-225c,https://tarvike.com/product/robota-dc-ptr18v-jatkovarsi-robota-akkuoksasaksille-132-225c-246328,https://media.tarvike.com/product/images/246328/original/214563.webp,59.9,"Tämä Robotan jatkovarsi oksasaksille on erinomainen ja käytännöllinen jatkovarsi (jatkoputki) Robota DC-PT18V akkuoksasaksille. Kun haussa on akkujatkovarsi korkeammalle ulottuvaan oksien siistintään, tämä lisäosa tuo reilusti lisää työskentelyetäisyyttä. Laite on tehty lisävarusteeksi Robota DC-PT18V akkuoksasaksille.",,Robota,
1943981000,Jonsered Adapteri,https://tarvike.com/product/jonsered-adapteri-128896,https://media.tarvike.com/product/images/128896/original/168042.webp,22.7,Jonsered Adapteri,,Jonsered,
1943976000,Jonsered Lämpösuoja,https://tarvike.com/product/jonsered-lamposuoja-128856,https://media.tarvike.com/product/images/128856/original/168032.webp,3.3,Jonsered Lämpösuoja.,,Jonsered,
1943972000,Jonsered Pako-Ohjain 535 455 525,https://tarvike.com/product/jonsered-pako-ohjain-535-455-525-128789,https://media.tarvike.com/product/placeholders/productImageComingSoong.jpg,12.6,Jonsered Pako-Ohjain 535 455 525,,Jonsered,
19180917002,"Ratioparts Teräketju rp 3/8"" PHM 1,5 56E",https://tarvike.com/product/ratioparts-teraketju-rp-38-phm-15-56e-94994,https://media.tarvike.com/product/images/94994/original/100113.jpg,23.6,Katso alkuperäinen varaosakuva oikean varaosan määrittämiseksi.,,Ratioparts,
19180882002,"Oregon Teräketju Versacut 3/8 1,3mm 40 VL",https://tarvike.com/product/oregon-teraketju-versacut-38-13mm-40-vl-81531,https://media.tarvike.com/product/images/81531/original/31450.jpg,12.6,"Moottorisahan teräketju Oregon Versacut 3/8 1,3mm 40 VL, pitkähampainen",,Oregon,
19180860002,"Husqvarna Terälevy X-Tough Light 20"" 3/8"" 1.5 LM 72DL",https://tarvike.com/product/husqvarna-teralevy-x-tough-light-20-38-15-lm-72dl-81200,https://media.tarvike.com/product/images/81200/original/158654.png,134.0,"Husqvarna X-TOUGH LIGHT RSN -laipat ovat kevyitä, helppoja käsitellä sekä erittäin kestäviä. Laipat on suunniteltu haastaviin olosuhteisiin ja pitkiin työpäiviin. Vaihdettava, kolmella niitillä kiinnitetty tiukkasovitteinen RSN-kärki on erittäin kulutuksen kestävä ja kärki sekä öljyreikä on suunniteltu vähentämään kitkaa ja sitä kautta myös polttoaineen kulutusta. Laipan pintakäsittely suojaa sitä naarmuilta sekä korroosiolta. Vaihdettava kärki on saatavana varaosana.",,Husqvarna,
19180844002,"Husqvarna Terälevy X-Tough 42"" .404"" 1.6 LM 124 L",https://tarvike.com/product/husqvarna-teralevy-x-tough-42-404-16-lm-124-l-80984,https://media.tarvike.com/product/images/80984/original/158185.png,239.0,"Kiinteitä terälevyjä käytetään kovien tai paksukuoristen puulajien sahaamiseen sekä erittäin hiekkaisissa, pölyisissä tai nokisissa olosuhteissa. Terälevyt on päällystetty epoksilla, mikä suojaa naarmuuntumiselta ja kulumiselta.",,Husqvarna,
19180842002,"Husqvarna Terälevy X-Tough 36"" .404"" 1.6 LM 104 L",https://tarvike.com/product/husqvarna-teralevy-x-tough-36-404-16-lm-104-l-80983,https://media.tarvike.com/product/images/80983/original/158181.png,208.9,"Kiinteitä terälevyjä käytetään kovien tai paksukuoristen puulajien sahaamiseen sekä erittäin hiekkaisissa, pölyisissä tai nokisissa olosuhteissa. Terälevyt on päällystetty epoksilla, mikä suojaa naarmuuntumiselta ja kulumiselta.",,Husqvarna,
19180805002,Husqvarna Flexi-työkaluvyön ylävaljas,https://tarvike.com/product/husqvarna-flexi-tyokaluvyon-ylavaljas-80871,https://media.tarvike.com/product/images/80871/original/157784.png,50.9,Valjaiden pehmustetut olkahihnat tasoittavat kuorman jakautumista hartioille.,,Husqvarna,
19180796002,Husqvarna Metsurin mitta 20 m laukaisukoukulla,https://tarvike.com/product/husqvarna-metsurin-mitta-20-m-laukaisukoukulla-80775,https://media.tarvike.com/product/images/80775/original/30550.jpg,84.9,"Ainutlaatuinen, kevyt rakenne. Helppo säätää ja huoltaa. Nauhassa on merkinnät molemmin puolin, ja se on helppo irrottaa ja vaihtaa ilman työkaluja. Varamittanauhaa saatavana kahta eri pituutta.",,Husqvarna,
19180756002,"Husqvarna Terälevy X-Force 20"" .325"" 1,3 mm pixel SM",https://tarvike.com/product/husqvarna-teralevy-x-force-20-325-13-mm-pixel-sm-80653,https://media.tarvike.com/product/images/80653/original/157495.png,81.9,"Kestävyyttä, keveyttä ja suorituskykyä – Husqvarnan X-Force-terälevyt on suunniteltu käytettäviksi yhdessä X-Cut-ketjujen kanssa, jotta saat kaiken tehon irti Husqvarna-moottorisahastasi. Virtaviivainen siluetti, kestävä kärki ja laakerijärjestelmä sekä optimoitu keskilevy vähentävät seisokkiaikoja ja takaavat erinomaisen leikkuutuloksen. Terälevyn pituus 20"" Uraleveys 1.3 mm Ketjujako .325""",,Husqvarna,
19180755002,"Husqvarna Terälevy X-Force 16"" .325"" 1,3 mm pixel SM",https://tarvike.com/product/husqvarna-teralevy-x-force-16-325-13-mm-pixel-sm-80652,https://media.tarvike.com/product/images/80652/original/157490.png,69.9,"Kestävyyttä, keveyttä ja suorituskykyä – Husqvarnan X-Force-terälevyt on suunniteltu käytettäviksi yhdessä X-Cut-ketjujen kanssa, jotta saat kaiken tehon irti Husqvarna-moottorisahastasi. Virtaviivainen siluetti, kestävä kärki ja laakerijärjestelmä sekä optimoitu keskilevy vähentävät seisokkiaikoja ja takaavat erinomaisen leikkuutuloksen. Terälevyn pituus 16"" Laipan pituus 160 mm Uraleveys 1.3 mm Ketjujako .325""",,Husqvarna,
19180730002,"Husqvarna Teränhoitopaketti  H37 .3/8"" 1,3 mm",https://tarvike.com/product/husqvarna-teranhoitopaketti-h37-38-13-mm-80600,https://media.tarvike.com/product/images/80600/original/157283.png,29.9,"Täydellinen sarja helpottaa ketjun pitämistä teräkunnossa. Oikein teroitetulla ketjulla työ on helpompaa ja turvallisempaa. Viilanohjaimen avulla saadaan oikeat viilauskulmat, jolloin viilaaminen on huomattavasti helpompaa. Paketissa on viilankahva, viilanohjain-alennuskaavioyhdistelmä, kaksi pyöröviilaa ja lattaviila. Teroituspaketti H37 / 3/8"" / 1,3 mm",,Husqvarna,
19180716002,"Husqvarna Oksasahan Terälevy 10"" .1/4"" 1,3 mm A318",https://tarvike.com/product/husqvarna-oksasahan-teralevy-10-14-13-mm-a318-80505,https://media.tarvike.com/product/images/80505/original/157180.png,34.9,Loivasti kaareva muoto ja pieni kärkipyörän säde vähentävät teräpotkuriskiä ja helpottavat hyvää leikkuun hallintaa. Terälevyissä on naarmuuntumista ja ruostumista suojaava pinnoite.,,Husqvarna,
19180687002,"Husqvarna Teränhoitopaketti H36 .3/8"" 1,3 mm",https://tarvike.com/product/husqvarna-teranhoitopaketti-h36-38-13-mm-80320,https://media.tarvike.com/product/images/80320/original/156011.png,28.9,"Täydellinen sarja helpottaa ketjun pitämistä teräkunnossa. Oikein teroitetulla ketjulla työ on helpompaa ja turvallisempaa. Viilanohjaimen avulla saadaan oikeat viilauskulmat, jolloin viilaaminen on huomattavasti helpompaa. Paketissa on viilankahva, viilanohjain-alennuskaavioyhdistelmä, kaksi pyöröviilaa ja lattaviila. Teroituspaketti H36 / 3/8"" / 1,3 mm",,Husqvarna,
19180665002,"Husqvarna Mittasakset, 46 cm",https://tarvike.com/product/husqvarna-mittasakset-46-cm-80306,https://media.tarvike.com/product/images/80306/original/155985.png,41.9,"Sylinteritilavuustaulukko, senttimetrijako kahdella sivulla.",,Husqvarna,
19180622002,"Husqvarna Teräketju H64 / .404"" / 1,6 mm / 124 dl",https://tarvike.com/product/husqvarna-teraketju-h64-404-16-mm-124-dl-80248,https://media.tarvike.com/product/images/80248/original/155723.png,78.9,"Tehokkaaseen sahaukseen tarkoitettu, helposti teroitettava teräketju. Teräketju H64 / .404"" / 1,6 mm / 124 dl",,Husqvarna,
19180616002,"Husqvarna Teräketju H36 .3/8"" 1,3 mm 32 L 11""",https://tarvike.com/product/husqvarna-teraketju-h36-38-13-mm-32-l-11-80245,https://media.tarvike.com/product/images/80245/original/29929.jpg,13.7,,,Husqvarna,
19180614002,"Husqvarna Teräketju H42LV .3/8"" 1,5 mm 28"" 92 L",https://tarvike.com/product/husqvarna-teraketju-h42lv-38-15-mm-28-92-l-80244,https://media.tarvike.com/product/images/80244/original/29925.jpg,44.5,"Suorituskykyisessä ketjussa on chisel-leikkuuhampaat, ja terälaitteen aiheuttama tärinä on vaimennettu tehokkaasti. Suositellaan puhtaan puun suuritehoiseen korjaukseen ja 50 - 100 cc:n ammattisahoihin. Teräketju H42 / 3/8"" / 1,5 mm / 92 dl",,Husqvarna,
19179723002,"Echo CS-4010 Moottorisaha 41,6 cc  1,9kw",https://tarvike.com/product/echo-cs-4010-moottorisaha-416-cc-19kw-81545,https://media.tarvike.com/product/images/81545/original/31485.jpg,501.0,"Uusi Echo CS-4010 Moottorisaha on tehokas saha joka soveltuu paljon sahaavalle, yleiskäyttöön sekä karsintaan ja harvennukseen. Digitaalinen sytytysjärjestelmä, rikastimeen liitetty automaattinen puolikaasu sekä EasyStart-kevytkäynnistys takaavat sahan nopean ja luotettavan käynnistymisen. Vähäiset päästöt ja taloudellinen polttoaineen kulutus",,Echo,
19179687002,Husqvarna 130 Moottorisaha,https://tarvike.com/product/husqvarna-130-moottorisaha-81284,https://media.tarvike.com/product/images/81284/original/159067.png,299.0,"Pieni, mutta tehokas Husqvarna 130 -moottorisaha antaa taatusti vastinetta rahalle. Kevyt ja näppärä saha on helppo käynnistää ja käsitellä. Se on omiaan polttopuiden teossa ja soveltuu myös pienten puiden kaatoon ja karsintaan. Sylinteritilavuus 38 cm³ Teho 1.5 kW Suositeltu terälevyn pituus, maks. 40 cm Paino (ilman terävarustusta) 4.7 kg",,Husqvarna,
19179653002,Cub Cadet XS3 66 Lumilinko,https://tarvike.com/product/cub-cadet-xs3-66-lumilinko-81516,https://media.tarvike.com/product/images/81516/original/31441.jpg,2315.0,"Cub Cadet XS3 66 on suurilla ominaisuuksilla varustettu lumilinko pienten ja keskikokoisten alueiden hoitoon. Mullistava 3-vaihejärjestelmä: Reunan Xtreme- ruuvit murskaavat paakkuuntuneen lumen ja jään, ja siirtävät ne keskelle. 25 % enemmän tehoa! Uusi keskitetty Xtreme-tehoruuvi murskaa lumen ja siirtää sen ulosheittokanavaan. 30 % lisää nopeutta! Voimakas heittoruuvi heittää lumen ulosheittotorven kautta haluttuun suuntaan ja halutulle etäisyydelle. Helppoa ja vaivatonta!",,Cub Cadet,
19179632002,Husqvarna WDC 220 märkä-ja kuivaimuri,https://tarvike.com/product/husqvarna-wdc-220-marka-ja-kuivaimuri-81390,https://media.tarvike.com/product/images/81390/original/159401.png,218.9,"Kestävä ja suorituskykyinen märkä- ja kuivaimuri monenlaisen lian, pölyn, vuotojen ja roskien poistamiseen. Soveltuu hyvin jokapäiväiseen käyttöön voimakkaan ja luotettavan turbiinin, helppokäyttöisten hallintalaitteiden sekä kätevän säilytyksen ja helpon tyhjennyksen ansiosta. WDC 220 on kompakti ja käyttäjäystävällinen imuri, jossa on pestävä PET-suodatin, kestävä fleece-pölypussi, käytännöllinen nostokahva ja vankka rakenne. Säiliön tilavuus: 20 l Nimellisteho: 1000 W Ilmavirta: 3600 l/min Tyhjiö, maks.: 210 mbar",,Husqvarna,
19179611002,Honda HSS 970A EWD lumilinko,https://tarvike.com/product/honda-hss-970a-ewd-lumilinko-61142,https://media.tarvike.com/product/images/61142/original/17915.jpg,5890.0,"Honda HSS 970A EWD on tehokas hydrostaattisella voimansiirrolla varustettu pyörämalli. Laite on varustettu samoilla ominaisuuksilla kuin HSS760 -mallit, mutta sen työleveys on 710mm. HSS970A EW selviää myös todella hankalista lumiolosuhteista ja isoista alueista kevyesti. Heittokapasiteetti on peräti 50 tonnia tunnissa ja heittoetäisyys max. 15m. Sähköstartti ja LED -työvalo vakiovarusteena. Tässä EWD -mallissa ulosheittotorven heittosuunta, -etäisyys ja -kulma ovat sähköisesti ohjattavissa paneelista.",,Honda,
19179607002,Honda HSS 760A EWD lumilinko,https://tarvike.com/product/honda-hss-760a-ewd-lumilinko-61138,https://media.tarvike.com/product/images/61138/original/17884.jpg,4980.0,"Honda HSS 760 EWD -lumilingossa on tehokas 4-tahtimoottori ja hydrostaattinen voimansiirto sekä portaaton nopeudensäätö. Etenemiskykyä on parannettu suuremmilla pyörillä ja pyörien kuvioinnilla. Hallintalaitteet on keskitetty uudistuneeseen ohjauspaneliin. Lumen heittotehoa on kasvatettu ja lumen heittoetäisyys ja -kulma ovat nyt sähköisesti säädettävissä. Nopeakierroksinen, pyörivä jyrsinhampain varustettu syöttökierukka yhdistettynä tehokkaaseen voimansiirtoon hajottaa paakkuuntuneet lumen ja kovatkin lumikokkareet. Laitteen heittokapasiteetti on yli 46 tonnia tunnissa. Työvalo vakiovarusteena. Tässä mallissa on myös sähkökäynnistys.",,Honda,
19177471002,"Husqvarna 520iHD70 Akkupensasleikkuri, ilman akkua ja laturia",https://tarvike.com/product/husqvarna-520ihd70-akkupensasleikkuri-ilman-akkua-ja-laturia-81393,https://media.tarvike.com/product/images/81393/original/31263.png,626.5,"Voimakas, kevyt ja tasapainoinen akkukäyttöinen Husqvarna 520iHD70 pensasleikkuri on tehty ammattikäyttöön ja varustettu 70 cm:n pituisella kaksipuolisella leikkuuterällä, jolla ylettyy pidemmälle. Uusi tehokas moottori ja akku auttavat maksimoimaan käyttöajan. Kääntyvä takakahva helpottaa työskentelyä pysty- ja vaakasuuntaan leikattaessa. Hinta ei sisällä akkua ja laturia. Akun jännite: 36 V Terän pituus: 70 cm",,Husqvarna,
19177386002,"Husqvarna CoreCut Siima Ø2,0 mm x 15 m, oranssi/läpinäkyvä",https://tarvike.com/product/husqvarna-corecut-siima-20-mm-x-15-m-oranssilapinakyva-81139,https://media.tarvike.com/product/images/81139/original/158478.png,7.5,Ammattikäyttöön suunniteltu siima on profiililtaan viisikulmio. Energiatehokkuus ja leikkuuteho muodostavat täydellisen yhdistelmän. Kaksoispropolymeerimateriaalissa on joustava sisus ja kestävä sulamaton pinta. Sopii kaikkiin vakiomallisiin siimapäihin.,,Husqvarna,
19177375002,"Husqvarna Opti Round Siima Ø4,0 mm x 240 m, kela, musta",https://tarvike.com/product/husqvarna-opti-round-siima-40-mm-x-240-m-kela-musta-81124,https://media.tarvike.com/product/images/81124/original/160383.jpg,104.0,"Ammattikäyttöön tarkoitetussa siimassa on kierteinen aerodynaaminen profiili, joka on hiljaisempi ja tärisee vähemmän. Propolymeerimateriaalit takaavat parhaan mahdollisen suorituskyvyn. Sopii kaikkiin vakiomallisiin siimapäihin.",,Husqvarna,
19177366002,Husqvarna Siimapää T25B M8,https://tarvike.com/product/husqvarna-siimapaa-t25b-m8-80795,https://media.tarvike.com/product/images/80795/original/157624.png,23.9,"Husqvarna T25B M8 siimapää on suunniteltu erityisesti Husqvarnan akkukäyttöisiin trimmereihin. T25B-siimapäässä on puoliautomaattinen siimansyöttöjärjestelmä, josta käytetään myös nimeä Tap'n go. Siima syötetään automaattisesti, kun siimapää painetaan maata vasten. Käyttäjä voi siten aina kontrolloida siimansyöttöä ja siimaa voidaan syöttää myös käytön aikana. Konetta ei tarvitse sammuttaa tai irrottaa valjaista siiman syötön ajaksi.",,Husqvarna,
19177362002,"Husqvarna Siimapää Tricut M12, 300 mm",https://tarvike.com/product/husqvarna-siimapaa-tricut-m12-300-mm-80570,https://media.tarvike.com/product/images/80570/original/30308.jpg,59.9,"Karkeammalle ruoholle ja kivikkoiselle alueelle. Hyvä näkyvyys, vaihdettavat muoviterät, turvallinen käyttää myös puiden ja pensaiden ympärillä.",,Husqvarna,
19177356002,"Husqvarna Siimapää Trimmy Super Auto II M12, 2,4 mm",https://tarvike.com/product/husqvarna-siimapaa-trimmy-super-auto-ii-m12-24-mm-80564,https://media.tarvike.com/product/images/80564/original/30304.jpg,59.9,"Husqvarnan täysautomaattinen siimapää 525LK trimmeriin. Syöttää automaattisesti lisää siimaa, kun siima lyhenee. Siiman oikea pituus säätyy automaattisesti.",,Husqvarna,
19177346002,"Husqvarna Siimapää T25 .3/8"", 2,0 - 2,4 mm",https://tarvike.com/product/husqvarna-siimapaa-t25-38-20-24-mm-80556,https://media.tarvike.com/product/images/80556/original/30292.jpg,23.9,"Husqvarnan suunnittelemassa T25 siimapäässä on puoliautomaattinen siimansyöttö ja siitä käytetään myös nimitystä ""Tap’n go"". Kun kaasu painetaan pohjaan ja siimapää painetaan maata vasten syöttää siimapää automaattisesti uutta siimaa. Tämän ansiosta työtä ei tarvitse keskeyttää eikä konetta tarvitse irroittaa valjaista kun siimaa tarvitaan lisää.",,Husqvarna,
19177339002,"Husqvarna Ruohoterä 350 mm 3T - 1""",https://tarvike.com/product/husqvarna-ruohotera-350-mm-3t-1-80549,https://media.tarvike.com/product/images/80549/original/30306.jpg,39.8,"Tiheälle ja paksulle ruoholle, mutta ei puuvartiseen kasvustoon. Soveltuu erinomaisesti aluskasvuston raivaamiseen. Multi 350-3 (1"") / Ø 350 mm",,Husqvarna,
19177333002,"Husqvarna Siima 1,5 mm 15 m",https://tarvike.com/product/husqvarna-siima-15-mm-15-m-80540,https://media.tarvike.com/product/images/80540/original/30269.jpg,6.1,Kaikenlaiselle ruoholle ja kaikkiin Husqvarnan siimapäihin soveltuva korkealuokkainen siima. Oikea siiman paksuus löytyy helposti värin perusteella. Siiman paksuus: 1.5 mm,,Husqvarna,
19177326002,"Husqvarna Siima Whisper 1,5 mm 15 m, sininen",https://tarvike.com/product/husqvarna-siima-whisper-15-mm-15-m-sininen-80533,https://media.tarvike.com/product/images/80533/original/30278.jpg,7.0,"Melutaso laskee 50 % (7-8 dBA) saman paksuiseen pyöreään siimaan verrattuna. Pienemmän ilmanvastuksen ansiosta moottori kiihttyy nopeammin ja tehokkuus kasvaa. Ainutlaatuiselle materiaalille on tunnusomaista, että se ei halkeile päästä, siiman sulamisriski siimapäässä on olematon ja pintakäsittelyn ansiosta käyttöikä on pitkä ja kulutuskestävyys hyvä. Siiman muotoilu estää siiman katkeamisen läpiviennin kohdalta.",,Husqvarna,
19177322002,"Husqvarna Siima & Kela A15B, 3-pakkaus",https://tarvike.com/product/husqvarna-siima-kela-a15b-3-pakkaus-80430,https://media.tarvike.com/product/images/80430/original/156463.png,20.9,"Ei tarvitse lyödä siimapäätä maahan. Husqvarna siimapää A15B tarjoaa automaattisen siimansyöttön kahdella siimalla, tämä antaa tasaisen leikkaustuloksen verrattuna vain yhden siiman trimmereihin. Toimii täydellisesti sekä leikkaamiseen että kanttaamiseen.",,Husqvarna,
19177321002,"Husqvarna Oksasaha Teleskooppivarteen, kaarnaterä",https://tarvike.com/product/husqvarna-oksasaha-teleskooppivarteen-kaarnatera-80302,https://media.tarvike.com/product/images/80302/original/155979.png,84.9,"Oksasahassa on kaareva terä, jonka kärjessä on koukku sekä terä, jolla leikataan kaarnaa repeytymisen estämiseksi",,Husqvarna,
19177277002,"Siima Opti Round Ø2,0 mm x 130 m",https://tarvike.com/product/siima-opti-round-20-mm-x-130-m-121446,https://media.tarvike.com/product/images/121446/original/160383.jpg,19.5,Yleiskäyttöön suunnitellussa siimassa on pyöreä profiili. Hyvän leikkuutehon ja kestävyyden ansiosta siima sopii moniin käyttötarkoituksiin. Sopii kaikkiin vakiomallisiin siimapäihin.,,Husqvarna,
19177275002,"Siima Opti Round Ø2,0 mm x 15 m",https://tarvike.com/product/siima-opti-round-20-mm-x-15-m-121444,https://media.tarvike.com/product/images/121444/original/160383.jpg,5.5,Yleiskäyttöön suunnitellussa siimassa on pyöreä profiili. Hyvän leikkuutehon ja kestävyyden ansiosta siima sopii moniin käyttötarkoituksiin. Sopii kaikkiin vakiomallisiin siimapäihin.,,Husqvarna,
19176946002,Husqvarna Xplorer Trolley-laukku 90 L,https://tarvike.com/product/husqvarna-xplorer-trolley-laukku-90-l-80865,https://media.tarvike.com/product/images/80865/original/157735.png,149.0,"Tilavan, pyörällisen laukun vetoisuus on 90 litraa. U-muotoinen vetoketju laukun päällä helpottaa pakkaamista ja muotoillut sivut ja pohja varmistavat sen, että laukkuu pysyy tukevasti pystyssä. Järjestyksen pitäminen laukun sisällä helpottuu mukana tulevien erillisten pussien avulla ja lisäämällä käyntikorttisi ID-koteloon tunnistat oman laukkusi.",,Husqvarna,
19176938002,"Husqvarna Flexi-akkuvyö, kuljetussarja",https://tarvike.com/product/husqvarna-flexi-akkuvyo-kuljetussarja-80798,https://media.tarvike.com/product/images/80798/original/30569.jpg,111.23,"Husqvarnan akkutuotteita varten suunnitellun FLEXI-akkuhihnajärjestelmän avulla voit tehdä töitä mukavasti ja helposti myös kaukana pistorasiasta. Hihna sijoittaa painon käyttäjän käsien sijasta lantionseudulle, mikä vähentää uupumista ja pidentää näin käyttöaikoja ja tekee työstä tuottavampaa. Se mahdollistaa vara-akkujen, öljyn, veden ja muiden lisävarusteiden kuljettamisen helposti minne ikinä menetkin. Suunniteltu työskentelyyn, jossa työalueelle siirrytään kävellen ja vara-akkuja kannetaan mukana. Kuljetussarja sisältää: • Hihna • Kaksi koteloa • Lisävarustelaukku",,Husqvarna,
19176932002,Husqvanra Niskasuoja Metsurin Kypärään,https://tarvike.com/product/husqvanra-niskasuoja-metsurin-kyparaan-80643,https://media.tarvike.com/product/images/80643/original/157460.png,25.9,Suojaa niskaa vedeltä ja lumelta.,,Husqvarna,
19176886002,Husqvarna Gardener-kuulonsuojaimet ja visiiri,https://tarvike.com/product/husqvarna-gardener-kuulonsuojaimet-ja-visiiri-80294,https://media.tarvike.com/product/images/80294/original/155967.png,39.9,"Sopii kevyeen trimmaustyöhön. Erikoisleveä panta istuu tukevasti ja mukavasti, ja samalla päälakeen kohdistuva paine on pieni. Kuvut valmistettu iskunkestävästä ABS-muovista ja visiiri polykarbonaatista (PC). Tuotteen nettopaino: 362 g Hyväksyntä: ANSI S3.19-1974 and S12.6-1984 EN-hyväksyntä 352-1, 166 SNR 25 dB(A)",,Husqvarna,
19158065001,Robota DC-PT18V akkuoksasakset runko,https://tarvike.com/product/robota-dc-pt18v-akkuoksasakset-runko-246329,https://media.tarvike.com/product/images/246329/original/214476.webp,79.9,"Robota DC-PT18V Akkuoksasakset ovat tehokkaat oksasakset (puutarhasakset) puutarha- ja pieniin metsätöihin. Kun haussa on akkuoksasakset nopeaan ja siistiin katkaisuun, tämä malli helpottaa työskentelyä ja vähentää rasitusta. Ei sisällä akkua ja laturia",,Robota,
19006116001,Robota akkupainepesuri DC-PW18V runko,https://tarvike.com/product/robota-akkupainepesuri-dc-pw18v-runko-246376,https://media.tarvike.com/product/images/246376/original/214382.webp,89.9,"Helppokäyttöinen itseimevä pistoolimallinen Robota DC-PW18V -painepesuri on ihanteellinen jokapäiväiseen siivoukseen - 20-38 baarin paineella se soveltuu esimerkiksi autojen, polkupyörien ja vaikkapa pihakalusteiden pesuun. Säädettävän viuhkasuuttimen sekä standardin puutarhaletku pikaliittimen ansiosta Robota akkupainepesuri on kätevä työväline moniin käyttötarkoituksiin. Itseimevässä pesurissa on lyhyt imuletku mukana. Ei sisällä akkua ja laturia",,Robota,
1878183002,Husqvarna Automower® 580L EPOS®,https://tarvike.com/product/husqvarna-automower-580l-epos-125823,https://media.tarvike.com/product/images/125823/original/160259.png,9398.0,"Husqvarna Automower 580L EPOS® on tehokas ammattitason nurmikonhoitoon tarkoitettu robottiruohonleikkuri, joka on suunniteltu erityisesti golfkenttien vaatimaan tarkkaan leikkaamiseen. Latausasema Pyöräharjat Virtalähde Matalajännitekaapeli 2m",,Husqvarna,
18341044001,"Kottikärryn rengas 4,00 x 8",https://tarvike.com/product/kottikarryn-rengas-400-x-8-44818,https://media.tarvike.com/product/images/44818/original/17427.jpg,14.9,"Pyörä 4,00 x 8 Kuulalaakeri Metallivanne Akselireiän halkaisija 16 mm Akselireiän pituus 125 mm Varapyörä betonikärryyn XK6211",,IKH,
18340970001,Ruohonleikkurin rengas 18X8.50-8 4Pr Deestone D265,https://tarvike.com/product/ruohonleikkurin-rengas-18x850-8-4pr-deestone-d265-44719,https://media.tarvike.com/product/images/44719/original/17312.jpeg,49.0,"Koko 18x8.50-8 Tyyppi TL PR 4 Kuvio D265 Halkaisija Ø 450 mm Runkoleveys (SW) 213 mm Paino- ja nopeusluokka 74 LI, 375 kg, A3 SI, 15 km/h Suositeltu paine 22 psi / 1,5 bar Vannesuositus 7.00 Varaosia / Tarvikkeita: Sisärengas RA850-8",,Deestone,
18340959001,Sisärengas 4.00-8 TR13,https://tarvike.com/product/sisarengas-400-8-tr13-44703,https://media.tarvike.com/product/images/44703/original/17283.jpg,10.0,,,IKH,
18340829001,Jatkoliitin uros-uros,https://tarvike.com/product/jatkoliitin-uros-uros-44537,https://media.tarvike.com/product/images/44537/original/17091.jpg,2.3,Uros-uros,,IKH,
18340827001,"Jatkoliitin 1""",https://tarvike.com/product/jatkoliitin-1-44536,https://media.tarvike.com/product/images/44536/original/17088.jpg,5.99,"1"" letkuille Jumbo liittimellä",,IKH,
18340738001,Fiskars Pinotavarasakset WoodXpert,https://tarvike.com/product/fiskars-pinotavarasakset-woodxpert-44503,https://media.tarvike.com/product/images/44503/original/17054.jpg,53.9,"runkojen nostamiseen, siirtämiseen, käsittelemiseen ja järjestämiseen helppo kuljettaa muovikotelossa WoodXpert työkaluvyössä paino 780 g pituus 303 mm",,Fiskars,
18340695001,Fiskars Pensassakset Singlestep HS22,https://tarvike.com/product/fiskars-pensassakset-singlestep-hs22-44458,https://media.tarvike.com/product/images/44458/original/160427.webp,37.99,Fiskars SingleStep™ pensassakset Kädensijat kevyttä ja kestävää lasikuituvahvennettua polypropyleeniä Aaltomaiset terät karkaistua terästä Pinnoitettu leikkuuterä vähentää kitkaa leikatessa Pituus 580 mm Leveys 190 mm Paino 840 g Fiskars SingleStep™-tuoteperhe: Tarjoaa työkalut kaikkiin tyypillisimpiin leikkaustarpeisiin puutarhassa,,Fiskars,
18340667001,"Espina Hanaliitin 1 osa, virtauksen säätö 3/4""",https://tarvike.com/product/espina-hanaliitin-1-osa-virtauksen-saato-34-44436,https://media.tarvike.com/product/images/44436/original/16964.jpg,6.8,,,Espina,
18340658001,Lapio Mikko alumiinipesällä,https://tarvike.com/product/lapio-mikko-alumiinipesalla-44428,https://media.tarvike.com/product/images/44428/original/16968.jpg,52.0,"Pesäosa erittäin kestävää DUR-AL extra-alumiinia (2,5 mm) Muovikahva (HDPE) Puuvarsi (koivu) Leveys 370 mm Pituus 1200 mm Paino 1,8 kg",,IKH,
18339724001,Husqvarna 550i XP® G Moottorisaha,https://tarvike.com/product/husqvarna-550i-xp-g-moottorisaha-177619,https://media.tarvike.com/product/images/177619/original/203648.webp,1019.0,"Husqvarna 550i XP® G on akkukäyttöinen moottorisaha, jossa yhdistyvät erinomainen teho-painosuhde sekä ohut ja kevyt rakenne. Ihanteellinen ja monipuolinen ratkaisu ammattilaisille, jotka tarvitsevat ketterän, luotettavan ja riittävän suorituskykyisen sahan vaativampiinkin tehtäviin.",,Husqvarna,
18339718001,Husqvarna ST 376 lumilinko,https://tarvike.com/product/husqvarna-st-376-lumilinko-171200,https://media.tarvike.com/product/images/171200/original/191784.webp,3099.0,"Husqvarna ST 376 on vaativaan käyttöön suunniteltu kestävä ja tehokas lumilinko. Suuri ja suorituskykyinen moottori tarjoaa runsaasti tehoa lumenluontiin laajoilla ja monimuotoisilla alueilla. Hydrostaattisen voimansiirron ja vapautusvipujen ansiosta koneen käsiteltävyys on erinomainen ja lumenluonti tarkkaa. Sähkökäynnistys on käytettävissä olosuhteista riippumatta, joten käynnistäminen on aina helppoa, ja kahvanlämmittimet lisäävät käyttömukavuutta kylmissä oloissa. Erittäin leveä tuloaukko takaa, että suuria määriä lunta voidaan käsitellä tehokkaasti.",,Husqvarna,
18236724001,HUSQVARNA 525iB Mark II Puhallin,https://tarvike.com/product/husqvarna-525ib-mark-ii-puhallin-122080,https://media.tarvike.com/product/images/122080/original/159417.png,539.0,Husqvarna 525iB Mark II on erittäin tehokas akkukäyttöinen puhallin.,,Husqvarna,
1803050002,Jonsered Roiskesuoja 254,https://tarvike.com/product/jonsered-roiskesuoja-254-128779,https://media.tarvike.com/product/images/128779/original/167971.png,5.5,Jonsered Roiskesuoja 254,,Jonsered,
1803049002,Jonsered Suojalevy 254,https://tarvike.com/product/jonsered-suojalevy-254-128777,https://media.tarvike.com/product/images/128777/original/167973.webp,4.7,Jonsered Suojalevy 254.,,Jonsered,
1772940000,Sisärengas 16x6.50/7.50-8 TR87,https://tarvike.com/product/sisarengas-16x650750-8-tr87-145368,https://media.tarvike.com/product/images/145368/original/176890.webp,11.0,Koko: 16x6.50/7.50-8 Venttiili TR87,,Agrilife,
1754885000,Clen Mikrokuitupussi 115-215-515-503 (5kpl),https://tarvike.com/product/clen-mikrokuitupussi-115-215-515-503-5kpl-145243,https://media.tarvike.com/product/images/145243/original/176694.jpg,21.9,Mikrokuitupussi Malleihin Clen215/515/503/NRG/1430.,,Clen,
1754739000,Clen Master turbosuutin 150-160 bar,https://tarvike.com/product/clen-master-turbosuutin-150-160-bar-145212,https://media.tarvike.com/product/images/145212/original/176647.jpg,39.5,"Clen turbosuutin on erittäin tehokas vaativaan käyttöön. Siinä yhdistyy 0° suuttimen teho ja 20° suuttimen peittokyky, joka tekee puhdistamisesta paljon nopeampaa.",,Clen,
1754731000,Clen Master säädettävä suutin 20/60° 150-160 bar,https://tarvike.com/product/clen-master-saadettava-suutin-2060-150-160-bar-145209,https://media.tarvike.com/product/images/145209/original/176638.jpg,39.5,"Säädettävä suutin 20/60 astetta, sopii CLEN Master 2400 ja 2800 malleihin sekä useisiin muiden merkkien uudempien 150-160 bar painetta tuottavien painepesureiden kanssa (esim. Kärcher, Nilfisk, Husqarna, Bosch, Makita yms.) Suutin antaa valita joko 20° tai 60° peittoalueen kääntämällä kahvaa.",,Clen,
1754728000,Clen Master Säädettävä suutin 20/60° 110-145 bar,https://tarvike.com/product/clen-master-saadettava-suutin-2060-110-145-bar-145207,https://media.tarvike.com/product/images/145207/original/176627.jpg,39.5,"Säädettävä suutin sopii CLEN Master 2100, Smart ja Go malleihin sekä useisiin muiden merkkien uudempien 110-145 bar painetta tuottavien painepesureiden kanssa (esim. Kärcher, Nilfisk, Husqarna, Bosch, Makita yms.) Suutin antaa valita joko 20° tai 60° peittoalueen kääntämällä kahvaa.",,Clen,
17475952000,Vaahtoruisku FS 300,https://tarvike.com/product/vaahtoruisku-fs-300-120893,https://media.tarvike.com/product/images/120893/original/157654.png,37.9,"FS 300 on tehokas ja nopeasti peittävä vaahtoruisku. Annostelupainikkeen avulla kuhunkin työhön tarvittava määrä on helppo annostella. Ilman ja pesuaineseoksen sekoitus muodostaa vaahdon, joka pysyy pinnassa pidempään ja antaa näin paremman puhdistustehon. FS 300 käyttää jopa 30 % vähemmän puhdistusainetta kuin tavallinen vaahtoruisku.",,Husqvarna,
17371715001,"Husqvarna 325iLK Akkutrimmeri, mukana trimmerilisälaite",https://tarvike.com/product/husqvarna-325ilk-akkutrimmeri-mukana-trimmerilisalaite-110164,https://media.tarvike.com/product/images/110164/original/159333.png,449.0,"Husqvarna 325iLK on erittäin hyvin tasapainotettu, tehokas akkukäyttöinen yhdistelmätrimmeri. Trimmerin lähtöteho vastaa 25-kuutioista bensiinimoottoria, ja sen suorituskyky riittää haastavimpien tehtävien hoitoon nopeasti ja tehokkaasti.",,Husqvarna,
17362797001,"Meganex Vesiletkukela 30m 1/2"" Automaattinen",https://tarvike.com/product/meganex-vesiletkukela-30m-12-automaattinen-126350,https://media.tarvike.com/product/images/126350/original/160441.webp,99.0,"PVC-letku 30 + 2 m, sisähalkaisija 1/2"" Max. käyttöpaine 8 bar Käyttölämpötila 0-45 °C Hidas ja tasainen automaattinen takaisin kelautuminen Säädettävä ruiskusuutin Helppo irrottaa ja kuljettaa talvivarastointia varten Kääntyy 180° sivusuunnassa",,Meganex,
17362791001,Fiskars Kastelupistooli 3-osainen,https://tarvike.com/product/fiskars-kastelupistooli-3-osainen-126343,https://media.tarvike.com/product/images/126343/original/160428.webp,29.9,Fiskars kastelupistooli 3-toimisella suihkulla ja portaattomasti säädettävällä virtauksen määrällä Kahva miellyttävällä SoftGrip otepinnoitteella Yhteensopiva muiden valmistajien tuotteiden kanssa,,Fiskars,
17362771001,Husqvarna Retkikirves,https://tarvike.com/product/husqvarna-retkikirves-81023,https://media.tarvike.com/product/images/81023/original/158309.png,39.8,"Husqvarnan pieni kirves sopii polttopuiden tekemiseen, pihatöihin ja ulkoilukäyttöön. Korkealuokkainen kirves on tehty karkaistusta takoteräksestä, joten se pysyy terävänä pitkään ja on myös helppo teroittaa uudelleen. Saarnipuisesta kahvasta saa miellyttävän otteen ja kahvan oranssiksi maalattu yläosa helpottaa liikkeen hahmottamista. Kirveen mukana toimitetaan kestävä, vahvistetusta tekstiilistä valmistettu suojus. Kirves on suunniteltu ja valmistettu Saksassa. Paino 0.82 kg Kirveen terä, paino 0.6 kg",,Husqvarna,
1713117002,Kiilahihna SPZ 1612,https://tarvike.com/product/kiilahihna-spz-1612-156013,https://media.tarvike.com/product/images/156013/original/180605.jpeg,30.0,Kapea hihna.,,StrongLine,
1677604000,Leikkurin napa 30mm,https://tarvike.com/product/leikkurin-napa-30mm-144916,https://media.tarvike.com/product/images/144916/original/176370.webp,59.0,Kverneland leikkurin napa 30mm,,Agrilife,
16680785000,Pulveriväri 250 g punainen,https://tarvike.com/product/pulverivari-250-g-punainen-150510,https://media.tarvike.com/product/images/150510/original/191396.webp,4.9,Pulveriväri värilangalle.,,IKH,
15890500000,Lavor Tekstiilipesuri/Imuri GBP20,https://tarvike.com/product/lavor-tekstiilipesuriimuri-gbp20-151114,https://media.tarvike.com/product/images/151114/original/191033.webp,279.0,"Lavor GBP 20 märkä- ja kuivaimuri, jossa on pesutoiminto matoille, ajoneuvojen istuimille, tuoleille, teltoille jne. Hiljainen ja tehokas moottori ohivirtausjäähdytyksellä.",,Lavor,
15207307001,Alumiinityöpukki 610x310mm 730mm,https://tarvike.com/product/alumiinityopukki-610x310mm-730mm-148967,https://media.tarvike.com/product/images/148967/original/191576.webp,139.0,"Uritetut askelmat ja työtaso. Kokoontaittuva, 2-puoleinen.",,IKH,
1490110002,ProForest LSH6T-52 puunhalkaisukone,https://tarvike.com/product/proforest-lsh6t-52-puunhalkaisukone-127619,https://media.tarvike.com/product/images/127619/original/167274.jpg,379.0,"ProForest LSH6T-52 on uusimmat turvallisuusmääräykset täyttävä hydraulinen puunhalkaisukone, joka on varustettu voimakkaalla 230 V ~ 2000 W (10A) moottorilla ja maksimaalisella 6 tonnin halkaisuvoimalla. Siinä on tarpeeksi tehoa vaativampienkin puiden halkaisuun ja jopa 52 cm halkaisupituus tekee koneesta sopivan eri kokoisille puille. Vakiovarusteena oleva tukeva putkirunkoinen jalusta takaa vakaan ja turvallisen työskentelyn. Mallilla on painoa vain 62 kg, joten sen siirtely ja käyttäminen on helppoa. ProForest-halkomakone on suunniteltu vaativaan käyttöön ja se tarjoaa tehoa sekä kestävyyttä niin mökin saunapuiden kuin suurempien pihapuidenkin halkomiseen.",,ProForest,
13240956000,"Hiiriverkko 0,3x10 m",https://tarvike.com/product/hiiriverkko-03x10-m-155135,https://media.tarvike.com/product/images/155135/original/188791.webp,17.5,"Punottu pienisilmäinen verkko pieneläinesteeksi sokkeleihin, tuuletusrakoihin yms..",,Tarha,
13240942000,Laastipalju 45L pyöreä,https://tarvike.com/product/laastipalju-45l-pyorea-155258,https://media.tarvike.com/product/images/155258/original/188774.webp,8.49,LPDE-muovia (polyeteeni). Vetoisuus 45l.,,Gardeco,
13232096000,Vaihtovarsi QuikFit Fiskars,https://tarvike.com/product/vaihtovarsi-quikfit-fiskars-149948,https://media.tarvike.com/product/images/149948/original/188472.webp,22.95,Pehmeä tartuntapinta lisää käyttömukavuutta.,,Fiskars,
13099086001,"Säilytyslaatikko Pro 45 l, musta",https://tarvike.com/product/sailytyslaatikko-pro-45-l-musta-151977,https://media.tarvike.com/product/images/151977/original/189607.webp,24.9,Laatikko kestää niin iskuja kuin suuria lämpötilan vaihteluita aina -40...+100 °C.,,Smartstore By Orthex,
130594001,HUSQVARNA Kumiharjatela SR600-2,https://tarvike.com/product/husqvarna-kumiharjatela-sr600-2-121921,https://media.tarvike.com/product/images/121921/original/159154.png,538.9,Kumiharjatela SR600-2 yhdistelmätrimmereihin,,Husqvarna,
12602105001,"Hiiriverkko 0,15x20 m",https://tarvike.com/product/hiiriverkko-015x20-m-155134,https://media.tarvike.com/product/images/155134/original/188795.webp,15.9,"Punottu pienisilmäinen verkko pieneläinesteeksi sokkeleihin, tuuletusrakoitin yms.",,Tarha,
12368723001,"Pikaliitin uros 3/4"" ulkokierre",https://tarvike.com/product/pikaliitin-uros-34-ulkokierre-44533,https://media.tarvike.com/product/images/44533/original/17078.jpg,2.49,"yksittäispakattu Blister-pakkaukseen- 3/4"" ulkokierre/urospikaliitin",,IKH,
11623726000,Husqvarna Huoltosarja,https://tarvike.com/product/husqvarna-huoltosarja-163544,https://media.tarvike.com/product/images/163544/original/186547.webp,76.5,"Huoltosarja, jossa on ilmansuodatin, polttoainesuodatin, öljynsuodatin, sytytystulppa ja moottoriöljy - 100h.",,Husqvarna,
11623578000,"Pääpiirilevy, PCBA for pääpiirikortti tyypille 11",https://tarvike.com/product/paapiirilevy-pcba-for-paapiirikortti-tyypille-11-80822,https://media.tarvike.com/product/images/80822/original/30580.png,271.3,"Sopii malleihin Husqvarna Automowee 305, 310 ja 315",,Husqvarna,
11623543000,"Husqvarna Ruohonleikkurin Terä, keräävä  47CM LC247/347, LM2247",https://tarvike.com/product/husqvarna-ruohonleikkurin-tera-keraava-47cm-lc247347-lm2247-80787,https://media.tarvike.com/product/images/80787/original/30563.jpg,42.2,,,Husqvarna,
11623539000,"Pyörän moottorisarja, Automower",https://tarvike.com/product/pyoran-moottorisarja-automower-80784,https://media.tarvike.com/product/images/80784/original/30552.png,211.5,Robotttiruohonleikkurin pyörän moottorisarja,,Husqvarna,
11623519000,Husqvarna Ruohonleikkurin Terä 53cm Keräävä LC253/353,https://tarvike.com/product/husqvarna-ruohonleikkurin-tera-53cm-keraava-lc253353-80601,https://media.tarvike.com/product/images/80601/original/30333.jpg,45.6,,,Husqvarna,
11623499000,"Husqvarna Kawasaki.21HP FH641V ILmansuodatin, ulompi",https://tarvike.com/product/husqvarna-kawasaki21hp-fh641v-ilmansuodatin-ulompi-80439,https://media.tarvike.com/product/images/80439/original/147027.webp,68.2,"Husqvarna Kawasaki.21HP FH641V ILmansuodatin, ulompi",,Husqvarna,
11623487000,Husqvarna ruohonleikkurin vara-avain,https://tarvike.com/product/husqvarna-ruohonleikkurin-vara-avain-80427,https://media.tarvike.com/product/images/80427/original/30117.jpg,12.7,"Husqvarna ruohonleikkurin vara-avain, pakkaus sisältää 2 avainta. Käy esimerkiksi Lth152, Yth22k48, Yth180twin, Lt151, Ct153 -malleihin.",,Husqvarna,
11623483000,"Husqvarna Ruohonleikkurin Terä 44cm, keräävä R145",https://tarvike.com/product/husqvarna-ruohonleikkurin-tera-44cm-keraava-r145-80425,https://media.tarvike.com/product/images/80425/original/30126.jpg,51.9,,,Husqvarna,
11623482000,Husqvarna Ruohonleikkurin Terä 44cm Bio Clip / Universal (M145),https://tarvike.com/product/husqvarna-ruohonleikkurin-tera-44cm-bio-clip-universal-m145-80424,https://media.tarvike.com/product/images/80424/original/30122.jpg,33.6,,,Husqvarna,
11623444000,"Husqvarna Klippo Terä 48cm/19"" Bio",https://tarvike.com/product/husqvarna-klippo-tera-48cm19-bio-80268,https://media.tarvike.com/product/placeholders/productImageComingSoong.jpg,42.2,,,Husqvarna,
11623442000,"Husqvarna Klippo Terä 53 CM, 21""",https://tarvike.com/product/husqvarna-klippo-tera-53-cm-21-80267,https://media.tarvike.com/product/placeholders/productImageComingSoong.jpg,77.0,,,Husqvarna,
11623433000,"TERÄ 19""/48 CM BIO LB48/LB348",https://tarvike.com/product/tera-1948-cm-bio-lb48lb348-80262,https://media.tarvike.com/product/placeholders/productImageComingSoong.jpg,42.2,,,Husqvarna,
11623429000,Husqvarna Ruohonleikkurin Terä 48cm aluleikkurit M48,https://tarvike.com/product/husqvarna-ruohonleikkurin-tera-48cm-aluleikkurit-m48-80223,https://media.tarvike.com/product/images/80223/original/29901.jpg,43.3,,,Husqvarna,
11489271001,Muurahaissirote 250 g Raid,https://tarvike.com/product/muurahaissirote-250-g-raid-155137,https://media.tarvike.com/product/images/155137/original/188790.webp,13.0,"Raid® Muurahaissirote, tehoaa kosketuksesta, vaikuttaa pitkään.",,RAID,
11489227001,Lakaisuharja 75x400x51 mm puu medium,https://tarvike.com/product/lakaisuharja-75x400x51-mm-puu-medium-155543,https://media.tarvike.com/product/images/155543/original/188756.webp,19.9,Erinomainen lakaisuteho tasaisille sementti- ja klinkkerilattioille varastoissa ja työmaatiloissa.,,Vikan,
11197745001,Kärcher SH 5 imuletku,https://tarvike.com/product/karcher-sh-5-imuletku-166413,https://media.tarvike.com/product/images/166413/original/188578.jpg,32.0,Käytä vettä ympäristöystävällisesti esimerkiksi sadevesitynnyristä imuletkun avulla. Letkun pituus 5 m.,,Kärcher,
11120335002,"Espina Vesiletkukela autom. 15m 5/8""",https://tarvike.com/product/espina-vesiletkukela-autom-15m-58-44581,https://media.tarvike.com/product/images/44581/original/17136.jpg,89.0,"Hidas ja tasainen automaattinen takaisin kelautuminen PVC-letku 15 m, sisähalkaisija 5/8"" 2 m liitosletku hanaliittimellä Säädettävä ruiskusuutin Käyttöpaine max. 10 bar Käyttölämpötila 0...+45°C Helppo irrottaa ja kuljettaa talvivarastointia varten Kääntyy pidikkeessä 180°C sivusuunnassa",,Espina,
11120116002,Teleskooppityötaso Alu.,https://tarvike.com/product/teleskooppityotaso-alu-44393,https://media.tarvike.com/product/images/44393/original/16903.jpeg,299.0,"Teleskooppityötaso on tukeva, luja ja vakaa alumiinirakenteinen taso, sitä on helppo kuljettaa ja varastoida. Työtason jalat voidaan säätää 22 cm välein eli sopii portaissa työskentelyyn.",,IKH,
10711911000,Pyörä 4.00X6 Met/Liukul. Täydellinen,https://tarvike.com/product/pyora-400x6-metliukul-taydellinen-155955,https://media.tarvike.com/product/images/155955/original/180738.webp,20.9,,,,
10711887000,Husqvarna 40-USB150X Laturi,https://tarvike.com/product/husqvarna-40-usb150x-laturi-125542,https://media.tarvike.com/product/images/125542/original/160237.png,92.8,"Husqvarna 40-USB150X on kompakti USB-C-sovitin, jossa on kaksi sisäänrakennettua USB-C PD -porttia. Kaksisuuntainen portti tukee jopa 100 W latausta ja purkamista, kun taas yksisuuntainen portti tarjoaa 45 W lataustehoa.",,Husqvarna,
2544544002,Sisärengas,https://tarvike.com/product/sisarengas-700-12-js2-40939,https://media.tarvike.com/product/images/40939/original/194921.webp,18.0,,,Agrilife,
7746539002,"Greentek Puolikuukiila, (Teränkiinnike/Teräistukka), 4,0 x 15,9 x 6,35mm",https://tarvike.com/product/greentek-puolikuukiila-terankiinniketeraistukka-40-x-159-x-635mm-133460,https://media.tarvike.com/product/images/133460/original/171669.jpg,1.2,"Puolikuukiila, teränkiinnikkeelle",,,
4955820000,Sisärengas 3.50/4.00 - 4 TR13,https://tarvike.com/product/sisarengas-350400-4-tr13-79278,https://media.tarvike.com/product/images/79278/original/28264.jpg,7.1,Puutarhakoneiden/Kottikärryn sisärengas Koko 3.50/4.00 - 4,,,
4955812000,"Ruohonleikkurin Rengas 20 x 10.00 - 10, TL 6-pr, HF224",https://tarvike.com/product/ruohonleikkurin-rengas-20-x-1000-10-tl-6-pr-hf224-79274,https://media.tarvike.com/product/images/79274/original/28249.jpg,148.0,Ruohonleikkurin rengas Koko 20 x 10.00 - 10,,,
4955808000,"Ruohonleikkurin Rengas 20 x 10.00 - 8, TL 4-pr, HF224",https://tarvike.com/product/ruohonleikkurin-rengas-20-x-1000-8-tl-4-pr-hf224-79272,https://media.tarvike.com/product/images/79272/original/28260.jpg,129.0,Ruohonleikkurin rengas Koko 20 x 10.00 - 8,,,
4955783000,"Ruohonleikkurin Rengas 11 x 4.00 - 4, TL 4-pr, KT302",https://tarvike.com/product/ruohonleikkurin-rengas-11-x-400-4-tl-4-pr-kt302-79261,https://media.tarvike.com/product/images/79261/original/28243.jpg,24.8,Ruohonleikkurin rengas Koko 11 x 4.00 - 4,,,
2511525000,"Tract Siimapää, Manuaalinen, Yleismalli",https://tarvike.com/product/tract-siimapaa-manuaalinen-yleismalli-133463,https://media.tarvike.com/product/images/133463/original/171662.jpg,12.2,"Tract Siimapää, Manuaalinen, Yleismalli",,,
2511524000,"Tract Siimapää, Speed-Feed, Tap N Go, Ø 5,0"" / 127mm, Universal",https://tarvike.com/product/tract-siimapaa-speed-feed-tap-n-go-50-127mm-universal-133462,https://media.tarvike.com/product/images/133462/original/171675.jpg,14.2,"Tract Siimapää, Speed-Feed, Tap N Go, Ø 5,0"" / 127mm, Universal",,,
15154296000,"Kaasuttimen korjaussarja, Zama GND-106, RB-107,123,188 / Stihl / Echo",https://tarvike.com/product/kaasuttimen-korjaussarja-zama-gnd-106-rb-107123188-stihl-echo-133454,https://media.tarvike.com/product/images/133454/original/171670.jpg,13.3,"Laadukas kalvosarja, joka kestää myös uudenaikaiset polttoaineet.",,Duell,
15154295000,"Kaasuttimen korjaussarja, Walbro K10-WAT",https://tarvike.com/product/kaasuttimen-korjaussarja-walbro-k10-wat-133453,https://media.tarvike.com/product/images/133453/original/171666.jpg,13.8,"Laadukas korjaussarja, joka kestää myös uudenaikaiset polttoaineet.",,,
8289872002,"Journey Rengas, 16 x 6.50 - 8 TL 2-pr, P533",https://tarvike.com/product/journey-rengas-16-x-650-8-tl-2-pr-p533-134939,https://media.tarvike.com/product/images/134939/original/190453.jpg,68.6,Ulkorengas Lumilinkoon sekä puurtarha laitteisiin,,Journey,
7746545002,"Rotary Kulmavaihde, Husqvarna 250R, 250RX, 252RX",https://tarvike.com/product/rotary-kulmavaihde-husqvarna-250r-250rx-252rx-133466,https://media.tarvike.com/product/images/133466/original/171671.jpg,242.0,"Rotary Kulmavaihde, Husqvarna 250R, 250RX, 252RX",,,
4955619000,Jakohihna Stiga Park 95 Combi leikkuulaite,https://tarvike.com/product/jakohihna-stiga-park-95-combi-leikkuulaite-93787,https://media.tarvike.com/product/images/93787/original/58924.jpg,13.5,Uudemmat Stiga Parkit joissa Combi95 leikkuulaite (vm 2007->). Leikkuulaitteen jakohihna.,,,
9912587002,Siimaleikkuri 250W,https://tarvike.com/product/siimaleikkuri-250w-43656,https://media.tarvike.com/product/images/43656/original/15207.jpg,39.5,"Tehokas 250 W:n moottori useimpiin ruohon viimeistelykohteisiin. Kahden siiman leikkuupää. 180 astetta säädettävä leikkurin pää helppoon nurmikon rajaukseen. Johdon pidike. Siiman halkaisija: 1,2mm, Leikkuuhalkaisija: 25cm.",,,
97351002,Husqvarna 120iBV Lehtipuhallin,https://tarvike.com/product/husqvarna-120ibv-lehtipuhallin-122540,https://media.tarvike.com/product/images/122540/original/160113.png,378.9,"Kompakti lehtipuhallin, jonka voi helposti muuttaa lehti-imuriksi.",,Husqvarna,
9722745002,Husqvarna PW 130 Painepesuri,https://tarvike.com/product/husqvarna-pw-130-painepesuri-122536,https://media.tarvike.com/product/images/122536/original/160083.png,174.0,"Kompakti, kevyt ja sähkökäyttöinen painepesuri, jonka käsittely ja varastointi on helppoa. Husqvarna PW 130 -painepesurissa on erittäin joustava letku, joka on helppo kelata, ja sisäänrakennettua säilytystila, jossa mukana tulevat lisävarusteet ovat kätevästi saatavilla. Kahden niveltoiminnon ja monikäyttöisen suuttimen avulla painepesuri on helppo mukauttaa erilaisiin puhdistustehtäviin. PW 130:ssä on myös ohjain suuttimen ja paineen säätöön, jotta voit varmistaa täydellisen paineen.",,Husqvarna,
9721777002,"Husqvarna 335iB Lehtipuhallin, ei sis akkua ja laturia",https://tarvike.com/product/husqvarna-335ib-lehtipuhallin-ei-sis-akkua-ja-laturia-177580,https://media.tarvike.com/product/images/177580/original/204127.webp,329.0,"Husqvarna 335iB on tehokas akkukäyttöinen lehtipuhallin, jossa on erinomainen puhallusteho ja ilmavirta pienessä koossa. Olipa kyse lehtien ja roskien siivoamisesta tai muista ulkotilojen siivoustehtävistä, laite tarjoaa erinomaista tehoa ja hallintaa, joilla saat työt tehtyä. IPX4-luokituksen ansiosta 335iB:tä voi käyttää huoletta kaikissa sääolosuhteissa, niin sateessa kuin auringonpaisteessakin. Hiiliharjaton moottori takaa pitkäkestoisen suorituskyvyn ja minimaalisen huoltotarpeen.",,Husqvarna,
9660979001,"Jatko/A-TIKAS 2X8 2,3/3,7M Stilo 10KG",https://tarvike.com/product/jatkoa-tikas-2x8-2337m-stilo-10kg-148963,https://media.tarvike.com/product/images/148963/original/185822.webp,169.0,Alumiininen yhdistelmätikas,,FACAL,
9660978001,Taloustikas 6-Askelmaa ALU 1270MM Alfa,https://tarvike.com/product/taloustikas-6-askelmaa-alu-1270mm-alfa-148961,https://media.tarvike.com/product/images/148961/original/185821.webp,74.9,,,FACAL,
9660975001,Työtaso Alu Kork.480MM,https://tarvike.com/product/tyotaso-alu-kork480mm-148966,https://media.tarvike.com/product/images/148966/original/185825.webp,71.0,,,,
9660974001,"Jatko/A-Tikas 2X10 2,86/4,54M Stilo 12,5KG",https://tarvike.com/product/jatkoa-tikas-2x10-286454m-stilo-125kg-148965,https://media.tarvike.com/product/images/148965/original/185824.webp,229.0,Alumiininen yhdistelmätikas,,FACAL,
9439073000,Taloustikas 3-askelmaa,https://tarvike.com/product/taloustikas-3-askelmaa-147698,https://media.tarvike.com/product/images/147698/original/180096.webp,49.9,Kantavuus max. 150kg. Alumiinirunko.,,FACAL,
8993093002,Husqvarna 550i XP® moottorisaha,https://tarvike.com/product/husqvarna-550i-xp-moottorisaha-177618,https://media.tarvike.com/product/images/177618/original/203220.webp,989.0,"Husqvarna 550i XP® on akkukäyttöinen moottorisaha, jossa yhdistyvät erinomainen teho-painosuhde sekä ohut ja kevyt rakenne. Ihanteellinen ja monipuolinen ratkaisu ammattilaisille, jotka tarvitsevat ketterän, luotettavan ja riittävän suorituskykyisen sahan vaativampiinkin tehtäviin.",,Husqvarna,
897984002,Husqvarna Automower® -huolto- ja puhdistussarja,https://tarvike.com/product/husqvarna-automower-huolto-ja-puhdistussarja-177870,https://media.tarvike.com/product/images/177870/original/203594.webp,40.9,Sarja Automower®-leikkurin puhdistukseen ja huoltoon.,,Husqvarna,
8920237002,Hihna Tyyppi 1 - 15.8 x 1753,https://tarvike.com/product/hihna-tyyppi-1-158-x-1753-179732,https://media.tarvike.com/product/images/179732/original/203625.png,53.5,,,Ratioparts,
8773006002,Varastohylly 1525x760x305mm,https://tarvike.com/product/varastohylly-1525x760x305mm-155312,https://media.tarvike.com/product/images/155312/original/191204.webp,47.5,Korroosionkestävä jauhemaalipinta.,,Tactix,
8773004002,Varastohylly 1830x915x460mm,https://tarvike.com/product/varastohylly-1830x915x460mm-155311,https://media.tarvike.com/product/images/155311/original/191202.webp,119.0,"5hyllyä, joista saa myös koottua kaksi erillistä tasoa tarvittaessa.",,Tactix,
8629167001,Kiilahihna V10X840,https://tarvike.com/product/kiilahihna-v10x840-156058,https://media.tarvike.com/product/images/156058/original/180546.jpg,22.0,,,Espina,
8629132001,Vetohihna 5M285-18,https://tarvike.com/product/vetohihna-5m285-18-156110,https://media.tarvike.com/product/images/156110/original/180492.jpg,19.0,,,IKH,
8543323001,"Jonsered Laippa 18"" .3/8"" 1,5 Mm, 68 Sn/A",https://tarvike.com/product/jonsered-laippa-18-38-15-mm-68-sna-124627,https://media.tarvike.com/product/placeholders/productImageComingSoong.jpg,58.2,"Terälevy SN/A .3/8"" 1,5 mm 18"" 68 dl pieni sovite",,Jonsered,
8537660001,Taloustikas 7-askelmaa,https://tarvike.com/product/taloustikas-7-askelmaa-147701,https://media.tarvike.com/product/images/147701/original/180101.webp,89.9,Alumiinirunko. Kantavuus max. 150kg.,,FACAL,
8537659001,Taloustikas 5-askelmaa,https://tarvike.com/product/taloustikas-5-askelmaa-147700,https://media.tarvike.com/product/images/147700/original/180100.webp,69.9,Alumiinirunko. Kantavuus max. 150kg.,,FACAL,
8537656001,Taloustikas 4-askelmaa,https://tarvike.com/product/taloustikas-4-askelmaa-147699,https://media.tarvike.com/product/images/147699/original/180099.webp,59.9,Alumiinirunko. Kantavuus max. 150kg.,,FACAL,
8189041002,Ilmansuodatin,https://tarvike.com/product/ilmansuodatin-177940,https://media.tarvike.com/product/images/177940/original/203187.webp,15.2,,,Husqvarna,
8189036002,Ilmansuodatin,https://tarvike.com/product/ilmansuodatin-177932,https://media.tarvike.com/product/images/177932/original/203192.webp,9.6,Foam suodatin.,,Husqvarna,
8189035002,Ilmansuodatin,https://tarvike.com/product/ilmansuodatin-177931,https://media.tarvike.com/product/images/177931/original/203193.webp,8.8,,,Husqvarna,
730189002,Clen Kierreliittimen tiivistesarja  (Paineletkut) (sis.3 paria),https://tarvike.com/product/clen-kierreliittimen-tiivistesarja-paineletkut-sis3-paria-145249,https://media.tarvike.com/product/images/145249/original/176700.jpg,12.7,"Tiivistesarja kierreliittimeen, kolme paria. Sopii m22 x 14 mm kierreliittimiin ja paineletkujenpäihin. Sopii pesukahvan ja suutinputken m22 liitäntään.",,Clen,
730186002,"Clen suutin 1/4""U 1504",https://tarvike.com/product/clen-suutin-14u-1504-145247,https://media.tarvike.com/product/images/145247/original/176698.jpg,15.9,Clen painepesurin suutin PMEG.,,Clen,
730108002,Clen Teleskooppiputki Master/Smart Pesuriin,https://tarvike.com/product/clen-teleskooppiputki-mastersmart-pesuriin-145192,https://media.tarvike.com/product/images/145192/original/176602.jpg,79.0,"Teleskooppinen suihkuputki suojelee selkääsi huonolta pesuasennolta. Suihkuputken pituutta voi säätää 63-96cm välillä portaattomasti, jonka ansiosta voit seistä ergonomisessa asennossa pestessäsi esim. pihakiveystä, autoa ja rakennuksen pintoja.",,Clen,
721300001,Clen kääntyvä suihkuputki Master/Smart,https://tarvike.com/product/clen-kaantyva-suihkuputki-mastersmart-145188,https://media.tarvike.com/product/images/145188/original/176594.jpg,79.0,"Kääntyvä suihkuputki avaa erilaisia mahdollisuuksia painepesuun. Miellyttävässä asennossa voit puhdistaa mm. auton katon, alustan, pyörät ja vanteet. Pituus, ergonominen kahva ja liikutettava suutin auttavat sinua pysymään aina ergonomisessa työasennossa.",,Clen,
706791001,Kaksoiskiilahihna,https://tarvike.com/product/kaksoiskiilahihna-145079,https://media.tarvike.com/product/images/145079/original/176381.webp,151.0,"Kaksoiskiilahihna BB174, 14x450",,PIX,
704197001,Meganex Taittuvat Laituritikkaat,https://tarvike.com/product/meganex-taittuvat-laituritikkaat-144879,https://media.tarvike.com/product/images/144879/original/176332.webp,139.0,"Meganex laituritikkaat, jotka voi nostaa ylös. Tikkaissa on neljä askelmaa.",,Meganex,
69409001,Husqvarna Leikkuulaite R137X,https://tarvike.com/product/husqvarna-leikkuulaite-r137x-122620,https://media.tarvike.com/product/images/122620/original/160224.png,4498.9,"Husqvarna R137 on 137 cm:n (54"") taakseheittävä leikkuulaite. Tämä tehokas leikkuulaite sopii myös haastavaan käyttöön ja pidemmän nurmikon leikkaamiseen. Sähköinen leikkuukorkeuden säätö on tehty helpoksi kuljettajan istuimelta. Edellyttää, että etuleikkuri on varustettu eteen asennettavalla pistorasiasarjalla.",,Husqvarna,
67994000,Husqvarna P 524XR EFI Etuleikkuri + combi 137X leikkuulaite,https://tarvike.com/product/husqvarna-p-524xr-efi-etuleikkuri-combi-137x-leikkuulaite-122398,https://media.tarvike.com/product/images/122398/original/159917.png,24990.0,"Husqvarna P 524XR EFI on tehokas, ammattikäyttöön suunniteltu polttomoottorikäyttöinen etuleikkuri. Se on varustettu nelivedolla ja sitä on mahdollista ohjata myös FlexiDrive-toiminnolla. FlexiDrive tarjoaa helpon ja nopean siirtymisen päältä ajettavasta leikkurista kauko-ohjattavaan malliin niissä tilanteissa, kun päältä ajaminen ei joko ole mahdollista tai turvallista. Leikkurissa on ensiluokkainen Kawasakin moottori sähköisellä polttoaineensyötöllä (Electronic Fuel Injection) lisätehon ja -väännön aikaansaamiseksi. Kuten kaikki muutkin 500-koneet, laite myydään ilman leikkuupöytää, mutta siihen on saatavilla laaja valikoima tehokkaita leikkuupöytiä aina 137 cm asti.",,Husqvarna,
64932001,Husqvarna PW 370 Painepesuri,https://tarvike.com/product/husqvarna-pw-370-painepesuri-122617,https://media.tarvike.com/product/images/122617/original/160232.png,598.9,"Husqvarna PW 370 on ensiluokkainen korkeapainepesuri, joka on kehitetty puhdistamaan kaikki ulkopinnat.",,Husqvarna,
64923001,Husqvarna PW 240 Painepesuri,https://tarvike.com/product/husqvarna-pw-240-painepesuri-122537,https://media.tarvike.com/product/images/122537/original/160087.png,278.9,"Husqvarna PW 240 on sähkökäyttöinen ja vakaa painepesuri, joka sopii ihanteellisesti kodin ulkoalueiden puhdistamiseen ja huuhteluun.",,Husqvarna,
5866934002,Meganex Kottikärry 100l,https://tarvike.com/product/meganex-kottikarry-100l-126358,https://media.tarvike.com/product/images/126358/original/180023.webp,69.9,Sinkitty pesä 100 l,,Meganex,
5445714002,Säilytyslokerikko 310X138X490,https://tarvike.com/product/sailytyslokerikko-310x138x490-149565,https://media.tarvike.com/product/images/149565/original/188871.webp,25.3,40 pientä lokeroa (sisämitat K35 x L48 x S115 mm).,,StrongLine,
5371002002,Puuvarsi 1550 mm 292515552,https://tarvike.com/product/puuvarsi-1550-mm-292515552-155536,https://media.tarvike.com/product/images/155536/original/188759.webp,12.9,Voidaan yhdistää kaikkiin Vikan -lattiaharjoihin.,,Vikan,
5362233002,Yleiskirves Xs X14 Fiskars X-Series,https://tarvike.com/product/yleiskirves-xs-x14-fiskars-x-series-149939,https://media.tarvike.com/product/images/149939/original/188586.webp,49.95,Täydellisesti tasapainotettu X14-yleiskirves soveltuu kokonsa ja painonsa ansiosta myös yhdellä kädellä työskentelyyn ergonomisuudesta tinkimättä.,,Fiskars,
5362231002,Halkaisukirves M X28 Fiskars X-Series,https://tarvike.com/product/halkaisukirves-m-x28-fiskars-x-series-149941,https://media.tarvike.com/product/images/149941/original/188593.webp,81.9,Täydellisesti tasapainotettu X28-halkaisukirves M tarjoaa viimeisteltyä liike- ja halkaisuvoimaa jo yhdellä iskulla.,,Fiskars,
5362229002,Halkaisukirves M X24 Fiskars X-Series,https://tarvike.com/product/halkaisukirves-m-x24-fiskars-x-series-149940,https://media.tarvike.com/product/images/149940/original/188589.webp,76.9,Täydellisesti tasapainotettu X24-halkaisukirves M tarjoaa viimeisteltyä liike- ja halkaisuvoimaa jo yhdellä iskulla.,,Fiskars,
5362183002,Siimapuola trimmeriin 3kpl 2-päinen,https://tarvike.com/product/siimapuola-trimmeriin-3kpl-2-painen-150025,https://media.tarvike.com/product/images/150025/original/188546.webp,13.5,Sopii GW041 trimmeriin.,,Greenworks,
5216268002,Lumikola 80cm Talkkari Mikko,https://tarvike.com/product/lumikola-80cm-talkkari-mikko-149617,https://media.tarvike.com/product/images/149617/original/188467.webp,119.0,Mikko-lumikolan tavoin myös Mikko Talkkari on suunniteltu ammatti- ja kotitalouskäyttöön.,,Mikko,
5216243002,"Kuokka Classic Pro, Fiskars",https://tarvike.com/product/kuokka-classic-pro-fiskars-149930,https://media.tarvike.com/product/images/149930/original/188454.webp,82.9,Maan siirtämiseen ja tasoittamiseen. Ergonomisesti muotoiltu puukahva tuntuu miellyttävältä kädessä.,,Fiskars,
5216242002,"Leka L 3,6kg 92cm Fiskars",https://tarvike.com/product/leka-l-36kg-92cm-fiskars-149929,https://media.tarvike.com/product/images/149929/original/188455.webp,99.0,Maksimaalinen suorituskyky vähemmällä vaivalla. Fiskars leka L.,,Fiskars,
5216241002,Rakentajan vasara M 16 oz 32mm Fiskars,https://tarvike.com/product/rakentajan-vasara-m-16-oz-32mm-fiskars-149928,https://media.tarvike.com/product/images/149928/original/188458.webp,47.99,"Fiskars rakentajan vasara M, maksimaalinen suorituskyky vähemmällä vaivalla.",,Fiskars,
5216239002,Varustevyö WoodXpert,https://tarvike.com/product/varustevyo-woodxpert-149925,https://media.tarvike.com/product/images/149925/original/188460.webp,35.9,Työkalut kulkevat kätevästi mukana Fiskarsin WoodXpert-sarjaan kuuluvassa varustevyössä.,,Fiskars,
5216237002,Teleskooppivarsi M QuikFit Fiskars,https://tarvike.com/product/teleskooppivarsi-m-quikfit-fiskars-149923,https://media.tarvike.com/product/images/149923/original/188462.webp,49.95,Fiskars QuikFit M teleskooppivarsi on ihanteellinen korkealta kurottamista vaativiin tehtäviin kuten sahaamiseen ja hedelmien keräämiseen.,,Fiskars,
4990162000,Ratioparts kotelo,https://tarvike.com/product/ratioparts-kotelo-94979,https://media.tarvike.com/product/placeholders/productImageComingSoong.jpg,11.2,Kotelo,,Ratioparts,
4963094000,Husqvarna LF 60i LAT Maantiivistäjä,https://tarvike.com/product/husqvarna-lf-60i-lat-maantiivistaja-126461,https://media.tarvike.com/product/images/126461/original/160658.webp,4034.45,"BLi-X 36 V -akkujärjestelmällä toimiva eteenpäin kulkeva LF 60i LAT -maantiivistäjä ei tuota pakokaasuja, mikä auttaa pitämään työympäristön puhtaampana. LF 60i LAT on ihanteellinen kivi-, korjaus- ja huoltotöihin esimerkiksi kulkureiteillä ja pysäköintialueilla. Maantiivistäjää käytetään esimerkiksi ohuiden ja keskipaksujen rakeisten maa-ainesten sekä ohuiden asfalttikerrosten tiivistämiseen.",,Husqvarna,
4963090000,Husqvarna LX 90 Maantiivistäjä,https://tarvike.com/product/husqvarna-lx-90-maantiivistaja-122718,https://media.tarvike.com/product/images/122718/original/159384.png,2509.0,"LX 90 on kevyt, nopeatoimintoinen pyöreä tärylevy, joka on tarkoitettu hiekan, soran ja sekamaan tehokkaaseen tiivistykseen. Se sopii erinomaisesti käytettäväksi sisäkulmissa, kulkuaukoissa ja ojissa, joissa on voitava vaihtaa suuntaa ja kääntyä ympäri helposti. Kone on erinomainen vaihtoehto erillisille juntille ja kahteen suuntaan kulkeville tärylevyille.",,Husqvarna,
4963063000,"Husqvarna S138i Pintailmaaja, akkukäyttöinen, sisältää BLi20 + QC80",https://tarvike.com/product/husqvarna-s138i-pintailmaaja-akkukayttoinen-sisaltaa-bli20-qc80-81401,https://media.tarvike.com/product/images/81401/original/31258.jpg,586.0,"Kevyt, sähkökäyttöinen pintailmaaja soveltuu maaperän ilmaamiseen ja sammalen poistoon. Terät on helppo vaihtaa, ja työsyvyyden säätäminen käy kätevästi. Tehokas moottori varmistaa tiivistyneen kerroksen ja sammalen tehokkaan poistamisen nurmikolta. Kompakti rakenne ja taitettava työntöaisa helpottavat kuljettamisesta ja varastointia. Työleveys on 38 cm.",,Husqvarna,
4963058000,Husqvarna T300RH Compact Pro Puutarhajyrsin,https://tarvike.com/product/husqvarna-t300rh-compact-pro-puutarhajyrsin-81321,https://media.tarvike.com/product/images/81321/original/159188.png,648.9,"Husqvarna T300RH on monipuolinen ja kätevä puutarhajyrsin kotipuutarhaan. Keveytensä vuoksi sitä on helppo siirtää ja käyttää. Helposti käynnistyvä Honda-moottori ja vahva kierukkavaihteisto. Voidaan varustaa kätevillä lisävarusteilla, kuten sammalenrepijällä, vakoauralla, kylvölaitteella ja erikoismuotoilluilla terillä. Muokkaussyvyys: 15 cm Työleveys: 28 cm Moottorin valmistaja: Honda Sylinteritilavuus: 25 cm³",,Husqvarna,
4963048000,"Husqvarna BLi940X -reppuakku 26,1 Ah",https://tarvike.com/product/husqvarna-bli940x-reppuakku-261-ah-81256,https://media.tarvike.com/product/images/81256/original/31125.jpg,1417.0,Husqvarna BLi940X:n suuri Li-ion-akku varmistaa pitkäkestoisen tehon ja huippuluokan suorituskyvyn. Akkuliitin sopii kaikkiin Husqvarnan kannettaviin akkutuotteisiin.,,Husqvarna,
4963040000,"Ruohonleikkurin puhdistusaine ActiveClean spray, 0,5 L",https://tarvike.com/product/ruohonleikkurin-puhdistusaine-activeclean-spray-05-l-81001,https://media.tarvike.com/product/images/81001/original/30788.jpg,13.9,"Monikäyttöinen puhdistussuihke sopii erinomaisesti teräketjujen, puutarhakoneiden, ilmansuodattimien ja likaisten jalkineiden puhdistukseen. Ergonomisesti muotoillun pullon ja laadukkaan ruiskuliipaisimen ansiosta suihketta on helppo levittää. Kapea suutin sopii pienten kohteiden kuten moottorisahojen ja pensasleikkureiden puhdistukseen ja leveämpi suihkusuutin suurempien kohteiden kuten leikkuulaitteiden, Riderien ja puutarhatraktorien puhdistukseen. Husqvarna Active Clean Spray -puhdistussuihke sisältää erikoispesuainetta, joka on fosfaatitonta ja biologisesti hajoavaa.",,Husqvarna,
4963039000,"Husqvara Teräketjuöljy X-QUARD BIO, 1 L",https://tarvike.com/product/husqvara-teraketjuoljy-x-quard-bio-1-l-80980,https://media.tarvike.com/product/images/80980/original/158162.png,10.9,"Husqvarnan X-GUARD Bio on huippuluokan teräketjuöljy, joka perustuu uusiutuviin raaka-aineisiin. X-GUARDia suositellaan ympärivuotiseksi ketjuöljyksi, jossa on huippuluokan voitelu ja tahmeus. Tarttuvuuden ansiosta öljyn kulutusta voidaan vähentää ilman lisääntyvää kulumista. Se jättää myös minimaaliset jäämät koneeseen. X-GUARDilla on erittäin korkea viskositeettiindeksi, mikä tarkoittaa, että viskositeetti vaihtelee vähemmän lämpötilan mukaan ja ketjuöljy toimii erinomaisesti myös kylmissä olosuhteissa. X-GUARD Bio ketjuöljyllä on erittäin hyvät korroosionesto-ominaisuudet, mikä antaa erittäin hyvän säilyvyyden tuotteiden käytön jälkeen. Tuote on helposti biohajoava maaperässä ja vedessä, myrkytön ihmisille tai ympäristölle. EU-ympäristömerkin ansiosta on helppo tietää, että tuote on sekä ympäristöystävällinen että laadukas.",,Husqvarna,
4963021000,"Cramer 48V96 48 V / 2 Ah akku, Bluetooth",https://tarvike.com/product/cramer-48v96-48-v-2-ah-akku-bluetooth-50736,https://media.tarvike.com/product/images/50736/original/17560.jpg,120.44,"48V96 48 V / 2 Ah akku tarjoaa cramerin 48V puutarhatyökaluille niiden tarvitsevan energian ja varmistaa kestävän suorituskyvyn, näin työn tekeminen on nopeaa ja saat kaiken tehtyä yhdellä kerralla. 48V96 akussa on sisäänrakennettu Bluetooth-yhteys ja on yhteensopiva Cramer Tools applikaaton kanssa. Applikaatiolla näet akun latauskerrat sekä varauksen. Akku on myös lukittavissa applikaation kautta mikä tekee akusta toimintakelvottoman. Lukituksen poistamisen jälkeen akku taas toimintakelpoinen.",,Cramer,
4955984000,Husqvarna Automower Pyöräsarja Vaativaan Maastoon,https://tarvike.com/product/husqvarna-automower-pyorasarja-vaativaan-maastoon-80646,https://media.tarvike.com/product/images/80646/original/157476.png,108.9,"Sarja sisältää karheakuvioiset pyörät, joissa on erinomainen pito rinteisessä ja vaativassa maastossa. Mukana myös pyöräharjat. Maastosarja, karkeakuvioiset renkaat x2/pyöräharja x6",,Husqvarna,
4955941000,Husqvarna Latausaseman liitin 100 kpl,https://tarvike.com/product/husqvarna-latausaseman-liitin-100-kpl-80432,https://media.tarvike.com/product/images/80432/original/156512.png,84.9,Liitin jolla yhdistetään rajalanka sekä hakukaapelin latausasemaan.,,Husqvarna,
4955737000,Ruhonoleikkurin rengas 15X6.00-6 4PR Deestone D265,https://tarvike.com/product/ruhonoleikkurin-rengas-15x600-6-4pr-deestone-d265-44717,https://media.tarvike.com/product/images/44717/original/17305.jpeg,33.2,"Koko 15x6.00-6 Tyyppi TL PR 4 Kuvio D265 Halkaisija Ø 366 mm Runkoleveys (SW) 155 mm Paino- ja nopeusluokka 61 LI, 257 kg, A3 SI, 15 km/h Suositeltu paine 30 psi / 2,1 bar Vannesuositus 4.50 Varaosia / Tarvikkeita: Sisärengas RA600-6",,Deestone,
4955667000,Sähköstartti,https://tarvike.com/product/sahkostartti-94969,https://media.tarvike.com/product/images/94969/original/100072.jpg,152.1,"Moottoreille, joissa metallinen vauhtipyörän hammasratas.",,Ratioparts,
4955656000,Ratioparts Ruohonleikkurin terä 462 mm,https://tarvike.com/product/ratioparts-ruohonleikkurin-tera-462-mm-94961,https://media.tarvike.com/product/images/94961/original/100075.jpg,27.1,"Vasemmalle pyörivä, sopii 36'' (92 cm) Merkki B POWER (2002 asti).",,Ratioparts,
4955654000,Ratioparts Ruohonleikkurin terä 462 mm,https://tarvike.com/product/ratioparts-ruohonleikkurin-tera-462-mm-94960,https://media.tarvike.com/product/images/94960/original/100071.jpg,38.5,"B POWER ajoleikkureihin. Oikealle pyörivä, sopii 36'' (92 cm) (2002 asti).",,Ratioparts,
4955633000,Virtalukko 5/6-napainen,https://tarvike.com/product/virtalukko-56-napainen-93794,https://media.tarvike.com/product/images/93794/original/58935.jpg,26.4,"Erittäin yleinen virtalukko, sopii useisiin ajoleikkureihin mm Jonsered, Husqvarna, Partner, Rally.. Vertaa kuvassa olevaa virtalukon pohjaa tarvitsemaasi (napa A jää tyhjäksi, samat kirjaimet samoissa paikoissa)",,,
4955627000,Kiilahihna Husqvarna #5321312-64 (replica),https://tarvike.com/product/kiilahihna-husqvarna-5321312-64-replica-93791,https://media.tarvike.com/product/images/93791/original/58940.jpg,63.5,Husqvarnan vanhempiin ajoleikkureihin sopiva kiilahihna.,,,
4955609000,Terämutteri 10mm X 1.25 (LH) raivausahalle,https://tarvike.com/product/teramutteri-10mm-x-125-lh-raivausahalle-93785,https://media.tarvike.com/product/images/93785/original/58942.jpg,3.5,"Terämutteri raivaussahoihin 10 mm x 1.25, vasenkätisellä kierteellä.",,,
4955573000,"Yleisterä 17"" (43 cm) ruohonleikkurille",https://tarvike.com/product/yleistera-17-43-cm-ruohonleikkurille-93766,https://media.tarvike.com/product/images/93766/original/58914.jpg,30.0,Yleisterä perässäkäveltäviin ruohonleikkureihin.,,,
4955569000,Belt:. 500 X 37.00 LG heittohinna,https://tarvike.com/product/belt-500-x-3700-lg-heittohinna-81556,https://media.tarvike.com/product/images/81556/original/31473.jpg,50.5,"Sopii käytettäväksi vaihtoehtona MTD 754-04195, 954-04195A, VB-95404195A",,Scheppach,
4955553000,"Husqvarna Lumilinko, Rider 300-sarja",https://tarvike.com/product/husqvarna-lumilinko-rider-300-sarja-81312,https://media.tarvike.com/product/images/81312/original/159150.png,1899.0,"Erittäin tehokas, vankkarakenteinen yksivaihelinko, jossa on suuri kapasiteetti. Lumilingossa on kulmavaihde ja keveän rakenteensa ansioista se on helppo kiinnittää leikkuriin. Suositellaan käytettäväksi AWD-mallien kanssa. Turvallisuussyistä lumilinkoa ei suositella käytettäväksi rinteissä, jokta ovat jyrkempiä kuin 10° mihinkään suuntaan.",,Husqvarna,
4955551000,"Husqvarna Combi 112 Leikkuupää, 300 -sarja",https://tarvike.com/product/husqvarna-combi-112-leikkuupaa-300-sarja-81302,https://media.tarvike.com/product/images/81302/original/159093.png,1639.0,"112 cm:n Combi-leikkuulaite, BioClip ja taaksepuhallus. Yhdestä metallilevystä puristetussa leikkuulaitteessa ei ole saumoja tai jyrkkiä mutkia joihin leikkuujäte voisi juuttua. Tuloksena markkinoiden johtava bioleikkuutoiminta ja huipputehokas ulospuhallustoiminto. Sopii 300 -sarjan leikkureihin.",,Husqvarna,
4955549000,"Husqvarna CombiClip® 103 cm Leikkuupää, 300-sarja",https://tarvike.com/product/husqvarna-combiclip-103-cm-leikkuupaa-300-sarja-81289,https://media.tarvike.com/product/images/81289/original/159091.png,1529.0,"103 cm:n Combi-leikkuulaite, jossa on BioClip-toiminto ja leikkuutila taaksepuhalluksella.",,Husqvarna,
4955537000,Rü-Tec katkontapointteri,https://tarvike.com/product/r-tec-katkontapointteri-96148,https://media.tarvike.com/product/placeholders/productImageComingSoong.jpg,80.0,Käy esimerkiksi puutavaran mittaamiseen.,,,
4955503000,Husqvarna lumilevy Rider AWD,https://tarvike.com/product/husqvarna-lumilevy-rider-awd-81228,https://media.tarvike.com/product/images/81228/original/31080.jpg,629.0,"Luja, teräksinen lumilevy. Kumiterä saatavana lisävarusteena. Työleveys 107 - 125 cm. Takavetoisissa etuleikkureissa on lumilevyn kanssa käytettävä lumiketjuja ja pyöräpainoja. Älä käytä painoja ja lumiketjuja nelivetoisissa AWD-malleissa. Lumilevy Kova, R 200-sarja",,Husqvarna,
4955499000,"Husqvarna Ruohonleikkurin Lumiketjut 16"" x 6,5-8",https://tarvike.com/product/husqvarna-ruohonleikkurin-lumiketjut-16-x-65-8-81226,https://media.tarvike.com/product/images/81226/original/158878.png,118.9,"Takaavat hyvän pidon talviolosuhteissa. Eivät sovellu Rider AWD-malleihin. Piikkiketjut 16x6,5-8"" - Rider-etuleikkurit/PR (ei AWD-mallit) ja lumilingot ST 268EP/ST 276EP",,Husqvarna,
4955495000,"Husqvarna  Ruohonkerääjä C97, LT, LTH alkaen 2006",https://tarvike.com/product/husqvarna-ruohonkeraaja-c97-lt-lth-alkaen-2006-81222,https://media.tarvike.com/product/images/81222/original/158857.png,239.0,"210 litran kerääjä, jossa on kestävät polyesteriverkkopussit. Voidaan käyttää ruohopussien kanssa tai ilman. Täyden pussin merkkivalo ilmoittaa, kun pussi on täynnä. Kevyesti liukuva säiliö integroituine kahvoineen helpottaa leikkuujätteen hävittämistä. Säätörenkaan kahva ja pussin pohjassa olevat hihnat helpottavat tyhjennystä.",,Husqvarna,
4955415000,Husqvarna Automower Tekonurmikko,https://tarvike.com/product/husqvarna-automower-tekonurmikko-81156,https://media.tarvike.com/product/images/81156/original/158556.png,49.8,"Robottiruohonleikkurin pito tekonurmikolla on parempi, mistä johtuen myös suorituskyky ahtailla alueilla ja jyrkässä maastossa on parempi. Se estää robottileikkurin pysähtymisen ja pyörimisen sekä nurmikkoa kulumasta rinteissä tai paljon käytetyillä alueilla, joilla on rajoitetut mahdollisuudet hakukaapelin etäisyyden vaihteluihin. 1 x 1 metriä tekonurmikkoa sisältäen 16 vihreää kiinnityshakasta.",,Husqvarna,
4955402000,Husqvarna Automower Rajakaapelin Korjaussarja,https://tarvike.com/product/husqvarna-automower-rajakaapelin-korjaussarja-81022,https://media.tarvike.com/product/images/81022/original/158306.png,20.9,"Husqvarna Automower rajakaapelin korjaussarja sopii hyvin pienten mekaanisten vaurioiden korjaamiseen. Sarjalla voi myös tehdä pieniä muutoksia leikkausalueeseen. Sen asentaminen on turvallista. Korjaussarja sisältää 5 metriä rajakaapelia, 6 liitintä ja 10 sinkilää.",,Husqvarna,
4955397000,Husqvarna Automower rajakaapeli 50 m,https://tarvike.com/product/husqvarna-automower-rajakaapeli-50-m-80987,https://media.tarvike.com/product/images/80987/original/158274.png,42.9,Husqvarnan alkuperäiskaapeli rajaa Automower®-leikkurin käyttöalueen turvallisesti. Se on yhteensopiva useimpien Automower®-sovellusten kanssa ja on helppo asentaa. Pituus 50m.,,Husqvarna,
4955384000,"Husqvarna Automower Rajakaapeli, 300 m",https://tarvike.com/product/husqvarna-automower-rajakaapeli-300-m-80868,https://media.tarvike.com/product/images/80868/original/157746.png,339.0,"Husqvarna PRO -kaapeli on tarkoitettu pääasiassa suurille alueille tai muihin haasteellisiin kohteisiin. Kaapelilla rajataan Automower®-leikkureiden käyttöalue turvallisesti. Husqvarna PRO -kaapeli sopii vaativiin olosuhteisiin, joissa kaapelin on oltava lujatekoinen ja kestettävä jyrsijöiden tuhoja. Se sopii myös alueille, joissa vaaditaan hyvää UV-suojausta. Kaksoiseristeen ansioista PRO-rajakaapeli on erittäin vankka ja kestää hyvin naarmuja ja tuhoeläimiä. Hyvä eristys ei kuitenkaan haittaa sähkösignaalia, joten kaapeli on toimintavarma.",,Husqvarna,
4955341000,"Husqvarna Pystyleikkuri, 102 cm, rideri/traktori",https://tarvike.com/product/husqvarna-pystyleikkuri-102-cm-rideritraktori-80765,https://media.tarvike.com/product/images/80765/original/30534.png,249.0,"Tekee maaperään reikiä niin, että ilma, vesi ja lannoitteet pääsevät maahan. Kestää painoa jopa 45 kg maaolosuhteista riippuen.",,Husqvarna,
4955337000,"Husqvarna Lumiketjut 18"", 400-sarja, sopii myös AWD-malleihi",https://tarvike.com/product/husqvarna-lumiketjut-18-400-sarja-sopii-myos-awd-malleihi-80742,https://media.tarvike.com/product/images/80742/original/30505.jpg,181.17,Takaavat hyvän pidon talviolosuhteissa. Eivät sovellu Rider AWD-malleihin.,,Husqvarna,
4955331000,Husqvarna Automower® Seinäteline,https://tarvike.com/product/husqvarna-automower-seinateline-80730,https://media.tarvike.com/product/images/80730/original/30495.jpg,74.8,Lattiatilaa säästävä seinäteline on tehty Automower®-leikkurin säilyttämiseen talvella tai silloin kun leikkuri ei ole käytössä.,,Husqvarna,
4955319000,Husqvarna Automower® Pyöräharjasarja,https://tarvike.com/product/husqvarna-automower-pyoraharjasarja-80648,https://media.tarvike.com/product/images/80648/original/30391.jpg,39.8,"Auttaa pitämään pyörät puhtaina ja pidon hyvänä. Sopii malleille 320, 330X, 420, 430X, 440, 450X",,Husqvarna,
4707458002,Fiskars keinusadetin metallijalusta,https://tarvike.com/product/fiskars-keinusadetin-metallijalusta-44473,https://media.tarvike.com/product/images/44473/original/17003.jpg,30.3,Fiskars keinusadetin- helposti säädettävä kasteluetäisyys ja -suunta 19 vedenulostuloa Kestävä metallijalusta Yhteensopiva muiden valmistajien tuotteiden kanssa,,Fiskars,
37603473001,"Pikaliitin 1/2""",https://tarvike.com/product/pikaliitin-12-44524,https://media.tarvike.com/product/images/44524/original/17080.jpg,3.99,"1/2"" ja 5/8"" letkuille",,IKH,
37451099000,Robota Akkuimuri DC-WD18V runko,https://tarvike.com/product/robota-akkuimuri-dc-wd18v-runko-246364,https://media.tarvike.com/product/images/246364/original/214728.webp,79.9,Tämä 18V akkumärkä-kuivaimuri on suunniteltu tehokkaaseen ja monipuoliseen käyttöön niin märkä- kuin kuivajätteen imurointiin. Ei sisällä akkua ja laturia,,Robota,
35955845000,"Woodster Ruohotrimmeri 2x2,0Ah",https://tarvike.com/product/woodster-ruohotrimmeri-2x20ah-220514,https://media.tarvike.com/product/images/220514/original/205039.webp,99.9,Akkuruohotrimmeri 20 V tehokas ja kätevä nurmikon trimmaukseen ja reunojen siistimiseen,,Woodster,
34881745000,Kottikärryn rengas 4.00 - 8,https://tarvike.com/product/kottikarryn-rengas-400-8-44821,https://media.tarvike.com/product/images/44821/original/17433.jpg,20.9,"Koko 4.00 - 8 4 PR Halkaisija 400 / 100 Rengaskuvio ST11 Muovivanne 2,5 x 8 mm Liukulaakeri Ø 25 x 100 mm Kantavuus 305 kg / 16 km/h Max. paine 2,5 bar Sisärengas 4 x 8 Venttiili TR13",,IKH,
3478247002,Husqvarna Huoltosarja Kawasaki,https://tarvike.com/product/husqvarna-huoltosarja-kawasaki-163254,https://media.tarvike.com/product/images/163254/original/186379.webp,173.8,"Huoltosarja Kawasaki, FS481V, 16HP FS481V-CS00-S.",,Husqvarna,
3478246002,Husqvarna Huoltosarja,https://tarvike.com/product/husqvarna-huoltosarja-163253,https://media.tarvike.com/product/images/163253/original/186378.webp,14.0,"Huoltosarja, jossa on ilmansuodatin, polttoainesuodatin, sytytystulppa ja moottoriöljy.",,Husqvarna,
3478243002,Husqvarna Huoltosarja,https://tarvike.com/product/husqvarna-huoltosarja-163258,https://media.tarvike.com/product/images/163258/original/186381.webp,34.0,"Huoltosarja, jossa on sytytystulppa, ilmansuodatin ja polttoainesuodatin.",,Husqvarna,
347450002,Traktorin suojapeite,https://tarvike.com/product/traktorin-suojapeite-119639,https://media.tarvike.com/product/images/119639/original/155956.png,79.9,"Traktorin peittävä suojapeite. Materiaali vettä hylkivää nylon-kangasta. Reunassa säädettävä kiristysnaru, tuuletusaukot. Sopii LT- ja YT-malleihin.",,Husqvarna,
34102037000,AGEF Jää Petkele,https://tarvike.com/product/agef-jaa-petkele-44773,https://media.tarvike.com/product/images/44773/original/17355.jpg,19.99,Pituus 1300 mm,,IKH,
33661031000,Husqvarna Rider Collection lumilevy,https://tarvike.com/product/husqvarna-rider-collection-lumilevy-120921,https://media.tarvike.com/product/images/120921/original/157709.png,719.0,"Kestävä lumilevy, jossa teräksinen huulilevy. Kuminen huulilevy saatavilla lisävarusteena. Viisi erilaista työskentelykulmaa, työleveys 120 cm. Pyöräpainojen ja ketjujen käyttöä suositellaan käytettäessä takavetoisten mallien kanssa.",,Husqvarna,
33661027000,Husqvarna Teränhoitopaketti,https://tarvike.com/product/husqvarna-teranhoitopaketti-120840,https://media.tarvike.com/product/images/120840/original/204256.webp,28.9,"Täydellinen sarja helpottaa ketjun pitämistä teräkunnossa. Oikein teroitetulla ketjulla työ on helpompaa ja turvallisempaa. Viilanohjaimen avulla saadaan oikeat viilauskulmat, jolloin viilaaminen on huomattavasti helpompaa. Paketissa on viilankahva, viilanohjain-alennuskaavioyhdistelmä, kaksi pyöröviilaa ja lattaviila.",,Husqvarna,
33661025000,Husqvarna BioClip-sarja,https://tarvike.com/product/husqvarna-bioclip-sarja-120820,https://media.tarvike.com/product/images/120820/original/204265.png,57.9,"Käytetään, kun leikkuumenetelmä halutaan muuntaa silppuavaksi (BioClip). Leikkaa ruohon hienoksi silpuksi, joka palautuu nurmikolle nopeasti maatuvaksi luontaiseksi ravinteeksi parantaen samalla nurmikon kuivuudensietokykyä. Sarja sisältää tulpan ja terän.",,Husqvarna,
33661023000,Husqvarna BioClip®-sarja (silppuamistoiminto),https://tarvike.com/product/husqvarna-bioclip-sarja-silppuamistoiminto-120704,https://media.tarvike.com/product/images/120704/original/157492.png,57.9,"Sarja muuntaa leikkurin BioClip-leikkaustilaan. Sarjan avulla ruoho leikataan pieniksi paloiksi, jotka hajoavat nopeasti ja palaavat nurmikolle lannoitteeksi tehden nurmikosta myös kuivuutta kestävämmän. Sarja sisältää BioClip-liittimen ja terän.",,Husqvarna,
33661021000,Husqvarna BioClip®-sarja (silppuamistoiminto),https://tarvike.com/product/husqvarna-bioclip-sarja-silppuamistoiminto-120703,https://media.tarvike.com/product/images/120703/original/157489.png,57.9,"Sarja muuntaa leikkurin BioClip-leikkaustilaan. Sarjan avulla ruoho leikataan pieniksi paloiksi, jotka hajoavat nopeasti ja palaavat nurmikolle lannoitteeksi tehden nurmikosta myös kuivuutta kestävämmän. Sarja sisältää BioClip-liittimen ja terän.",,Husqvarna,
33661017000,Husqvarna Yhdistelmäkotelo ja kiilatasku,https://tarvike.com/product/husqvarna-yhdistelmakotelo-ja-kiilatasku-120603,https://media.tarvike.com/product/images/120603/original/204252.png,32.9,"Ihanteellinen koukuille ja pihdeille, ulkopuolella ylimääräinen kiilatasku",,Husqvarna,
33661001000,Husqvarna Bioleikkuutulppa,https://tarvike.com/product/husqvarna-bioleikkuutulppa-120167,https://media.tarvike.com/product/images/120167/original/204280.png,139.0,"Leikkuumenetelmän vaihtamiseksi BioClip®-toiminnoksi. Bioleikkuusarjan avulla ruoho leikataan pieneksi silpuksi, joka hajoaa nopeasti nurmikon lannoitteeksi tehden siitä samalla paremmin kuivuutta kestävän. Sopii Husqvarna 100 -sarjan puutarhatraktoreihin.",,Husqvarna,
33660999000,Husqvarna BioClip®-tulppa,https://tarvike.com/product/husqvarna-bioclip-tulppa-120165,https://media.tarvike.com/product/images/120165/original/204279.png,53.9,"Tulppa, joka mahdollistaa traktorin muuttamisen BioClip®- (silppuavaksi) leikkuriksi, jolloin ruoho leikataan pieneksi silpuksi. Silppu hajoaa nopeasti ja ravinteet palaavat nurmikolle lannoitteena, tehden nurmikosta myös kuivuutta kestävämmän.",,Husqvarna,
33660989000,Husqvarna XL-jatkopala,https://tarvike.com/product/husqvarna-xl-jatkopala-119994,https://media.tarvike.com/product/images/119994/original/156637.png,28.9,"XL-jatkopala Balance XT2 -valjaisiin. Valjaiden selkälevyyn helposti kiinnitettävä jatko-osa, jonka avulla valjaat voi muokata myös pitkille henkilöille sopivaksi.",,Husqvarna,
33660985000,Husqvana Akkulaatikko,https://tarvike.com/product/husqvana-akkulaatikko-119701,https://media.tarvike.com/product/images/119701/original/204255.png,132.9,"Husqvarnan puinen 36 V -akkulaatikko on suunniteltu akkujen kuljettamiseen. Laatikkoon sopii kaksi 36 V:n akkua sekä laturi. Se on UN 3480 -sertifioitu litiumioniakkujen kuljetusta varten. Koska laatikko on vahva ja tukeva, se sopii erinomaisesti ammattilaisten käyttöön. Laitteet on suojattu hyvin kuljetuksen aikana, ja käyttäjä voi kätevästi säilyttää tuotteita yhdessä laatikossa sen sijaan, että joutuisi pitämään niistä kirjaa ja kantamaan ne erikseen.",,Husqvarna,
33660984000,Husqvarna Oksasaha,https://tarvike.com/product/husqvarna-oksasaha-119696,https://media.tarvike.com/product/images/119696/original/156100.png,133.9,Lisää ulottuvuutta tarpeen vaatiessa. Leikkaa jopa noin 15 cm:n paksuisia oksia.,,Husqvarna,
33660981000,Husqvarna CEORA™ Active pyöräharjan täyttösarja,https://tarvike.com/product/husqvarna-ceora-active-pyoraharjan-tayttosarja-119689,https://media.tarvike.com/product/images/119689/original/156089.png,124.0,"Active-pyöräharjan täyttösarja, sisältää 2 harjaa. Tarkoitettu CEORA™ 544/546 EPOS -laitteisiin.",,Husqvarna,
33660973000,Husqvarna Automower®-aktiivipyöräharjasarja,https://tarvike.com/product/husqvarna-automower-aktiivipyoraharjasarja-125916,https://media.tarvike.com/product/images/125916/original/157145.png,99.9,"Aktiiviset pyöräharjat, jotka poistavat leikkuujätettä vetävistä pyöristä pidon parantamiseksi.",,Husqvarna,
33660971000,Husqvarna CEORA™ Maastosarja,https://tarvike.com/product/husqvarna-ceora-maastosarja-125326,https://media.tarvike.com/product/images/125326/original/156777.png,519.0,"Parantaa pitoa epätasaisella ja kaltevalla nurmikolla varmistaen, että CEORA™ toimii aina parhaalla mahdollisella tavalla. Leikkurin rinnesuorituskyky paranee noin 5 prosenttiyksikköä sääolosuhteista ja nurmen laadusta riippuen. Sarja sisältää kaksi maastopyörää, holkit ja sivuvanteet.",,Husqvarna,
33660963000,Husqvarna Automower® -rajakaapeli,https://tarvike.com/product/husqvarna-automower-rajakaapeli-123966,https://media.tarvike.com/product/images/123966/original/156086.png,154.0,"Husqvarna Automower® -rajakaapeli on ihanteellinen työalueiden luomiseen monimutkaisissa puutarhoissa tai suurilla nurmialueilla. Kestävä, helpostiasennettava kaapeli toimii myös ohjauskaapelina, jolla varmistetaan luotettava paluu latausasemalle ja pääsy puutarhan syrjäisiin alueisiin. 100 % kupariydin ja eristetty pinta minimoivat signaalihäviöt. Hyödyntäen vuosien kokemustamme Automower®-tuotteista, olemme luoneet valikoiman luotettavia ja turvallisia rajakaapeleita, jotka täyttävät yksilölliset leikkuutarpeesi.",,Husqvarna,
33660955000,Husqvarna Bioleikkuutulppa,https://tarvike.com/product/husqvarna-bioleikkuutulppa-121738,https://media.tarvike.com/product/images/121738/original/204281.webp,50.9,Sopii 77 cm:n CT/CTH-traktoreihin,,Husqvarna,
33521083000,Husqvarna moottorisahakahva,https://tarvike.com/product/husqvarna-moottorisahakahva-125738,https://media.tarvike.com/product/images/125738/original/157109.png,32.9,"Moottorisahakahva, jolla kahta moottorisahaa voi kantaa mukavasti yhdellä kädellä. Kahvan kulma on optimoitu siten, että kantaminen on mahdollisimman helppoa, ja kahvan voi taittaa tilan säästämiseksi kuljetuksen ja varastoinnin aikana.",,Husqvarna,
33521081000,"Husqvarna S 138i Ilmaaja, sis. akku ja laturi",https://tarvike.com/product/husqvarna-s-138i-ilmaaja-sis-akku-ja-laturi-122087,https://media.tarvike.com/product/images/122087/original/159418.png,578.9,"Husqvarna S 138 – kevyt, akkukäyttöinen pintailmaaja, jossa on helppo vaihtaa sammaleenrepijä- ja pintailmaajatoimintoa. Helpon syvyyssäädön ja tehokkaan moottorin ansiosta kone poistaa tiivistyneen kerroksen ja sammaleen tehokkaasti nurmikosta. Kaksi akkupaikkaa mahdollistaa pidemmän työskentelyn latauskertojen välillä. Kompakti rakenne ja nivelletty kahva tekevät kuljettamisesta ja varastoinnista helppoa.",,Husqvarna,
33507133000,Husqvarna 345BT Lehtipuhallin,https://tarvike.com/product/husqvarna-345bt-lehtipuhallin-122181,https://media.tarvike.com/product/images/122181/original/159603.png,429.0,"Voimakas puhallusvoima ja painoa vähentävät valjaat tekevät kaikesta puhallustyöstä nopeaa ja helppoa. Laitteen kanssa liikkuminen on helppoa ja sen käyttäminen käy saumattomasti vakionopeudensäätimen avulla, joka on sijoitettu käden ulottuville säädettävän kahvaston päähän. Kaikki tuotteen helposta käynnistyksestä aina pitkäkestoiseen käyttöön asti on suunniteltu tekemään myös raskaista töistä vaivattomia. Tämä tehokas ja ergonominen reppupuhallin maksimoi tuottavuutesi mahdollisimman vähällä vaivalla.",,Husqvarna,
33507132000,Husqvarna CombiClip® 122 Leikkuupää,https://tarvike.com/product/husqvarna-combiclip-122-leikkuupaa-121984,https://media.tarvike.com/product/images/121984/original/159228.png,2799.0,"122 cm:n Combi-leikkuulaite, BioClip ja taaksepuhallus.",,Husqvarna,
32332920000,Yleiskirves S X18 Fiskars X-Series,https://tarvike.com/product/yleiskirves-s-x18-fiskars-x-series-208785,https://media.tarvike.com/product/images/208785/original/205372.webp,56.9,Täydellisesti tasapainotettu X18-yleiskirves soveltuu kokonsa ja painonsa ansiosta myös yhdellä kädellä työskentelyyn ergonomisuudesta tinkimättä.,,Fiskars,
32332918000,Venyvä puutarhaletku 30 m,https://tarvike.com/product/venyva-puutarhaletku-30-m-196921,https://media.tarvike.com/product/images/196921/original/205375.webp,19.99,"Pituus käytössä: 30 m, pituus säilytyksessä 10m.",,Fixit,
31746665000,Ilmansuodatin,https://tarvike.com/product/ilmansuodatin-177946,https://media.tarvike.com/product/images/177946/original/202789.webp,50.3,,,Husqvarna,
3095832001,Jonsered Johtosarja 2051,https://tarvike.com/product/jonsered-johtosarja-2051-128794,https://media.tarvike.com/product/images/128794/original/168077.webp,44.4,Jonsered Johtosarja 2051,,Jonsered,
3095829001,Jonsered Öljyputki 2051,https://tarvike.com/product/jonsered-oljyputki-2051-128797,https://media.tarvike.com/product/images/128797/original/168073.webp,4.7,Jonsered Öljyputki 2051,,Jonsered,
3095827001,Jonsered Turvaliipasin 535 455,https://tarvike.com/product/jonsered-turvaliipasin-535-455-128822,https://media.tarvike.com/product/images/128822/original/168071.webp,3.6,Jonsered Turvaliipasin 535 455,,Jonsered,
3095826001,Jonsered Kaasutin,https://tarvike.com/product/jonsered-kaasutin-128821,https://media.tarvike.com/product/images/128821/original/168072.webp,140.77,Jonsered Kaasutin,,Jonsered,
3095822001,Jonsered Tärinänvaimennin 590,https://tarvike.com/product/jonsered-tarinanvaimennin-590-128826,https://media.tarvike.com/product/images/128826/original/168067.webp,19.8,Jonsered Tärinänvaimennin 590,,Jonsered,
3095821001,Jonsered Neulalaakeri,https://tarvike.com/product/jonsered-neulalaakeri-128818,https://media.tarvike.com/product/images/128818/original/168068.webp,10.4,Jonsered Neulalaakeri,,Jonsered,
3095820001,Jonsered Ryypynläppä,https://tarvike.com/product/jonsered-ryypynlappa-128831,https://media.tarvike.com/product/images/128831/original/168064.webp,5.2,Jonsered Ryypynläppä,,Jonsered,
3095817001,Jonsered Letkunpidin 2051 Lfw,https://tarvike.com/product/jonsered-letkunpidin-2051-lfw-128799,https://media.tarvike.com/product/placeholders/productImageComingSoong.jpg,6.0,Jonsered Letkunpidin 2051 Lfw,,Jonsered,
3095697001,Jonsered Label Bakre Handtag,https://tarvike.com/product/jonsered-label-bakre-handtag-128839,https://media.tarvike.com/product/placeholders/productImageComingSoong.jpg,4.5,Jonsered Label Bakre Handtag,,Jonsered,
3095693001,Jonsered Tulppa,https://tarvike.com/product/jonsered-tulppa-128847,https://media.tarvike.com/product/images/128847/original/168056.webp,11.8,Jonsered Tulppa,,Jonsered,
3095692001,Jonsered Öljypumpun Lukkoruuvi,https://tarvike.com/product/jonsered-oljypumpun-lukkoruuvi-128846,https://media.tarvike.com/product/images/128846/original/168057.webp,5.5,Jonsered Öljypumpun Lukkoruuvi,,Jonsered,
3095691001,Jonsered Tulppa 2051,https://tarvike.com/product/jonsered-tulppa-2051-128800,https://media.tarvike.com/product/placeholders/productImageComingSoong.jpg,3.4,Jonsered Tulppa 2051.,,Jonsered,
3095688001,Jonsered Tanko 490,https://tarvike.com/product/jonsered-tanko-490-128852,https://media.tarvike.com/product/placeholders/productImageComingSoong.jpg,5.1,Jonsered Tanko 490,,Jonsered,
3095684001,Jonsered Koppa,https://tarvike.com/product/jonsered-koppa-128863,https://media.tarvike.com/product/placeholders/productImageComingSoong.jpg,21.8,Jonsered Koppa,,Jonsered,
3095554001,"Jonsered Vetokehä .325"", 7-Hampainen",https://tarvike.com/product/jonsered-vetokeha-325-7-hampainen-128894,https://media.tarvike.com/product/placeholders/productImageComingSoong.jpg,11.9,"Jonsered Vetokehä .325"", 7-Hampainen /",,Jonsered,
3095236001,Jonsered Välilevy 244,https://tarvike.com/product/jonsered-valilevy-244-128782,https://media.tarvike.com/product/images/128782/original/167969.webp,3.1,Jonsered Välilevy 244.,,Jonsered,
30675462000,Ixes Painepesuri 135bar 1600W 230V,https://tarvike.com/product/ixes-painepesuri-135bar-1600w-230v-144788,https://media.tarvike.com/product/images/144788/original/176206.jpg,201.5,Helppokäyttöinen painepesuri kotitalouksiin!,,IXES,
304551001,HUSQVARNA Köysilaukku,https://tarvike.com/product/husqvarna-koysilaukku-121303,https://media.tarvike.com/product/images/121303/original/158243.png,59.9,"Köysilaukku, 28 L",,Husqvarna,
30336663000,Husqvarna Ketju X-CUT C85 Chisel 3/8” 1.5mm,https://tarvike.com/product/husqvarna-ketju-x-cut-c85-chisel-38-15mm-120684,https://media.tarvike.com/product/images/120684/original/157430.png,59.9,"Edistyksellien ja suorituskykyinen 3/8"", 1.5 mm teräketju ammattimaiseen metsätyöhön. Alusta loppuun Husqvarnan valmistama ketju varmistaa parhaan mahdollisen leikkuutehon sahallesi. Erittäin kestävä ketju pysyy pitkään terävänä ja venyy vähemmän, minkä ansiosta se tarvitsee vähemmän ylläpitoa ja niiden vaatimia kustannuksia varmistaen paremmat tulokset ja tuottavuuden.",,Husqvarna,
29836068000,"Siima Whisper Twist Ø3,0 mm x 9 m",https://tarvike.com/product/siima-whisper-twist-30-mm-x-9-m-121471,https://media.tarvike.com/product/images/121471/original/158486.png,7.5,"Ammattikäyttöön tarkoitetussa siimassa on kierteinen aerodynaaminen profiili, joka on hiljaisempi ja tärisee vähemmän. Propolymeerimateriaalit takaavat parhaan mahdollisen suorituskyvyn. Sopii kaikkiin vakiomallisiin siimapäihin.",,Husqvarna,
29135872001,Husqvarna Automower® 308V Robottiruohonleikkuri,https://tarvike.com/product/husqvarna-automower-308v-robottiruohonleikkuri-177599,https://media.tarvike.com/product/images/177599/original/203331.webp,1399.0,"Husqvarna Automower® 308V on rajakaapeliton robottiruohonleikkuri enintään 800 m²:n nurmikoille. Se tarjoaa vaivatonta ja luotettavaa nurmikonhoitoa. Rajakaapeliton asennus edellyttää Wi-Fi-yhteyttä koko nurmikolla, ja mukana toimitettavan satelliittipohjaisen teknologiamme ansiosta virtuaalinen asennus on joustavaa ja kestävää. Sisältää Latausasema Varaterät 6kpl Virtalähde Matalajännitekaapeli 10m",,Husqvarna,
28985236001,"HUusqvarrna S 138i Pintailmaaja, ei sis. akkua ja laturia",https://tarvike.com/product/huusqvarrna-s-138i-pintailmaaja-ei-sis-akkua-ja-laturia-122920,https://media.tarvike.com/product/images/122920/original/204828.webp,418.9,"Husqvarna S 138 – kevyt, akkukäyttöinen pintailmaaja, jossa on helppo vaihtaa sammaleenrepijä- ja pintailmaajatoimintoa. Helpon syvyyssäädön ja tehokkaan moottorin ansiosta kone poistaa tiivistyneen kerroksen ja sammaleen tehokkaasti nurmikosta. Kaksi akkupaikkaa mahdollistaa pidemmän työskentelyn latauskertojen välillä. Kompakti rakenne ja nivelletty kahva tekevät kuljettamisesta ja varastoinnista helppoa.",,Husqvarna,
28579002,"Terälevy X-TOUGH .3/8"" 1.5mm/.058"" HN, leveä sovite",https://tarvike.com/product/teralevy-x-tough-38-15mm058-hn-levea-sovite-121277,https://media.tarvike.com/product/images/121277/original/158194.png,142.0,"Kiinteitä terälevyjä käytetään kovien tai paksukuoristen puulajien sahaamiseen sekä erittäin hiekkaisissa, pölyisissä tai nokisissa olosuhteissa. Terälevyt on päällystetty epoksilla, mikä suojaa naarmuuntumiselta ja kulumiselta.",,Husqvarna,
2816211002,Hyönteisansa 7w /230v,https://tarvike.com/product/hyonteisansa-7w-230v-150775,https://media.tarvike.com/product/images/150775/original/195164.webp,24.9,"EI-6D ZAP 6 on sähköinen hyönteisansa, joka on suunniteltu tehokkaaseen hyönteistorjuntaan, erityisesti hyttysiä vastaan.",,Kemper,
27640561000,Sahapukki metallia max 150kg,https://tarvike.com/product/sahapukki-metallia-max-150kg-155901,https://media.tarvike.com/product/images/155901/original/201129.jpg,39.5,Metallinen sahapukki. Max kantavuus 150kg.,,IKH,
27521845001,Husqvarna 40-B140X Akku,https://tarvike.com/product/husqvarna-40-b140x-akku-122407,https://media.tarvike.com/product/images/122407/original/159954.png,259.0,"Husqvarna 40-B140X on kevyt 36V akku 4 Ah kapasiteetilla. Suunniteltu erityisesti käytettäväksi akkukäyttöisten pensasleikkurien ja pienten, yläkahvallisten moottorisahojen kanssa. Valmistettu muiden Husqvarnan BLi-X -akkujen tavoin viimeisimmän kennoteknologian mukaisesti painokapasiteettisuhde optimoiden. Kestävä rakenne täyttää IPX4-standardin, joten akku sopii käytettäväksi kaikissa sääolosuhteissa, kaikkien ammattikäyttöön tarkoitettujen Husqvarna 36V-akkusarjaan kuuluvien tuotteiden kanssa. ActiveCool-järjestelmä viilentää akkua tehokkaasti käytön ja latauksen aikana. Sisäänrakennettu liitosvalmius Husqvarna Fleet Services-palveluun.",,Husqvarna,
27521843001,"Husqvarna Terälevy X-TOUGH .3/8"" 1.5mm/.058"" RSN, leveä sovite",https://tarvike.com/product/husqvarna-teralevy-x-tough-38-15mm058-rsn-levea-sovite-121287,https://media.tarvike.com/product/images/121287/original/158199.png,164.0,"Suosittelemme käytettäväksi pitkien terälevyjen kanssa terälevyn kärjen kuormituksen vähentämiseksi. Kuorma välitetään laadukkaan rullalaakerin kautta. Kitkahäviö pienenee 8 - 10 % terälevyn pituudesta riippuen. Terälevyt on päällystetty epoksilla, mikä suojaa naarmuuntumiselta ja kulumiselta. Vaihdettava kärki on saatavana varaosana.",,Husqvarna,
27521842001,Husqvarna Lonkkasuoja,https://tarvike.com/product/husqvarna-lonkkasuoja-120867,https://media.tarvike.com/product/images/120867/original/157619.png,19.9,Täydentää akkukäyttöisten raivaussahojen ja puhaltimien kanssa käytettävää reppuakkua varmistaen entistä mukavamman työasennon.,,Husqvarna,
27521841001,"Husqvarna X-Force, laminoitu terälevy 3/8"" 1.5 mm",https://tarvike.com/product/husqvarna-x-force-laminoitu-teralevy-38-15-mm-120829,https://media.tarvike.com/product/images/120829/original/204299.webp,84.9,Terälevyn loivasti kaartuva muoto ja pieni kärkipyörä vähentävät takapotkun vaaraa. Terälevyissä on naarmuilta ja korroosiolta suojaava epoksilakkaus.,,Husqvarna,
27521838001,"Husqvarna Terälevy X-Force Pro 15"" .3/8"" 1,5 mm 56 L SN/A",https://tarvike.com/product/husqvarna-teralevy-x-force-pro-15-38-15-mm-56-l-sna-120823,https://media.tarvike.com/product/images/120823/original/204298.webp,63.9,Terälevyn loivasti kaartuva muoto ja pieni kärkipyörä vähentävät takapotkun vaaraa. Terälevyissä on naarmuilta ja korroosiolta suojaava epoksilakkaus.,,Husqvarna,
27521837001,"Lumiketjut 16x6,5-8"" pari, neliö - R 200/300/400-sarja AWD-mallit",https://tarvike.com/product/lumiketjut-16x65-8-pari-nelio-r-200300400-sarja-awd-mallit-120821,https://media.tarvike.com/product/images/120821/original/204318.png,118.9,Takaavat hyvän pidon talviolosuhteissa. Eivät sovellu Rider AWD-malleihin.,,Husqvarna,
27521836001,"Husqvarna X-Force, laminoitu terälevy 3/8"" Mini 1,3 mm, kapea kiinnitys",https://tarvike.com/product/husqvarna-x-force-laminoitu-teralevy-38-mini-13-mm-kapea-kiinnitys-120713,https://media.tarvike.com/product/images/120713/original/157509.png,57.9,"Aiempaa kestävämpi ja kevyempi sekä erittäin suorituskykyinen terälevy, Husqvarna X-Force, on kehitetty varmistamaan paras mahdollinen tulos yhdessä X-Cut-ketjun kanssa. 9-hampaisessa kärkipyörässä on enemmän niittejä (4) ja laakeripinta-ala on entistä suurempi (21 laakeria), minkä ansiosta kestävyys on erinomainen. Optimaalinen profiili ja aikaisempaa pidempi keskilamelli parantavat tehokkuutta pienentäen painoa vakauden ja suorituskyvyn kärsimättä. Parempi voitelu ja optimaalinen hitsaus parantavat jäykkyyttä auttaen saavuttamaan maksimaaliset tulokset.",,Husqvarna,
27521831001,Öljynsuodatin,https://tarvike.com/product/oljynsuodatin-120583,https://media.tarvike.com/product/images/120583/original/204344.webp,43.2,Alkuperäinen Husqvarnan öljynsuodatin. Estää epäpuhtaudet pääsemästä moottoriin. Vaihda öljysuodatinta säännöllisin välin optimaalisen suorituskyvyn ja tuotteen pidemmän käyttöiän saavuttamiseksi.,,Husqvarna,
27521830001,Ilmansuodatin,https://tarvike.com/product/ilmansuodatin-120582,https://media.tarvike.com/product/images/120582/original/204336.png,9.6,Alkuperäinen Husqvarnan ilmansuodatin. Estää lian ja roskien pääsyn moottoriin. Vaihda ilmansuodatin aina säännöllisin väliajoin optimaalisen suorituskyvyn ja tuotteen pidemmän käyttöiän saavuttamiseksi.,,Husqvarna,
27521827001,NGK Sytytystulppa CMR6H,https://tarvike.com/product/ngk-sytytystulppa-cmr6h-120325,https://media.tarvike.com/product/images/120325/original/157165.png,7.3,"NGK sytytystulppa. Vaihda sytytystulppa säännöllisesti helpottaaksesi käynnistystä, vähentääksesi kulumista ja pidentääksesi moottorin käyttöikää",,Husqvarna,
27521823001,Öljypumppu,https://tarvike.com/product/oljypumppu-120184,https://media.tarvike.com/product/images/120184/original/156663.png,87.4,"Alkuperäinen Husqvarnan öljypumppukokoonpano. Kun ketju pyörii, öljypumppu pumppaa öljyä terälevylle ja ketjulle. Öljyvirtaus voitelee ja auttaa vähentämään kulumista.",,Husqvarna,
27521821001,Husqvarna Virtalähde PS900C,https://tarvike.com/product/husqvarna-virtalahde-ps900c-120169,https://media.tarvike.com/product/images/120169/original/204300.webp,509.0,"PS 900C on 900 W:n virtalähde, joka on tarkoitettu Husqvarnan etuleikkurien 48 V:n litiumioniakkujen lataamiseen. Virtalähde liitetään tuotteeseen helppokäyttöisellä napsautusliitännällä ja se voidaan kiinnittää seinään käytön ja säilyttämisen helpottamiseksi. Yhtä 2 kWh akkua ladattaessa latausaika on 1 tunti 25 minuuttia (10–80 %) tai 2 tuntia (0–100 %).",,Husqvarna,
27521820001,Husqvarna Taakseheitin,https://tarvike.com/product/husqvarna-taakseheitin-120168,https://media.tarvike.com/product/images/120168/original/204317.png,136.9,"Taakseheitin, jolla Husqvarna 100 -sarjan keräävän puutarhatraktorin voi muuttaa taakseheittäväksi. Heittimen kiinnittäminen traktoriin muuttaa leikkausmenetelmän keräävästä taakseheittäväksi niin, että ruohonleikkuujätteet suuntautuvat taakse- ja alaspäin.",,Husqvarna,
27521817001,Ilmansuodatin mesh 44µm,https://tarvike.com/product/ilmansuodatin-mesh-44m-120112,https://media.tarvike.com/product/images/120112/original/204334.png,27.2,Alkuperäinen Husqvarnan ilmansuodatin. Estää lian ja roskien pääsyn moottoriin. Vaihda ilmansuodatin aina säännöllisin väliajoin optimaalisen suorituskyvyn ja tuotteen pidemmän käyttöiän saavuttamiseksi.,,Husqvarna,
27521815001,Esiöljytty vaahtomuovi-Ilmansuodatin,https://tarvike.com/product/esioljytty-vaahtomuovi-ilmansuodatin-120107,https://media.tarvike.com/product/images/120107/original/204336.png,9.8,Alkuperäinen Husqvarnan ilmansuodatin. Estää lian ja roskien pääsyn moottoriin. Vaihda ilmansuodatin aina säännöllisin väliajoin optimaalisen suorituskyvyn ja tuotteen pidemmän käyttöiän saavuttamiseksi.,,Husqvarna,
27521814001,Husqvarna Teräsuoja,https://tarvike.com/product/husqvarna-terasuoja-119906,https://media.tarvike.com/product/images/119906/original/156419.png,10.0,,,Husqvarna,
27521802001,"Husqvarna 1/4"" veistoterälevy, pieni sovite",https://tarvike.com/product/husqvarna-14-veistoteralevy-pieni-sovite-119670,https://media.tarvike.com/product/images/119670/original/156017.png,97.9,"Veistämiseen ja puusepän työhön soveltuvissa terälevyissä on kapeampi kärki, joten ne soveltuvat muotoiluun ym. tarkkuutta vaativiin töihin.",,Husqvarna,
27141415001,Fiskars Pistolapio.,https://tarvike.com/product/fiskars-pistolapio-149947,https://media.tarvike.com/product/images/149947/original/204063.jpg,39.4,Fiskars Pistolapio.,,Fiskars,
27141398001,Husqvarna nurmikkoharjojen täydennyssetti,https://tarvike.com/product/husqvarna-nurmikkoharjojen-taydennyssetti-177874,https://media.tarvike.com/product/images/177874/original/204043.webp,99.9,"Nurmikkoharjojen täydennyssetti, sisältää 2 harjaa.",,Husqvarna,
27141397001,Husqvarna nurmikkoharjasetti,https://tarvike.com/product/husqvarna-nurmikkoharjasetti-177873,https://media.tarvike.com/product/images/177873/original/204044.webp,99.9,"Leveä ja tehokas nurmikkoharja on suunniteltu parantamaan leikkuujäljen visuaalista laatua golf-kenttien väyläalueilla. Harja hajottaa pienet ruohotupet, joita voi muodostua erityisesti sateella ja kosteissa olosuhteissa leikattaessa.",,Husqvarna,
2615583002,Tyhjennysventtiili,https://tarvike.com/product/tyhjennysventtiili-156006,https://media.tarvike.com/product/images/156006/original/180608.jpeg,10.1,100-150-200L 3/8',,IKH,
2615575002,Ylipaineventtiili 1/4' 10BAR Blister,https://tarvike.com/product/ylipaineventtiili-14-10bar-blister-156017,https://media.tarvike.com/product/images/156017/original/180594.jpeg,19.9,"Avautumispaine 10 bar. Kierre 1/4""",,StrongLine,
2615518002,Vetohihna O-500,https://tarvike.com/product/vetohihna-o-500-156102,https://media.tarvike.com/product/images/156102/original/180501.jpeg,6.1,,,IKH,
2615515002,"Sähkömoottori 230V 1,5KW",https://tarvike.com/product/sahkomoottori-230v-15kw-156105,https://media.tarvike.com/product/images/156105/original/180498.jpeg,183.0,,,WOODTEC,
2542478002,Yamaha YT 1070 lumilinko,https://tarvike.com/product/yamaha-yt-1070-lumilinko-96517,https://media.tarvike.com/product/images/96517/original/103453.jpg,5961.0,YT 1070 -lumilingon vaikuttava teho (60 t/h) on ainutlaatuisten suunnitteluratkaisujen ja sulavakäyntisen nelitahtimoottorin uusimman mallin ansiota.,,Yamaha,
25235572001,Automower® pyöränpuhdistaja,https://tarvike.com/product/automower-pyoranpuhdistaja-120217,https://media.tarvike.com/product/images/120217/original/156790.png,28.9,"Automower® pyöränpuhdistaja pitää robottiruohonleikkurin pyörät puhtaina ja estää ruohon, lian ja lehtien kerääntymisen niihin. Näin pyörien pito pysyy parempana rinteissä ja pyörän luistamisen riski on pienempi. Lisäksi Automower®-leikkurin pyörista ei putoa ruohopaakkuja, mikä pitää nurmikon siistimpänä. Tuote on helppo koota ja sopii useimpiin Automower®-malleihin.",,Husqvarna,
2400400000,Husqvarna Akku 40-B140,https://tarvike.com/product/husqvarna-akku-40-b140-122168,https://media.tarvike.com/product/images/122168/original/159587.png,184.0,"Husqvarna 40-B140 on integroitava, nopeasti latautuva 4 Ah:n akku osa-aikaiseen käyttöön.",,Husqvarna,
2316118002,Työpukki pro 3-askelmaa,https://tarvike.com/product/tyopukki-pro-3-askelmaa-147703,https://media.tarvike.com/product/images/147703/original/180115.webp,299.0,"Tikli työpukki PRO, 3-askelmainen. Kevyt ja vakaa kotimainen työpukki päivittäiseen ammattikäyttöön.",,Tikli,
2316117002,Taloustikas 8-askelmaa,https://tarvike.com/product/taloustikas-8-askelmaa-147702,https://media.tarvike.com/product/images/147702/original/180114.webp,99.9,Alumiinirunko. Kantavuus max. 150kg.,,FACAL,
22986483001,Iron Baltic Tukkisakset,https://tarvike.com/product/iron-baltic-tukkisakset-145733,https://media.tarvike.com/product/images/145733/original/178871.jpg,75.3,Jopa 350 mm:n (14 tuuman) paksuisten tukkien nostamiseen ja lastaamiseen. Kuormituskyky 300kg.,,Iron Baltic,
22205926001,Viima Teräketjuöljy 10l Iso VG46,https://tarvike.com/product/viima-teraketjuoljy-10l-iso-vg46-155711,https://media.tarvike.com/product/images/155711/original/188799.webp,29.3,"Uudesta mineraaliöljystä valmistettu Viima teräketjuöljy. Lisäaineilla varmistetaan tehokas voitelu alhaisissakin lämpötiloissa, erinomainen korroosion esto ja kiinnitarttuvuus",,Viima,
22053510001,Husqvarna Turvahousut Classic-Entry W 20A,https://tarvike.com/product/turvahousut-classic-entry-w-20a-l56-42751,https://media.tarvike.com/product/images/42751/original/197785.webp,91.9,"Husqvarnan Classic Entry -moottorisahahousut on suunniteltu satunnaisiin metsätöihin, ja ne tarjoavat luotettavaa suojaa. Täysin tiivis suojus tehostaa turvallisuutta ja kestävyyttä. Henkselinapit takaavat nopean kiinnityksen, kun tarvitset lisätukea, ja lahkeiden takana olevat tuuletusvetoketjut antavat vaatteen hengittää.",,Husqvarna,
21978505001,Husqvarna Raivaushousut B&T,https://tarvike.com/product/raivaushousut-bt-60-6438,https://media.tarvike.com/product/images/6438/original/30906.jpg,139.0,"Husqvarna Technical raivaus- ja trimmaushousut sopivat erityisesti pitkäaikaiseen työskentelyyn ruohoraivurin tai trimmerin kanssa. Lonkan kohdalla sijaitsevaan taskuun voidaan laittaa lisäpehmuste vähentämään painetta. Lahkeiden etu- ja sivuosat ovat vettähylkivää materiaalia, ja pehmusteet suojaavat lentäviltä kiviltä. Pintakäsitelty kangas helpottaa puhdistamista, kun harjaat märkää nurmikkoa. Kuluvien kohtien vahvistukset parantavat kestävyyttä ja pidentävät käyttöikää. Lahkeiden takana olevat tuuletusvetoketjut voidaan avata parempaa ilmanvaihtoa varten. Polvista valmiiksi taivutetut ergonomiset lahkeet takaavat erinomaisen liikkuvuuden.",,Husqvarna,
2102644002,Honda HSS 970A ET lumilinko,https://tarvike.com/product/honda-hss-970a-et-lumilinko-61139,https://media.tarvike.com/product/images/61139/original/17892.jpg,5390.0,"Järeä telamalli Honda HSS 970 ET on suunniteltu käytettäväksi vaativissa olosuhteissa. Tehokas moottori ja portaaton, hydrostaattinen voimansiirto telastoon antavat erinomaiset edellytykset raskaankin lumen siirtoon. Linkopesän tasosäätö on portaaton. Telojen ja säädettävän linkopesän ansiosta lumenpoisto tasakatoilta onnistuu hyvin. Lingon maksimikapasiteetti on jopa 50 tonnia tunnissa ja lumen heittoetäisyys peräti max. 15m.",,Honda,
2080386001,Klapikoneventtiili 1/2 80L P-T 3/4 Pikaliikeasento,https://tarvike.com/product/klapikoneventtiili-12-80l-p-t-34-pikaliikeasento-127623,https://media.tarvike.com/product/images/127623/original/167281.webp,163.0,"Työasennossa vivusta on vedettävä koko työn ajan. Työliikkeelle ei ole lukitusta. Paluuliike on lukittavissa ja venttiilin kara palautuu keskiasentoon. Normaalissa paluuliikeasennossa öljy johdetaan tankkiin. Työliikkeelle on myös pikaliikeasento, jossa paluuöljy johdetaan takaisin sylinterille ja työliike nopeutuu.",,IKH,
20261131001,"Paperipölypussi, 5kpl",https://tarvike.com/product/paperipolypussi-5kpl-151133,https://media.tarvike.com/product/images/151133/original/194885.webp,29.9,,,Lavor,
20093401002,Tarmo Nurmikon Yleislannoite 8 kg,https://tarvike.com/product/tarmo-nurmikon-yleislannoite-8-kg-127433,https://media.tarvike.com/product/images/127433/original/166187.jpg,18.9,"Nurmikon yleislannoite 8 kg:n pusseissa. NPK 18-5-11. Käyttöaika alkukeväästä myöhäiseen kesään, n. maaliskuu-elokuu. Riittoisuus n. 2-3 kg / 100m². Lannoitteen sisältämä typpi kiihdyttää kasvua ja auttaa nurmikkoa palautumaan talven vaikutuksista ja muista nurmikolle aiheutuneista vahingoista.",,Tarmo,
19767720000,Husqvarna Metsätyöpusero Naisten Technical Extreme,https://tarvike.com/product/metsatyopuseto-technical-extreme-s-7622,https://media.tarvike.com/product/images/7622/original/192820.webp,393.7,Husqvarna Technical Extreme KWF naisten metsätyöpusero on suunniteltu pitkäkestoiseen käyttöön kaikkein vaativimmissa työoloissa. Kevyt ja hengittävä kangas sekä muotoonommellut kyynärpäät helpottavat liikkumista. Hartioiden ja alaselän tehokkaat tuuletusaukot takaavat käyttömukavuuden ja viilentävät oloa raskaassa työssä. Varustettu huomioväreillä ja heijastinnauhoilla.,,Husqvarna,
19575885001,"Rikkaruohoharja Metallia Raivaussahaan 200x25,4mm",https://tarvike.com/product/rikkaruohoharja-metallia-raivaussahaan-200x254mm-155642,https://media.tarvike.com/product/images/155642/original/188607.webp,67.5,"Rikkaruohojen poistoon kivetyksiltä, asfalttipihoilta jne. Soveltuu kaikkiin raivaussahoihin joissa 25,4 mm terän kiinnitys Myrkytön vaihtoehto Metallinen kuppiharja Halkaisija 200 mm Edullinen vaihtoehto esim. kotitalouksille",,IKH,
19575805001,"Xplorer- hupullinen svetari, sininen, unisex",https://tarvike.com/product/xplorer-hupullinen-svetari-sininen-unisex-32940,https://media.tarvike.com/product/images/32940/original/156431.png,52.8,"Näyttävän sininen Husqvarna-huppari on suunniteltu tarjoamaan kestävää tyyliä. Upea päivitys Husqvarna Xplorer -vapaa-ajan asusteisiin. Täydellinen lisäkerrokseksi tai sellaisenaan käytettynä. Laadukkaiden materiaalien, korkean kauluksen ja suuren, pehmeän hupun yhdistelmä tarjoaa mukavan ja lämpimän olon.",,Husqvarna,
1944209000,Jonsered Aluslevy,https://tarvike.com/product/jonsered-aluslevy-128837,https://media.tarvike.com/product/images/128837/original/168061.webp,2.5,Jonsered Aluslevy,,Jonsered,
1944208000,Jonsered Flange Inlet Pipe,https://tarvike.com/product/jonsered-flange-inlet-pipe-128838,https://media.tarvike.com/product/images/128838/original/168060.webp,16.7,Jonsered Flange Inlet Pipe,,Jonsered,
1944207000,Jonsered Ratas,https://tarvike.com/product/jonsered-ratas-128869,https://media.tarvike.com/product/images/128869/original/168047.webp,22.7,Jonsered Ratas,,Jonsered,
1944204000,Jonsered Hub Cap,https://tarvike.com/product/jonsered-hub-cap-128877,https://media.tarvike.com/product/placeholders/productImageComingSoong.jpg,0.7,Jonsered Hub Cap,,Jonsered,
1944203000,Jonsered Hub Cap,https://tarvike.com/product/jonsered-hub-cap-128876,https://media.tarvike.com/product/placeholders/productImageComingSoong.jpg,0.7,Jonsered Hub Cap,,Jonsered,
1944201000,Jonsered Jousi,https://tarvike.com/product/jonsered-jousi-128878,https://media.tarvike.com/product/placeholders/productImageComingSoong.jpg,1.2,Jonsered Jousi,,Jonsered,
1944198000,Jonsered Vaijeri,https://tarvike.com/product/jonsered-vaijeri-128887,https://media.tarvike.com/product/placeholders/productImageComingSoong.jpg,20.0,Jonsered Vaijeri,,Jonsered,
1943973000,Jonsered aluslevy 535 455,https://tarvike.com/product/jonsered-aluslevy-535-455-128790,https://media.tarvike.com/product/placeholders/productImageComingSoong.jpg,15.6,Jonsered aluslevy 535 455.,,Jonsered,
1943970000,Jonsered Starttipyörä,https://tarvike.com/product/jonsered-starttipyora-128787,https://media.tarvike.com/product/images/128787/original/168039.webp,6.6,Jonsered Starttipyörä,,Jonsered,
1943967000,Jonsered Kulmavaiht.Tiiviste,https://tarvike.com/product/jonsered-kulmavaihttiiviste-128783,https://media.tarvike.com/product/placeholders/productImageComingSoong.jpg,2.3,Jonsered Kulmavaiht.Tiiviste.,,Jonsered,
19180921002,"Ratioparts Teräketju rp 3/8"" PHM 1,5 60E",https://tarvike.com/product/ratioparts-teraketju-rp-38-phm-15-60e-94995,https://media.tarvike.com/product/images/94995/original/100117.jpg,25.3,Katso alkuperäinen varaosakuva oikean varaosan määrittämiseksi.,,Ratioparts,
19180899002,"Ratioparts Teräketju rp 3/8"" HHM1,3 56E",https://tarvike.com/product/ratioparts-teraketju-rp-38-hhm13-56e-94988,https://media.tarvike.com/product/images/94988/original/100087.jpg,23.6,Katso alkuperäinen varaosakuva oikean varaosan määrittämiseksi.,,Ratioparts,
19180865002,"Oregon Teräketju.325'' 81VL 1,6 MM",https://tarvike.com/product/oregon-teraketju325-81vl-16-mm-81513,https://media.tarvike.com/product/images/81513/original/31447.jpg,43.1,"Teräketju Oregon .325"" 81VL 1,6 mm, erikoispituus. Kevyt, pehmeästi leikkaava teräketju ammattilaisille, jotka käyttävät .325-jakoisia moottorisahoja.",,Oregon,
19180862002,"Husqvarna Terälevy X-Tough Light 28"" 3/8"" 1.5 LM 92DL",https://tarvike.com/product/husqvarna-teralevy-x-tough-light-28-38-15-lm-92dl-81201,https://media.tarvike.com/product/images/81201/original/158659.png,183.9,"Husqvarna X-TOUGH LIGHT RSN -laipat ovat kevyitä, helppoja käsitellä sekä erittäin kestäviä. Laipat on suunniteltu haastaviin olosuhteisiin ja pitkiin työpäiviin. Vaihdettava, kolmella niitillä kiinnitetty tiukkasovitteinen RSN-kärki on erittäin kulutuksen kestävä ja kärki sekä öljyreikä on suunniteltu vähentämään kitkaa ja sitä kautta myös polttoaineen kulutusta. Laipan pintakäsittely suojaa sitä naarmuilta sekä korroosiolta.",,Husqvarna,
19180794002,"Husqvarna Metsurin mitta, laukaisukoukku, 15 m",https://tarvike.com/product/husqvarna-metsurin-mitta-laukaisukoukku-15-m-80774,https://media.tarvike.com/product/images/80774/original/30548.jpg,79.9,"Ainutlaatuinen, kevyt rakenne. Helppo säätää ja huoltaa. Nauhassa on merkinnät molemmin puolin, ja se on helppo irrottaa ja vaihtaa ilman työkaluja. Varamittanauhaa saatavana kahta eri pituutta.",,Husqvarna,
19180792002,"Husqvarna Rullaviilanohjain X-Cut .325 SP33G 4,8mm",https://tarvike.com/product/husqvarna-rullaviilanohjain-x-cut-325-sp33g-48mm-80773,https://media.tarvike.com/product/images/80773/original/30544.jpg,15.9,"Husqvarnan X-Cut .325 SP33G 4,8mm yhdistelmäviilanohjaimessa on yhdistetty viilaohjain ja alennuskaavio. Käytetään pyörö- ja lattaviilan kanssa oikean viilauskulman saamiseksi. Saatavana kaikkiin Husqvarnan teräketjuihin.",,Husqvarna,
19180785002,"Husqvarna Kaatokiila, alumiinia, 1000 g 10""",https://tarvike.com/product/husqvarna-kaatokiila-alumiinia-1000-g-10-80770,https://media.tarvike.com/product/images/80770/original/30551.jpg,41.9,"Toisella puolella oleva väkäspinta estää kiilaa liukumasta takaisinpäin. Kiila helpottaa kaadon suuntaamista haluttuun suuntaan. Kiilaa käytetään estämään sahan terän juuttumista. Alumiinista tehtyä kiilaa voi käyttää myös tukkien halkaisuun. 1000 g 10""",,Husqvarna,
19180764002,"Husqvarna Terälevy X-Force 18"" .325"" 1,5 mm SM",https://tarvike.com/product/husqvarna-teralevy-x-force-18-325-15-mm-sm-80657,https://media.tarvike.com/product/images/80657/original/157491.png,76.9,"Kestävyyttä, keveyttä ja suorituskykyä – Husqvarnan X-Force-terälevyt on suunniteltu käytettäviksi yhdessä X-Cut-ketjujen kanssa, jotta saat kaiken tehon irti Husqvarna-moottorisahastasi. Virtaviivainen siluetti, kestävä kärki ja laakerijärjestelmä sekä optimoitu keskilevy vähentävät seisokkiaikoja ja takaavat erinomaisen leikkuutuloksen. Terälevyn pituus 18"" Uraleveys 1.5 mm Ketjujako .325""",,Husqvarna,
19180722002,"Husqvarna Pyöröviila Intensive Cut, 2 kpl 4,5 mm",https://tarvike.com/product/husqvarna-pyoroviila-intensive-cut-2-kpl-45-mm-80512,https://media.tarvike.com/product/images/80512/original/30247.jpg,4.3,Muotoilun ansiosta 20 % parempi viilausteho ja pidempi käyttöikä. Teräketjun leikkuuhampaiden teroittamiseen tarvitaan pyöröviila ja viilanohjain. Oikein teroitettu ketju tekee sahaamisesta helpompaa ja turvallisempaa. Husqvarnan viilat valmistetaan korkealaatuisesta teräksestä.,,Husqvarna,
19180708002,Husqvarna Pitkä kaatorauta 140 cm,https://tarvike.com/product/husqvarna-pitka-kaatorauta-140-cm-80497,https://media.tarvike.com/product/images/80497/original/157138.png,149.0,"Kääntökoukullinen kaatorauta suurten puiden kaatoon. Uuden muotoilun ja paremman materiaalin ansiosta tuote on kestävä ja vankka. Taottu alaosa vahvistaa rakennetta, ja etuosan hammastuksen ansiosta puusta saa paremman otteen. Pituus tuo työhön käyttäjälle lisävoimaa, ja erikoispitkän kahvan ansiosta työkalusta voi pitää kiinni kahdella kädellä. Päissä olevat nupit estävät luistamisen, kun työssä käytetään jalkoja. Raudassa on koukku puiden ja tukkien kääntämistä varten. Valmistettu Ruotsissa.",,Husqvarna,
19180691002,"Husqvarna Metsurin työkaluvyö, täydellinen",https://tarvike.com/product/husqvarna-metsurin-tyokaluvyo-taydellinen-80322,https://media.tarvike.com/product/images/80322/original/156018.png,219.0,"Metsurin täydellinen varustevyö sisältää tukivyön, mitan, kaksi koteloa, nostokoukun ja pinotavarasakset sekä takakappaleen!",,Husqvarna,
19180662002,"Husqvarna Kaatokiila, polyamidia, 25 cm",https://tarvike.com/product/husqvarna-kaatokiila-polyamidia-25-cm-80304,https://media.tarvike.com/product/images/80304/original/155978.png,20.1,Kaatokiilan materiaali on iskunkestävää polyamidia. Kiila helpottaa kaadonsuuntaamista nostamalla puuta oikeaan suuntaan. Estää sahan juuttumista ja tekee kaadosta turvallisempaa. Myös lopputulos on siistimpi.,,Husqvarna,
19180649002,Husqvarna Kantoon lyötävä teroitustuki,https://tarvike.com/product/husqvarna-kantoon-lyotava-teroitustuki-80287,https://media.tarvike.com/product/images/80287/original/155973.png,30.9,Erinomainen apuväline moottorisahan terän kiinnittämiseksi kantoon viilauksen ajaksi. Tehty valetusta metallista.,,Husqvarna,
19180632002,"Husqvarna Terälevy 28"" .3/8"" 1,5 mm 92 L RSN/B",https://tarvike.com/product/husqvarna-teralevy-28-38-15-mm-92-l-rsnb-80253,https://media.tarvike.com/product/images/80253/original/29924.jpg,151.71,"Suosittelemme käytettäväksi pitkien terälevyjen kanssa terälevyn kärjen kuormituksen vähentämiseksi. Kuorma välitetään laadukkaan rullalaakerin kautta. Kitkahäviö pienenee 8 - 10 % terälevyn pituudesta riippuen. Terälevyt on päällystetty epoksilla, mikä suojaa naarmuuntumiselta ja kulumiselta. Vaihdettava kärki on saatavana varaosana. Terälevyn pituus 28"" Laipan pituus 700 mm Uraleveys 1.5 mm Ketjujako 3/8"" Terälevyn tyyppi: Erikoisterälevy, vaihdettava kärkipyörä",,Husqvarna,
19180628002,"Husqvarna Teräketju H00 .1/4"" 1,3 mm 10"" / 60 L",https://tarvike.com/product/husqvarna-teraketju-h00-14-13-mm-10-60-l-80251,https://media.tarvike.com/product/images/80251/original/155745.png,32.9,"Erittäin kevyt ketju sahaa tasaisesti ja siististi. Micro Chisel -leikkuuhampaat. Uraleveys: 1.3 mm Käytetään viilan kanssa: Ø 4,0 mm Ketjujako: 1/4""",,Husqvarna,
19180620002,"Husqvarna Teräketju H64 .404"" 1,6 mm 104 L",https://tarvike.com/product/husqvarna-teraketju-h64-404-16-mm-104-l-80247,https://media.tarvike.com/product/images/80247/original/155718.png,60.9,"Tehokkaaseen sahaukseen tarkoitettu helposti teroitettava teräketju. Teräketju H64 / .404"" / 1,6 mm / 104 dl",,Husqvarna,
19180577002,"Husqvarna Näkökenttää Rajoittamaton Visiiri Metsurin Kypärään, V300",https://tarvike.com/product/husqvarna-nakokenttaa-rajoittamaton-visiiri-metsurin-kyparaan-v300-80750,https://media.tarvike.com/product/images/80750/original/30514.jpg,37.9,Ainutlaatuinen rakenne sallii täysin rajoittamattoman näkökentän visiirin ollessa yläasennossa.,,Husqvarna,
19179716002,Echo CS-2511WES moottorisaha,https://tarvike.com/product/echo-cs-2511wes-moottorisaha-81538,https://media.tarvike.com/product/images/81538/original/31463.jpg,470.5,"Echo CS-2511WES on yksi markkinoiden kevyimmistä sahoista. Digitaalinen sytytysjärjestelmä, rikastimeen liitetty automaattinen puolikaasu sekä EasyStart-kevytkäynnistys takaavat sahan nopean ja luotettavan käynnistymisen. Sahan kevyt ja kapea runko tekevät siitä mukavan käyttää. Sahan aerodynaaminen ilman läpikulku ja pölyn ulosvirtaus takaavat puhtaamman imuilman. Lisäksi sahassa on tärinänvaimennusjärjestelmä.",,Echo,
19179659002,Kitkapyörä,https://tarvike.com/product/kitkapyora-94973,https://media.tarvike.com/product/images/94973/original/100089.jpg,36.2,Sopii päältä ajettaville malleille.,,Ratioparts,
19179656002,Cub Cadet XS3 76 TDE lumilinko teloilla SWE,https://tarvike.com/product/cub-cadet-xs3-76-tde-lumilinko-teloilla-swe-81519,https://media.tarvike.com/product/images/81519/original/31432.jpg,3250.0,"Huippu-uutuus! Telavetoinen lumilinko erityisolosuhteisiin. Sopii erinomaisesti mm. katoilla työskentelyyn. Mullistava 3-vaihejärjestelmä: Reunan Xtreme- ruuvit murskaavat paakkuuntuneen lumen ja jään, ja siirtävät ne keskelle. 25 % enemmän tehoa! Uusi keskitetty Xtreme-tehoruuvi murskaa lumen ja siirtää sen ulosheittokanavaan. 30 % lisää nopeutta! Voimakas heittoruuvi heittää lumen ulosheittotorven kautta haluttuun suuntaan ja halutulle etäisyydelle. Helppoa ja vaivatonta! Painojakaumajärjestelmä: 168 kg, 123 x 83 x 95 cm",,Cub Cadet,
19179618002,Siipipari 120 Rammy lumilinkoon,https://tarvike.com/product/siipipari-120-rammy-lumilinkoon-61251,https://media.tarvike.com/product/images/61251/original/18141.jpg,335.0,"Tee 120 Rammy lumilingon työleveydestä 140 cm leveä, siipiparin avulla. Paketti sisältää 2 siipipalaa.",,Rammy,
19179606002,Honda HSS 760A EW lumilinko,https://tarvike.com/product/honda-hss-760a-ew-lumilinko-61137,https://media.tarvike.com/product/images/61137/original/17887.jpg,4480.0,"Honda HSS 760 EW -lumilingossa on tehokas 4-tahtimoottori ja hydrostaattinen voimansiirto sekä portaaton nopeudensäätö. Etenemiskykyä on parannettu suuremmilla pyörillä ja pyörien kuvioinnilla. Hallintalaitteet on keskitetty uudistuneeseen ohjauspaneliin. Lumen heittotehoa on kasvatettu ja lumen heittoetäisyys ja -kulma ovat nyt sähköisesti säädettävissä. Nopeakierroksinen, pyörivä jyrsinhampain varustettu syöttökierukka yhdistettynä tehokkaaseen voimansiirtoon hajottaa paakkuuntuneet lumen ja kovatkin lumikokkareet. Laitteen heittokapasiteetti on yli 46 tonnia tunnissa. Työvalo vakiovarusteena.",,Honda,
19179604002,Honda HSS 760A ET lumilinko,https://tarvike.com/product/honda-hss-760a-et-lumilinko-61135,https://media.tarvike.com/product/images/61135/original/17878.jpg,4780.0,"Honda HSS 760A ET -lumilingossa on hydrostaattinen voimansiirto, erinomaiset hallintalaitteet ja muut ominaisuudet kuten HSS 760A EW -mallissa. Pyörien sijasta laite on varustettu teloilla, mikä mahdollistaa kerroksittaisen työskentelyn. Linkopesän tasosäätö on portaaton. Lumenheittokapasiteetti on kasvanut yli 42 tonniin tunnissa ja heittoetäisyys on maksimissaan 14 m. LED-työvalo vakiovarusteena.",,Honda,
19177481002,"Husqvarna 520iHT4 Akkupensasleikkuri, ei sis akku/laturi",https://tarvike.com/product/husqvarna-520iht4-akkupensasleikkuri-ei-sis-akkulaturi-81408,https://media.tarvike.com/product/images/81408/original/159488.png,698.9,"Husqvarna 520iHT4 on tehokas akkukäyttöinen teleskooppivarrella varustettu pensasleikkuri. Se ulottuu jopa 4,5 metrin korkeuteen ja on tarkoitettu ammattikäyttöön. Sen avulla voidaan leikata leveitä, korkeita ja matalia pensaita tehokkaasti teleskooppivarren ja säädettävän leikkuuterän kulman ansiosta. Taittuva leikkuuterä helpottaa kuljetusta ja varastointia. Kevyessä koneessa on markkinoiden paras teho ilman suoria päästöjä ja matalat tärinätasot sekä erittäin hiljainen käyntiääni, joten voit käyttää sitä meluherkillä alueilla. Takaiskunsuojus suojaa tehokkaasti integroitua akkua kulumiselta ja vaurioilta. Yhteensopiva kaikkien Husqvarnan Bli-akkujen ja -laturien kanssa. Säänkestävä (IPX4)",,Husqvarna,
19177460002,"Husqvarna 325iLK Akkutrimmeri, sis. trimmerivarustuksen, ei akku/laturi",https://tarvike.com/product/husqvarna-325ilk-akkutrimmeri-sis-trimmerivarustuksen-ei-akkulaturi-81362,https://media.tarvike.com/product/images/81362/original/31226.jpg,535.5,"Husqvarna 325iLK -yhdistelmätrimmerissa moottori on sijoitettu taaksen hyvän tasapainon aikaansaamiseksi. Husqvarnan päästötön ja hiljainen hiiliharjaton moottori on yhtä tehokas kuin 25 cc:n bensiinimoottoria. 325iLK:n suorituskyky riittää haastavimpien tehtävien nopeaan ja tehokkaaseen hoitmiseen. Jaettavaan runkoputkeen on helppo asentaa tarvittava lisälaite monipuolisesta valikoimasta - trimmeriin sopivat samat lisälaitteet kuin Husqvarnan bensiinikäyttöisiin yhdistelmätrimmeriin. Monikäyttöinen kone sopii esimerkiksi ruohon ja pensaiden leikkaamiseen, puiden karsimiseen, reunojen siistimiseen tai puhdistustöihin. Voidaan käyttää joko sisäisen tai ulkoisen akun (akkuvyö tai reppuakku) kanssa.",,Husqvarna,
19177437002,"Husqvarna 336LiC Akkutrimmeri, ei sis akku ja laturi",https://tarvike.com/product/husqvarna-336lic-akkutrimmeri-ei-sis-akku-ja-laturi-81325,https://media.tarvike.com/product/images/81325/original/31187.jpg,252.0,"Hiljainen, kevyt, täydellisen tasapainoinen ja erittäin helppokäyttöinen trimmeri vaativille kuluttajille. Ominaisuuksiin kuuluvat erinomainen ergonomia, tasapaino ja hyvä suorituskyky. Toimitetaan ilman akkua ja laturia. T25B-siimapää. Huom! Ilman akkua ja laturia. 36 V, 3 kg",,Husqvarna,
19177419002,Husqvarna 525LK Ruohotrimmeri,https://tarvike.com/product/husqvarna-525lk-ruohotrimmeri-81286,https://media.tarvike.com/product/images/81286/original/159068.png,599.0,"Husqvarna 525LK on kevyt ammattikäyttöön tarkoitettu trimmeri, joka soveltuu lisälaittein varustettuna moniin erilaisiin töihin.",,Husqvarna,
19177399002,Husqvarna 122HD45 Pensasleikkuri,https://tarvike.com/product/husqvarna-122hd45-pensasleikkuri-81235,https://media.tarvike.com/product/images/81235/original/158919.png,349.0,"Husqvarna 122HD45 on hiljainen ja kevyt kotipuutarhurin pensasleikkuri, jossa on mm. käynnistystä helpottava Smart Start®. Terän pituus 450 mm. 21.7 cm³, 0.6 kW, 45 cm, 4.7 kg",,Husqvarna,
19177376002,"Husqvarna Opti Penta Siima Ø2,4 mm x 90 m, oranssi",https://tarvike.com/product/husqvarna-opti-penta-siima-24-mm-x-90-m-oranssi-81125,https://media.tarvike.com/product/images/81125/original/158461.png,19.5,Yleiskäyttöön suunniteltu siima on profiililtaan viisikulmio. Energiatehokkuuden ja leikkuutehon optimaalisen yhdistelmän ansiosta siima sopii moniin käyttötarkoituksiin. Sopii kaikkiin vakiomallisiin siimapäihin.,,Husqvarna,
19177374002,"Husqvarna Opti Round Siima  Ø4,0 mm x 80 m, kela, musta",https://tarvike.com/product/husqvarna-opti-round-siima-40-mm-x-80-m-kela-musta-81123,https://media.tarvike.com/product/images/81123/original/160383.jpg,35.9,"Ammattikäyttöön tarkoitetussa siimassa on kierteinen aerodynaaminen profiili, joka on hiljaisempi ja tärisee vähemmän. Propolymeerimateriaalit takaavat parhaan mahdollisen suorituskyvyn. Sopii kaikkiin vakiomallisiin siimapäihin.",,Husqvarna,
19177361002,"Husqvarna Siimapää Tricut M10, 255 mm",https://tarvike.com/product/husqvarna-siimapaa-tricut-m10-255-mm-80569,https://media.tarvike.com/product/images/80569/original/30322.jpg,59.9,"Karkeammalle ruoholle ja kivikkoiselle alueelle. Hyvä näkyvyys, vaihdettavat muoviterät, turvallinen käyttää myös puiden ja pensaiden ympärillä.",,Husqvarna,
19177348002,Husqvarna Siimapää T35 M10 Tap'n Go,https://tarvike.com/product/husqvarna-siimapaa-t35-m10-tapn-go-80558,https://media.tarvike.com/product/images/80558/original/30301.jpg,34.9,"Husqvarnan suunnittelemassa T35 siimapäässä on puoliautomaattinen siimansyöttö ja siitä käytetään myös nimitystä ""Tap’n go"". Kun kaasu painetaan pohjaan ja siimapää painetaan maata vasten syöttää siimapää automaattisesti uutta siimaa. Tämän ansiosta työtä ei tarvitse keskeyttää eikä konetta tarvitse irroittaa valjaista kun siimaa tarvitaan lisää.",,Husqvarna,
19177344002,Husqvarna Ruohoterä 255 mm 3T - 20 mm,https://tarvike.com/product/husqvarna-ruohotera-255-mm-3t-20-mm-80554,https://media.tarvike.com/product/images/80554/original/30302.jpg,32.3,"Tiheälle ja paksulle ruoholle, mutta ei puuvartiseen kasvustoon. Soveltuu erinomaisesti aluskasvuston raivaamiseen.",,Husqvarna,
19177341002,Husqvarna Ruohoterä 300 mm 3T - 20 mm,https://tarvike.com/product/husqvarna-ruohotera-300-mm-3t-20-mm-80551,https://media.tarvike.com/product/images/80551/original/30293.jpg,34.3,"Tiheälle ja paksulle ruoholle, mutta ei puuvartiseen kasvustoon. Soveltuu erinomaisesti aluskasvuston raivaamiseen. Multi 300-3 (22 mm) / Ø 300 mm",,Husqvarna,
19177331002,"Husqvarna Siima Whisper 3,0 mm 10 m",https://tarvike.com/product/husqvarna-siima-whisper-30-mm-10-m-80538,https://media.tarvike.com/product/images/80538/original/30279.jpg,7.0,"Melutaso laskee 50 % (7-8 dBA) saman paksuiseen pyöreään siimaan verrattuna. Pienemmän ilmanvastuksen ansiosta moottori kiihttyy nopeammin ja tehokkuus kasvaa. Ainutlaatuiselle materiaalille on tunnusomaista, että se ei halkeile päästä, siiman sulamisriski siimapäässä on olematon ja pintakäsittelyn ansiosta käyttöikä on pitkä ja kulutuskestävyys hyvä. Siiman muotoilu estää siiman katkeamisen läpiviennin kohdalta.",,Husqvarna,
19177329002,"Husqvarna Siima Whisper 2,7 mm 12 m",https://tarvike.com/product/husqvarna-siima-whisper-27-mm-12-m-80536,https://media.tarvike.com/product/images/80536/original/30274.jpg,7.0,"Melutaso laskee 50 % (7-8 dBA) saman paksuiseen pyöreään siimaan verrattuna. Pienemmän ilmanvastuksen ansiosta moottori kiihttyy nopeammin ja tehokkuus kasvaa. Ainutlaatuiselle materiaalille on tunnusomaista, että se ei halkeile päästä, siiman sulamisriski siimapäässä on olematon ja pintakäsittelyn ansiosta käyttöikä on pitkä ja kulutuskestävyys hyvä. Siiman muotoilu estää siiman katkeamisen läpiviennin kohdalta.",,Husqvarna,
19177327002,"Husqvarna Siima Whisper 2,4 mm 15 m",https://tarvike.com/product/husqvarna-siima-whisper-24-mm-15-m-80534,https://media.tarvike.com/product/images/80534/original/30282.jpg,7.0,"Melutaso laskee 50 % (7-8 dBA) saman paksuiseen pyöreään siimaan verrattuna. Pienemmän ilmanvastuksen ansiosta moottori kiihttyy nopeammin ja tehokkuus kasvaa. Ainutlaatuiselle materiaalille on tunnusomaista, että se ei halkeile päästä, siiman sulamisriski siimapäässä on olematon ja pintakäsittelyn ansiosta käyttöikä on pitkä ja kulutuskestävyys hyvä. Siiman muotoilu estää siiman katkeamisen läpiviennin kohdalta.",,Husqvarna,
19177306002,Cramer A48T10E-CR reunaleikkuri (lisäosa 40TX10),https://tarvike.com/product/cramer-a48t10e-cr-reunaleikkuri-lisaosa-40tx10-50733,https://media.tarvike.com/product/images/50733/original/17566.jpg,100.2,"Cramer A48T10E-CR reunaleikkuri on lisäosa 48TX10 Trimmeriin. Nurmikon reunojen siistimiseen helposti vaihdettavissa oleva reunaleikkurivarsi. Varren vaihto ilman työkaluja. Paino (kg): 1,9 Takuuaika: 3 vuotta",,Cramer,
19177282002,"Siima Opti Round Ø3,3 mm x 75 m",https://tarvike.com/product/siima-opti-round-33-mm-x-75-m-121451,https://media.tarvike.com/product/images/121451/original/160383.jpg,28.9,Yleiskäyttöön suunnitellussa siimassa on pyöreä profiili. Hyvän leikkuutehon ja kestävyyden ansiosta siima sopii moniin käyttötarkoituksiin. Sopii kaikkiin vakiomallisiin siimapäihin.,,Husqvarna,
19177223002,"Husqvarna LC 142iS Vetävä Akkuleikkuri, ei sis. akkua ja laturia",https://tarvike.com/product/husqvarna-lc-142is-vetava-akkuleikkuri-ei-sis-akkua-ja-laturia-81480,https://media.tarvike.com/product/images/81480/original/159847.png,629.0,"Tämä vetävä akkuruohonleikkuri on kompakti, hiljainen ja kevyt, mikä tekee siitä erittäin helpon käyttää. Leikkuri käynnistyy helposti painamalla sankaa alaspäin. Husqvarna LC 142iS on ihanteellinen valinta pieneen ja keskikokoiseen puutarhaan tai pienempien monimuotoisten alueiden leikkaamiseen. SavE™-tila mahdollistaa erinomaisen leikkuutuloksen myös vähemmällä energialla. Yhteensopiva Husqvarnan 36V akkujärjestelmän kanssa.",,Husqvarna,
19177198002,"Husqvarna 120iTK4-H Akkuoksasaha, ilman akkua/laturia",https://tarvike.com/product/husqvarna-120itk4-h-akkuoksasaha-ilman-akkualaturia-81444,https://media.tarvike.com/product/images/81444/original/159760.png,258.9,"Akkukäyttöisessä Husqvarna 120iTK4 -pensasleikkurissa on hiljainen käyntiääni ja polttomoottorin tasoinen suorituskyky ilman suoria päästöjä. 120iTK4 on teleskooppivartinen laite, joten voit yhdistää koneen rungon joko pensasleikkuri- tai oksasahalisävarusteeseen. Tämä tekee siitä moniin tehtäviin sopivan monipuolisen ja kätevän työkalun. Varustettu teleskooppiputkella, jonka ulottuvuus on jopa 4 m, ja kuljetusta helpottavalla jaettavalla runkoputkella. Säädettävä 7-kulmainen leikkuulaite takaa mukavan leikkuuasennon, kun leikkaat sivuja ja erikorkuisia pensaita.",,Husqvarna,
19177102002,Husqvarna X-Sync -kuulonsuojaimet kypäräkiinnityksellä,https://tarvike.com/product/husqvarna-x-sync-kuulonsuojaimet-kyparakiinnityksella-110110,https://media.tarvike.com/product/images/110110/original/154325.jpg,509.0,"Husqvarna X-SYNC suojaa kuuloasi mahdollistaen samalla Bluetooth®-yhteyden älypuhelimeesi. Husqvarnan ammattikäyttöön suunnittelemat, kestävät ja mukavat kuulonsuojaimet ovat erittäin helppokäyttöiset.",,Husqvarna,
19176962002,Husqvarna X-COM Bluetooth Kuulonsuojaimen Mikrofoni,https://tarvike.com/product/husqvarna-x-com-bluetooth-kuulonsuojaimen-mikrofoni-80982,https://media.tarvike.com/product/images/80982/original/158158.png,89.8,Lisävarusteena saatava mikrofoni vaimentaa kovat äänet. Mikrofoni erottaa puheen taustamelusta integroidun suodattimen avulla.,,Husqvarna,
19176950002,"Husqvarna Xplorer-duffelilaukku, 70 L",https://tarvike.com/product/husqvarna-xplorer-duffelilaukku-70-l-80867,https://media.tarvike.com/product/images/80867/original/30659.jpg,115.0,"Husqvarna Xplorer-duffelilaukun kapasiteetti on 70 litraa. Se on tehty vahvoista materiaaleista ja varustettu monilla toiminnallisilla ominaisuuksilla. Ulkomateriaali taupalinea, joka pitää sisällön kuivana ja on helppo puhdistaa. Sisällä verkkotasku ja mukana kaksi erillistä pussia esim. kengille tai muille tavaroille. Irrotettava olkahihna, joiden avulla laukkua voi kantaa myös selässä.",,Husqvarna,
19159357001,Robota DC- LB18V akkulehtipuhallin 18V runko,https://tarvike.com/product/robota-dc-lb18v-akkulehtipuhallin-18v-runko-246845,https://media.tarvike.com/product/images/246845/original/214338.webp,49.9,"Tehokas lehtipuhallin, joka toimii 18V:n akulla. Maksimi ilmamäärä 662 m3/h ja ilmannopeus 156,4 km/h. Säädettävä teho, 6 aluetta. Erinomainen valinta pihojen puhdistukseen, mutta toimii erinomaisesti myös pakettiautossa, työpisteillä ja monessa muussa. Talvella auton putsaaminen lumesta ei voi olla paljon helpompaa, kun on puhallin käytössä. Ei sisällä akkua ja laturia",,Robota,
19159345001,Robota DC-AVC18V akkutuhkaimuri runko,https://tarvike.com/product/robota-dc-avc18v-akkutuhkaimuri-runko-246311,https://media.tarvike.com/product/images/246311/original/214370.webp,39.9,"Robota DC-AVC18V on akkukäyttöinen tuhkaimuri, joka on suunniteltu kylmän ja kuivan tuhkan imurointiin. Akkukäyttöisyys tekee käytöstä joustavaa, sillä imuria voi käyttää ilman verkkovirtaa esimerkiksi takan, kamiinan, grillin, saunan tulipesän tai muun tulisijan puhdistuksessa. Ei sisällä akkua ja laturia",,Robota,
188802000,Pensasleikkurivarustus yhdistelmätrimmereihin,https://tarvike.com/product/pensasleikkurivarustus-yhdistelmatrimmereihin-121726,https://media.tarvike.com/product/images/121726/original/158831.png,161.94,"Pensasleikkurivarustus yhdistelmätrimmereihin (128LDx, 324LDx, 327LDx)",,Husqvarna,
18341048001,Espina Ruohonleikkurin pyörä,https://tarvike.com/product/espina-ruohonleikkurin-pyora-44828,https://media.tarvike.com/product/images/44828/original/17440.jpg,17.7,"Espina pyörä Espina ruohonleikkuriin XTP100 Pituus : 17,000 Korkeus : 4,400 Leveys : 17,000",,Espina,
18341047001,Kottikärryn rengas 4.00X8 MET/LIUKUL. Puhkeamaton täydellinen,https://tarvike.com/product/kottikarryn-rengas-400x8-metliukul-puhkeamaton-taydellinen-44825,https://media.tarvike.com/product/images/44825/original/17431.jpg,25.4,"Metallivanne Koko 4.00-8 PU (polyuretaani, puhkeamaton rengas) Halkaisija Ø 400 mm Akseli Ø 20 mm Laakeriväli 98 mm Liukulaakeri",,IKH,
18340858001,Pesuainepullo,https://tarvike.com/product/pesuainepullo-44579,https://media.tarvike.com/product/images/44579/original/17129.jpg,17.0,Sopi malleihin LAV40 ja LAV41,,Lavor,
18340837001,Sadetin keinuva 190 m²,https://tarvike.com/product/sadetin-keinuva-190-m-44543,https://media.tarvike.com/product/images/44543/original/17099.jpg,22.9,16-reikäinen metallinen suihkuputki Kasteltava alue: 190 m² (12 x 16 m) Max. virtaus 15 l/min,,IKH,
18340831001,Liitin Y uros,https://tarvike.com/product/liitin-y-uros-44538,https://media.tarvike.com/product/images/44538/original/17077.jpg,3.6,Urosliitin,,IKH,
18340746001,Fiskars Teleskooppivarsi 4m Quikfit,https://tarvike.com/product/fiskars-teleskooppivarsi-4m-quikfit-44516,https://media.tarvike.com/product/images/44516/original/17064.jpg,65.9,"Fiskarsin uudessa QuikFit™-sarjassa yhteen varteen voidaan yhdistää jokaiseen työvaiheeseen oma työkalunsa – joka sopii aina täydellisesti paikoilleen. QuikFit™ Teleskooppivarsi lisää ulottuvuutta jopa 6 metriin Varressa on automaattilukitus, jonka kaksoissalpa lukitsee varren ja QuikFit™-työskentelypään turvallisesti yhteen. Kätevä ripustuslenkki Kevyttä alumiinia Käytetään Fiskars QuikFit™ pääosien kanssa Paino 1470g Pituus 2200 - 4000mm",,Fiskars,
18340742001,Fiskars Kaatovänkä 1150mm Woodxpert,https://tarvike.com/product/fiskars-kaatovanka-1150mm-woodxpert-44505,https://media.tarvike.com/product/images/44505/original/17063.jpg,96.9,"Fiskars WoodXpert -kaatovänkä L Suurikokoinen kaatovänkä, jolla sekä avustetaan puunkaadon suuntaamista, että kaadetun puunrungon siirtämistä paikasta toiseen Uudistettu kärki on optimoitu niin, että se helpottaa puunkaadon suuntaamista Kaatamisen jälkeen kaatovänkään on helppo yhdistää WoodXpert nostokoukku, jolla runkoa saa nostettua jopa 15 cm maasta ja näin helpottaa rungon sahaamista moottorisahalla Kaatovänkään voi myös yhdistää lisäosana ostettavan WoodXpert pinotavarasakset jolloin tätä yhdistelmää voi käyttää kahden miehen hissinä Pituus 1150 mm Paino 2867 g",,Fiskars,
18340740001,Fiskars Kääntövänkä 700mm,https://tarvike.com/product/fiskars-kaantovanka-700mm-44504,https://media.tarvike.com/product/images/44504/original/17058.jpg,73.9,"Fiskars WoodXpert-kaatovänkä M Keskisuuri kaatovänkä, jolla sekä avustetaan puunkaadon suuntaamista, että kaadetun puunrungon siirtämistä paikasta toiseen Uudistettu kärki on optimoitu niin, että se helpottaa puunkaadon suuntaamista kaatamisen jälkeen kaatovänkään on helppo yhdistää WoodXpert nostokoukku, jolla runkoa saa nostettua jopa 15 cm maasta ja näin helpottaa rungon sahaamista moottorisahalla Kaatovänkään voi myös yhdistää lisäosana ostettavan WoodXpert pinotavarasakset jolloin tätä yhdistelmää voi käyttää kahden miehen hissinä Pituus 700 mm Paino 2160 g",,Fiskars,
18340736001,Fiskars Vesuri Woodxpert XA3,https://tarvike.com/product/fiskars-vesuri-woodxpert-xa3-44502,https://media.tarvike.com/product/images/44502/original/17049.jpg,56.0,"WOODXPERT XA3 vesuri Vesurilla onnistuu niin ohuiden kuin paksumpienkin oksien karsiminen, taimien ja pensaiden raivaaminen, puiden kuoriminen sekä polttopuiden kevyt pilkkominen Vesurissa on kestävä ja kevyt komposiittivarsi Varren koukkumainen pää ja kädensijan SoftGrip-materiaali takaavat tukevan otteen ja estävät käden lipsumisen Entistä tehokkaampi, vahvemmin kaartuva terä takaa paremman leikkuutuloksen Soveltuu: pienten puunoksien karsimiseen, ruohon ja pensaiden raivaamiseen puutarhassa ja metsässä, puiden kuorimiseen Pituus 505 mm Paino 450 g",,Fiskars,
18340734001,Fiskars Oksasaha,https://tarvike.com/product/fiskars-oksasaha-44501,https://media.tarvike.com/product/images/44501/original/17044.jpg,52.9,Pituus 330 mm- terän pituus 255 mm Tuoreen puun sahaamiseen Kätevä vyölenkki vetäytyy sisään sahaan käytettäessä Softgrip -kahvalla tukeva ote Leikkuuteho jopa 120 mm Paino 230 g,,Fiskars,
18340732001,Fiskars Ruohosakset,https://tarvike.com/product/fiskars-ruohosakset-44496,https://media.tarvike.com/product/images/44496/original/17045.jpg,36.9,Ergonomiset ja kevyet sakset ovat mukavat käytössä ja aina 360 asteeseen saakka. Säädettävällä leikkuupäällä tavoittaa helposti hankalatkin paikat. Terät on valmistettu karkaistusta ruostumattomasta teräksestä ja kahvat lasikuituvahvisteisesta polyamidista. Säädettävä leikkuupää 360° Lukitusmekanismi Ergonomiset käyttää Pituus 322 mm Paino 263 g,,Fiskars,
18340730001,Fiskars Puutarhan Pienet Voimasakset,https://tarvike.com/product/fiskars-puutarhan-pienet-voimasakset-44495,https://media.tarvike.com/product/images/44495/original/17041.jpg,51.9,Erittäin kevyet voimasakset jotka soveltuu kaikkeen leikkaamiseen puutarhassa. Power-Gear -teknologia lisää leikkuuvoimaa.,,Fiskars,
18340718001,"Fiskars Snowexpert Lumilapio Rullaava, musta",https://tarvike.com/product/fiskars-snowexpert-lumilapio-rullaava-musta-44486,https://media.tarvike.com/product/images/44486/original/17032.jpg,53.9,"Fiskars X-sarjan -lumentyöntimessä on rullaava kuuppaosa, mikä tekee siitä sopivan pienten ja keveiden lumimäärien työntämiseen pois käytäviltä ja kujilta Vahvistettu kärkilista kestää kolme kertaa pidempään ja pureutuu lumeen vaivattomasti Kevyt alumiinivarsi ja luistamaton kädensija Ergonomisesta D-kahvasta saat tukevan otteen jopa paksuilla talvihanskoilla Polymeerikuuppa kestää jopa -30 °C asteen lämpötiloja Valmistettu Suomessa",,Fiskars,
18340697001,Fiskars Raivaussakset Smart Fit L86,https://tarvike.com/product/fiskars-raivaussakset-smart-fit-l86-44459,https://media.tarvike.com/product/images/44459/original/16980.jpeg,69.9,"Fiskars SmartFit raivaussakset teleskooppivarrella soveltuvat täydellisesti oksien leikkaamiseen sekä korkealta että matalalta Säädettävä kahvojen pituus 665 - 915 mm takaa optimaalisen ulottuvuuden Näin esim. korkeampien pensaiden latvojen leikkaaminen helpottuu huomattavasti Jopa 50 mm paksuisten oksien leikkaaminen onnistuu vaivattomasti Näillä raivaussaksilla voit siis huoletta käydä suurempienkin pensaiden kimppuun Kahvat on valmistettu Fibercomp-materiaalista ja alumiinista Raivaussaksien keveyden ansiosta niitä jaksaa käyttää pitkäkestoisempiinkin raivaushaasteisiin Tehokkaiden terästerien leikkaava terä on pinnoitettu tarttumattomalla PTFE-pinnoitteella siistin ja tehokkaan leikkaustuloksen takaamiseksi Kädensijojen SoftGrip-pinnoite lisää raivaussaksien käyttömukavuutta niin, ettei hansikkaita edes tarvita Saksien koukkuterällä saa hyvän otteen leikattavasta oksasta korkealta ja kaukaa leikattaessakin Pituus 249 mm",,Fiskars,
18340679001,"Fitt Muoviletku PVC 16 x 20mm, kirkas",https://tarvike.com/product/fitt-muoviletku-pvc-16-x-20mm-kirkas-44450,https://media.tarvike.com/product/images/44450/original/16978.jpg,1.6,"Myydään metreittäin. Fitt Muoviletku PVC 16 x 20mm, kirkas. Materiaali PVC.",,FITT,
18340666001,"Espina Pikaliitin 3/4"" messinki",https://tarvike.com/product/espina-pikaliitin-34-messinki-44435,https://media.tarvike.com/product/images/44435/original/16960.jpg,1.0,"Messinkiä 3/4"" letkuille Varustettu vesisulku mekanismilla Luistamaton kumipäällyste",,Espina,
18340656001,Pienkone jääketjut Promotion 18 x 8.5-8,https://tarvike.com/product/pienkone-jaaketjut-promotion-18-x-85-8-44427,https://media.tarvike.com/product/images/44427/original/16965.jpg,70.0,"Jääketjut Promotion 18 x 8.5-8 pienkoneisiin, kuten lumilinko tai puutarhatraktori. Materiaali on kevyt 4,5 mm kierretty ketju, joka on helppo asentaa. Pakattu kangaspussiin.",,IKH,
18340654001,Pienkone jääketjut Promotion 14 x 4.6-6,https://tarvike.com/product/pienkone-jaaketjut-promotion-14-x-46-6-44425,https://media.tarvike.com/product/images/44425/original/16958.jpg,55.0,"Pienkone jääketjut Promotion 14 x 4.6-6, kuten lumilinko tai puutarhatraktori. Materiaali on kevyt 4,5 mm kierretty ketju, joka on helppo asentaa. Pakattu kangaspussiin.",,IKH,
18340612001,IKH Työpukki 3-Askelma Alu 610mm,https://tarvike.com/product/ikh-tyopukki-3-askelma-alu-610mm-44398,https://media.tarvike.com/product/images/44398/original/16905.jpeg,49.0,"IKH Työpukki, jossa on uritetut askelmat ja työtaso. Tikkaa on kokoontaittuvat ja 2-puoleiset.",,IKH,
18340610001,Työpukki 2-Askelma Alu. 436 mm,https://tarvike.com/product/tyopukki-2-askelma-alu-436-mm-44396,https://media.tarvike.com/product/images/44396/original/16910.jpeg,36.9,"Kahden askelman työpukki, jossa on uritetut askelmat ja työtaso.",,IKH,
18340608001,"Tubesca Rakennusteline First4 TK 3,40m",https://tarvike.com/product/tubesca-rakennusteline-first4-tk-340m-44394,https://media.tarvike.com/product/images/44394/original/16896.jpg,439.0,"Tubesca rakennusteline soveltuu sisä- ja ulkokäyttöön, voidaan käyttää myös portaissa. Kestävä alumiinirakenne, nopea ja helppo kasata.",,IKH,
18340602001,"ARTUB Taloustikas 6-askelmaa, Alumiini",https://tarvike.com/product/artub-taloustikas-6-askelmaa-alumiini-44388,https://media.tarvike.com/product/images/44388/original/16883.jpg,85.0,ARTUB Taloustikkaissa on kuusi askelmaa. Tikkaat on valmistettu alumiinirungosta ja askelmat ja työtaso on sinkittyä terästä.,,IKH,
18340596001,"Teleskooppi tikkaat 3,2m Prof.",https://tarvike.com/product/teleskooppi-tikkaat-32m-prof-44385,https://media.tarvike.com/product/images/44385/original/16885.jpeg,175.0,Monikäyttöinen tikas sisä- ja ulkokäyttöön. Helppo ja nopea pystyttää. Tukeva alumiinirakenne.,,IKH,
18340592001,Rautaharava 14-piikkinen,https://tarvike.com/product/rautaharava-14-piikkinen-44380,https://media.tarvike.com/product/images/44380/original/16887.jpg,7.6,"14-piikkinen Taivutetut piikit Leveys 35 cm, korkeus 8 cm Ilman vartta",,IKH,
18339733001,Husqvarna FM 410I AWD + Husqvarna leikkuulaite Combi 112I,https://tarvike.com/product/husqvarna-fm-410i-awd-husqvarna-leikkuulaite-combi-112i-222046,https://media.tarvike.com/product/images/222046/original/205714.webp,19999.0,"Husqvarna FM 410i kompakti, täysin sähköinen etuleikkuri kaupallisiin käyttökohteisiin. Tässä innovatiivisessa ajoneuvossa yhdistyvät tehokkuus ja edistyksellinen tekniikka. Siinä on neliveto ja ohjaustehostin, jotka takaavat erinomaisen hallinnan ja helppokäyttöisyyden. Vankka runko ja Husqvarnan luotettava takarunko-ohjausjärjestelmä takaavat, että FM 410i:n hallittavuus on vertaansa vailla. Se sopii siis erinomaisesti ahtaisiin, kapeisiin ja rajattuihin viheralueisiin.",,Husqvarna,
18339726001,Käynnistin honda,https://tarvike.com/product/kaynnistin-honda-179729,https://media.tarvike.com/product/images/179729/original/203629.png,74.7,"Kela-käynnistin, jossa on 2 metallista käynnistystassua (pyöreät nastat). Kun vaihdetaan vanhemmat takaisinkytkimet, joissa on muoviset käynnistystassut, myös käynnistyskello on vaihdettava.",,Ratioparts,
18339688001,Lavor Painepesuri 160Bar 2500W LVR4 Plus WPS,https://tarvike.com/product/lavor-painepesuri-160bar-2500w-lvr4-plus-wps-144878,https://media.tarvike.com/product/images/144878/original/176329.webp,369.0,WPS-ohjelman (Washing Program System) avulla voidaan valita sopivin pesuohjelma pestävän pinnan mukaan. Moottori pysähtyy vapautettaessa pesukahvasta. Teleskooppikahva ja isot pyörät helpottavat siirtelyä. Mukana pikavaihdettava turbosuutin,,Lavor,
18339618001,Husqvarna Pidike metsurin mitalle,https://tarvike.com/product/husqvarna-pidike-metsurin-mitalle-119649,https://media.tarvike.com/product/images/119649/original/179859.webp,8.8,Pidike pitää metsurin mitan turvallisesti paikallaan.,,Husqvarna,
18339511001,Husqvarna ST 227 lumilinko,https://tarvike.com/product/husqvarna-st-227-lumilinko-81451,https://media.tarvike.com/product/images/81451/original/159792.png,1999.0,"Husqvarna ST 227 lumilinko sopii omakotitaloasujalle, joka haluaa suorituskykyisen lumilingon pihateiden ja kulkuväylien auraamiseen. Säädettävien jalasten ansiosta linko toimii kaikenlaisilla alustoilla. ST 227 lumilinko on tehokas 2-vaihelinko, ja sillä on suuri heittokapasiteetti. Työntöaisan 4-portainen korkeudensäätö ja kaarikahva parantavat käyttöergonomiaa. Kitkalevyvoimansiirto ja ohjaustehostin helpottavat lingon käyttöä. Husqvarna ST 227 on varustettu myös LED-ajovaloilla ja sähköstartilla. Työleveys 68 cm Sylinteritilavuus 252 cm³ Lingon tyyppi 2-vaihe",,Husqvarna,
18339509001,"Husqvarna Yhdistelmäkotelo, jossa kiilakotelo",https://tarvike.com/product/husqvarna-yhdistelmakotelo-jossa-kiilakotelo-80873,https://media.tarvike.com/product/images/80873/original/157796.png,38.9,"Yhdistelmäkotelo nostosaksille tai nostokoukulle, varustekotelo kiiloille.",,Husqvarna,
18339508001,Husqvarna Kombituoteympäristö / hinattava lisälaitevaunu,https://tarvike.com/product/husqvarna-kombituoteymparisto-hinattava-lisalaitevaunu-80767,https://media.tarvike.com/product/images/80767/original/30541.jpg,239.0,Yleishinauskoukulla varustettu lisälaitevaunu on kestävää terästä. Voidaan varustaa putki- ja pintailmaajalla. Eri lisälaitteita on helppo vaihtaa ilman työkaluja toimivan pikakiinnitysjärjestelmän avulla. Vaatii vähemmän varastointitilaa kuin erilliset lisälaitteet.,,Husqvarna,
18177206001,Sisärengas 11/4.00X5 TR87,https://tarvike.com/product/sisarengas-11400x5-tr87-213572,https://media.tarvike.com/product/images/213572/original/208937.webp,14.0,Koko 11/4.00-5 Venttiili TR87,,Agrilife,
18176842001,Husqvarna Automower® 305 robottiruohonleikkuri,https://tarvike.com/product/husqvarna-automower-305-robottiruohonleikkuri-81412,https://media.tarvike.com/product/images/81412/original/31288.jpg,1279.0,"Husqvarna Automower® 305 robottiruohonleikkuri on kompakti ja sopii täydellisesti pienempiin, monimutkaisempiin puutarhoihin (koko enintään 600 m²). Se leikkaa vaivatta myös rinteet, joiden kaltevuus on 40 %. Nelipyöräinen alusta ja järjestelmällinen käytävähallinta tekevät leikkurista tehokkaan ja kolme erilaista hakutapaa varmistavat, että leikkuri löytää nopeasti tiensä latausasemaan. Leikkurissa on sääajastin, pakkasanturi ja Automower® Connect@Home -sovellus. Se on helppo puhdistaa ja pestä letkulla. Sisältää Latausasema Varaterät 6kpl Virtalähde Matalajännitekaapeli 5m",,Husqvarna,
1803048002,Jonsered Kääntöakseli,https://tarvike.com/product/jonsered-kaantoakseli-128775,https://media.tarvike.com/product/images/128775/original/167974.webp,6.5,Jonsered Kääntöakseli.,,Jonsered,
1803044002,"Jonsered Sytytysjohto, 1M",https://tarvike.com/product/jonsered-sytytysjohto-1m-128770,https://media.tarvike.com/product/placeholders/productImageComingSoong.jpg,5.7,"Jonsered Sytytysjohto, 1 metri.",,Jonsered,
1803042002,Jonsered väännin,https://tarvike.com/product/jonsered-vaannin-128767,https://media.tarvike.com/product/placeholders/productImageComingSoong.jpg,20.7,Jonsered väännin.,,Jonsered,
1803041002,Jonsered Putken Läpivienti,https://tarvike.com/product/jonsered-putken-lapivienti-128766,https://media.tarvike.com/product/placeholders/productImageComingSoong.jpg,17.8,Jonsered putken läpivienti.,,Jonsered,
1803040002,Jonsered Pinion Pro,https://tarvike.com/product/jonsered-pinion-pro-128765,https://media.tarvike.com/product/images/128765/original/167982.webp,8.3,Jonsered Pinion Pro.,,Jonsered,
1802740002,Jonsered Ohjain -fast idle,https://tarvike.com/product/jonsered-ohjain-fast-idle-128850,https://media.tarvike.com/product/placeholders/productImageComingSoong.jpg,4.4,Jonsered Ohjain -fast idle,,Jonsered,
1802735002,Jonsered Termostaatti 2051 Lfw,https://tarvike.com/product/jonsered-termostaatti-2051-lfw-128859,https://media.tarvike.com/product/images/128859/original/168051.webp,42.8,Jonsered Termostaatti 2051 Lfw,,Jonsered,
1802734002,Jonsered Turvaliipasin,https://tarvike.com/product/jonsered-turvaliipasin-128858,https://media.tarvike.com/product/images/128858/original/168052.webp,11.3,Jonsered Turvaliipasin,,Jonsered,
1802733002,Jonsered Mikro-Katkaisin,https://tarvike.com/product/jonsered-mikro-katkaisin-128862,https://media.tarvike.com/product/images/128862/original/168050.webp,17.0,Jonsered Mikro-Katkaisin,,Jonsered,
1802732002,Jonsered Laippa Esim Tanaka,https://tarvike.com/product/jonsered-laippa-esim-tanaka-128861,https://media.tarvike.com/product/placeholders/productImageComingSoong.jpg,144.02,Jonsered Laippa Esim Tanaka,,Jonsered,
17953391001,Paperipölypussi srj 10 kpl,https://tarvike.com/product/paperipolypussi-srj-10-kpl-151131,https://media.tarvike.com/product/images/151131/original/191416.webp,39.5,Sopii LAV13.,,Lavor,
1772879000,"Työpukki 2kpl, kokoontaittuva",https://tarvike.com/product/tyopukki-2kpl-kokoontaittuva-145364,https://media.tarvike.com/product/images/145364/original/176887.webp,40.5,Vankka ja tukeva metallirakenne.,,IKH,
1754799000,Clen Hienopölysuodatin 1-Moottoriset imurit,https://tarvike.com/product/clen-hienopolysuodatin-1-moottoriset-imurit-145218,https://media.tarvike.com/product/images/145218/original/176656.jpg,23.7,"Lisäsuodatin 1 moottorisiin imureihin. Erityisesti hienon pölyn kuten betonin, kipsin, tuhkan, jauhonpölyn yms. imurointiin",,Clen,
1754796000,Clen Vakiosuodatin 1-Moott. 503/515/215,https://tarvike.com/product/clen-vakiosuodatin-1-moott-503515215-145216,https://media.tarvike.com/product/images/145216/original/176653.jpg,27.5,"Pestävä polyesteri vakiosuodatin normaalin pölyn imurointiin. Ilman kehikkoa, kiristyspannalla. Sopii clen 200- sekä 500-sarjan imureihin: 215, 515, 503 ym.",,Clen,
1754734000,Clen Master Turbosuutin 110-145 bar,https://tarvike.com/product/clen-master-turbosuutin-110-145-bar-145211,https://media.tarvike.com/product/images/145211/original/176642.jpg,39.5,"Clen turbosuutin on erittäin tehokas vaativaan käyttöön. Siinä yhdistyy 0° suuttimen teho ja 20° suuttimen peittokyky, joka tekee puhdistamisesta paljon nopeampaa. Turbosuutin, sopii CLEN Master 2100, Clen Smart ja Clen Go malleihin.",,Clen,
1754428000,"Clen Pesukahva ST 2600 Swivel M22 - 1/4""S",https://tarvike.com/product/clen-pesukahva-st-2600-swivel-m22-14s-145187,https://media.tarvike.com/product/images/145187/original/176593.jpg,110.0,Pesukahva ST 2600 pyörivällä M22 liittimellä.,,Clen,
17475953000,SC 300 -pintapesuri,https://tarvike.com/product/sc-300-pintapesuri-120889,https://media.tarvike.com/product/images/120889/original/157655.png,54.9,"SC 300 on keskikokoinen, tehokas pyörivä pintapesuri.Tehonsäätöominaisuus mahdollistaa kuhunkin tilanteeseen sopivan paineen helpon valinnan. Pesuri sopii sekä pysty- että vaakasuorien laajojen pintojen puhdistukseen, esimerkiksi patioille, pihateille, terasseille ja seinille. Lisävaruste 100–300-sarjojen painepesureihin.",,Husqvarna,
17371733001,Husqvarna Automower® 405XE NERA Robottiruohonleikkuri,https://tarvike.com/product/husqvarna-automower-405xe-nera-robottiruohonleikkuri-110238,https://media.tarvike.com/product/images/110238/original/160127.png,2248.9,Husqvarna Automower® 405XE NERA -robottiruohonleikkuri soveltuu enintään 600 m²:n suuruisille nurmikoille. Se vähentää tarvetta siistiä nurmikon reunoja ja säästää aikaa ja vaivaa EdgeCut-toiminnolla. 405XE NERA voidaan asentaa fyysisten rajojen avulla tai ilman kaapeleita satelliittiteknologian avulla. Sisältää Latausasema Varaterät 9kpl Virtalähde Matalajännitekaapeli 10m,,Husqvarna,
17371721001,"Husqvarna 325iR Akkuruohoraivuri, ei sis. akkua/laturia",https://tarvike.com/product/husqvarna-325ir-akkuruohoraivuri-ei-sis-akkualaturia-110208,https://media.tarvike.com/product/images/110208/original/159887.png,499.0,Tämän akkukäyttöisen ruohoraivurin ammattitason suorituskyky takaa tehokkaan työskentelyn ja hyvän lopputuloksen säässä kuin säässä. Sen hiiliharjattomassa E-TORQ-moottorissa on aktiivinen viilennys maksimaalisen tehon saavuttamiseksi ja se on suunniteltu takapainoiseksi tasapainon ja moottorisuojan optimoimiseksi.,,Husqvarna,
17371445001,Husqvarna 215iHD45 Akkupensasleikkuri,https://tarvike.com/product/husqvarna-215ihd45-akkupensasleikkuri-81469,https://media.tarvike.com/product/images/81469/original/159815.png,359.0,"Husqvarna 215iHD45 on kaksipuolisella terällä varustettu akkupensasleikkuri, joka sopii kaikentyyppisille pensaille. Tämä kevyt ja tasapainoinen akkupensasleikkuri on erittäin helppo käynnistää ja käyttää. Se on rakennettu korkealaatuista muotoilua, leikkuutehoa ja kestävyyttä silmällä pitäen.",,Husqvarna,
17362796001,"Meganex Vesiletkukela 20m 5/8"" automaattinen",https://tarvike.com/product/meganex-vesiletkukela-20m-58-automaattinen-126349,https://media.tarvike.com/product/images/126349/original/160440.webp,109.0,"PVC-letku 20 + 2 m, sisähalkaisija 5/8""Max. käyttöpaine 8 barKäyttölämpötila 0-45 °C Hidas ja tasainen automaattinen takaisin kelautuminen Säädettävä ruiskusuutin Helppo irrottaa ja kuljettaa talvivarastointia varten Kääntyy 180° sivusuunnassa",,Meganex,
17362789001,"Suora oksasaha, 240 mm",https://tarvike.com/product/suora-oksasaha-240-mm-119677,https://media.tarvike.com/product/images/119677/original/156044.png,33.9,"Kevyt oksasaha korkealaatuista terästä. Ergonominen kahvan muotoilu tekee käytöstä mukavaa. Sahakotelon kiinnitys vyölle klipsillä ja helppo vapautus silloin kun sahaa ei tarvitse vyöllä kantaa. Leikkuu vetävällä terällä. Soveltuu puun-, muoviputkien ja rakennuslevyjen katkaisuun, oksien muotoiluun sekä yleiseen oksaraivuuseen. Kovakromi pinnoite jäykistää terää ja antaa hyvän suojan ruostetta vastaan. Teroitusta normaali olosuhteissa ei tarvita.",,Husqvarna,
17362767001,Husqvarna S2800 -halkaisukirves,https://tarvike.com/product/husqvarna-s2800-halkaisukirves-80628,https://media.tarvike.com/product/images/80628/original/157410.png,107.0,"Vankka halkaisukirves polttopuiden suuempien runkojen halkaisemiseen. Tarttumattomaksi käsitellyn terän kitka on pienempi ja se uppoaa hyvin puuhun Terän geometria sopii oivallisesti suurten puiden halkaisemiseen Painopiste on lähellä terää, minkä ansiosta paino jakautuu erinomaisesti Optimaalisen terän ja kevyen varren yhdistelmä keskittää iskuvoiman oikein, ja puun halkaiseminen on helpompaa Lasikuituvahvisteinen polyamidivarsi on kestävä ja vakaa Voidaan käyttää vasaran tavoin halkaisukiiloja käytettäessä (ei teräskiilojen kanssa) Pituus 70 cm",,Husqvarna,
17362765001,Husqvarna A2400 -yleiskirves,https://tarvike.com/product/husqvarna-a2400-yleiskirves-80626,https://media.tarvike.com/product/images/80626/original/157408.png,104.0,"Vankka yleiskirves soveltuu monenlaiseen käyttöön, kuten rakennus- ja metsätyöhön. Tarttumattomaksi käsitellyn terän kitka on pienempi ja se uppoaa hyvin puuhun Terän geometria sopii oivallisesti puutyöhön Lasikuituvahvisteinen polyamidivarsi on kestävä ja vakaa Painopiste on lähellä terää, minkä ansiosta paino jakautuu erinomaisesti, jolloin iskuihin saa voimaa Voidaan käyttää vasaran tavoin halkaisukiiloja käytettäessä (ei teräskiilojen kanssa)",,Husqvarna,
16957906001,Husqvarna Nahkaturvakengät Technical 24,https://tarvike.com/product/nahkaturvakengat-technical-24-koko-38-6566,https://media.tarvike.com/product/images/6566/original/30693.jpg,333.0,"Husqvarna Technical 24 nahkaturvakengissä on uusi kantarakenne, vakaampi yläosa ja miellyttäväntuntuinen, pehmeämpi sisäosa. Pohjan pitoa on parannettu kylmiä olosuhteita varten. Kalvomateriaalina on erittäin laadukas Sympatex®, joka on 100 % vedenpitävä ja hengittävä. Kengissä on nilkan, kantapään ja kärjen ympäri menevä pehmustus, joka suojaa ja parantaa käyttömukavuutta. Teräskuppikärki. Kengän alaosa on vahvistettu kumilla paremman suojan saamiseksi.",,Husqvarna,
16943302001,Ravendo Kottikärry 80L,https://tarvike.com/product/ravendo-kottikarry-80l-44712,https://media.tarvike.com/product/images/44712/original/17282.jpg,89.95,"Galvanoitu pesä 80 l, kantavuus 150 kg Pesäosan koko (L x P): 645 x 800 mm Liukulaakeroidut ilmakumipyörät 3,50 x 6, keskireikä 16 mm, akselireiän syvyys 92 mm Muovivanteet Runkoputki 25 mm Paino 10,0 kg",,IKH,
1677605000,"Kiekkoleikkuri 18"" Kverneland",https://tarvike.com/product/kiekkoleikkuri-18-kverneland-144917,https://media.tarvike.com/product/images/144917/original/176372.webp,65.0,"Kiekkoleikkuri 18""",,Agrilife,
16680787000,Värilanka (metallikotelo) 30 m,https://tarvike.com/product/varilanka-metallikotelo-30-m-150512,https://media.tarvike.com/product/images/150512/original/191398.webp,16.5,Pituus 30 m. Metallikotelo,,IKH,
16680786000,Pulveriväri 250 g valkoinen,https://tarvike.com/product/pulverivari-250-g-valkoinen-150511,https://media.tarvike.com/product/images/150511/original/191397.webp,4.9,Pulveriväri värilangalle.,,IKH,
16667891000,Raivaustyökalu CL521 Sahaterällä,https://tarvike.com/product/raivaustyokalu-cl521-sahateralla-149936,https://media.tarvike.com/product/images/149936/original/191156.webp,52.9,"Fiskars raivaustyökalu CL521 sahaterällä, ergonominen SoftGrip™ kahva.",,Fiskars,
15058174001,"Husqvarna 530iP4 Oksasaha, ilman akkua ja laturia",https://tarvike.com/product/husqvarna-530ip4-oksasaha-ilman-akkua-ja-laturia-81382,https://media.tarvike.com/product/images/81382/original/31237.jpg,657.0,"Akkukäyttöinen Husqvarna 530iP4 -oksasaha ammattikäyttöön. Pitkällä 4-metrisellä varrella yltää kauas, ja luotettavan käytön varmistavat erinomainen suorituskyky ja kestävyys. Keveys, hyvä ergonomia ja hiljainen käyntiääni mahdollistavat koneen käyttämisen missä ja milloin tahansa. Hintaan sisältyvät: - Teräketju H00 / 1/4"" / 1,3 mm / 58 dl - Terälevy 10"" / .1/4"" / 1,3 mm / A318 / 58DL(327PT5S) - Kantohihna Paino (ilman terävarustusta): 3.4 kg Akun jännite: 36 V",,Husqvarna,
14916234000,"Säkitysteline 1–1,5 m³ klapeille, suursäkki",https://tarvike.com/product/sakitysteline-115-m-klapeille-suursakki-150878,https://media.tarvike.com/product/images/150878/original/189603.webp,99.0,"Säädettävä, voidaan käyttää molemmin päin (pystysuunnassa).",,IKH konepaja,
1490111002,Hydrauliikkasuodatin Klapikone,https://tarvike.com/product/hydrauliikkasuodatin-klapikone-127622,https://media.tarvike.com/product/images/127622/original/167280.webp,24.0,Hydrauliikkasuodatin Klapikoneeseen.,,Donaldson,
14359490000,jätesäkkiteline pyörillä,https://tarvike.com/product/jatesakkiteline-pyorilla-152711,https://media.tarvike.com/product/images/152711/original/189349.webp,49.9,"Kumipyörät 160 x 35, muovivanne liukulaakereilla.",,Ravendo,
13835196000,Varsi pesuharjalle 1500 mm vesiliitännällä,https://tarvike.com/product/varsi-pesuharjalle-1500-mm-vesiliitannalla-155537,https://media.tarvike.com/product/images/155537/original/188760.webp,31.9,"Alumiinia, otepinta eristetty, Ø 31 mm.",,Vikan,
13240404000,Lekanvarsi SSR 800-47x27,https://tarvike.com/product/lekanvarsi-ssr-800-47x27-150380,https://media.tarvike.com/product/images/150380/original/188719.webp,46.5,Teräskiilalla.,,Hultafors,
13239415000,"Pikaliitin 3/4"" säätöventtiilillä",https://tarvike.com/product/pikaliitin-34-saatoventtiililla-149980,https://media.tarvike.com/product/images/149980/original/188560.webp,6.49,Littimessä olevan hanan avulla kätevä säätää vedentuloa kastelulaitteeseen johon letku on kiinnitetty.,,GF,
13239414000,Ruiskusuutin Jumbo liitin,https://tarvike.com/product/ruiskusuutin-jumbo-liitin-149979,https://media.tarvike.com/product/images/149979/original/188561.webp,13.95,"Säädettävä vesisuihku, veden virtauksensäätö.",,GF,
13239413000,Pikaliitin korjaussarja,https://tarvike.com/product/pikaliitin-korjaussarja-149983,https://media.tarvike.com/product/images/149983/original/188558.webp,2.4,"Sisältää 6 kpl O-renkaita, 3 kpl 3/4 tiivisterenkaita ja 1 kpl 1 tiivisterenkaan.",,GF,
13239412000,Jatkoliitin Jumbo uros/uros,https://tarvike.com/product/jatkoliitin-jumbo-urosuros-149982,https://media.tarvike.com/product/images/149982/original/188559.webp,3.4,Jatkoliitin jumbo liittimille.,,GF,
13232097000,"Jäärauta, Fiskars",https://tarvike.com/product/jaarauta-fiskars-149949,https://media.tarvike.com/product/images/149949/original/188471.webp,39.99,Maalattu terä karkaistua booriterästä.,,Fiskars,
13232094000,Halkaisukiila 220mm Fiskars,https://tarvike.com/product/halkaisukiila-220mm-fiskars-149943,https://media.tarvike.com/product/images/149943/original/188475.webp,41.9,Taottua terästä (kovuus 36-42 HRC).,,Fiskars,
13232091000,"Kaarisaha 24"" Fiskars",https://tarvike.com/product/kaarisaha-24-fiskars-149944,https://media.tarvike.com/product/images/149944/original/188474.webp,23.5,"Fiskars 24"" kaarisaha SW31.",,Fiskars,
13232089000,Vesuri WoodXpert XA23 pitkä Fiskars,https://tarvike.com/product/vesuri-woodxpert-xa23-pitka-fiskars-149946,https://media.tarvike.com/product/images/149946/original/188473.webp,82.9,Pitempi varsi antaa iskuille enemmän voimaa ja mahdollistaa kahden käden otteen.,,Fiskars,
13099090001,"Säilytyslaatikko Classic 4 sisäosilla, transparent",https://tarvike.com/product/sailytyslaatikko-classic-4-sisaosilla-transparent-151981,https://media.tarvike.com/product/images/151981/original/189605.webp,7.49,"Pidä esimerkiksi kosmetiikka, korut, pienet lelut tai askartelu-ja toimistotarvikkeet sisäosien avulla järjestyksessä.",,Smartstore By Orthex,
1274354000,Husqvarna Varustereppu,https://tarvike.com/product/husqvarna-varustereppu-119937,https://media.tarvike.com/product/images/119937/original/156467.png,258.9,"Tästä monipuolisesta Husqvarnan varustelaukusta on moneksi. Sitä voidaan käyttää varusteiden kannon lisäksi myös matkalaukkuna tai reppuna. Älykäs ja käyttäjäystävällinen muotoilu sisältää ison etutaskun, kantokahvat sekä päällä että sivustoilla, useita nauhalenkkejä myös sisäpuolella sekä monta muuta taskua tavaroiden säilyttämiseen ja järjestelyyn - mukaan lukien helposti käden ulottuvilla oleva ensiapupakkaukselle varattu tasku. Hyvin pehmustetut ja tasapainotetut olkahihnat sekä erityismuovattu selkäosa tekevät laukusta todella mukavan kantaa samalla kun kestävä, vettä hylkivä kangas ja vahvistettu pohja suojaavat tavaroitasi säällä kuin säällä.",,Husqvarna,
12077346001,Ruiskusuutin,https://tarvike.com/product/ruiskusuutin-44532,https://media.tarvike.com/product/images/44532/original/17095.jpg,6.5,Pitkä malli Säädettävä vesisuihku Veden virtauksensäätö Max. virtaus 20 l/min,,IKH,
11944841002,Husqvarna Functional Kumiturvasaappaat,https://tarvike.com/product/kumiturvasaappaat-functional-28-46028,https://media.tarvike.com/product/images/46028/original/157092.png,164.0,49,,Husqvarna,
11943108002,Meganex Nokkakärry Klapikehikolla 150kg,https://tarvike.com/product/meganex-nokkakarry-klapikehikolla-150kg-205109,https://media.tarvike.com/product/images/205109/original/204872.webp,69.9,Meganex Nokkakärry Klapikehikolla 150kg.,,Meganex,
11926812001,Paineruiskukannu MARY 10,https://tarvike.com/product/paineruiskukannu-mary-10-149568,https://media.tarvike.com/product/images/149568/original/188869.webp,62.0,"Säiliö 10,75 l, max. täyttö 8,5 l.",,GDM Di Martino,
11623727000,Husqvarna Huoltosarja,https://tarvike.com/product/husqvarna-huoltosarja-163545,https://media.tarvike.com/product/images/163545/original/186548.webp,130.9,"Huoltosarja, jossa on ilmansuodatin, polttoainesuodatin, öljynsuodatin, sytytystulppa (x2) ja moottoriöljy (x2) - 100h.",,Husqvarna,
11623723000,Husqvarna Huoltosarja,https://tarvike.com/product/husqvarna-huoltosarja-163542,https://media.tarvike.com/product/images/163542/original/186542.webp,25.7,"Huoltosarja, jossa on sytytystulppa, ilmansuodatin ja polttoainesuodatin",,Husqvarna,
11623570000,"Pääpiirilevy, Tyyppi 7 Alennettu Iq",https://tarvike.com/product/paapiirilevy-tyyppi-7-alennettu-iq-80817,https://media.tarvike.com/product/images/80817/original/30585.png,380.1,"Sopii Husqvarna automower malleihin: 420, 430X, 440, 450X, 520, 550. Piirilevy on ohjelmoitava asennuksen jälkeen Husqvarna -valtuutetussa liikkeessä.",,Husqvarna,
11623568000,"Pääpiirilevy, PCBA AM230",https://tarvike.com/product/paapiirilevy-pcba-am230-80816,https://media.tarvike.com/product/images/80816/original/30583.png,322.7,Sopivuus Husqvarna Automower 230,,Husqvarna,
11623566000,"Pääpiirilevy, PCBA AM220",https://tarvike.com/product/paapiirilevy-pcba-am220-80815,https://media.tarvike.com/product/images/80815/original/30579.png,322.7,Sopivuus Husqvarna Automower 220,,Husqvarna,
11623564000,"Pääpiirilevy Automower AM310, 315, 315X",https://tarvike.com/product/paapiirilevy-automower-am310-315-315x-80814,https://media.tarvike.com/product/images/80814/original/30575.png,309.7,Huom. tämä osa on ohjelmoitava valtuutetussa Husqvarna -huoltokeskuksessa.,,Husqvarna,
11623532000,Husqvarna FS481V Kawasaki 11013-0752 Ilmansuodatin,https://tarvike.com/product/husqvarna-fs481v-kawasaki-11013-0752-ilmansuodatin-80649,https://media.tarvike.com/product/images/80649/original/144388.webp,46.2,Ilmansuodatin Element Kawasaki: 11013-0752,,Husqvarna,
11623530000,Etupyöräsarja P2 Automower -leikkureihin,https://tarvike.com/product/etupyorasarja-p2-automower-leikkureihin-80634,https://media.tarvike.com/product/images/80634/original/30375.png,51.3,"Etupyörä täydellinen 1kpl Husqvarna automower robottiruohonleikkureihin 330x , 550 EPOS , 420 , 440 , 520 , 550 , 430X , 320 ja 450X . Korvaa vanhan varaosanumeron 5816214-01",,Husqvarna,
11623522000,"Husqvarna Ruohonleikkurin Terä 56cm / 22"" PX3, tähtisovitus",https://tarvike.com/product/husqvarna-ruohonleikkurin-tera-56cm-22-px3-tahtisovitus-80602,https://media.tarvike.com/product/images/80602/original/30336.jpg,45.9,,,Husqvarna,
11623501000,"Kuljetussuoja, ruoho- ja vesakkoterät",https://tarvike.com/product/kuljetussuoja-ruoho-ja-vesakkoterat-80464,https://media.tarvike.com/product/images/80464/original/144389.webp,13.4,Tekee ruoho- ja vesakkoterien käytöstä turvallisempaa.,,Husqvarna,
11623493000,Husqvarna Huoltosarja FH641V/680V/721V Kawasaki,https://tarvike.com/product/husqvarna-huoltosarja-fh641v680v721v-kawasaki-80434,https://media.tarvike.com/product/placeholders/productImageComingSoong.jpg,269.4,"Husqvarna Huoltosarja FH641V/680V/721V huoltosarja. Sisältää: Sytytystulppa, ilmansuodatin, esisuodatin, polttoainesuodatin, öljynsuodatin sekä sylinterikannen tiiviste",,Husqvarna,
11623437000,"Husqvarna Klippo Terä Cross Cut 48 CM, 19""",https://tarvike.com/product/husqvarna-klippo-tera-cross-cut-48-cm-19-80264,https://media.tarvike.com/product/placeholders/productImageComingSoong.jpg,67.3,,,Husqvarna,
11623431000,Husqvarna Ruohonleikkurin Terä 52cm Bio Clip 53S/S Pro,https://tarvike.com/product/husqvarna-ruohonleikkurin-tera-52cm-bio-clip-53ss-pro-80224,https://media.tarvike.com/product/images/80224/original/29905.jpg,44.5,,,Husqvarna,
11623414000,"Nenäratassarja .3/8"" / 1,5 mm / 10T",https://tarvike.com/product/nenaratassarja-38-15-mm-10t-119584,https://media.tarvike.com/product/images/119584/original/155741.png,24.45,,,Husqvarna,
11623413000,"Sovelluskortti, PCBA-sovelluslevyn tyyppi 4",https://tarvike.com/product/sovelluskortti-pcba-sovelluslevyn-tyyppi-4-81157,https://media.tarvike.com/product/images/81157/original/30988.png,228.7,"Sopii Husqvarna Automower malleihin 405X, 415X.",,Husqvarna,
11623408000,"HMI-piirikortti, Tyyppi 13 bluetooth",https://tarvike.com/product/hmi-piirikortti-tyyppi-13-bluetooth-80824,https://media.tarvike.com/product/images/80824/original/30590.png,295.8,"Sopii Husqvarna Automower malleille 420, 430X, 440, 450X, 520, 550 (2019 -)",,Husqvarna,
11489225001,Lakaisuharja 75x600x51 mm puu pehmeä,https://tarvike.com/product/lakaisuharja-75x600x51-mm-puu-pehmea-155544,https://media.tarvike.com/product/images/155544/original/188755.webp,39.0,"Sekoitekuituharjas, pehmeä. Puurunko.",,Vikan,
11489223001,Alumiinivarsi moppiin 150 cm,https://tarvike.com/product/alumiinivarsi-moppiin-150-cm-155545,https://media.tarvike.com/product/images/155545/original/188754.webp,8.95,"Varsi Ø 22 mm, Pituus 1500mm.",,Vikan,
11489220001,Alumiinivarsi moppiin 100–180 cm,https://tarvike.com/product/alumiinivarsi-moppiin-100180-cm-155546,https://media.tarvike.com/product/images/155546/original/188750.webp,16.9,"Pituus 1000 - 1800 mm, säädettävä. Varsi Ø 26 mm.",,Vikan,
11489219001,Lattiakuivain 50 cm kiristysholkilla ja liinanpid.,https://tarvike.com/product/lattiakuivain-50-cm-kiristysholkilla-ja-liinanpid-155547,https://media.tarvike.com/product/images/155547/original/188749.webp,26.9,"Kuivaus, lakaisu, pyyhkiminen ja moppaus yhdellä välineellä.",,Vikan,
11120394002,Tukkisakset / Juontosakset 25cm,https://tarvike.com/product/tukkisakset-juontosakset-25cm-44755,https://media.tarvike.com/product/images/44755/original/17339.jpg,39.0,"Monipuolinen työkalu tukkien nostamiseen, vetämiseen ja juontamiseen. Sopii erinomaisesti vinssi- ja käsikäyttöön ja toimii erinomaisesti esimerkiksi mönkijöiden tukkikärryissä. Helppo käyttää yhdellä kädellä, ja kiinteä kahva suojaa sormia puristumiselta. Kahvassa olevaan reikään mahtuu kuormaliinan koukku, jolloin saat tarvittaessa kuormaliinan avulla vedettyä tukkia.",,,
11120333002,Lavor Märkä/kuivaimuri Pro Worker pölyluokka M,https://tarvike.com/product/lavor-markakuivaimuri-pro-worker-polyluokka-m-44576,https://media.tarvike.com/product/images/44576/original/17133.jpg,499.0,"Moottori 1400 W / 230 V Ohivirtausjäähdytys Ilmamäärä 70 l/s Alipaine 2400 mm/H2O 30 l säiliö iskunkestävää muovia (PP) Schuko -pistorasia työkaluja varten (max. 2200 W) Automaattinen suodattimen ravistustoiminto Puhallustoiminto HEPA-imusuodatin NANO TECH-pinnoitteella Soveltuu esim. kipsi-, kivi-, betoni-, kalkki-, maali, hionta- ja puupölyn imemiseen Vakiovarusteet: metalliset imuputket, imuletku 4 m, lattiasuulake, märkäsuulake, monihalkaisija työkalusovitin, rakosuulake, Hepa -suodatin Virtajohto 7,5 m Mitat 51 x 36 x 56 mm Pölyluokka M Paino varusteineen 11 kg",,Lavor,
11120327002,Varapolttimo 15W,https://tarvike.com/product/varapolttimo-15w-44570,https://media.tarvike.com/product/images/44570/original/17127.jpg,29.9,,,IKH,
11120310002,"Pikaliitin Aquastop universal, kumipinta",https://tarvike.com/product/pikaliitin-aquastop-universal-kumipinta-44530,https://media.tarvike.com/product/images/44530/original/17093.jpg,7.4,"Sopii eri kokoisille letkuille 1/2"" - 5/8"" - 3/4"" Nopea tapa liittää letku eri kastelulaitteisiin Automaattinen vedensulku",,IKH,
11120294002,Fiskars Betonilapio 1220mm,https://tarvike.com/product/fiskars-betonilapio-1220mm-44508,https://media.tarvike.com/product/images/44508/original/17075.jpg,30.3,"Hiekan, soran, betonin ja muiden rakennusaineiden lapiointiin Metallinen varsi ja terä Paino 2300 g Pituus 1220 mm",,Fiskars,
11120279002,Fiskars Oksasakset Ohileikkaava P321 Solid,https://tarvike.com/product/fiskars-oksasakset-ohileikkaava-p321-solid-44485,https://media.tarvike.com/product/images/44485/original/17024.jpeg,17.7,"Fiskars P321 Solid Oksasakset ovat kevyet ja käyttömukavat sakset oksien ja varsien leikkaamiseen ja siistimiseen. Ohileikkaava malli takaa siistin leikkuujäljen puutarhassa. Oksasaksista löytyy erikoiskova, huippuunsa hiottu terä, joka pysyy terävänä pitkään Terän lähes kitkaton pinnoite pitää ruosteen loitolla ja helpottaa leikkaamista FiberComp™-kahva ja sen SoftGrip™-pinnoite tuovat lisämukavuutta työskentelyyn Saksissa on helppokäyttöinen lukitusmekanismi, joka pitää leikkurin terän turvassa niin kuljetuksen kuin säilytyksenkin aikana Leikkuukapasiteetti Ø 20 mm",,Fiskars,
11120244002,Fiskars Kasteluletku Q4 20m/13mm,https://tarvike.com/product/fiskars-kasteluletku-q4-20m13mm-44471,https://media.tarvike.com/product/images/44471/original/17014.jpg,16.9,"Fiskars kasteluletku Q4 kevyt UV-suojattu korkeapainetestattu kiertymätön Ø 13 mm (1/2"") pituus 20 m",,Fiskars,
11120161002,Lumikola Mikko 80cm kattokola,https://tarvike.com/product/lumikola-mikko-80cm-kattokola-44431,https://media.tarvike.com/product/images/44431/original/16959.jpg,118.0,"Valmistettu kierrätyskelpoisesta vahvasta HD-polyeteenimuovista Muuten sama kola kuin Mikko 80 cm (ELUK80), mutta aisojen vääntölujuutta on saatu lisättyä 80% lisäämällä sivuihin metalliset jäykisteet Leveys 80 cm Paino 6,5 kg",,IKH,
11120155002,ProMotion Jääketjut pienkone 16x6-6-,https://tarvike.com/product/promotion-jaaketjut-pienkone-16x6-6--44426,https://media.tarvike.com/product/images/44426/original/16962.jpg,50.0,"Kevyt ketju esim. lumilinkoon tai puutarhatraktoriin Materiaali 4,5 mm kierretty ketju Helppo asentaa Pakattu kangaspussiin",,IKH,
11120112002,"ARTUB Taloustikas 7-askelmaa, Alumiini",https://tarvike.com/product/artub-taloustikas-7-askelmaa-alumiini-44389,https://media.tarvike.com/product/images/44389/original/16888.jpg,103.0,ARTUB Taloustikakaissa on seitsemän askelmaa. Tikkaat on valmistettu alumiinirungosta ja askelmat ja työtaso on sinkittyä terästä.,,IKH,
10897767001,Betonimylly 180L,https://tarvike.com/product/betonimylly-180l-149025,https://media.tarvike.com/product/images/149025/original/188203.webp,410.0,Teho 800 W / 230V.,,Espina,
10711914000,Pyörä 4.00X8 4PR ST11 HD Met/Neulalaakeri,https://tarvike.com/product/pyora-400x8-4pr-st11-hd-metneulalaakeri-155958,https://media.tarvike.com/product/images/155958/original/180729.webp,50.0,,,,
10711908000,Pyörä 16X6.50-8 4PR Deestone D265 4-pulttinen,https://tarvike.com/product/pyora-16x650-8-4pr-deestone-d265-4-pulttinen-149175,https://media.tarvike.com/product/images/149175/original/180751.webp,105.0,Pyörä 16X6.50-8 4PR Deestone D265.,,Deestone,
10606317002,Betonilapio Solid,https://tarvike.com/product/betonilapio-solid-145329,https://media.tarvike.com/product/images/145329/original/176827.webp,29.99,Hinta-laatusuhteeltaan erinomainen Fiskars Solid+ betonilapio sopii joka puutarhaan.,,Fiskars,
10245127000,Vetohihna A44,https://tarvike.com/product/vetohihna-a44-156070,https://media.tarvike.com/product/images/156070/original/180535.jpeg,35.4,1118LI,,IKH,
10245126000,Vetohihna Z 1000LI,https://tarvike.com/product/vetohihna-z-1000li-156071,https://media.tarvike.com/product/images/156071/original/180534.jpeg,11.0,(1025LW),,Espina,
10245125000,Narukäynnistin G200F,https://tarvike.com/product/narukaynnistin-g200f-156072,https://media.tarvike.com/product/images/156072/original/180533.webp,46.0,,,Espina,
10245119000,Silikoniletku 8X14mm,https://tarvike.com/product/silikoniletku-8x14mm-156080,https://media.tarvike.com/product/images/156080/original/180519.jpeg,13.1,"3m, Sininen",,IKH,
10245118000,Silikoniletku 7X13mm,https://tarvike.com/product/silikoniletku-7x13mm-156079,https://media.tarvike.com/product/images/156079/original/180519.jpeg,10.1,"3m, Sininen",,IKH,
10245109000,Vetohihna,https://tarvike.com/product/vetohihna-156107,https://media.tarvike.com/product/images/156107/original/180496.jpeg,9.0,O-560/ 3L-240,,WOODTEC,
101995000,"Oksasaha 300 ST, suora",https://tarvike.com/product/oksasaha-300-st-suora-121890,https://media.tarvike.com/product/images/121890/original/159104.png,50.9,"Husqvarnan kiinteän 300 ST -sahan kokonaispituus on 400 mm, ja se edustaa Husqvarnan sahojen uutta sukupolvea.",,Husqvarna,
10056281002,"Husqvarna Automower® 435X AWD NERA, sis. EPOS plug-in",https://tarvike.com/product/husqvarna-automower-435x-awd-nera-sis-epos-plug-in-110256,https://media.tarvike.com/product/images/110256/original/160254.png,6299.0,"Husqvarna Automower® 435X AWD NERA langattomalla teknologialla on robottiruohonleikkuri, jolla on erinomainen rinnehallinta sekä kyky toimia hankalassakin maastossa ja leikata jopa 3 500 m²:n nurmialueita. Jyrkkyydeltään jopa 70 %:n rinteet hoituvat nelivedolla, ja nivelletty runko mahdollistaa erinomaisen ohjattavuuden ja vetopidon vaativissa maastoissa ja kapeissa kulkuväylissä. Sisältää Latausasema Varaterät 6kpl Virtalähde Matalajännitekaapeli 10m",,Husqvarna,
4955764000,"Kottikärryn Rengas 4.00 - 4, TT 4-pr, HF207",https://tarvike.com/product/kottikarryn-rengas-400-4-tt-4-pr-hf207-79252,https://media.tarvike.com/product/images/79252/original/28229.jpg,15.4,Kottikärryn rengas Koko 4.00 - 4,,,
2511523000,"Tract Siimapää, Speed-Feed, Tap N Go, Ø 3,75"" / 95mm, Yleismalli",https://tarvike.com/product/tract-siimapaa-speed-feed-tap-n-go-375-95mm-yleismalli-133461,https://media.tarvike.com/product/images/133461/original/171673.jpg,12.2,"Tract Siimapää, Speed-Feed, Tap N Go, Ø 3,75"" / 95mm, Yleismalli",,,
8289882002,"Deli Rengas, 13 x 5.00 - 6 TT 4-pr, S-365",https://tarvike.com/product/deli-rengas-13-x-500-6-tt-4-pr-s-365-134944,https://media.tarvike.com/product/images/134944/original/171937.jpg,34.8,Ulkorengas 13x5-6,,Deli,
4960903000,Bronco Puunhalkaisukone 22t Sähköstartilla,https://tarvike.com/product/bronco-puunhalkaisukone-22t-sahkostartilla-103077,https://media.tarvike.com/product/images/103077/original/144334.jpg,1990.0,"Broncon puunhalkaisukone tekee puunkäsittelystä helppoa. 22 tonnin halkaisuvoimalla se halkaisee halkaisijaltaan 400 mm ja pituudeltaan 610 mm tukkeja. Voidaan käyttää sekä vaaka- että pystysuorassa. Toimitetaan ilman akkua ja hydrauliöljyä. Suosittelemme akkua 140-300879 ja hydrauliöljyä Mobil Univis 32, Shell Tellus 32, Neste Hydraulic 32 tai vastaavaa.",,Bronco,
4955826000,Sisärengas 11 x 4.00 - 4 TR87,https://tarvike.com/product/sisarengas-11-x-400-4-tr87-79281,https://media.tarvike.com/product/images/79281/original/28275.jpg,7.7,Puutarhakoneiden/Kottikärryn sisärengas Koko 11 x 4.00 - 4,,,
4955818000,Sisärengas 3.50/4.00 - 4 TR87,https://tarvike.com/product/sisarengas-350400-4-tr87-79277,https://media.tarvike.com/product/images/79277/original/28262.jpg,7.1,Puutarhakoneiden/Kottikärryn sisärengas Koko 3.50/4.00 - 4,,,
4955814000,"Ruohonleikkurin Rengas 23 x 10.50 - 12, TL 4-pr, HF224",https://tarvike.com/product/ruohonleikkurin-rengas-23-x-1050-12-tl-4-pr-hf224-79275,https://media.tarvike.com/product/images/79275/original/28253.jpg,204.0,Ruohonleikkurin rengas Koko 23 x 10.50 - 12,,,
4955769000,"Lumilingon Rengas 4.10 - 4, TL 2-pr, HF271",https://tarvike.com/product/lumilingon-rengas-410-4-tl-2-pr-hf271-79255,https://media.tarvike.com/product/images/79255/original/28240.jpg,31.2,Lumilingon rengas Koko 4.10 - 4,,,
4955767000,"Kottikärryn Rengas 4.80/4.00 - 8, TT 4-pr, HF207",https://tarvike.com/product/kottikarryn-rengas-480400-8-tt-4-pr-hf207-79254,https://media.tarvike.com/product/images/79254/original/28235.jpg,21.7,Kottikärryn rengas Koko 4.80/4.00 - 8,,,
4955765000,"Kottikärryn Rengas 4.00 - 6, TT 4-pr, HF207",https://tarvike.com/product/kottikarryn-rengas-400-6-tt-4-pr-hf207-79253,https://media.tarvike.com/product/images/79253/original/28233.jpg,19.1,Kottikärryn rengas Koko 4.00 - 6,,,
15154294000,"Kaasuttimen kalvosarja, Walbro D10-WAT, Echo / Husq. / Jons. / Partner / Stihl",https://tarvike.com/product/kaasuttimen-kalvosarja-walbro-d10-wat-echo-husq-jons-partner-stihl-133452,https://media.tarvike.com/product/images/133452/original/171664.jpg,8.5,"Laadukas kalvosarja, joka kestää myös uudenaikaiset polttoaineet",,,
4955843000,Sisärengas 20 x 8.00/10.00-  10 TR13,https://tarvike.com/product/sisarengas-20-x-8001000-10-tr13-79289,https://media.tarvike.com/product/images/79289/original/28267.jpg,20.7,Puutarhakoneiden/Kottikärryn sisärengas Koko 20 x 8.00/10.00 - 10,,,
4955830000,Sisärengas 13 x 6.50 - 6 TR87,https://tarvike.com/product/sisarengas-13-x-650-6-tr87-79283,https://media.tarvike.com/product/images/79283/original/28282.jpg,11.4,Puutarhakoneiden/Kottikärryn sisärengas Koko 13 x 6.50 - 6,,,
4955810000,"Ruohonleikkurin Rengas 20 x 8.00 - 10, TL 4-pr, LG306",https://tarvike.com/product/ruohonleikkurin-rengas-20-x-800-10-tl-4-pr-lg306-79273,https://media.tarvike.com/product/images/79273/original/28263.jpg,137.0,Ruohonleikkurin rengas Koko 20 x 8.00 - 10,,,
19177313002,Bronco Niittyleikkuri ATVM-120,https://tarvike.com/product/bronco-niittyleikkuri-atvm-120-79413,https://media.tarvike.com/product/images/79413/original/28484.jpg,2525.0,"Broncon bang for the buck flail -leikkurin avulla leikkaat pitkän ruohon ja tiheän kasvillisuuden yksinkertaisesti ja tehokkaasti. Avopellot, aitaukset ja tiet metsässä - Ei ongelmia! Voit laittaa sen suoraan mönkijän taakse tai siirtämällä vetoaisaa jommallekummalle puolelle päästäksesi helpommin lähelle aitoja tai ojia. 13,5 hv:n B&S-moottorilla ja 28 räjähdyksellä työ sujuu mukavasti. Leikkuukorkeus 40-95mm.",,Bronco,
4955481000,"Husqvarna Ruohonleikkurin Bio-tulppa 38"" (97 cm)",https://tarvike.com/product/husqvarna-ruohonleikkurin-bio-tulppa-38-97-cm-81215,https://media.tarvike.com/product/images/81215/original/158847.png,11.9,Sisältää ainoastaan bioleikkuulevyn ja kiinnitystarvikkeet. Leikkurissa on oltava bioleikkuuterät.,,Husqvarna,
9575696002,Husqvarna R 112C5 ajoleikkuri,https://tarvike.com/product/husqvarna-r-112c5-ajoleikkuri-81300,https://media.tarvike.com/product/images/81300/original/159084.png,3279.0,"Jos haluat aidon Husqvarna Riderin, jolla on helppo leikata kukkapenkkien, pensaiden, puiden ja muiden nurmikolla olevien esteiden ympärykset, on Husqvarna R 112C5 oikea valinta. Leikkurin kompakti rakenne varmistaa helpon käsittelyn ahtaissakin paikoissa ja helpottaa varastointia. Ketterän ajoleikkurin pito on erinomainen myös rinteissä ja märällä alustalla. Takarunko-ohjaus minimoi kääntösäteen. Edessä oleva leikkuulaite takaa loistavan näkyvyyden leikattavalle alueelle.",,Husqvarna,
9963002001,Husqvarna Huoltosarja,https://tarvike.com/product/husqvarna-huoltosarja-163262,https://media.tarvike.com/product/images/163262/original/186384.webp,53.6,"Huoltosarja, jossa on ilmansuodatin, polttoainesuodatin, sytytystulppa ja moottoriöljy.",,Husqvarna,
9722756002,"Teräketju H25 / .325"" / 1,5 mm",https://tarvike.com/product/teraketju-h25-325-15-mm-177824,https://media.tarvike.com/product/images/177824/original/202578.webp,10.0,"Kestävä ja lujatekoinen teräketju, jossa on lievempi takapotku",,Husqvarna,
9722755002,"Laippa 10"" .3/8 40L SN/A",https://tarvike.com/product/laippa-10-38-40l-sna-177774,https://media.tarvike.com/product/images/177774/original/203923.png,37.9,,,Husqvarna,
9721781002,"Husqvarna Aspire™ BVX-P4A Lehtipuhallin, sis. akku ja laturi",https://tarvike.com/product/husqvarna-aspire-bvx-p4a-lehtipuhallin-sis-akku-ja-laturi-177582,https://media.tarvike.com/product/images/177582/original/204135.webp,309.0,"Husqvarna Aspire™ BVX-P4A on kätevän kompakti ja tehokas akkukäyttöinen puhallin ja imuri pienille pihoille. Mekaanisella kytkimellä voi vaihtaa helposti puhallus- ja imurointitilojen välillä ilman työkaluja tai turhaa säätöä. BVX-P4A on tasapainotettu ergonomista käyttöä varten, ja siinä on tehokas hiiliharjaton moottori, joka takaa pitkäkestoisen suorituskyvyn ja minimaalisen huoltotarpeen.",,Husqvarna,
9721778002,"Husqvarna Aspire™ BVX-P4A Lehtipuhallin, ei sis. akku ja laturi",https://tarvike.com/product/husqvarna-aspire-bvx-p4a-lehtipuhallin-ei-sis-akku-ja-laturi-177581,https://media.tarvike.com/product/images/177581/original/204132.webp,209.0,"Husqvarna Aspire™ BVX-P4A on kätevän kompakti ja tehokas akkukäyttöinen puhallin ja imuri pienille pihoille. Mekaanisella kytkimellä voi vaihtaa helposti puhallus- ja imurointitilojen välillä ilman työkaluja tai turhaa säätöä. BVX-P4A on tasapainotettu ergonomista käyttöä varten, ja siinä on tehokas hiiliharjaton moottori, joka takaa pitkäkestoisen suorituskyvyn ja minimaalisen huoltotarpeen.",,Husqvarna,
9721773002,"Husqvarna 122iB Lehtipuhallin, ei sis. akku ja laturi",https://tarvike.com/product/husqvarna-122ib-lehtipuhallin-ei-sis-akku-ja-laturi-177578,https://media.tarvike.com/product/images/177578/original/204114.webp,154.0,"Husqvarna 122iB on kevyt ja helppokäyttöinen akkukäyttöinen lehtipuhallin, joka sopii pienten ja keskisuurten pihojen hoitoon. Kolme eri tilaa tarjoavat optimaalista suorituskykyä erilaisissa töissä, kevyistä tehtävistä aina täyttä tehoa vaativiin töihin. Kompakti muotoilu, pehmeät kädensijat, kevyt paino ja täydellinen tasapaino mahdollistavat erinomaisen ergonomian ja mukavan työskentelyn.",,Husqvarna,
9721768002,Husqvarna 125BVx Lehtipuhallin,https://tarvike.com/product/husqvarna-125bvx-lehtipuhallin-177576,https://media.tarvike.com/product/images/177576/original/204103.webp,459.0,"Husqvarna 125BVx on tehokas käsikäyttöinen lehtipuhallin, jossa yhdistyvät suuri puhallusteho ja helppokäyttöisyys. Se on ihanteellinen bensiinikäyttöinen puhallin ja puutarhaimuri omakotiasujille. Monipuolisessa työkalussa on sekä pyöreä että litteä suutin. Pyöreä suutin tuottaa laajemman ilmavirran suurempien alueiden raivaamiseen, kun taas litteä suutin kasvattaa tarvittaessa ilman virtausta ja tarkkuutta. Lisäksi mukana toimitettava imusarja muuntaa lehtipuhaltimen puutarhaimuriksi, mikä tekee laitteesta entistä monipuolisemman. Tehokkaan suorituskyvyn ja ergonomisen muotoilun ansiosta 125BVx on luotettava työkalu siistin pihan ylläpitämiseen.",,Husqvarna,
9721766002,Husqvarna 125B Lehtipuhallin,https://tarvike.com/product/husqvarna-125b-lehtipuhallin-177575,https://media.tarvike.com/product/images/177575/original/204104.webp,359.0,"Husqvarna 125B on tehokas bensiinikäyttöinen puhallin, jossa yhdistyvät suuri puhallusteho ja helppokäyttöisyys. Se on ihanteellinen valinta omakotiasujille. Tasapainoinen ja kevyt lehtipuhallin on suunniteltu helposti ohjattavaksi, sen ilmanpoistoaukon asettelun avulla. Olipa kyse lehtien puhaltamisesta pois puutarhasta tai pihatien siivoamisesta, 125B takaa mukavan ja miellyttävän käyttökokemuksen. Tehokas ja ergonominen lehtipuhallin on luotettava työkalu siistin pihan ylläpitämiseen. Monipuolisessa työkalussa on sekä pyöreä että litteä suutin. Pyöreä suutin tuottaa laajemman ilmavirran suurempien alueiden raivaamiseen, kun taas litteä suutin kasvattaa tarvittaessa ilman virtausta ja tarkkuutta.",,Husqvarna,
9721765002,"Husqvarna Aspire™ B8X-P4A, ei sis. akkua ja laturia",https://tarvike.com/product/husqvarna-aspire-b8x-p4a-ei-sis-akkua-ja-laturia-177573,https://media.tarvike.com/product/images/177573/original/204102.webp,144.0,"Tee pihan siistimisestä helppoa ja tehokasta 18 V:n akkua käyttävällä Husqvarna Aspire™ B8X-P4A -lehtipuhaltimella, joka on kompakti, suorituskykyinen ja kätevä säilyttää. Säädettävän, 3-portaisen nopeusasetuksen ansiosta se tuottaa aina oikean tehon kaikkeen herkistä kukkapenkeistä nurmikon märkiin lehtiin.",,Husqvarna,
9721528002,"Husqvarna Aspire™ P8X-P4A Harvennussaha + Aspire™-jatkovarsi, sis. akku ja laturi",https://tarvike.com/product/husqvarna-aspire-p8x-p4a-harvennussaha-aspire-jatkovarsi-sis-akku-ja-laturi-177637,https://media.tarvike.com/product/images/177637/original/204084.webp,459.0,"Husqvarna Aspire P8X-P4A on kompakti akkukäyttöinen puutarhasaha, joka on suunniteltu pihapuiden oksien vaivattomaan karsimiseen. Sitä voi tarvittaessa käyttää yhdessä Aspire™-jatkovarren kanssa, joka on yhteensopiva useiden Aspire™-työkalujen kanssa.",,Husqvarna,
9721527002,"Husqvarna Aspire™ P8X-P4A Harvennussaha + Aspire™-jatkovarsi, ei sis. akkua ja laturia",https://tarvike.com/product/husqvarna-aspire-p8x-p4a-harvennussaha-aspire-jatkovarsi-ei-sis-akkua-ja-laturia-177636,https://media.tarvike.com/product/images/177636/original/204084.webp,339.0,"Husqvarna Aspire P8X-P4A on kompakti akkukäyttöinen puutarhasaha, joka on suunniteltu pihapuiden oksien vaivattomaan karsimiseen. Sitä voi tarvittaessa käyttää yhdessä Aspire™-jatkovarren kanssa, joka on yhteensopiva useiden Aspire™-työkalujen kanssa.",,Husqvarna,
9721526002,"Husqvarna Aspire™ P8X-P4A Harvennussaha, sis akku ja laturi",https://tarvike.com/product/husqvarna-aspire-p8x-p4a-harvennussaha-sis-akku-ja-laturi-177635,https://media.tarvike.com/product/images/177635/original/204087.png,449.0,"Husqvarna Aspire P8X-P4A on kompakti akkukäyttöinen puutarhasaha, joka on suunniteltu pihapuiden oksien vaivattomaan karsimiseen. Sitä voi tarvittaessa käyttää yhdessä Aspire™-jatkovarren kanssa, joka on yhteensopiva useiden Aspire™-työkalujen kanssa.",,Husqvarna,
9721525002,"Husqvarna Aspire™ P8X-P4A Harvennussaha, ei sis. akkua ja laturia",https://tarvike.com/product/husqvarna-aspire-p8x-p4a-harvennussaha-ei-sis-akkua-ja-laturia-177634,https://media.tarvike.com/product/images/177634/original/204087.png,329.0,"Husqvarna Aspire P8X-P4A on kompakti akkukäyttöinen puutarhasaha, joka on suunniteltu pihapuiden oksien vaivattomaan karsimiseen. Sitä voi tarvittaessa käyttää yhdessä Aspire™-jatkovarren kanssa, joka on yhteensopiva useiden Aspire™-työkalujen kanssa.",,Husqvarna,
9721524002,"Husqvarna Aspire™ P5-P4A Harvennussaha + Aspire™ pole-P4A, ei sis akkua ja laturin",https://tarvike.com/product/husqvarna-aspire-p5-p4a-harvennussaha-aspire-pole-p4a-ei-sis-akkua-ja-laturin-177633,https://media.tarvike.com/product/images/177633/original/204090.webp,209.0,"Husqvarna Aspire™ P5-P4A on tehokas ja tarkka akkukäyttöinen puutarhasaha, jolla pystyy leikkaamaan jopa 75mm paksuisia oksia. Kompaktin ja kevyen runkonsa ansiosta sahaa on todella helppo käyttää ja sitä voi joko käyttää käsisahana tai sen voi näppärästi liittää teleskooppiseen jatkovarteen, jonka avulla sahalla voi leikata jopa 3 metrin korkeudessa olevia oksia.",,Husqvarna,
9721522002,"Husqvarna Aspire™ P5-P4A puutarhasaha, sis. akun ja laturin",https://tarvike.com/product/husqvarna-aspire-p5-p4a-puutarhasaha-sis-akun-ja-laturin-177631,https://media.tarvike.com/product/images/177631/original/204091.webp,209.0,"Kompakti kannettava puutarhasaha, joka sopii täydellisesti puiden karsimiseen, puutarhajätteen pienimiseen sekä muihin pienimuotoisiin puutöihin. Tämä laajan moottorisahakokemuksemme pohjalta kehitetty, monikäyttöinen ja pienikokoinen saha pystyy leikkaamaan jopa 75mm paksuisia oksia. Sahan ketjun ja terälevyn pystyy vaihtamaan helposti ja täysin ilman työkaluja. Tuotteen turvallisuutta lisäämään on suunniteltu käsien otetta parantava kahva ja automaattinen sammutus, joka aktivoituu mikäli tuote vahingossa jäisi käyntiin ilman valvontaa. Tuotteen varastointi on tehty helpoksi mukana tulevalla koukulla ja se on osa 18V POWER FOR ALL -akkujärjestelmää.",,Husqvarna,
9721521002,"Husqvarna Aspire™ P5-P4A Puutarhasaha, ei sis akkua ja laturia",https://tarvike.com/product/husqvarna-aspire-p5-p4a-puutarhasaha-ei-sis-akkua-ja-laturia-177630,https://media.tarvike.com/product/images/177630/original/204091.webp,129.0,"Kompakti kannettava puutarhasaha, joka sopii täydellisesti puiden karsimiseen, puutarhajätteen pienimiseen sekä muihin pienimuotoisiin puutöihin. Tämä laajan moottorisahakokemuksemme pohjalta kehitetty, monikäyttöinen ja pienikokoinen saha pystyy leikkaamaan jopa 75 mm paksuisia oksia. Sahan ketjun ja terälevyn pystyy vaihtamaan helposti ja täysin ilman työkaluja. Tuotteen turvallisuutta lisäämään on suunniteltu käsien otetta parantava kahva ja automaattinen sammutus, joka aktivoituu mikäli tuote vahingossa jäisi käyntiin ilman valvontaa. Tuotteen varastointi on tehty helpoksi mukana tulevalla koukulla ja se on osa 18V POWER FOR ALL -akkujärjestelmää.",,Husqvarna,
9721518002,Husqvarna Suojalasit,https://tarvike.com/product/suojalasit-clear-x-45135,https://media.tarvike.com/product/images/45135/original/204096.webp,17.8,"Suojalasit, Clear X",,Husqvarna,
9721517002,"Husqvarna Aspire™ PS30X-P4A Puutarhasaha + Aspire™-jatkovarsi, sis. akku ja laturi",https://tarvike.com/product/husqvarna-aspire-ps30x-p4a-puutarhasaha-aspire-jatkovarsi-sis-akku-ja-laturi-177641,https://media.tarvike.com/product/images/177641/original/204072.webp,319.0,"Akkukäyttöiset Husqvarna Aspire™ PS30X-P4A -oksasakset ovat kompakti ja tehokas työkalu tarkkaan ja tehokkaaseen leikkaamiseen pihatöissä. Niitä voi käyttää sekä itsenäisesti että Aspire™-jatkovarren kanssa, joten ne ovat helppo, mukava ja tehokas työkalu oksien karsimiseen. Terät seuraavat liipaisinta koko ajan, mikä takaa täydellisen hallitut leikkaukset. Kestävä hiiliharjaton moottori on suunniteltu pitkäaikaiseen käyttöön. Se on erittäin tehokas ja vaatii vähemmän huoltoa kuin harjalliset moottorit.",,Husqvarna,
9721516002,"Husqvarna Aspire™ PS30X-P4A Puutarhasaha + Aspire™-jatkovarsi, ei sis akku ja laturi",https://tarvike.com/product/husqvarna-aspire-ps30x-p4a-puutarhasaha-aspire-jatkovarsi-ei-sis-akku-ja-laturi-177640,https://media.tarvike.com/product/images/177640/original/204076.webp,259.0,"Akkukäyttöiset Husqvarna Aspire™ PS30X-P4A -oksasakset ovat kompakti ja tehokas työkalu tarkkaan ja tehokkaaseen leikkaamiseen pihatöissä. Niitä voi käyttää sekä itsenäisesti että Aspire™-jatkovarren kanssa, joten ne ovat helppo, mukava ja tehokas työkalu oksien karsimiseen. Terät seuraavat liipaisinta koko ajan, mikä takaa täydellisen hallitut leikkaukset. Kestävä hiiliharjaton moottori on suunniteltu pitkäaikaiseen käyttöön. Se on erittäin tehokas ja vaatii vähemmän huoltoa kuin harjalliset moottorit.",,Husqvarna,
9721515002,"Husqvarna Aspire™ PS30X-P4A Puutarhasaha, sis. akku ja laturi",https://tarvike.com/product/husqvarna-aspire-ps30x-p4a-puutarhasaha-sis-akku-ja-laturi-177639,https://media.tarvike.com/product/images/177639/original/204080.webp,249.0,"Akkukäyttöiset Husqvarna Aspire™ PS30X-P4A -oksasakset ovat kompakti ja tehokas työkalu tarkkaan ja tehokkaaseen leikkaamiseen pihatöissä. Niitä voi tarvittaessa käyttää yhdessä Aspire™-jatkovarren kanssa, joten ne ovat helppo, mukava ja tehokas työkalu oksien karsimiseen. Terät seuraavat liipaisinta koko ajan, mikä takaa täydellisen hallitut leikkaukset. Kestävä hiiliharjaton moottori on suunniteltu pitkäaikaiseen käyttöön. Se on erittäin tehokas ja vaatii vähemmän huoltoa kuin harjalliset moottorit.",,Husqvarna,
9721514002,"Husqvarna Aspire™ PS30X-P4A Puutarhasaha, ei sis. akkua ja laturia",https://tarvike.com/product/husqvarna-aspire-ps30x-p4a-puutarhasaha-ei-sis-akkua-ja-laturia-177638,https://media.tarvike.com/product/images/177638/original/204080.webp,179.0,"Akkukäyttöiset Husqvarna Aspire™ PS30X-P4A -oksasakset ovat kompakti ja tehokas työkalu tarkkaan ja tehokkaaseen leikkaamiseen pihatöissä. Niitä voi tarvittaessa käyttää yhdessä Aspire™-jatkovarren kanssa, joten ne ovat helppo, mukava ja tehokas työkalu oksien karsimiseen. Terät seuraavat liipaisinta koko ajan, mikä takaa täydellisen hallitut leikkaukset. Kestävä hiiliharjaton moottori on suunniteltu pitkäaikaiseen käyttöön. Se on erittäin tehokas ja vaatii vähemmän huoltoa kuin harjalliset moottorit.",,Husqvarna,
9660980001,"Rakennusteline First5 TK 4,40M",https://tarvike.com/product/rakennusteline-first5-tk-440m-148964,https://media.tarvike.com/product/images/148964/original/185823.webp,549.0,"Soveltuu sisä- ja ulkokäyttöön, voidaan käyttää myös portaissa",,,
9660977001,"Tikas Teleskooppi 3,8M Prof.",https://tarvike.com/product/tikas-teleskooppi-38m-prof-148958,https://media.tarvike.com/product/images/148958/original/185820.webp,299.0,Monikäyttöinen tikas sisä- ja ulkokäyttöön,,IKH,
9569197002,"Husqvarna Aspire™  T28 2P, 18-B72+18-C70 ruohotrimmeri, sis. akun ja laturin",https://tarvike.com/product/husqvarna-aspire-t28-2p-18-b7218-c70-ruohotrimmeri-sis-akun-ja-laturin-177607,https://media.tarvike.com/product/images/177607/original/204017.webp,249.0,"Tässä 18 V:n akkua käyttävässä trimmerissä on kaksoissiima, ja se leikkaa reunat siististi hyvällä tehokkuudella. Husqvarna Aspire™ T28-P4A on suunniteltu pieniin tiloihin, ja sen säilytys on helppoa mukana tulevan koukun avulla. Kaarikahva ja teleskooppirunko voidaan säätää mukavaan työasentoon. Hyödy käytännöllisistä ominaisuuksista: automaattinen syöttö pitää siiman pituuden optimaalisena työskennellessä, metallinen kasvisuoja suojaa kukkaistutuksia ja puita ja automaattinen sammutus parantaa turvallisuutta, kun ruohotrimmeriä ei käytetä.",,Husqvarna,
9569196002,"Husqvarna Aspire™ T28, 18-B45 + 18-C70 ruohotrimmeri, sis. akun ja laturin",https://tarvike.com/product/husqvarna-aspire-t28-18-b45-18-c70-ruohotrimmeri-sis-akun-ja-laturin-177606,https://media.tarvike.com/product/images/177606/original/204017.webp,218.9,"Tässä 18 V:n akkua käyttävässä trimmerissä on kaksoissiima, ja se leikkaa reunat siististi hyvällä tehokkuudella. Husqvarna Aspire™ T28-P4A on suunniteltu pieniin tiloihin, ja sen säilytys on helppoa mukana tulevan koukun avulla. Kaarikahva ja teleskooppirunko voidaan säätää mukavaan työasentoon. Hyödy käytännöllisistä ominaisuuksista: automaattinen syöttö pitää siiman pituuden optimaalisena työskennellessä, metallinen kasvisuoja suojaa kukkaistutuksia ja puita ja automaattinen sammutus parantaa turvallisuutta, kun ruohotrimmeriä ei käytetä.",,Husqvarna,
9569190002,Husqvarna 525LK Mark II Ruohotrimmeri,https://tarvike.com/product/husqvarna-525lk-mark-ii-ruohotrimmeri-177614,https://media.tarvike.com/product/images/177614/original/203924.webp,599.0,"Husqvarna 525LK Mark II on tukeva, erittäin monipuolinen 25-kuutioinen bensiinikäyttöinen yhdistelmätrimmeri, johon voi liittää monenlaisia Husqvarna-yhdistelmätrimmereiden lisälaitteita. Vaihtamalla lisälaitetta sitä voi käyttää esimerkiksi ruohonleikkuuseen, karsimiseen, pensaiden leikkuuseen, reunojen siistimiseen ja lehtien puhaltamiseen. Yhdistelmätrimmerissä on tankkauskertoja vähentävä suuri polttoainesäiliö ja kevyt, tasapainoinen rakenne, joten se sopii erinomaisesti toistuvaan käyttöön kaupallisissa kohteissa. Sen voi yhdistää helposti Husqvarna Fleet Services -palveluun liitäntälaitteella, joka on saatavilla lisävarusteena. Mukana toimitetaan trimmerilisälaite.",,Husqvarna,
9569189002,Husqvarna 525LK Mark II Ruohotrimmeri,https://tarvike.com/product/husqvarna-525lk-mark-ii-ruohotrimmeri-177613,https://media.tarvike.com/product/images/177613/original/203924.webp,549.0,"Husqvarna 525LK Mark II on tukeva, erittäin monipuolinen 25-kuutioinen bensiinikäyttöinen yhdistelmätrimmeri, johon voi liittää monenlaisia Husqvarna-yhdistelmätrimmereiden lisälaitteita. Vaihtamalla lisälaitetta sitä voi käyttää esimerkiksi ruohonleikkuuseen, karsimiseen, pensaiden leikkuuseen, reunojen siistimiseen ja lehtien puhaltamiseen. Yhdistelmätrimmerissä on tankkauskertoja vähentävä suuri polttoainesäiliö ja kevyt, tasapainoinen rakenne, joten se sopii erinomaisesti toistuvaan käyttöön kaupallisissa kohteissa. Sen voi yhdistää helposti Husqvarna Fleet Services -palveluun liitäntälaitteella, joka on saatavilla lisävarusteena. Mukana toimitetaan trimmerilisälaite.",,Husqvarna,
9569188002,"Husqvarna 215iL Tri-Cut Ruohotrimmeri, Ei sis. Akkua ja laturia",https://tarvike.com/product/husqvarna-215il-tri-cut-ruohotrimmeri-ei-sis-akkua-ja-laturia-177612,https://media.tarvike.com/product/images/177612/original/203925.webp,229.0,"Husqvarna 215iL on akkukäyttöinen ruohotrimmeri, joka on hyvin tasapainotettu ja helppo hallita. Sillä voi leikata kaikkea nurmikon reunoista aina suurten pihojen pitkään ruohikkoon. Monipuolisen Tri-Cut-terälaitteen muoviterät sopivat erinomaisesti leikkuun viimeistelyyn, tiheän ruohikon leikkaamiseen sekä pusikkoisten tai kivisten alueiden ylläpitoon. Kätevät muoviterät on myös erittäin helppo vaihtaa. Teleskooppivartta on helppo säätää eri käyttäjille hyvän ergonomian takaamiseksi, ja se helpottaa säilytystä ja kuljetusta. Ruohotrimmerin helppokäyttöisen näppäimistön ja Tri-Cut-terälaitteen avulla ruohon trimmaus on kätevää ja helppoa. Tri-Cut-terälaitteen savE™ -ominaisuus pidentää akun kestoa ja takaa tehokkuuden ja luotettavuuden pitkäkestoisissa tehtävissä.",,Husqvarna,
9569187002,"Husqvarna 215iL Tri-Cut ruohotrimmeri, sis.akku ja laturi",https://tarvike.com/product/husqvarna-215il-tri-cut-ruohotrimmeri-sisakku-ja-laturi-177611,https://media.tarvike.com/product/images/177611/original/203967.webp,339.0,"Husqvarna 215iL on akkukäyttöinen ruohotrimmeri, joka on hyvin tasapainotettu ja helppo hallita. Sillä voi leikata kaikkea nurmikon reunoista aina suurten pihojen pitkään ruohikkoon. Monipuolisen Tri-Cut-terälaitteen muoviterät sopivat erinomaisesti leikkuun viimeistelyyn, tiheän ruohikon leikkaamiseen sekä pusikkoisten tai kivisten alueiden ylläpitoon. Kätevät muoviterät on myös erittäin helppo vaihtaa. Teleskooppivartta on helppo säätää eri käyttäjille hyvän ergonomian takaamiseksi, ja se helpottaa säilytystä ja kuljetusta. Ruohotrimmerin helppokäyttöisen näppäimistön ja Tri-Cut-terälaitteen avulla ruohon trimmaus on kätevää ja ongelmatonta. Tri-Cut-terälaitteen savE™ -ominaisuus pidentää akun kestoa ja takaa tehokkuuden ja luotettavuuden pitkäkestoisissa tehtävissä.",,Husqvarna,
9569185002,"Husqvarna 220iR Ruohotrimmeri, ei sis. akkua ja laturia",https://tarvike.com/product/husqvarna-220ir-ruohotrimmeri-ei-sis-akkua-ja-laturia-177609,https://media.tarvike.com/product/images/177609/original/204012.webp,299.0,"Husqvarna 220iR -mallissa yhdistyvät tehokas suorituskyky ja erinomainen ergonomia, mikä tekee siitä ihanteellisen ruohotrimmerin suurille pihoille. Ohjaustanko, teleskooppivarsi ja pehmustetut valjaat ovat säädettäviä, jotta käyttökokemus on miellyttävä myös pitkien leikkuutehtävien aikana. Portaattomalla nopeudensäätimellä voi myös säätää tehon sopivaksi kutakin tehtävää varten.",,Husqvarna,
9299023002,Paino (50 paunaa) ja painokiinnike,https://tarvike.com/product/paino-50-paunaa-ja-painokiinnike-119636,https://media.tarvike.com/product/images/119636/original/203858.webp,179.0,"Paino ja painokiinnike. Voidaan käyttää vaihtoehtoisena tapana kiinnittää pyöräpainot traktorin takaosaan. Suosittelemme yhden painon käyttöä; kun paino on takana keskellä, se toimii tehokkaammin kuin 2 ulkopyörän painoa, joten voit saada enemmän pitoa vähemmällä painolla. Jos haluat lisätä toisen painon, osta (1) 50 paunan paino (954040102) ja lisää pidemmät pultit. Poraus saattaa olla tarpeen, joten katso lisätietoja ohjeista. Sopii useimpiin traktoreihin.",,Husqvarna,
9225822002,Husqvarna R 200iX AWD Long Range Akkukäyttöinen Etuleikkuri,https://tarvike.com/product/husqvarna-r-200ix-awd-long-range-akkukayttoinen-etuleikkuri-177644,https://media.tarvike.com/product/images/177644/original/203733.webp,10099.0,"Husqvarna Rider R 200iX Long Range -etuleikkurin käyttöaika on poikkeuksellisen pitkä. Siihen on asennettu valmiiksi kaksi akkua, joten voit leikata ruohoa pidempään kuin koskaan aiemmin.",,Husqvarna,
8993100002,"Husqvarna 242i Moottorisaha, Ei sisällä akkua ja laturia",https://tarvike.com/product/husqvarna-242i-moottorisaha-ei-sisalla-akkua-ja-laturia-177625,https://media.tarvike.com/product/images/177625/original/203666.webp,389.0,"Tehokas Husqvarna 242i on suunniteltu vaativaan ja jatkuvaan polttopuiden pilkkomiseen, johon tarvitaan luotettavaa ja helppokäyttöistä akkusahaa. Saha on myös erinomainen valinta satunnaiseen puunkaatoon ja puutarhan raivaustöihin. Suurempi ketjunopeus ja optimoitu vääntö takaavat erinomaisen leikkuutehon ja mahdollistavat vaativampienkin sahaustöiden hoitamisen vaivattomasti. Max Torque ‑teknologia varmistaa luotettavan tehon ja vähentää ketjun juuttumisen riskiä puunkaadon ja katkaisun aikana. Portaaton nopeudensäätö helpottaa työskentelyn mukauttamista eri tehtäviin, ja käyttäjäystävällinen näppäimistö tekee käytöstä helppoa ja intuitiivista.",,Husqvarna,
8993097002,"Husqvarna 230i Moottorisaha, ei sisällä akkua ja laturia",https://tarvike.com/product/husqvarna-230i-moottorisaha-ei-sisalla-akkua-ja-laturia-177622,https://media.tarvike.com/product/images/177622/original/203662.webp,259.0,"Husqvarna 230i on tehokas ja tasapainoinen akkukäyttöinen moottorisaha, joka on suunniteltu oksien karsimiseen, puutarhan raivaamiseen, polttopuiden sahaamiseen ja satunnaiseen puiden kaatamiseen. Hiiliharjaton moottori, teräketjun nopeus ja optimoitu vääntö takaavat erinomaisen sahaustehon, joten vaativammatkin sahaukset hoituvat vaivattomasti.",,Husqvarna,
8993095002,"Husqvarna 215i Moottorisaha, ei sisällä akkua ja laturia",https://tarvike.com/product/husqvarna-215i-moottorisaha-ei-sisalla-akkua-ja-laturia-177620,https://media.tarvike.com/product/images/177620/original/203655.webp,229.0,"Tutustu monipuoliseen akkukäyttöiseen moottorisahaan, joka on suunniteltu kotiin ja puutarhaan. Husqvarna 215i on kompakti ja helppokäyttöinen moottorisaha, joka on suunniteltu puiden karsimiseen, tee se itse -projekteihin ja puutarhan raivaamiseen. Tarkka terälevy, ohut teräketju ja leikkausnopeus tekevät tarkasta sahaamisesta helppoa ahtaissakin paikoissa – ihanteellinen puutarhan karsimiseen ja tee se itse -projekteihin.",,Husqvarna,
8993092002,Husqvarna 564 XP® G Fuel Inject moottorisaha,https://tarvike.com/product/husqvarna-564-xp-g-fuel-inject-moottorisaha-177617,https://media.tarvike.com/product/images/177617/original/203216.webp,1598.9,"Husqvarna 564 XP G on uraauurtava 60 kuutiosenttimetrin moottorisaha metsän- ja puunhoidon ammattilaisille, jotka edellyttävät huippuluokan suorituskykyä. Sahassa yhdistyvät 50 kuutiosenttimetrin moottorisahan koko ja hallittavuus sekä 70 kuution moottorisahan teho, mikä mahdollistaa erinomaisen teho-painosuhteen ja kompaktin rakenteen.",,Husqvarna,
8993091002,Husqvarna 445S TrioBrake™ moottorisaha,https://tarvike.com/product/husqvarna-445s-triobrake-moottorisaha-177616,https://media.tarvike.com/product/images/177616/original/203210.webp,749.0,"Husqvarna 445S on maanomistajien käyttöön tarkoitettu moottorisaha, joka soveltuu kaikkiin tarpeellisiin töihin aina metsän hakkuusta, sahaamisesta ja karsimisesta polttopuiden tekoon.",,Husqvarna,
8920225002,Sytytyspuola,https://tarvike.com/product/sytytyspuola-179726,https://media.tarvike.com/product/images/179726/original/203631.png,60.1,Sopii mm. BRIGGS & STRATTON -malleille. Katso alkuperäinen varaosakuva oikean varaosan määrittämiseksi,,Ratioparts,
8773516002,Tukkisakset / juontosakset 40cm,https://tarvike.com/product/tukkisakset-juontosakset-40cm-153480,https://media.tarvike.com/product/images/153480/original/191256.webp,59.0,"Sopii tukkien nostamiseen, vetämiseen ja juontamiseen. Voidaan kiinnittää esim. mönkijän vinssiin.",,IKH konepaja,
8537629001,Fiskars Räystäskouruharja,https://tarvike.com/product/fiskars-raystaskouruharja-147654,https://media.tarvike.com/product/images/147654/original/180022.webp,29.9,Pituus 310mm. Harjan ja raaputtimen yhdistelmä puhdistaa räystäskourut tehokkaasti.,,Fiskars,
8376207002,Husqvarna Automower® 320 NERA,https://tarvike.com/product/husqvarna-automower-320-nera-177597,https://media.tarvike.com/product/images/177597/original/203316.webp,3399.0,"Husqvarna Automower® 320 NERA on kaapeliton robottiruohonleikkuri enintään 3 300 m²:n suuruisille nurmikoille. Rajakaapeliton asennus edellyttää Wi-Fi-yhteyttä koko nurmikon alueella, ja satelliittipohjaisen tekniikkamme mahdollistamat virtuaaliset rajat tekevät asennuksesta paitsi kestävän, myös helposti muunneltavan. Sisältää Latausasema Varaterät 6kpl Virtalähde Matalajännitekaapeli 10m",,Husqvarna,
8376205002,Husqvarna Automower® 540 EPOS® Robottiruohonleikkuri,https://tarvike.com/product/husqvarna-automower-540-epos-robottiruohonleikkuri-177595,https://media.tarvike.com/product/images/177595/original/203305.webp,5699.0,"Husqvarna Automower® 540 EPOS® on tehokas robottiruohonleikkuri kaupalliseen nurmikonhoitoon. Sen kapasiteetti sopii pienten ja ahtaiden puistoalueiden ja liikenneympyröiden sekä yritysten ja kuntien nurmialueiden hoitoon. Uudelle keskikokoiselle alustalle rakennettu malli, jonka pohjana on 30 vuoden innovointi robottiruohonleikkureiden alalla, takaa korkean tuottavuuden, ensiluokkaiset leikkuutulokset ja vaivattoman huollon. Sisältää Latausasema Virtalähde Matalajännitekaapeli 2m",,Husqvarna,
8376203002,Husqvarna Automower® 520 EPOS® robottiruohonleikkuri,https://tarvike.com/product/husqvarna-automower-520-epos-robottiruohonleikkuri-177593,https://media.tarvike.com/product/images/177593/original/203300.webp,4249.0,"Husqvarna Automower® 520 EPOS® on robottiruohonleikkuri, joka on suunniteltu ammattikäyttöön. Se on vanhan tutun Automower® 550 EPOS® -mallin sisarusmalli. Siinä on Husqvarna EPOS™ -tekniikka ja virtuaaliset rajakaapelit fyysisten sijaan, joten voit määrittää useita työalueita eri asetuksilla sekä väliaikaisia poissuljettuja alueita. Järjestelmällisen leikkuukuvion ansiosta Automower® 520 EPOS® pystyy leikkaamaan jopa 5 000 m²:n viheralueita. Ruohonleikkuri pystyy myös kulkemaan vaivatta kapeiden kulkuväylien läpi ja jopa 45 %:n (24°) rinteissä jättäen jälkeensä täydellisen leikkuutuloksen – jopa sateisissa olosuhteissa. Edellyttää EPOS® RS5 -viiteasemaa.",,Husqvarna,
8189043002,Ilmansuodatin,https://tarvike.com/product/ilmansuodatin-177944,https://media.tarvike.com/product/images/177944/original/203185.webp,32.1,,,Husqvarna,
732426001,Tasotikas 1000 Pikkupro,https://tarvike.com/product/tasotikas-1000-pikkupro-145331,https://media.tarvike.com/product/images/145331/original/176830.webp,179.0,"Tikli tasotikas 1000PIKKUPRO, 4-askelmainen.",,Tikli,
721316001,Clen Vaahdotin Premium Master/Smat P30-P80,https://tarvike.com/product/clen-vaahdotin-premium-mastersmat-p30-p80-145205,https://media.tarvike.com/product/images/145205/original/176625.jpg,39.9,"Sopii käytettäväksi Clen Go, Smart, Easy, Master sekä Evolution P60 painepesureiden kanssa. Tehokas Premium vaahdotin luo paksun vaahtokerroksen, joka tarttuu jopa pystysuorille pinnoille. Vaahdotin käyttää korkealaatuista ruostumattomasta teräksestä valmistettua vaahdottimenverkkoa, joka sekoittaa täydellisesti pesuaineen, veden ja ilman. Vaahdon paksuuden valitset helposti säätimestä.",,Clen,
721312001,Clen Vakiosuodatin 429/440/623/633,https://tarvike.com/product/clen-vakiosuodatin-429440623633-145202,https://media.tarvike.com/product/images/145202/original/176622.jpg,45.5,"Pestävä polyesteri vakiosuodatin normaalin pölyn imurointiin. Kiristyspannalla, ilman kehikkoa. Sopii CLEN 400 ja 600 sarjan imureihin: 42,440,623,633 ym.",,Clen,
721296001,CLEN GX 146 Painepesuri,https://tarvike.com/product/clen-gx-146-painepesuri-145177,https://media.tarvike.com/product/images/145177/original/176580.jpg,319.0,"Tehokas painepesuri vaativaan käyttöön kodin ympäristössä. Letkukela, laadukas 10 metrinen teräsvahvistettu kumipaineletku sekä metallirunkoinen kahva takaavat asiakastyytyväisyyden. Terassipesin ja laaja suutinvalikoima sisältyvät myyntipakkaukseen.",,Clen,
721291001,Meganex Tikas monitoimi 16-askelmaa,https://tarvike.com/product/meganex-tikas-monitoimi-16-askelmaa-144876,https://media.tarvike.com/product/images/144876/original/176327.webp,99.9,Meganex monitoimitikkaat 16-askelmalla. Tukeva alumiinirakenne.,,Meganex,
706446001,Hydraulinen työntövarsi 63/35/280,https://tarvike.com/product/hydraulinen-tyontovarsi-6335280-144905,https://media.tarvike.com/product/images/144905/original/176351.webp,290.0,Hydraulinen työntövarsi traktoreihin ja muihin työkoneisiin 63/35/280 CAT2CAT2 pikakytkennällä.,,Agrilife,
704132001,"Husqvarna 445 II – 13"" .325, 1,3 mm Moottorisaha",https://tarvike.com/product/husqvarna-445-ii-13-325-13-mm-moottorisaha-81294,https://media.tarvike.com/product/images/81294/original/31164.jpg,596.0,"Husqvarna 445 on tehokas moottorisaha ammattiominaisuuksia ja -laatua arvostavalle. Ainutlaatuinen X-TORQ®-moottori vähentää polttoaineenkulutusta ja haitallisia päästöjä merkittävästi. Automaattisesti käynnistysasentoon palautuva stop-katkaisin ja polttoainesäiliön tarkistusikkuna helpottavat käyttöä. Käynnistyksen varmistavat Smart Start® ja polttoainepumppu. Sylinteritilavuus 45.7 cm³ Teho 2.1 kW Suositeltu terälevyn pituus, maks. 50 cm Paino (ilman terävarustusta) 4.9 kg",,Husqvarna,
680740002,"Husqvarna 325iLK Ruohotrimmeri sis. akku ja laturi, ei trimmerilisälaitetta",https://tarvike.com/product/husqvarna-325ilk-ruohotrimmeri-sis-akku-ja-laturi-ei-trimmerilisalaitetta-122045,https://media.tarvike.com/product/images/122045/original/204835.webp,399.0,"Husqvarna 325iLK on erittäin hyvin tasapainotettu, tehokas akkukäyttöinen yhdistelmätrimmeri. Trimmerin lähtöteho vastaa 25-kuutioista bensiinimoottoria, ja sen suorituskyky riittää haastavimpien tehtävien hoitoon nopeasti ja tehokkaasti. Trimmeriä voidaan käyttää Husqvarnan ammattikäyttöön tarkoitettujen lisälaitteiden kanssa, joten se on erittäin monikäyttöinen ja sopii esimerkiksi ruohonleikkuuseen, puiden karsimiseen, pensaiden leikkaamiseen, reunojen siistimiseen tai puhdistustöihin. Voidaan käyttää joko laitteeseen suoraan kiinnitettävän tai vyössä tai selässä kannettavan akun kanssa.",,Husqvarna,
680739002,Husqvarna 535LK Ruohotrimmeri,https://tarvike.com/product/husqvarna-535lk-ruohotrimmeri-122023,https://media.tarvike.com/product/images/122023/original/159292.png,868.9,"Tehokas raskaan ammattikäytön Combi-trimmeri, jossa on luotettava X-Torq®-moottori. Muihin Husqvarna-lisälaitteisiin yhteensopiva pikaliitäntäjärjestelmä takaa monikäyttöisyyden ja kasvattaa työn tuottavuutta. Tärinänestojärjestelmä ja pehmustetut kahvat tekevät pitkäkestoisestakin työskentelystä mukavaa.",,Husqvarna,
64925001,Husqvarna C94i Leikkuupää,https://tarvike.com/product/husqvarna-c94i-leikkuupaa-122542,https://media.tarvike.com/product/images/122542/original/160101.png,1498.9,"Leikkaustehokkuuden parantamiseksi sähköistetty Combi-leikkuulaite tarjoaa sinulle kaksi leikkuutilaa. BioClip® silppuaa ruohon pieneksi lisäravinnoksi nurmikollesi, kun taas taakseheittotila leikkaa ja kasaa ruohoa tehokkaasti. Nopea ja helppo kiinnittää ja irrottaa. Näppärä nostaa huoltoasentoon vaivatonta huoltoa varten. Nauti ensiluokkaisesta leikkuutuloksesta leikkuupöydän optimoidun energiankäytön ansiosta, jossa jokaista terää ohjataan erikseen.",,Husqvarna,
620453002,Automower tarrasarja 430x,https://tarvike.com/product/leppis-430x-30620,https://media.tarvike.com/product/images/30620/original/30992.jpg,54.9,Anna nurmikon kukoistaa myös Automower®-leikkurissa kukkaketo-tarrasarjan avulla. Husqvarnan tarrasarjoilla vaihdat kätevästi robottileikkurisi ulkonäköä!,,Husqvarna,
5820694000,HUSQVARNA 325iB Lehtipuhallin,https://tarvike.com/product/husqvarna-325ib-lehtipuhallin-122150,https://media.tarvike.com/product/images/122150/original/159567.png,328.9,"Husqvarna 325iB on helppokäyttöinen, akkukäyttöinen lehtipuhallin, jolla on suuri puhallusvoima, kevyt paino ja alhainen melutaso. Puhallin käynnistyy hetkessä näppäimistöä koskettamalla, ja puhallusnopeudelle voi määrittää optimaalisen kierrosnopeuden vakionopeudensäätimellä. Puhaltimessa on myös helppokäyttöinen boost-toiminto, joka antaa lisätehoa tarvittaessa.",,Husqvarna,
5362241002,Lumentyönnin musta SnowXpert,https://tarvike.com/product/lumentyonnin-musta-snowxpert-149938,https://media.tarvike.com/product/images/149938/original/188585.webp,47.9,Ergonomisesti muotoiltu kädensija mahdollistaa tukevan otteen jopa paksuilla kintailla.,,Fiskars,
5257002,Akku 40-B70,https://tarvike.com/product/akku-40-b70-122167,https://media.tarvike.com/product/images/122167/original/159581.png,119.0,"40-B70-akku, 36 V, 2,0 Ah",,Husqvarna,
5221001,Iron Baltic hinattava haketin G3,https://tarvike.com/product/iron-baltic-hinattava-haketin-g3-145816,https://media.tarvike.com/product/images/145816/original/178933.jpg,2321.0,"Hinattava rakenne, vetokoukku 50mm. Haketuskapasiteetti 4-10 kuutiometriä tunnissa. Puumateriaalin hakettamiseen, jonka halkaisija on enintään 150mm.",,Iron Baltic,
4990155000,Ratioparts Ruohonleikkurin terä 530 mm,https://tarvike.com/product/ratioparts-ruohonleikkurin-tera-530-mm-94970,https://media.tarvike.com/product/images/94970/original/100076.jpg,31.4,Parempi keruu taivutettujen päiden ansiosta. Merkki: Honda,,Ratioparts,
4964350000,Husqvarna LB251S vetävä ruohonleikkuri,https://tarvike.com/product/husqvarna-lb251s-vetava-ruohonleikkuri-81435,https://media.tarvike.com/product/images/81435/original/159691.png,599.0,"Husqvarna LB 251S on itsevetävä, tehokas ja helppokäyttöinen työnnettävä ruohonleikkuri, jossa on Bioclip® (silppuri)- ja sivullepuhallustoiminto. Kestävä 51 cm:n teräksinen leikkuulaite on suunniteltu varmistamaan erinomaiset leikkuutulokset haastavassakin leikkaamisessa.",,Husqvarna,
4964347000,"Husqvarna LC 347iVX vetävä akkuruohonleikkuri, runko",https://tarvike.com/product/husqvarna-lc-347ivx-vetava-akkuruohonleikkuri-runko-81377,https://media.tarvike.com/product/images/81377/original/159366.png,849.0,"Akkukäyttöisessä Husqvarna LC 347iVX -ruohonleikkurissa on entistä suurempi leikkuuleveys ja paikka kahdelle Husqvarna-akulle, mikä lisää käyttömukavuutta, kustannustehokkuutta ja käyttöaikaa.",,Husqvarna,
4964344000,"Husqvarna 550XP Mark II, 13"" .325"" Moottorisaha",https://tarvike.com/product/husqvarna-550xp-mark-ii-13-325-moottorisaha-81353,https://media.tarvike.com/product/images/81353/original/159287.png,1089.0,"Vahvassa, kestävässä ja helposti hallittavassa 50-kuutioisessa Husqvarna 550XP Mark II:ssa on erinomainen suorituskyky ja leikkuuteho. Se soveltuu pienten ja keskikokoisten puiden kaatoon, katkaisuun ja karsintaan sekä vaativaan puiden hoitoon.",,Husqvarna,
4964338000,Husqvarna Rider R112C ajoleikkuri,https://tarvike.com/product/husqvarna-rider-r112c-ajoleikkuri-81299,https://media.tarvike.com/product/images/81299/original/159081.png,3779.0,"Jos haluat aidon Husqvarna Riderin, jolla on helppo leikata kukkapenkkien, pensaiden, puiden ja muiden nurmikolla olevien esteiden ympärykset, on Husqvarna R 112C on oikea valinta. Leikkurin kompakti muotoilu varmistaa helpon käsittelyn ahtaissakin paikoissa ja helpottaa varastointia.",,Husqvarna,
4963086000,Huqvarna QC330 Akkulaturi,https://tarvike.com/product/huqvarna-qc330-akkulaturi-110161,https://media.tarvike.com/product/images/110161/original/159791.png,149.0,Husqvarnan Li-ion-akkujen laturit lataavat nopeasti ja älykkäästi.,,Husqvarna,
4963076000,Husqvarna TF 335 Puutarhajyrsin,https://tarvike.com/product/husqvarna-tf-335-puutarhajyrsin-81500,https://media.tarvike.com/product/images/81500/original/160116.png,909.0,"Helppokäyttöinen ja luotettava Husqvarna TF335 puutarhajyrsin, joka tarjoaa kaikki olennaiset toiminnot tehokkaan RATO-moottorin ohjaamana. Säädettävä ja taitettava työntöaisa vaihteistolla (kaksi eteen ja yksi taakse), kaksoiskantokahvat ja kuljetuspyörä helpottavat säilyttämistä ja kuljettamista, vetotanko parantaa tasapainoa ja kasvisuoja vähentävät roskien määrää sekä ehkäisevät kasvustolle aiheutuvia vahinkoja. Lisävarusteena on saatavana metallipyörillä varustettu vakoaura. Muokkaussyvyys: 30.0 cm Työleveys: 80.0 cm Moottorin valmistaja: RATO Sylinteritilavuus: 212 cm³",,Husqvarna,
4963069000,Husqvarna TR 348 Puutarhajyrsin,https://tarvike.com/product/husqvarna-tr-348-puutarhajyrsin-81419,https://media.tarvike.com/product/images/81419/original/31278.png,1598.0,"TR 348 on kevytrakenteinen ja helppokäyttöinen jyrsin, joka on varustettu tehokkaalla moottorilla ja 48 cm:n työleveydellä, joka lisää suorituskykyä.",,Husqvarna,
4963066000,"Husqvarna 530iBX Akkupuhallin, sis. lonkkatuen",https://tarvike.com/product/husqvarna-530ibx-akkupuhallin-sis-lonkkatuen-81404,https://media.tarvike.com/product/images/81404/original/159462.png,599.0,"Husqvarnan tehokkaalla BLi-reppuakulla varustettu kannettava 530iBX on kevyt, mutta erittäin tehokas (IPx4) puhallin, joka soveltuu ammattikäyttöön kaikissa olosuhteissa. Varustettu älykkäillä toiminnoilla, kuten intuitiivinen näppäimistö, optimaalinen ergonomia, tehokas vakionopeudensäädin ja kiihdytystoiminto, jotka varmistavat maksimaalisen käyttöajan ja tuottavuuden. Käytetään reppuakun kanssa, reppuakku ja laturi eivät sisälly hintaan. Lonkkatuki sisältyy hintaan",,Husqvarna,
4963064000,"Husqvarna S138C Pintailmaaja, verkkovirtakäyttöinen",https://tarvike.com/product/husqvarna-s138c-pintailmaaja-verkkovirtakayttoinen-81402,https://media.tarvike.com/product/images/81402/original/159429.png,289.0,"Kevyt, sähkökäyttöinen pintailmaaja soveltuu maaperän ilmaamiseen ja sammalen poistoon. Terät on helppo vaihtaa, ja työsyvyyden säätäminen käy kätevästi. Tehokas moottori varmistaa tiivistyneen kerroksen ja sammalen tehokkaan poistamisen nurmikolta.",,Husqvarna,
4963061000,Husqvarna VI600F invertteri/muuntaja,https://tarvike.com/product/husqvarna-vi600f-invertterimuuntaja-81328,https://media.tarvike.com/product/images/81328/original/159200.png,239.0,Husqvarna VI600F invertteri/muuntaja mahdollistaa nopean latauksen maastossa muuntamalla minkä tahansa lyijyakun 12 V:n tasavirran 220 V:n vaihtovirraksi QC330-tai QC80-pikalatureille. Paino 3kg,,Husqvarna,
4963057000,Husqvarna 525BX Lehtipuhallin,https://tarvike.com/product/husqvarna-525bx-lehtipuhallin-81314,https://media.tarvike.com/product/images/81314/original/159140.png,528.9,"Husqvarna 525BX on voimakas ja hyvin tasapainotettu ammattikäyttöön tarkoitettu puhallin. Patentoitu X-Torq-moottori sekä erikoismuotoillut puhallusputki ja kotelo varmistavat erinomaisen puhallustehon ja helpon hallittavuuden. Tehokas Low Vib -tärinänvaimennus varmistaa käyttömukavuuden myös pidempinä työjaksoina. Intuitiiviset hallintanäppäimet, kuten vakionopeudensäädin, helpottavat ja tehostavat käyttöä. Sylinteritilavuus 25.4 см³ Teho 0.9 kW Paino 4.3 kg",,Husqvarna,
4963052000,"Husqvarna BLi 100 -akku 36V, 2,6Ah",https://tarvike.com/product/husqvarna-bli-100-akku-36v-26ah-81269,https://media.tarvike.com/product/images/81269/original/31114.jpg,192.2,"Erittäin kevyt akku ammattikäyttöön, toimii kaikissa sääolosuhteissa. Kestävä rakenne mahdollistaa jopa 1 500 latauskertaa. Tehokas jäähdytys ja helppotajuinen neljän merkkivalon latausilmaisin.",,Husqvarna,
4963046000,Husqvarna 570BTS Lehtipuhallin,https://tarvike.com/product/husqvarna-570bts-lehtipuhallin-81247,https://media.tarvike.com/product/images/81247/original/158939.png,1028.9,"Husqvarna 570BTS on tehokas selässä kannettava puhallin, joka on suunniteltu vaativiin tehtäviin ja ammattikäyttöön. Puhallinsiiven tehokkaan muotoilun ja voimakkaan X-Torq®-moottorin ansiosta ilmanvirtaus ja puhallusnopeus ovat erinomaiset. Ammattikäyttöön tarkoitettu ilmansuodatin takaa pitkän käyttöiän ja vaivattoman käytön. Valjaissa on leveät olkahihnat. Sylinteritilavuus 65.6 см³ Teho 2.9 kW Ilmannopeus 105.6 m/s Paino 11.2 kg",,Husqvarna,
4963044000,Husqvarna 125BVx Lehtipuhallin,https://tarvike.com/product/husqvarna-125bvx-lehtipuhallin-81205,https://media.tarvike.com/product/images/81205/original/158838.png,429.0,Tehokkaassa Husqvarna 125BVx -puhaltimessa yhdistyvät suuri puhallusteho ja käyttäjäystävällisyys. Puhallin on käytössä vakaa ja helposti hallittava. Smart Start® -tekniikka varmistaa helpon käynnistyksen. Vakiona keruusarja sekä litteä ja pyöreä puhallussuutin. Sylinteritilavuus 28 см³ Teho 0.8 kW Ilmannopeus 76 m/s Paino 4.35 kg,,Husqvarna,
4963038000,"Husqvarna 2T-öljy HP, 1 L standard",https://tarvike.com/product/husqvarna-2t-oljy-hp-1-l-standard-80786,https://media.tarvike.com/product/images/80786/original/157595.png,15.9,"Husqvarna HP 2-tahtiöljy on suunniteltu paitsi 2-tahtimoottoreita ja haastavia olosuhteita varten, myös toimimaan hyvin huonolaatuisempien polttoaineiden kanssa. Korkealuokkaiset lisäaineet on valittu erityisesti vähentämään mahdollisen huonon polttoaineen aiheuttamia kampiakselivaurioita. Öljy on suunniteltu soveltumaan koko 2-tahtisten tuotevalikoimaan – pienimmästä päivittäiskäytössä olevasta trimmeristä suurimpaan moottorisahaan, jota käytetään raskaassa kaato- ja karsintatyössä äärimmäisen kuumissa tai kylmissä olosuhteissa.",,Husqvarna,
4963035000,"Husqvarna 2T-öljy XP, synteettinen, 4 L",https://tarvike.com/product/husqvarna-2t-oljy-xp-synteettinen-4-l-80528,https://media.tarvike.com/product/images/80528/original/30283.jpg,99.1,"Husqvarnan uusi täyssynteettinen ja biohajoava (64% acc OESD301B) XP Synteettinen 2-tahtiöljy on kehitetty niihin olosuhteisiin joissa moottorin kierrosluku on korkea ja kuormitus suuri. Yhdessä uuden täysin tuhkattoman lisäaineistuksen kanssa voitelu on äärimmäisen hyvä, savutus vähäistä, moottori käy puhtaammin ja männän ja kampiakselin karstoittuminen on vähäisempää kuin kilpailevilla öljyillä. Soveltuu kaikille Husqvarna-tuotteille, erityisesti moottoreille, joiden kuutiotilavuus on suurempi kuin 55 cm³.",,Husqvarna,
4963026000,"Milwaukee lehtipuhallin M18 F2BL-0, runko",https://tarvike.com/product/milwaukee-lehtipuhallin-m18-f2bl-0-runko-80209,https://media.tarvike.com/product/images/80209/original/29856.jpg,539.0,"- Jopa 17 m³/min ilmantilavuus 233 km/h nopeudella lehtien, soran ja roskien siivoamiseen - Tehokas ja tasainen 17,7 N puhallusvoima - Tasapainotettu muotoilu ja molempikätinen nopeuslukitus mahdollistavat parhaan hallittavuuden - Vaihdettavat suuttimet mahdollistavat puhalluskuvion optimoimisen eri työtehtäviin - Saavuttaa täyden tehon alle sekunnissa - Toinen kahva parantaa ohjattavuutta ahtaissa tiloissa - Säädeltävä nopeuskytkin auttaa tehon säätelyssä - Toimii kahdella 18V akulla tuottaen parhaan tehon ja suorituskyvyn - FUEL™ yhdistää kolme MILWAUKEE®-teknologiaa: hiiliharjattoman POWERSTATE™-moottorin, REDLITHIUM™-akun ja REDLINK PLUS™ -elektroniikan, mitkä tuottavat enemmän voimaa, käyttöaikaa ja -ikää - Toimii kaikilla MILWAUKEE® M18™ -akuilla HUOM! Tuote ei sisällä akkua.",,Milwaukee Tools,
4963025000,"Milwaukee M18 FBL-0 lehtipuhallin, runko",https://tarvike.com/product/milwaukee-m18-fbl-0-lehtipuhallin-runko-80206,https://media.tarvike.com/product/images/80206/original/29853.jpg,308.7,"Milwaukee M18 FBL-0 Lehipuhaltimen hiiliharjaton POWERSTATE™-moottori tuottaa enemmän voimaa, käyttöaikaa ja -ikää. Puhaltimen REDLINK PLUS™ -elektroniikka tarjoaa kehittyneen digitaalisen ylikuormitussuojan sekä työkalulle että akulle parantaen ainutlaatuisella tavalla työkalun suorituskykyä kuormituksessa.",,Milwaukee Tools,
4963023000,Honda FJ 500 - Puutarhajyrsin,https://tarvike.com/product/honda-fj-500-puutarhajyrsin-61103,https://media.tarvike.com/product/images/61103/original/17847.jpg,1508.0,Hondan suosituin jyrsin Suomessa. Luotettava ja pitkäikäinen jyrsin pienille ja keskikokoisille kasvimaille. Sivu- ja korkeussäätö ohjauskahvoissa. Ylöstaittuva nokkapyörä helpottaa siirtämistä.,,Honda,
4960922000,Alto KSK-50 PMT klapikone perävaunu,https://tarvike.com/product/alto-ksk-50-pmt-klapikone-peravaunu-126407,https://media.tarvike.com/product/images/126407/original/160564.jpg,13005.0,"ALTO KSK-50 Klapikone Rekisteröitävä tieliikennekäyttöön Kevyt ja tehokas 13hp briggs&stratton Helppoa ja vaivatonta käyttää 4,7t halkaisuvoima 2,7m poistokuljetin",,Alto,
4955982000,Husqvarna Ruohonleikkurin Ajovalosarja,https://tarvike.com/product/husqvarna-ruohonleikkurin-ajovalosarja-80631,https://media.tarvike.com/product/images/80631/original/157442.png,139.0,"LED-ajovalosarja helpottaa työtä hämärässä. Valaisee laajan alueen, ja virrankulutus on vähäinen. 30 000 tunnin kestoikä normaalikäytössä. Sopii kaikkiin Ridereihin.",,Husqvarna,
4955980000,"Husqvarna Rajakaapeli, 800 m Standard Ø 2.7 mm, musta",https://tarvike.com/product/husqvarna-rajakaapeli-800-m-standard-27-mm-musta-80606,https://media.tarvike.com/product/images/80606/original/157375.png,489.0,Husqvarnan alkuperäiskaapeli rajaa Automower®-leikkurin käyttöalueen turvallisesti. Se on yhteensopiva useimpien Automower®-sovellusten kanssa ja on helppo asentaa.,,Husqvarna,
4955965000,"TURVATERÄ 45 KPL, PITKÄIKÄINEN",https://tarvike.com/product/turvatera-45-kpl-pitkaikainen-80517,https://media.tarvike.com/product/images/80517/original/157237.png,94.9,Husqvarnan alkuperäiset hiiliteräksiset turvaterät. Erittäin kestävät terät pysyvät pitkään terävinä.,,Husqvarna,
4955961000,"Husqvarna Lumilinko, traktorit 107 cm",https://tarvike.com/product/husqvarna-lumilinko-traktorit-107-cm-80468,https://media.tarvike.com/product/images/80468/original/30197.jpg,1923.0,"Kaksivaiheinen lumilinko, jonka työleveys on 107 cm. Heittotorvi kääntyy 180°. Käytettävä lumiketjujen ja vastapainojen kanssa. Sopii kaikkiin traktoreihin 126-sarjaa lukuun ottamatta.",,Husqvarna,
4955960000,"Husqvarna Lumilevy 122 cm, (keskik. runko 125 cm) LT/LTH, CT",https://tarvike.com/product/husqvarna-lumilevy-122-cm-keskik-runko-125-cm-ltlth-ct-80467,https://media.tarvike.com/product/images/80467/original/30194.jpg,515.0,"Järeä teräslevy, jossa suojajousimekanismi. Työleveys 122 cm. Voidaan kääntää eri kulmiin, oikealle tai vasemmalle. Vaihdettava puskulevy. Käytettävä lumiketjujen ja vastapainojen kanssa. Työleveys 122 cm. Kaikki traktorit (keskikokoinen runko), ei 126-sarja.",,Husqvarna,
4955957000,"Husqvarna Pohjapanssarisarja, Rider 200/300-sarja AWD",https://tarvike.com/product/husqvarna-pohjapanssarisarja-rider-200300-sarja-awd-80462,https://media.tarvike.com/product/images/80462/original/156662.png,108.9,Raskasta käyttöä kestävät lakatut teräslevyt suojaavat nelivetomallien etu- ja takavaihteita kaarteissa ja epätasaisessa maastossa. Suojalevysarja - R 200/300-sarja (AWD-mallit),,Husqvarna,
4955955000,Husqvarna Aspire suojakatos robottiruohonleikkurille,https://tarvike.com/product/husqvarna-aspire-suojakatos-robottiruohonleikkurille-80456,https://media.tarvike.com/product/images/80456/original/30200.jpg,158.9,"Ulkoisesti miellyttävä, kestävä katos suojaa Automower®-leikkuria pitkäaikaisilta sään ja auringon vaikutuksilta. Leikkuukauden päättyessä, kun Automower® on varastoituna, tämä lisävaruste suojaa latauslevysi ankarilta sääolosuhteilta. Suunniteltu täydellisesti vastaamaan Automower®-leikkurin muotoilua, mahdollistaen nopean ja helpon pääsyn leikkuriin ja latausasemaan.",,Husqvarna,
4955947000,"Husqvarna Ruohonleikkurin Lumiketjut, 4-kanttiset 18"" x 7,5-8, PF 18",https://tarvike.com/product/husqvarna-ruohonleikkurin-lumiketjut-4-kanttiset-18-x-75-8-pf-18-80436,https://media.tarvike.com/product/images/80436/original/156543.png,181.17,"Takaavat hyvän pidon talviolosuhteissa. Eivät sovellu Rider AWD-malleihin. 18 x 7,5-8"" pari, neliö - PF paitsi AWD",,Husqvarna,
4955945000,"Husqvarna Lumiketjut 4-kanttiset 16"" x 6,5-8, Rider 11R, 11, traktoreihin",https://tarvike.com/product/husqvarna-lumiketjut-4-kanttiset-16-x-65-8-rider-11r-11-traktoreihin-80435,https://media.tarvike.com/product/images/80435/original/156539.png,120.44,Takaavat hyvän pidon talviolosuhteissa. Eivät sovellu Rider AWD-malleihin.,,Husqvarna,
4955920000,Husqvarna Lumilevyn kumilista 120 cm,https://tarvike.com/product/husqvarna-lumilevyn-kumilista-120-cm-80417,https://media.tarvike.com/product/images/80417/original/156356.png,84.9,"Lumilevyyn vakiovarusteena olevan teräsreunan tilalle. Kumiterä sopii tilanteisiin, joissa alustaa/pintaa on suojattava metalliterän aiheuttamalta naarmuuntumiselta.",,Husqvarna,
4955918000,"Husqvarna Lumiketjut 20"" x 8-8, traktoreihin",https://tarvike.com/product/husqvarna-lumiketjut-20-x-8-8-traktoreihin-80416,https://media.tarvike.com/product/images/80416/original/156339.png,199.0,Takaavat hyvän pidon talviolosuhteissa. Eivät sovellu Rider AWD-malleihin.,,Husqvarna,
4955916000,"Husqvarna Ruohonleikkurin Lumiketjut 18"" x 7,5-8 Par pigg, PF21",https://tarvike.com/product/husqvarna-ruohonleikkurin-lumiketjut-18-x-75-8-par-pigg-pf21-80415,https://media.tarvike.com/product/images/80415/original/156350.png,202.4,"Takaavat hyvän pidon talviolosuhteissa. Eivät sovellu Rider AWD-malleihin. Piikkiketjut 18x7,5-8"" PF mallit ei AWD",,Husqvarna,
4955905000,Husqvarna Automower kuljetuslaukku,https://tarvike.com/product/husqvarna-automower-kuljetuslaukku-80335,https://media.tarvike.com/product/images/80335/original/29993.jpg,53.5,Erikoislaukku on tarkoitettu Automower®-leikkuriin kuljettamiseen ja siirtämiseen leikattavasta kohteesta toiseen. Väri: sininen Sopi malleihin 320/330X/220 AC/230 ACX/Solar Hybrid/210 C/AMG2 (03-),,Husqvarna,
4955857000,Husqvarna Ruohonleikkurin Peräkärry 275,https://tarvike.com/product/husqvarna-ruohonleikkurin-perakarry-275-80226,https://media.tarvike.com/product/images/80226/original/155704.png,369.0,"Vankka, kipattava peräkärry. Avattava takalaita mahdollistaa helpon lastauksen ja purkamisen.",,Husqvarna,
4955855000,"Husqvarna Lumiketjut 23"" x 10,5-12, traktoreihin",https://tarvike.com/product/husqvarna-lumiketjut-23-x-105-12-traktoreihin-80225,https://media.tarvike.com/product/images/80225/original/155699.png,179.0,Takaavat hyvän pidon talviolosuhteissa. Eivät sovellu Rider AWD-malleihin.,,Husqvarna,
4955851000,Briggs & Stratton Ruohonleikkurin suojapeite,https://tarvike.com/product/briggs-stratton-ruohonleikkurin-suojapeite-80203,https://media.tarvike.com/product/images/80203/original/29837.jpg,35.2,Briggs & Stratton Ruohonleikkurin suojapeite puutarhatraktoreille. Korkeus 130cm Leveys 100cm Pituus 264cm Musta Materiaali: Dacron 210,,,
4955736000,Lumilingon rengas 14X4.00-6 2PR ST49,https://tarvike.com/product/lumilingon-rengas-14x400-6-2pr-st49-44715,https://media.tarvike.com/product/images/44715/original/17298.jpg,39.0,"Koko 14x4.00-6 2 PR Kuvio ST49 Vannesuositus 3.00x6 Leveys 105 mm, korkeus 359 mm Paino- ja nopeusluokka 41 LI Sopiva sisärengas, myydään erikseen: RA400-6",,IKH,
4955665000,Sähköstartti,https://tarvike.com/product/sahkostartti-94968,https://media.tarvike.com/product/images/94968/original/100068.jpg,100.2,Sopii eri B&S-moottoreihin. Katso alkuperäisen moottorin varaosakuva oikean varaosan määrittämiseksi.,,Ratioparts,
4955664000,Sähköstartti,https://tarvike.com/product/sahkostartti-94967,https://media.tarvike.com/product/images/94967/original/100082.jpg,160.0,Sopii mm. BRIGGS & STRATTON -malleille. Katso alkuperäinen varaosakuva oikean varaosan määrittämiseksi.,,Ratioparts,
4955661000,Käynnistin,https://tarvike.com/product/kaynnistin-94965,https://media.tarvike.com/product/images/94965/original/100070.jpg,55.3,Sopii mm. BRIGGS & STRATTON -malleille. Katso alkuperäinen varaosakuva oikean varaosan määrittämiseksi.,,Ratioparts,
4955660000,Ratioparts Ruohonleikkurin terä 450 mm,https://tarvike.com/product/ratioparts-ruohonleikkurin-tera-450-mm-94964,https://media.tarvike.com/product/images/94964/original/100066.jpg,29.9,3 kpl 48'' (122 cm) Merkki: Husqvarna,,Ratioparts,
4955642000,Ruohonleikkurin Pyöränlaakeri,https://tarvike.com/product/ruohonleikkurin-pyoranlaakeri-93799,https://media.tarvike.com/product/images/93799/original/58946.jpg,4.1,sopii mm. useisiin Amerikassa tehtyjen koneiden pyörän laakeriksi.,,,
4955631000,Hihnankiristyspyörä Murray #420613MA,https://tarvike.com/product/hihnankiristyspyora-murray-420613ma-93793,https://media.tarvike.com/product/images/93793/original/58931.jpg,18.3,"Murray 25"", 30"", 36"" moottori-leikkuulaite hihnan kiristyspyörä. mm mallit; 7-25501, 7-30502, 7-35500, (9-) 30502x20 sopii mm Murray moottori-vaihdelaatikko hihnan kiristyspyörä. mm mallit; (9-)30502x20, 40907x20B, 42568x50A (ulkohalkaisija 76 mm, keskireikä 12.7 mm, kiristää hihnaa sisäpuolelta) korvaa alkuperäisnumerot Murray 420613MA, 420613, 091178, 91178, Toro 62-4530, 624530",,,
4955601000,"Terä Murray 38"" leikkuulaite",https://tarvike.com/product/tera-murray-38-leikkuulaite-93780,https://media.tarvike.com/product/images/93780/original/58929.jpg,28.1,Leikkuulaitteiden terä useampaan eri malliin. Tarkasta yhteensopivuus lisätiedoista.,,,
4955599000,Terä Honda Hr173,https://tarvike.com/product/tera-honda-hr173-93779,https://media.tarvike.com/product/images/93779/original/58925.jpg,30.1,Sopii mm Honda HR173,,,
4955579000,Ilmastointiterän jousipari pulttikiinnitteinen,https://tarvike.com/product/ilmastointiteran-jousipari-pulttikiinnitteinen-93769,https://media.tarvike.com/product/images/93769/original/58910.jpg,8.6,Varajousipari ruohonleikkurin ilmastointiterään.,,,
4955577000,Ilmastointerä ruohonleikkuriin,https://tarvike.com/product/ilmastointera-ruohonleikkuriin-93768,https://media.tarvike.com/product/images/93768/original/58906.jpg,27.1,Yleismalli kiinnityksellä oleva ruohonleikkurin ilmastointierä. Pitkulaisen malliset sivureiät mahdollistavat useiden eri nastavälien sopivuuden.,,,
4955575000,"Yleisbio-terä 18""",https://tarvike.com/product/yleisbio-tera-18-93767,https://media.tarvike.com/product/images/93767/original/58918.jpg,39.8,"Silppuava (Bio) yleisterä alkuperäisterän tilalle jossa 9,7 mm (3/8"") keskireikä",,,
4955567000,"Husqvarna Lumiketjut 18"" x 9,5-8, traktoreihin",https://tarvike.com/product/husqvarna-lumiketjut-18-x-95-8-traktoreihin-81504,https://media.tarvike.com/product/images/81504/original/160381.png,179.0,Takaavat hyvän pidon talviolosuhteissa. Eivät sovellu Rider AWD-malleihin.,,Husqvarna,
4955565000,"Husqvarna Lumiketjut 20"" x 10-8, traktoreihin",https://tarvike.com/product/husqvarna-lumiketjut-20-x-10-8-traktoreihin-81503,https://media.tarvike.com/product/images/81503/original/160380.png,199.0,Takaavat hyvän pidon talviolosuhteissa. Eivät sovellu Rider AWD-malleihin.,,Husqvarna,
4955563000,"Husqvarna CombiClip® 112 cm Leikkuupää, RC 300-sarja",https://tarvike.com/product/husqvarna-combiclip-112-cm-leikkuupaa-rc-300-sarja-81416,https://media.tarvike.com/product/images/81416/original/159527.png,1598.9,"112 cm Combi-leikkuulaite, jota on mahdollista käyttää sekä silppuavana että taaksepuhaltavana.",,Husqvarna,
4955555000,"Husqvarna Lumilevy, Rider R112, R115",https://tarvike.com/product/husqvarna-lumilevy-rider-r112-r115-81313,https://media.tarvike.com/product/images/81313/original/159159.png,528.9,"Luja, teräksinen lumilevy. Kumiterä saatavana lisävarusteena. Työleveys 107 - 125 cm. Takavetoisissa etuleikkureissa on lumilevyn kanssa käytettävä lumiketjuja ja pyöräpainoja. Älä käytä painoja ja lumiketjuja nelivetoisissa AWD-malleissa. Lumilevy - R 112/115/120",,Husqvarna,
4955550000,"Husqvarna CombiClip® 94 cm Leikkupää, 300-sarja",https://tarvike.com/product/husqvarna-combiclip-94-cm-leikkupaa-300-sarja-81290,https://media.tarvike.com/product/images/81290/original/159096.png,1398.9,"94 cm:n Combi-leikkuulaite, jossa on BioClip-toiminto ja leikkuutila taaksepuhalluksella.",,Husqvarna,
4955545000,Husqvarna EPOS™ Plug-sarja NERA 320/430X/450X,https://tarvike.com/product/husqvarna-epos-plug-sarja-nera-320430x450x-110259,https://media.tarvike.com/product/images/110259/original/160279.png,469.0,"Nauti rajakaapelittoman Automower®-asennuksen joustavuudesta. Kaapeleiden rikkoutumisesta ei tarvitse enää olla huolissaan. EPOS™-laajennus antaa sinulle täydellisen vapauden muokata nurmikonhoitoa tarkoilla virtuaalisilla rajoilla Automower® Connect -sovelluksessa. Voit luoda helposti tilapäisiä poissuljettuja alueita tai työalueita, joilla on yksilölliset asetukset. Yhteensopiva Automower® 320 NERA-, Automower® 430X NERA- ja Automower® 450X NERA -leikkureiden kanssa.",,Husqvarna,
4955541000,Husqvarna EPOS™ RS1-viiteasema,https://tarvike.com/product/husqvarna-epos-rs1-viiteasema-110240,https://media.tarvike.com/product/images/110240/original/160137.png,309.0,"Viiteasema satelliittipohjaiselle EPOS™-teknologialle, joka mahdollistaa rajalangattoman asennuksen robottiruohonleikkureille. Tämä lisää nurmikon hoidon joustoa ja tekee siitä paremmin muokattavaa. Asema käsittelee signaalit tuotteiden ja satelliittien välillä ja tarjoaa työskentelyalueen jopa 100 metrin säteellä.",,Husqvarna,
4955539000,Husqvarna Sweeper-ruohon/lehtienkerääjä 107cm Rider,https://tarvike.com/product/husqvarna-sweeper-ruohonlehtienkeraaja-107cm-rider-110122,https://media.tarvike.com/product/images/110122/original/156717.png,549.0,Takana vedettävä ruohon- ja lehtienkerääjä leikkuujätteen ja lehtien tehokkaaseen keräykseen. Säädettävä korkeus. Voidaan tyhjentää käyttäjän istuimelta käsin.,,Husqvarna,
4955518000,"Husqvarna Combi 94 Leikkuupää, sopii 200-sarjaan",https://tarvike.com/product/husqvarna-combi-94-leikkuupaa-sopii-200-sarjaan-81287,https://media.tarvike.com/product/images/81287/original/159072.png,1199.0,"94 cm:n Combi-leikkuulaite, jossa on BioClip-toiminto ja leikkuutila taaksepuhalluksella.",,Husqvarna,
4955511000,"Husqvarna Levitin 75 kg, Ajoleikkureihin",https://tarvike.com/product/husqvarna-levitin-75-kg-ajoleikkureihin-81265,https://media.tarvike.com/product/images/81265/original/158992.png,636.5,"Kätevä, suuremmille alueille soveltuva levitin, jonka virtausta on helppo säätää. Ammattikäyttöön soveltuva vaihdelaatikko on ongelmaton ja helppo ylläpitää. Suuret, pneumattiset renkaat helpottavat liikuttamista. Mukana kestävä nailonsuojus. Voidaan käyttää lannoitteiden ja siementen levittämiseen puutarhassa ja myös talvella jään sulattamiseen. Jos levittimessä käytetään suolaa, on se puhdistettava huolellisesti käytön jälkeen korroosion estämiseksi.",,Husqvarna,
4955509000,"Husqvarna Peräkärry Promo, musta",https://tarvike.com/product/husqvarna-perakarry-promo-musta-81264,https://media.tarvike.com/product/images/81264/original/159008.png,229.0,Kipattavassa peräkärryssä on avattava takalaita.,,Husqvarna,
4955507000,"Husqvarna Ruohonleikkurin Lumilevy 120 cm, Riderit",https://tarvike.com/product/husqvarna-ruohonleikkurin-lumilevy-120-cm-riderit-81262,https://media.tarvike.com/product/images/81262/original/31123.jpg,538.9,"Luja, teräksinen lumilevy. Kumiterä saatavana lisävarusteena. Työleveys 107 - 125 cm. Takavetoisissa etuleikkureissa on lumilevyn kanssa käytettävä lumiketjuja ja pyöräpainoja. Älä käytä painoja ja lumiketjuja nelivetoisissa AWD-malleissa. Lumilevy, R 13C/213C/215TX/216",,Husqvarna,
4955505000,"Husqvarna Lumilinko, malleihin PR/PF/R 400-series/P 524",https://tarvike.com/product/husqvarna-lumilinko-malleihin-prpfr-400-seriesp-524-81261,https://media.tarvike.com/product/images/81261/original/158985.png,2699.0,"Erittäin tehokkaan, vankkarakenteisen yksivaihelumilingon työleveys on 100 cm. Lumilinko on varustettu vaihdelaatikolla ja se on rakenteeltaan kevyt, minkä vuoksi sen paikalleen asentaminen sujuu helposti. Etupyörävetoiseen rider-ajoleikkuriin asennettuna on käytettävä samanaikaisesti pyöräpainoja ja lumiketjuja. Turvallisuussyistä Rider-lumilinkoyhdistelmän ei maksimikallistuma saa olla mihinkään suuntaan enempää kuin 10°. Lumilinko (2012-) malleihin PR/PF/R 400-series/P 524",,Husqvarna,
4955501000,"Husqvarna Lumiketjut 18"" x 8,5-8, traktoreihin",https://tarvike.com/product/husqvarna-lumiketjut-18-x-85-8-traktoreihin-81227,https://media.tarvike.com/product/images/81227/original/158882.png,199.0,Takaavat hyvän pidon talviolosuhteissa. Eivät sovellu Rider AWD-malleihin.,,Husqvarna,
4955497000,Husqvarna Ruohonkerääjä,https://tarvike.com/product/husqvarna-ruohonkeraaja-81223,https://media.tarvike.com/product/images/81223/original/158863.png,41.9,Ruohonkerääjä kelaleikkuriin.,,Husqvarna,
4955493000,"Husqvarna Ruohonlevitin/taaksepuhallusohjain, uudet integroidut mallit",https://tarvike.com/product/husqvarna-ruohonlevitintaaksepuhallusohjain-uudet-integroidut-mallit-81221,https://media.tarvike.com/product/images/81221/original/158862.png,111.9,"CT- ja CTH-mallin traktoreihin, joissa integroitu kerääjä. Muuntaa leikkuumenetelmän keräävästä taaksepuhaltavaksi. Ohjaimen avulla leikkuujäte ohjautuu traktorin taakse. Sopii kerääviin traktoreihin vuodesta 2013 (ei 126-sarjaan)",,Husqvarna,
4955489000,"Husqvarna Bio-tulppa, LT 77 cm",https://tarvike.com/product/husqvarna-bio-tulppa-lt-77-cm-81219,https://media.tarvike.com/product/images/81219/original/158853.png,16.9,"Kun leikkuumenetelmäksi halutaan silppuava BioClip®-toiminto, tarvitaan joihinkin koneisiin täydellinen BioClip®-sarja (terät + levy) ja toisiin riittää vain ns. BioClip®-levy. BioClip®-levy 77 cm (30"") sivullepuhaltaviin traktoreihin (sis. levyn)",,Husqvarna,
4955487000,"Husqvarna Ruohonleikkurin Bioleikkuusarja 46"" (117 cm)",https://tarvike.com/product/husqvarna-ruohonleikkurin-bioleikkuusarja-46-117-cm-81218,https://media.tarvike.com/product/images/81218/original/158861.png,27.8,"Kun leikkuumenetelmäksi halutaan silppuava BioClip®-toiminto, tarvitaan joihinkin koneisiin täydellinen BioClip®-sarja (terät + levy) ja toisiin riittää vain ns. BioClip®-levy. Bio-sarja 117 cm (46"") sivulle puhaltaviin traktoreihin, sis. levyn ja terät",,Husqvarna,
4955485000,"Husqvarna Bio-tulppa, mukana terä 42"" (107 cm)",https://tarvike.com/product/husqvarna-bio-tulppa-mukana-tera-42-107-cm-81217,https://media.tarvike.com/product/images/81217/original/158854.png,22.9,"Kun leikkuumenetelmäksi halutaan silppuava BioClip®-toiminto, tarvitaan joihinkin koneisiin täydellinen BioClip®-sarja (terät + levy) ja toisiin riittää vain ns. BioClip®-levy. Sopii 107 cm:n (42"") sivullepuhaltaviin traktoreihin (pakkauksessa lautanen ja terät)",,Husqvarna,
4955483000,"Husqvarna Bio-tulppa 42"" (107 cm)",https://tarvike.com/product/husqvarna-bio-tulppa-42-107-cm-81216,https://media.tarvike.com/product/images/81216/original/158851.png,16.9,"Kun leikkuumenetelmäksi halutaan silppuava BioClip®-toiminto, tarvitaan joihinkin koneisiin täydellinen BioClip®-sarja (terät + levy) ja toisiin riittää vain ns. BioClip®-levy. BioClip®-levy 107 cm (42"")",,Husqvarna,
4955479000,"Husqvarna Puskuri Puutarhatraktoreihin, kaikki mallit",https://tarvike.com/product/husqvarna-puskuri-puutarhatraktoreihin-kaikki-mallit-81212,https://media.tarvike.com/product/images/81212/original/31078.jpg,84.5,Traktorin etuosaan asennettava kuomua suojaava puskuri. Sopii kaikkiin traktorimalleihin.,,Husqvarna,
4955477000,"Husqvarna Vastapaino, Rider (ei PR17 AWD, PF21, PF21 AWD)",https://tarvike.com/product/husqvarna-vastapaino-rider-ei-pr17-awd-pf21-pf21-awd-81211,https://media.tarvike.com/product/images/81211/original/158830.png,104.0,18 kg takapaino Rider-ajoleikkureihin parempaa pitoa ja turvallisempaa ajoa varten.,,Husqvarna,
4955475000,"Husqvarna Reunaleikkuri, Rider 11R/11C/13C/16C/15V2/175",https://tarvike.com/product/husqvarna-reunaleikkuri-rider-11r11c13c16c15v2175-81210,https://media.tarvike.com/product/images/81210/original/158848.png,699.0,Nurmikon reuna-alueiden leikkaamiseen ja rajaamiseen. Säädettävä leikkuusyvyys. Kääntää leikkuuviilun joko koneeseen tai koneesta poispäin.,,Husqvarna,
4955473000,"Husqvarna Pyöräpaino Riderit, 1 kpl",https://tarvike.com/product/husqvarna-pyorapaino-riderit-1-kpl-81209,https://media.tarvike.com/product/images/81209/original/158837.png,146.9,Pitävämpään ja vakaampaan ajoon. Ei AWD-malleihin.,,Husqvarna,
4955471000,"Husqvarna Pyöräpaino Ridereihin 18 kg, 1 kpl",https://tarvike.com/product/husqvarna-pyorapaino-ridereihin-18-kg-1-kpl-81208,https://media.tarvike.com/product/images/81208/original/31064.jpg,181.17,"Pitävämpään ja vakaampaan ajoon. Ei AWD-malleihin. Pyöräpaino 18 kg, laakeroitu 1 kpl (R11/13/15/16/155/175/15SV2)",,Husqvarna,
4955469000,Husqvarna Käytävähara 110 cm,https://tarvike.com/product/husqvarna-kaytavahara-110-cm-81207,https://media.tarvike.com/product/images/81207/original/158832.png,798.9,"Järeä käytävähara, jossa kumipyörät ja säädettävä työkorkeus. Pyörivät piikit, jotka kääntyvät, kun haraa vedetään toiseen suuntaan. Työleveys 110 cm, työsyvyys 0–80 mm.",,Husqvarna,
4955467000,"Husqvarna Peräkärry Pro, sopii Ridereihin/traktoreihin",https://tarvike.com/product/husqvarna-perakarry-pro-sopii-ridereihintraktoreihin-81206,https://media.tarvike.com/product/images/81206/original/158843.png,758.0,Kipattavassa peräkärryssä on lastausta ja purkamista helpottava avattava takalaita.,,Husqvarna,
4955465000,"Husqvarna Automower Turvaterät, Endurance HSS",https://tarvike.com/product/husqvarna-automower-turvaterat-endurance-hss-81203,https://media.tarvike.com/product/images/81203/original/158681.png,32.9,"Husqvarna Automower® Endurance HSS -terät ovat nopeat terästerät, joissa on pehmeämpi ydin ja karkaistut reunat terävyyden ja lestävyyden takaamiseksi. Husqvarna Endurance -muotoilu mahdollistaa terän leikkaamisen kaikilla neljällä eunalla ja uusi materiaalivalikoima tarjoaa paremmat leikkausominaisuudet.",,Husqvarna,
4955463000,Husqvarna Automower liitinten suojakotelo,https://tarvike.com/product/husqvarna-automower-liitinten-suojakotelo-81202,https://media.tarvike.com/product/images/81202/original/158675.png,13.9,"Suljettu kotelo Husqvarnan Automower-robottileikkurin rajakaapelin liittimille. Suojaa rajakaapelin päitä esimerkiksi kosteudelta, vedeltä ja lumelta kauden aikana.",,Husqvarna,
4955461000,Geo-kartta 310/315,https://tarvike.com/product/geo-kartta-310315-81180,https://media.tarvike.com/product/images/81180/original/158604.png,54.9,Husqvarna Automower® menee pintaa syvemmälle - se myös hoitaa nurmikkoa. Husqvarnan tarrasarjoilla vaihdat kätevästi robottileikkurisi ulkonäköä!,,Husqvarna,
4955459000,Geo-kartta 305 2020,https://tarvike.com/product/geo-kartta-305-2020-81179,https://media.tarvike.com/product/images/81179/original/158602.png,54.9,Husqvarna Automower® menee pintaa syvemmälle - se myös hoitaa nurmikkoa. Husqvarnan tarrasarjoilla vaihdat kätevästi robottileikkurisi ulkonäköä!,,Husqvarna,
4955449000,Camo 305 2020,https://tarvike.com/product/camo-305-2020-81174,https://media.tarvike.com/product/images/81174/original/158586.png,54.9,"Joku yrittää naamioitua, mutta aina siisti nurmikko paljastaa, että asialla on Husqvarna Automower®. Husqvarnan tarrasarjoilla vaihdat kätevästi robottileikkurisi ulkonäköä!",,Husqvarna,
4955440000,Seepra 305 2020,https://tarvike.com/product/seepra-305-2020-81169,https://media.tarvike.com/product/images/81169/original/158577.png,54.9,"Seepra nurmikolla? Ei, vaan Husqvarna Automower® uniikissa ulkoasussa. Husqvarnan tarrasarjoilla vaihdat kätevästi robottileikkurisi ulkonäköä!",,Husqvarna,
4955430000,Kukkaketo 319/315,https://tarvike.com/product/kukkaketo-319315-81165,https://media.tarvike.com/product/images/81165/original/158566.png,54.9,Anna nurmikon kukoistaa myös Automower®-leikkurissa kukkaketo-tarrasarjan avulla. Husqvarnan tarrasarjoilla vaihdat kätevästi robottileikkurisi ulkonäköä!,,Husqvarna,
4955428000,Kukkaketo 305 2020,https://tarvike.com/product/kukkaketo-305-2020-81164,https://media.tarvike.com/product/images/81164/original/158562.png,54.9,Anna nurmikon kukoistaa myös Automower®-leikkurissa kukkaketo-tarrasarjan avulla. Husqvarnan tarrasarjoilla vaihdat kätevästi robottileikkurisi ulkonäköä!,,Husqvarna,
4955411000,"Husqvarna Automower Maastopyöräsarja, AM305",https://tarvike.com/product/husqvarna-automower-maastopyorasarja-am305-81151,https://media.tarvike.com/product/images/81151/original/158499.png,92.8,"Sarja sisältää painavat takapyörät ja pyöräharjat, jotka varmistavat hyvän pidon rinteisellä nurmikolla.",,Husqvarna,
4955406000,Husqvarna Automower Seinäteline,https://tarvike.com/product/husqvarna-automower-seinateline-81149,https://media.tarvike.com/product/images/81149/original/158490.png,74.8,Lattiatilaa säästävä seinäteline on tehty Automower®-leikkurin säilyttämiseen talvella tai silloin kun leikkuri ei ole käytössä.,,Husqvarna,
4955400000,"Husqvarna Robottileikkurin Golf-väyläsarja, 400/500-sarja (2020-)",https://tarvike.com/product/husqvarna-robottileikkurin-golf-vaylasarja-400500-sarja-2020--81021,https://media.tarvike.com/product/images/81021/original/158318.png,19.1,"Sarja Automower 420/430X/440/450X/520/550 -leikkureiden leikkuukorkeuden alentamiseen, ihanteellinen golfväylille. Sarja sisältää suojalevyn.",,Husqvarna,
4955392000,Husqvarna Turvaterät 300kpl Swing,https://tarvike.com/product/husqvarna-turvaterat-300kpl-swing-80946,https://media.tarvike.com/product/images/80946/original/157874.png,848.9,Erittäin kestävät Husqvarna-terät takaavat turvallisen käsittelyn ja täydellisen leikkuujäljen. Lisäturvallisuuden vuoksi terät taittuvat takaisin leikkuulevyyn osuessaan esteeseen. Ne on valmistettu karkaistusta hiiliteräksestä lisäkestävyyden takaamiseksi ja täyttävät kaikki vaaditut turvallisuusstandardit. Parempaa leikkuujälkeä varten terissä on kovemmat ja terävämmät leikkuureunat kaikilla neljällä sivulla. Terävät terät takaavat siistin leikkuujäljen ja terveemmän nurmikon. Erittäin kestävät terät ovat osa laajaa valikoimaamme korkealaatuisia Automower®-tarvikkeita.,,Husqvarna,
4955389000,Husqvarna Turvaterät 45kpl Swing,https://tarvike.com/product/husqvarna-turvaterat-45kpl-swing-80945,https://media.tarvike.com/product/images/80945/original/157869.png,139.0,Erittäin kestävät Husqvarna-terät takaavat turvallisen käsittelyn ja täydellisen leikkuujäljen. Lisäturvallisuuden vuoksi terät taittuvat takaisin leikkuulevyyn osuessaan esteeseen. Ne on valmistettu karkaistusta hiiliteräksestä lisäkestävyyden takaamiseksi ja täyttävät kaikki vaaditut turvallisuusstandardit. Parempaa leikkuujälkeä varten terissä on kovemmat ja terävämmät leikkuureunat kaikilla neljällä sivulla. Terävät terät takaavat siistin leikkuujäljen ja terveemmän nurmikon. Erittäin kestävät terät ovat osa laajaa valikoimaamme korkealaatuisia Automower®-tarvikkeita.,,Husqvarna,
4955385000,Husqvarna Puhdistus spray Care and Shine 200 ml,https://tarvike.com/product/husqvarna-puhdistus-spray-care-and-shine-200-ml-80887,https://media.tarvike.com/product/images/80887/original/157811.png,14.9,Husqvarna puhdistus-spray robottileikkureille jättää kiiltävän pinnan kaikille muoviosille puhdistuksen jälkeen. Käytetään yhdessä huolto- ja puhdistussarjan kanssa parhaan lopputuloksen saavuttamiseksi.,,Husqvarna,
4955359000,Husqvarna Automower-Robottiruohonleikkurin Latausaseman suoja,https://tarvike.com/product/husqvarna-automower-robottiruohonleikkurin-latausaseman-suoja-80782,https://media.tarvike.com/product/images/80782/original/30533.jpg,194.0,"Husqvarna Automower® on suunniteltu työskentelemään erilaisissa olosuhteissa. Tyylikkään silauksen puutarhaasi tuo Husqvarna Automower® -suojakatos, joka suojaa robottileikkuria pitkäaikaiselta sateen ja auringonvalon vaikutuksilta. Taitettavan yläosan ansiosta leikkurin näppäimistö ja näyttö ovat hyvin käytettävissä, kun leikkuri lataa akkuaan. Kaikkiin latausaseman kaapeleihin pääsee tarvittaessa käsiksi.",,Husqvarna,
4955355000,Husqvarna Automower pyöräsarja 310/315,https://tarvike.com/product/husqvarna-automower-pyorasarja-310315-80780,https://media.tarvike.com/product/images/80780/original/30542.jpg,94.9,"Sarja sisältää painavat takapyörät ja pyöräharjat, mitkä varmistavat hyvän pidon rinteisellä nurmikolla. Pyöräsarja - 310/315/315X",,Husqvarna,
4955351000,"Husqvarna Katuharja, 200-sarja",https://tarvike.com/product/husqvarna-katuharja-200-sarja-80777,https://media.tarvike.com/product/images/80777/original/30536.jpg,1999.0,"Pyörivä harjalaite lehtien, lumen yms. lakaisuun. Voidaan kallistaa molemmille puolille. Rider 200-sarjaan, sisältää roiskesuojan",,Husqvarna,
4955349000,"Husqvarna Bio-tulppa, mukana terä 46"" (117 cm)",https://tarvike.com/product/husqvarna-bio-tulppa-mukana-tera-46-117-cm-80769,https://media.tarvike.com/product/images/80769/original/30547.jpg,50.9,"Kun leikkuumenetelmäksi halutaan silppuava BioClip®-toiminto, tarvitaan joihinkin koneisiin täydellinen BioClip®-sarja (terät + levy) ja toisiin riittää vain ns. BioClip®-levy. Sopii 117 cm (46"") sivullepuhaltaviin traktoreihin, joissa on RapidReplace-terä",,Husqvarna,
4955343000,Husqvarna Sammaleenrepijä lisälaitevaunuun,https://tarvike.com/product/husqvarna-sammaleenrepija-lisalaitevaunuun-80766,https://media.tarvike.com/product/images/80766/original/30537.jpg,133.9,Sammalenrepijä käytettäväksi lisälaitevaunussa (586 63 72-01). Poistaa helposti sammalen ja tekee nurmikosta terveemmän. Jousipiikit on lämpökäsitelty kestävyyden lisäämiseksi.,,Husqvarna,
4955339000,"Husqvarna Kerääjä Sweeper 4"" (112 cm)",https://tarvike.com/product/husqvarna-keraaja-sweeper-4-112-cm-80764,https://media.tarvike.com/product/images/80764/original/30529.jpg,629.0,"Vankka takana vedettävä lehtienkerääjä lehtien tehokkaaseen keräykseen. Nopea ottaa käyttöön, ei vaadi työkaluja.",,Husqvarna,
4955335000,"Husqvarna Ruohonleikkurin Lumiketjut 14"", Rider 112",https://tarvike.com/product/husqvarna-ruohonleikkurin-lumiketjut-14-rider-112-80741,https://media.tarvike.com/product/images/80741/original/30501.jpg,111.0,"Takaavat hyvän pidon talviolosuhteissa. Eivät sovellu Rider AWD-malleihin. 14"" pari, neliö - R 112",,Husqvarna,
4955333000,"Husqvarna Lumilevyn kumilista, R 115",https://tarvike.com/product/husqvarna-lumilevyn-kumilista-r-115-80740,https://media.tarvike.com/product/images/80740/original/30492.jpg,57.9,"Lumilevyyn vakiovarusteena olevan teräsreunan tilalle. Kumiterä sopii tilanteisiin, joissa alustaa/pintaa on suojattava metalliterän aiheuttamalta naarmuuntumiselta. Kumiterä - sopii lumilevyyn 9672807-01",,Husqvarna,
4955328000,Husqvarna Seinäteline Automower 320/330X/420/430X,https://tarvike.com/product/husqvarna-seinateline-automower-320330x420430x-80729,https://media.tarvike.com/product/images/80729/original/30507.jpg,59.7,Lattiatilaa säästävä seinäteline on tehty Automower®-leikkurin säilyttämiseen talvella tai silloin kuin leikkuri ei ole käytössä. 320/330X/420/430X (14-),,Husqvarna,
4955327000,Husqvarna Automower® Robottiruohonleikkurin latausaseman suojakatos,https://tarvike.com/product/husqvarna-automower-robottiruohonleikkurin-latausaseman-suojakatos-80728,https://media.tarvike.com/product/images/80728/original/30493.jpg,239.0,"Husqvarna Automower® on suunniteltu työskentelemään erilaisissa olosuhteissa. Tyylikkään silauksen puutarhaasi tuo Husqvarna Automower® -suojakatos, joka suojaa robottileikkuria pitkäaikaiselta sateen ja auringonvalon vaikutuksilta. Taitettavan yläosan ansiosta leikkurin näppäimistö ja näyttö ovat hyvin käytettävissä, kun leikkuri lataa akkuaan. Kaikkiin latausaseman kaapeleihin pääsee tarvittaessa käsiksi.",,Husqvarna,
4955323000,Husqvarna Käsinojasarja puutarhatraktoriin,https://tarvike.com/product/husqvarna-kasinojasarja-puutarhatraktoriin-80725,https://media.tarvike.com/product/images/80725/original/30488.jpg,99.8,Lisävarusteena saatavat käsinojat parantavat ajomukavuutta. Sopivat sauvaohjattavien ajoleikkureiden Premium-istuimiin ja traktoreiden liukusäädettäviin Premium-istuimiin.,,Husqvarna,
4055646002,Husqvarna Functional Turvavarustepaketti,https://tarvike.com/product/husqvarna-functional-turvavarustepaketti-174202,https://media.tarvike.com/product/images/174202/original/197052.webp,228.9,"Tämä Husqvarna-sarja sisältää kolme tärkeää moottorisahan käyttöön tarkoitettua Functional-malliston suojavarustetta: viiltosuojalahkeet, käsineet ja kypärä. Luokan 1 (20 m/s) viiltosuojalahkeet ovat säädettävät ja mukavat käyttää, ja ne sopivat hyvin tavallisten housujen päälle. Cordura®-vahvikkeet parantavat kestävyyttä, ja oranssi huomiokangas parantaa näkyvyyttä. Käsineissä on viiltosuoja vasemmassa kädessä, kestävät vuohennahkaiset kämmenvahvikkeet, kosketusnäytön käyttöön sopiva etusormi ja mukavat neulotut rannekaistaleet. Mukavassa kypärässä on 6-pistevaljaat, näkökentän selkeänä pitävä visiiri ja ergonomiset korvasuojukset. Viiltosuojalahkeet ovat medium-kokoisia, käsineet kokoa 10 ja kypärä on säädettävä.",,Husqvarna,
4055622002,Käsineet Technical,https://tarvike.com/product/kasineet-technical-koko-7-42731,https://media.tarvike.com/product/images/42731/original/197264.webp,37.9,"Mukavat suojakäsineet metsätöihin. Käsineen kämmenosa on valmistettu kestävästä ja luonnollisesti vettä hylkivästä vuohennahasta. Kaksoispeukalo-ompeleilla varustetut saumat noudattavat kätesi muotoa. Kämmenselkä on valmistettu laminoidusta spandex-kankaasta maksimaalisen mukavuuden takaamiseksi. Etusormessa on kosketusnäyttöystävällinen rystynen, joten voit käyttää älypuhelinta myös hanskat kädessä. Hook-and-loop -suljin varmistaa tiukan istuvuuden ja hyvän liikkuvuuden. Täyttää standardin EN 388:2016.",,Husqvarna,
3753647002,Husqvarna Metsätyökypärä Technical MIPS,https://tarvike.com/product/husqvarna-metsatyokypara-technical-mips-174137,https://media.tarvike.com/product/images/174137/original/196982.webp,218.9,"Husqvarna Technical -kypärä metsätyökypärien Mips® safety system -turvajärjestelmällä. Tämä vankka ja kevyt metsätyökypärä on varustettu kuulonsuojaimilla, visiirillä ja niskasuojalla. Se on rakenteeltaan modulaarinen, joten voit vaihtaa visiiriä ja kuulosuojaimia tilanteen mukaisesti. Kaareva visiiri suojaa kasvoja joka puolelta ja tarjoaa erinomaisen näkökentän, oli visiiri silmien edessä tai yläasennossa, joten esteetön näkymä puiden latvoihin on taattu. Kypärän mukavan muotoilun ansioista voit keskittyä täysin omaan työhösi. Kypärä on saatavilla kahdessa värissä, joista voit valita tyyliisi ja työympäristöösi sopivan.",,Husqvarna,
3753646002,"Husqvarna Metsätyökypärä, Technical",https://tarvike.com/product/husqvarna-metsatyokypara-technical-174136,https://media.tarvike.com/product/images/174136/original/196978.webp,174.0,"Metsätöitä varten suunniteltu suojakypärä, jossa on kuulonsuojaimet, visiiri ja niskasuoja. Husqvarna Technical -metsätyökypärä on tukeva ja kevyt, ja se on rakenteeltaan modulaarinen, joten voit vaihtaa visiiriä ja kuulonsuojaimia aina tarpeidesi mukaisesti. Kaareva visiiri suojaa kasvoja joka puolelta ja tarjoaa erinomaisen näkökentän, oli visiiri silmien edessä tai yläasennossa, joten esteetön näkymä puiden latvoihin on taattu. Kypärän mukavan muotoilun ansioista voit keskittyä täysin omaan työhösi. Kypärä on saatavilla kahdessa värissä, joista voit valita tyyliisi ja työympäristöösi sopivan.",,Husqvarna,
3753640002,Husqvarna Xplorer-Duffelilaukku 55 L,https://tarvike.com/product/husqvarna-xplorer-duffelilaukku-55-l-174348,https://media.tarvike.com/product/images/174348/original/197176.webp,114.0,"Duffelilaukun kapasiteetti on 55 litraa. Se on tehty vahvoista materiaaleista ja varustettu monilla toiminnallisilla ominaisuuksilla. Ulkomateriaali taupalinea, joka pitää sisällön kuivana ja on helppo puhdistaa. Sisällä verkkotasku ja mukana kaksi erillistä pussia esim. kengille tai muille tavaroille. Irrotettava olkahihna, joiden avulla laukkua voi kantaa myös selässä.",,Husqvarna,
3753639002,Husqvarna Visiirin Lippa Pro-Suojakypärään,https://tarvike.com/product/husqvarna-visiirin-lippa-pro-suojakyparaan-174336,https://media.tarvike.com/product/images/174336/original/197174.webp,6.9,Visiirin lippa.,,Husqvarna,
37277885000,"Husqvarna Aspire LC34 Työnnettävä Ruohonleikkuri, sis akun ja laturin",https://tarvike.com/product/husqvarna-aspire-lc34-tyonnettava-ruohonleikkuri-sis-akun-ja-laturin-81499,https://media.tarvike.com/product/images/81499/original/160103.png,399.0,"Tämä 18V akkukäyttöinen ruohonleikkuri on helppo käyttää, kätevä varastoida ja kevyt kantaa. Tuote on suunniteltu säilytettäväksi pienessä tilassa, joten leikkuri taittuu tarvittaessa kasaan, ruohonkerääjän pystyy irroittamaan ja leikkuria voi säilyttää myös pystysuunnassa seinällä mukana toimitettavan koukun avulla. Helppo käyttää myös pienemmissä pihoissa ja ahtaissa väleissä, sillä työntöaisaa voi säätää aina tarvittavan työasennon mukaan. Tuote on kevyt ja kokoontaittuva ja siinä on kätevä kantokahva, joten siirtäminen puutarhan osasta toiseen on todella helppoa.",,Husqvarna,
35520900000,Husqvarna 525iLXT Ruohotrimmeri,https://tarvike.com/product/husqvarna-525ilxt-ruohotrimmeri-122366,https://media.tarvike.com/product/images/122366/original/159874.png,538.9,"Husqvarna 525iLXT on kestävä ja korkean suorituskyvyn omaava akkukäyttöinen ruohotrimmeri ammattikäyttöön. Tasapainoinen ja kevyt trimmeri, jonka teho vastaa täysin vastaavaa 25 kuutioista polttomoottorilaitetta. Tämä päivittäiseen käyttöön suunniteltu johdoton akkutrimmeri tarjoaa varmasti kaiken tarvitsemasi tehon harjattomalla E-TORQ-moottorilla ja 47 cm leikkuualalla. Laitetta on helppo käyttää intuitiivisen näppäimistön, 3-portaisesti säädettävän nopeuden, ergonomisen kädensijan ja ErgoFeed- trimmeritoiminnon ansiosta. Integroitu yhdistettävyys takaa helpon yhteyden digipalveluihin. Akku ja laturi myydään erikseen.",,Husqvarna,
3478249002,Husqvarna Huoltosarja,https://tarvike.com/product/husqvarna-huoltosarja-163256,https://media.tarvike.com/product/images/163256/original/186380.webp,21.6,"Huoltosarja, jossa on ilmansuodatin, sytytystulppa ja moottoriöljy.",,Husqvarna,
3478245002,Husqvarna Huoltosarja,https://tarvike.com/product/husqvarna-huoltosarja-163260,https://media.tarvike.com/product/placeholders/productImageComingSoong.jpg,214.5,"Huoltosarja Briggs & Stratton, malli 4175 31S777-0003-B1.",,Husqvarna,
347763002,EPOS™-kiinnitysteline,https://tarvike.com/product/epos-kiinnitysteline-119942,https://media.tarvike.com/product/images/119942/original/156501.png,36.8,"Teline EPOS™-viiteaseman kiinnittämiseen. Telineen läpimitta on 32mm, pituus 300mm ja korkeus 250mm. Soveltuu seinään tai tolppaan kiinnitettäväksi. Ø30-60mm kiinnikkeet. Valmistettu teräksestä.",,Husqvarna,
33661015000,"Husqvarna Ruohoterä, 8-hampainen",https://tarvike.com/product/husqvarna-ruohotera-8-hampainen-120596,https://media.tarvike.com/product/images/120596/original/204241.webp,28.9,"Paksulle ja karhealle ruoholle, mutta ei puuvartiseen kasvustoon. Ruoho jää terän päälle, josta sen voi siirtää siisteihin riveihin.",,Husqvarna,
33660987000,Husqvarna pullonpidike,https://tarvike.com/product/husqvarna-pullonpidike-119993,https://media.tarvike.com/product/images/119993/original/156635.png,17.5,"Pidike suuremmille pulloille, kuten isoille vesipulloille. Yhteensopiva Flexi-työkaluvyön ja Balance XT2-valjaiden kanssa.",,Husqvarna,
33660965000,Tiivisteen asennustyökalu,https://tarvike.com/product/tiivisteen-asennustyokalu-124152,https://media.tarvike.com/product/images/124152/original/155794.png,10.2,,,Husqvarna,
33660961000,Husqvarna Automower® -rajakaapeli,https://tarvike.com/product/husqvarna-automower-rajakaapeli-123964,https://media.tarvike.com/product/images/123964/original/156085.png,50.9,"Husqvarna Automower® -rajakaapeli on ihanteellinen työalueiden luomiseen monimutkaisissa puutarhoissa tai suurilla nurmialueilla. Kestävä, helpostiasennettava kaapeli toimii myös ohjauskaapelina, jolla varmistetaan luotettava paluu latausasemalle ja pääsy puutarhan syrjäisiin alueisiin. 100 % kupariydin ja eristetty pinta minimoivat signaalihäviöt. Hyödyntäen vuosien kokemustamme Automower®-tuotteista, olemme luoneet valikoiman luotettavia ja turvallisia rajakaapeleita, jotka täyttävät yksilölliset leikkuutarpeesi",,Husqvarna,
33521067000,Husqvarna Kiristysräikkä,https://tarvike.com/product/husqvarna-kiristysraikka-120214,https://media.tarvike.com/product/images/120214/original/156782.png,10.9,"Kiristysräikkä kuorman varmistamiseen kuljetuksen aikana. Saatavilla kolmessa eri versiossa, joiden enimmäiskuormitus on 1000, 3000 ja 5000 kg.",,Husqvarna,
33281219000,AWD Ristihalkaisuveitsi,https://tarvike.com/product/awd-ristihalkaisuveitsi-148999,https://media.tarvike.com/product/images/148999/original/204066.jpg,29.4,AWD Ristihalkaisuveitsi klapikoneeseen.,,AWD,
33281170000,Husqvarna LC 353 AWD Vetävä Ruohonleikkuri,https://tarvike.com/product/husqvarna-lc-353-awd-vetava-ruohonleikkuri-177657,https://media.tarvike.com/product/images/177657/original/204034.webp,779.0,"Husqvarna LC 353 AWD on leveällä leikkuulaitteella varustettu tehokas ruohonleikkuri, joka on suunniteltu suurille ja vaativille nurmialueille. Neliveto takaa hyvän pidon ja luotettavan suorituskyvyn myös rinteissä ja epätasaisessa maastossa.",,Husqvarna,
33281169000,"Husqvarna Aspire™ LC34-P4A Työnnettävä Akkuruohonleikkuri, sis. akun ja laturin",https://tarvike.com/product/husqvarna-aspire-lc34-p4a-tyonnettava-akkuruohonleikkuri-sis-akun-ja-laturin-177652,https://media.tarvike.com/product/images/177652/original/204036.webp,409.0,"Husqvarna Aspire™ LC34-P4A on 18 V:n akkuruohonleikkuri, joka on suunniteltu tekemään sekä leikkaamisesta että säilytyksestä mahdollisimman helppoa. Keveytensä ja kompaktin kokonsa ansiosta sitä on helppo ohjata kapeilla väylillä, ja nostokahvan avulla sitä voidaan helposti siirtää etu- ja takapihan välillä tarvittaessa. Akkukäytön ansiosta melutaso on alhainen eikä häiritse naapureita, ja kahva on säädettävissä miellyttävään työskentelyasentoon.",,Husqvarna,
33066268000,Clen CX 134 Painepesuri,https://tarvike.com/product/clen-cx-134-painepesuri-180638,https://media.tarvike.com/product/images/180638/original/203998.webp,199.0,Tehokas painepesuri vaativaan käyttöön kodin ympäristössä.,,Clen,
31746696000,Husqvarna 545RXT AutoTune™ Ruohoraivuri,https://tarvike.com/product/husqvarna-545rxt-autotune-ruohoraivuri-177587,https://media.tarvike.com/product/images/177587/original/203877.webp,1299.0,"Husqvarna 545RXT AutoTune™ on ammattikäyttöön tarkoitettu tehokas ruohoraivuri karhean ruohikon ja tiheän kasvuston raivaamiseen. Voimakas X-Torq®-moottori tarjoaa erinomaisen tehon, ja AutoTune™ varmistaa parhaan suorituskyvyn ilmastosta tai korkeuserosta riippumatta.",,Husqvarna,
31746664000,Kumiterä,https://tarvike.com/product/kumitera-177861,https://media.tarvike.com/product/images/177861/original/203869.png,418.9,"Vakiona taitettavassa aurassa olevan terästerän korvaamiseen. Kumiterä sopii tilanteisiin, joissa halutaan suojata maata tai pintaa metalliterän aiheuttamilta naarmuilta.",,Husqvarna,
31746663000,Keskitetty voitelupistesarja P500DX,https://tarvike.com/product/keskitetty-voitelupistesarja-p500dx-177860,https://media.tarvike.com/product/images/177860/original/203868.png,519.0,"Kun sarja on asennettu, kaikki säännöllisen huollon voitelupisteet ovat helposti saavutettavissa kuljettajan istuimen alta.",,Husqvarna,
31746662000,Husqvarna LC 356V Vetävä Ruohonleikkuri,https://tarvike.com/product/husqvarna-lc-356v-vetava-ruohonleikkuri-177658,https://media.tarvike.com/product/images/177658/original/203728.webp,719.0,"Husqvarna LC 356V on tehokas ruohonleikkuri, jossa on kestävä ja erikoisleveä teräksinen leikkuulaite. Se sopii erinomaisesti suurille ja vaativille nurmialueille. Säädettävän nopeuden ansiosta leikkuutahti on helppo säätää nurmikon olosuhteisiin sopivaksi, ja luotettava Husqvarna-moottori takaa tasaisen leikkuulaadun. Ergonominen kahva, jossa on optimoitu kulma ja helppokäyttöiset säätimet, vähentää rasitusta ja tekee käytöstä miellyttävämpää. Monipuoliset leikkuuvaihtoehdot (keruu, sivullepuhallus ja taaksepuhallus) mahdollistavat nurmikon täydellisen viimeistelyn.",,Husqvarna,
3095830001,Jonsered Öljyletku 2051,https://tarvike.com/product/jonsered-oljyletku-2051-128792,https://media.tarvike.com/product/images/128792/original/168075.webp,3.7,Jonsered Öljyletku 2051,,Jonsered,
3095828001,Jonsered Imuputki 2051,https://tarvike.com/product/jonsered-imuputki-2051-128796,https://media.tarvike.com/product/images/128796/original/168074.webp,20.7,Jonsered Imuputki 2051,,Jonsered,
3095818001,Jonsered Öljykorkki,https://tarvike.com/product/jonsered-oljykorkki-128832,https://media.tarvike.com/product/images/128832/original/168063.webp,8.0,Jonsered Öljykorkki,,Jonsered,
3095683001,Jonsered Disc,https://tarvike.com/product/jonsered-disc-128864,https://media.tarvike.com/product/images/128864/original/168049.webp,34.2,Jonsered Disc,,Jonsered,
30905256000,HUSQVARNA Z454X Sauvaohjattava leikkuri,https://tarvike.com/product/husqvarna-z454x-sauvaohjattava-leikkuri-122386,https://media.tarvike.com/product/images/122386/original/159904.png,12899.0,"Ammattitason Husqvarna Z 454X -moniteholeikkuri on tarkoitettu osaksi pieniä ja keskisuuria konekantoja ammattimaisemoijille ja kunnossapitäjille. Leikkuri tarjoaa kestävää suorituskykyä. Sen avulla ruohonleikkuu on nopeaa ja tehokasta ilman suuria käyttökustannuksia. Mallissa on integroitu vaihteisto ja äänenvaimennus, digitaalinen LED-polttoainemittari, kuminen ulosheittoputki, taitettavat ROP-turvakaaret, integroitu seisontajarru ja tehokas ammattitason PZT-leikkuulaite. Leikkuuleveys 137 cm, ammattitason PZT-leikkuulaite Sivulleheitto ja silppuri lisävarusteena",,Husqvarna,
30905255000,HUSQVARNA Z242F Sauvaohjattava leikkuri,https://tarvike.com/product/husqvarna-z242f-sauvaohjattava-leikkuri-121989,https://media.tarvike.com/product/images/121989/original/159244.png,6399.0,"Uuden Z200 -sarjan Zero Turn -leikkurit tuovat nurmikon leikkuuseen tehoa ja tyyliä Alan huippumuotoilu, taattu teho ja uudet innovatiiviset ominaisuudet tekevät nurmikonleikkuusta työn sijaan huvia.",,Husqvarna,
30675464000,AX4 Minipuhallin turbo promo,https://tarvike.com/product/ax4-minipuhallin-turbo-promo-174757,https://media.tarvike.com/product/images/174757/original/197583.png,37.7,"Kompakti mutta erittäin tehokas Turbo Mini -puhallin yhdistää 30 m/s tuulennopeuden, harjattoman moottorin ja innovatiivisen Magnet Connect -suuttimen maksimaaliseen suorituskykyyn. Neljä puhallusnopeutta takaavat sopivan tehon tilanteeseen kuin tilanteeseen – aina kevyestä pölynpuhalluksesta raskaampaan käyttöön.",,AX4,
30675419000,Husqvarna 545FX AutoTune Metsänraivaussaha,https://tarvike.com/product/husqvarna-545fx-autotune-metsanraivaussaha-177572,https://media.tarvike.com/product/images/177572/original/203600.webp,1229.0,"Husqvarna 545FX AutoTune™ on erityisen helppokäyttöinen ammattitason metsänraivaussaha, jossa yhdistyy erinomainen suorituskyky ja ergonomia. AutoTune™-automaattinen moottorin säätö varmistaa huipputason suorituskyvyn riippumatta ilmastosta tai korkeudesta. Optimoitu voimansiirto, jossa on 24 asteen kulmavaihde, helpottaa suunnattua kaatoa tiheissä metsissä. Raivaussahan voimakeskus on tehokas ja nopeasti kiihtyvä X-Torq®-moottori. Moottorin, runkoputken ja terälaitteen tärinät on tehokkaasti vaimennettu. Helppo käynnistää Smart Start®-toiminnolla. Mukana Balance XT2 -valjaat.",,Husqvarna,
30675416000,Husqvarna 545FX AutoTune Metsänraivaussaha,https://tarvike.com/product/husqvarna-545fx-autotune-metsanraivaussaha-177570,https://media.tarvike.com/product/images/177570/original/203601.webp,1229.0,"Husqvarna 545FX AutoTune™ on erityisen helppokäyttöinen ammattitason metsänraivaussaha, jossa yhdistyy erinomainen suorituskyky ja ergonomia. AutoTune™-automaattinen moottorin säätö varmistaa huipputason suorituskyvyn riippumatta ilmastosta tai korkeudesta. Optimoitu voimansiirto, jossa on 24 asteen kulmavaihde, helpottaa suunnattua kaatoa tiheissä metsissä. Raivaussahan voimakeskus on tehokas ja nopeasti kiihtyvä X-Torq®-moottori. Moottorin, runkoputken ja terälaitteen tärinät on tehokkaasti vaimennettu. Helppo käynnistää Smart Start®-toiminnolla. Mukana Balance XT2 -valjaat.",,Husqvarna,
304550001,HUSQVARNA-akkulaatikko M,https://tarvike.com/product/husqvarna-akkulaatikko-m-121304,https://media.tarvike.com/product/images/121304/original/158271.png,71.9,"Kätevä laatikko Husqvarna-akkujen ja -latureiden turvalliseen kuljettamiseen ja varastoimiseen. Yhteensopiva Systainer-laatikkojärjestelmän kanssa. Akkulaatikko, keskikoko (210 x 400 x 300 mm)",,Husqvarna,
30336665000,"Husqvarna Teräketju X-CUT C35 Chisel .325"" 1,5 mm",https://tarvike.com/product/husqvarna-teraketju-x-cut-c35-chisel-325-15-mm-120692,https://media.tarvike.com/product/images/120692/original/157458.png,33.9,"Husqvarna X-CUT™ C35 on edistynyt ja kokopäiväiseen ammattikäyttöön suunniteltu .325"" chisel 1,5 mm/058"" ketju 45-60 kuution moottorisahoihin. Husqvarna on kehittänyt sahaketjun erityisesti Husqvarnan moottorisahoja varten, jotta se takaisi erinomaisen leikkaustehokkuuden ketjun, terälevyn ja moottorisahan täydellisen vuorovaikutuksen ansiosta. Kestävien materiaalien ja vankan ketjun ansiosta tuottavuus taattu koko työpäivän ajaksi. Ketjun terävänä pysyminen ja alhainen venytys edistävät parhaita mahdollisia tuloksia ja vähentävät huollon tarvetta.",,Husqvarna,
29836071000,"Siima Whisper Twist Ø3,0 mm x 210 m",https://tarvike.com/product/siima-whisper-twist-30-mm-x-210-m-121473,https://media.tarvike.com/product/images/121473/original/158474.png,86.9,"Ammattikäyttöön tarkoitetussa siimassa on kierteinen aerodynaaminen profiili, joka on hiljaisempi ja tärisee vähemmän. Propolymeerimateriaalit takaavat parhaan mahdollisen suorituskyvyn. Sopii kaikkiin vakiomallisiin siimapäihin.",,Husqvarna,
29836010000,Husqvarna Katuharja malleihin PR/PF/R 400-series/P 524,https://tarvike.com/product/husqvarna-katuharja-malleihin-prpfr-400-seriesp-524-121815,https://media.tarvike.com/product/images/121815/original/158980.png,2998.9,"Pyörivä katuharja lehtien, lumen yms. lakaisuun. Voidaan kääntää molempiin suuntiin.",,Husqvarna,
29134149001,Husqvarna C103i Leikkuupää,https://tarvike.com/product/husqvarna-c103i-leikkuupaa-122543,https://media.tarvike.com/product/images/122543/original/160106.png,1649.0,"Leikkaustehokkuuden parantamiseksi sähköistetty Combi-leikkuulaite tarjoaa sinulle kaksi leikkuutilaa. BioClip® silppuaa ruohon pieneksi lisäravinnoksi nurmikollesi, kun taas taakseheittotila leikkaa ja kasaa ruohoa tehokkaasti. Nopea ja helppo kiinnittää ja irrottaa. Näppärä nostaa huoltoasentoon vaivatonta huoltoa varten. Nauti ensiluokkaisesta leikkuutuloksesta leikkuupöydän optimoidun energiankäytön ansiosta, jossa jokaista terää ohjataan erikseen.",,Husqvarna,
27521828001,Ruohonleikkurin Starttiakku 12V 24AH,https://tarvike.com/product/ruohonleikkurin-starttiakku-12v-24ah-120349,https://media.tarvike.com/product/images/120349/original/157219.png,111.3,Käytä vain aitoja Husqvarnan akkuja korkeamman kapasiteetin ja turvallisuuden vuoksi. Suunniteltu optimoimaan tuottavuus ja pitkä käyttöaika tuotteen koko elinkaaren ajan.,,Husqvarna,
27521804001,Säiliön korkki,https://tarvike.com/product/sailion-korkki-119674,https://media.tarvike.com/product/images/119674/original/156037.png,53.6,"Alkuperäinen Husqvarna säiliön korkki. Varmista, että käytössä on aina oikea säiliön korkki mallista riippuen, jotta tankki pysyy varmasti kiinni ja tuotetta on turvallista käyttää.",,Husqvarna,
27281764001,Husqvarna TS 100i Akkukäyttöinen Puutarhatraktori,https://tarvike.com/product/husqvarna-ts-100i-akkukayttoinen-puutarhatraktori-177646,https://media.tarvike.com/product/images/177646/original/204099.webp,5599.0,"Hoida suuremmat nurmialueet kompaktilla ja helposti käytettävällä TS 100i -puutarhatraktorilla. Kompakti muotoilu mahdollistaa vaivattoman ajon kapeissa kulkuväylissä ja helpottaa säilytystä silloin, kun traktori ei ole käytössä. Sen kestävät, huolella suunnitellut käyttöpinnat ja moderni ulkonäkö ilmentävät laatua. Korkea sähköteho, erinomainen leikkuutulos ja dynaaminen leikkuutoiminto takaavat tasaisen leikkuujäljen ja säästävät energiaa aina kun mahdollista. Lisäksi käyttöaikaa voidaan pidentää savE™-tilalla, joka mahdollistaa myös hiljaisemman leikkuun.",,Husqvarna,
27281762001,Husqvarna TC 100i Akkukäyttöinen Puutarhatraktori,https://tarvike.com/product/husqvarna-tc-100i-akkukayttoinen-puutarhatraktori-177645,https://media.tarvike.com/product/images/177645/original/204100.webp,6099.0,"Kompakti ja tehokkaalla keräysjärjestelmällä varustettu TC 100i -puutarhatraktori leikkaa suuriakin alueita ja takaa kauniin, siistin nurmikon. Näppärä muotoilu mahdollistaa vaivattoman navigoinnin kapeissa käytävissä ja helpottaa säilytystä, kun tuotetta ei käytetä. Vaikka traktori onkin pienimpiä mallejamme, siinä on erittäin laadukas, moderni ulkoasu sekä kestävät, tarkkaan harkitut hallintalaitteet. Koe luotettava sähköteho, erinomaiset leikkuutulokset ja dynaaminen leikkuutoiminto, joka säätää virrankulutusta automaattisesti leikkuuolosuhteiden mukaan. Tämä varmistaa tasaisen leikkaustehon ja säästää energiaa mahdollisuuksien mukaan. SavE-tila™ pidentää käyttöaikaa ja mahdollistaa myös hiljaisemman leikkaamisen.",,Husqvarna,
27141396001,Automower®-terälevy M,https://tarvike.com/product/automower-teralevy-m-177872,https://media.tarvike.com/product/images/177872/original/204042.png,118.9,Lisäterälevyjen sarja mahdollistaa terän nopean ja vaivattoman vaihdon.,,Husqvarna,
27141395001,"Husqvarna Automower® -tarrasarja, Ladybug",https://tarvike.com/product/husqvarna-automower-tarrasarja-ladybug-177869,https://media.tarvike.com/product/images/177869/original/204039.png,54.9,Robottiruohonleikkurin ainutlaatuinen leppäkerttukuosi,,Husqvarna,
2615574002,Tyhjennysventtiili 3/8',https://tarvike.com/product/tyhjennysventtiili-38-156018,https://media.tarvike.com/product/images/156018/original/180593.jpeg,11.0,,,StrongLine,
2615542002,Siimapää,https://tarvike.com/product/siimapaa-156045,https://media.tarvike.com/product/images/156045/original/180565.jpeg,17.2,,,Espina,
26003309001,Husqvarna PW 460 painepesuri,https://tarvike.com/product/husqvarna-pw-460-painepesuri-81349,https://media.tarvike.com/product/images/81349/original/31193.jpg,657.0,"Tehokas, muotoilultaan tukeva painepesuri soveltuu kaikkein vaativimpaan ulkotilojen puhdistukseen. Messinkipumppu ja keramiikkapinnoitteiset männät kestävät kovaa käyttöä. Paineensäätöominaisuudella veden virtauksen ja paineen voi säätää kuhunkin työhön sopivaksi. Integroitua pesuainesäiliötä ohjataan etupaneelista. Helposti painettava liipaisin toimii kevyesti säästäen kättä rasitukselta. Induktiomoottori takaa luotettavan suorituskyvyn, ja alumiininen kantokahva helpottaa koneen siirtämistä. Mukana on kaksi suutinta. Suurin paine 160 bar Vesimäärä 570-650 l/h Nimellisteho 3300 W Letkun pituus 15 m",,Husqvarna,
25674018001,HUSQVARNA Z448 Sauvaohjattava leikkuri,https://tarvike.com/product/husqvarna-z448-sauvaohjattava-leikkuri-122134,https://media.tarvike.com/product/images/122134/original/159539.png,10299.0,"Ammattitason Husqvarna Z 448 -moniteholeikkuri on tarkoitettu osaksi pieniä ja keskisuuria konekantoja ammattimaisemoijille, kunnossapitäjille tai maanomistajille, joilla on hoidettavanaan suuria ruohoalueita. Leikkuri tarjoaa kestävää suorituskykyä. Sen avulla ruohonleikkuu on nopeaa ja tehokasta ilman suuria käyttökustannuksia. Mallissa on integroitu vaihteisto ja äänenvaimennus, taitettavat ROP-turvakaaret, integroitu seisontajarru ja tehokas ammattitason ClearCut™-leikkuulaite. Leikkuuleveys 122 cm, ammattitason ClearCut™-leikkuulaite Sivulleheitto ja silppuri lisävarusteena",,Husqvarna,
25235573001,"Husqvarna Maastosarja 305E NERA, 310E NERA, 405XE NERA, 410XE NERA, 320 NERA, 430X NERA, 450X NERA",https://tarvike.com/product/husqvarna-maastosarja-305e-nera-310e-nera-405xe-nera-410xe-nera-320-nera-430x-nera-450x-nera-125291,https://media.tarvike.com/product/images/125291/original/203591.webp,117.0,"Maastosarja parantaa robottiruohonleikkurisi renkaiden pitoa liukkaalla nurmikolla tai kaltevilla pinnoilla. Sarja sisältää painavat takapyörät ja pyöräharjat, jotka varmistavat hyvän pidon rinteisellä nurmikolla.",,Husqvarna,
25051190000,"Husqvarna 2 in 1 Lattaviila 93 - 3/8"" Mini  16X6X200mm",https://tarvike.com/product/husqvarna-2-in-1-lattaviila-93-38-mini-16x6x200mm-174328,https://media.tarvike.com/product/images/174328/original/197793.webp,13.5,Lattaviilaa ja alennuskaaviota tarvitaan ketjun purupiikin alentamiseksi oikealle tasolle. Oikein teroitetulla ketjulla sahaaminen on helpompaa ja turvallisempaa.,,Husqvarna,
25051188000,"Husqvarna 2 in 1 Lattaviila 83 85 -3/8"" P33, 33 35 -325"" P21 -325""M",https://tarvike.com/product/husqvarna-2-in-1-lattaviila-83-85-38-p33-33-35-325-p21-325m-174327,https://media.tarvike.com/product/images/174327/original/197793.webp,13.5,Lattaviilaa ja alennuskaaviota tarvitaan ketjun purupiikin alentamiseksi oikealle tasolle. Oikein teroitetulla ketjulla sahaaminen on helpompaa ja turvallisempaa.,,Husqvarna,
25051186000,"Husqvarna 2 in 1 Lattaviila P11 - 1/4""mini 9X6X200mm",https://tarvike.com/product/husqvarna-2-in-1-lattaviila-p11-14mini-9x6x200mm-174326,https://media.tarvike.com/product/images/174326/original/197793.webp,13.5,Lattaviilaa ja alennuskaaviota tarvitaan ketjun purupiikin alentamiseksi oikealle tasolle. Oikein teroitetulla ketjulla sahaaminen on helpompaa ja turvallisempaa.,,Husqvarna,
25051184000,Husqvarna Tri-Cut B lisäterät 300 mm 9 Kpl,https://tarvike.com/product/husqvarna-tri-cut-b-lisaterat-300-mm-9-kpl-174325,https://media.tarvike.com/product/images/174325/original/197792.png,10.9,"Husqvarnan Tri-Cut-terät ovat kestäviä ja huomiovärisiä muoviteriä, jotka on suunniteltu paksun ruohon leikkaamiseen. Ne maksimoivat leikkuutehon ja käyttöajan. Helppo vaihtaa ja turvallinen käyttää puiden ja pensaiden ympärillä.",,Husqvarna,
25051177000,"Husqvarna Bioleikkuusarja 60"" Z560X",https://tarvike.com/product/husqvarna-bioleikkuusarja-60-z560x-174216,https://media.tarvike.com/product/images/174216/original/197788.png,299.0,Tämä helposti asennettava sarja muuntaa leikkuulaitteesi tehokkaaksi silppuavaksi ruohonleikkuriksi. Hienoksi silputtu ruoho hajoaa nopeasti ja rikastuttaa maaperää ravinteilla. (kuva saattaa poiketa hieman todellisuudesta),,Husqvarna,
25051176000,Husqvarna Voiteluaine Spray 400mm,https://tarvike.com/product/husqvarna-voiteluaine-spray-400mm-174138,https://media.tarvike.com/product/images/174138/original/197787.png,11.0,"Husqvarna Multispray-öljy sopii erinomaisesti työkalujesi voiteluun, liuottamiseen, puhdistamiseen ja suojaamiseen. Helppo levittää 400 ml:n vaihdettavalla suuttimella. Tämä monitoimisuihkeöljy on erittäin kätevä työkalu huoltotiloissa; se on ihanteellinen likaisten työkalujen ja osien puhdistamiseen, ruostuneiden muttereiden ja pulttien löysäämiseen tai ennakoivaan korroosiosuojaukseen. Käytä sitä ruiskusuuttimen tai putkisuuttimen kanssa tehtävästä riippuen.",,Husqvarna,
24741983000,Husqvarna Lumber Vuorattu Flanellipaita,https://tarvike.com/product/vuorattu-lumber-paita-xxl-42668,https://media.tarvike.com/product/images/42668/original/197152.webp,67.8,"Husqvarnan vuorellisessa flanellipaidassa on tuulenpitävä sisävuori ja tikattu vuori, jotka pitävät sinut lämpimänä kylminä päivinä. Paitaa voi käyttää joko päällys- tai aluskerroksena, joten se sopii niin sisä- kuin ulkokäyttöönkin. Paidassa on myös useita käteviä taskuja.",,Husqvarna,
24741976000,Husqvarna Lumber flanellipaita,https://tarvike.com/product/lumber-paita-xxl-42662,https://media.tarvike.com/product/images/42662/original/197151.webp,44.9,Husqvarnan flanellipaita on ihanteellinen päällyskerroksena lämpiminä päivinä tai aluskerroksena kylmissä olosuhteissa. Kestävä ja mukava paita sopii sekä työhön että vapaa-aikaan.,,Husqvarna,
24741971000,"Husqvarna Halkaisukirves 2,5kg",https://tarvike.com/product/husqvarna-halkaisukirves-25kg-174363,https://media.tarvike.com/product/images/174363/original/197194.webp,104.0,"Suuressa halkaisukirveessä on keskiterävä, pyöristetty reuna. Se on riittävän painava suurempien puiden halkaisuun ilman, että se juuttuu puuhun. Kirves sopii erinomaisesti jalopuiden kuten pyökin, tammen ja saarnin työstämiseen. Korkealuokkainen kirves on tehty karkaistusta takoteräksestä, joten se pysyy terävänä pitkään ja on myös helppo teroittaa uudelleen. Saarnipuisesta kahvasta saa miellyttävän otteen ja kahvan oranssiksi maalattu yläosa helpottaa liikkeen hahmottamista. Kirveen mukana toimitetaan kestävä, vahvistetusta tekstiilistä valmistettu suojus.",,Husqvarna,
24741970000,"Hurqvarna Yleiskirver 1,25 kg",https://tarvike.com/product/hurqvarna-yleiskirver-125-kg-174362,https://media.tarvike.com/product/images/174362/original/197190.webp,67.8,"Yleiskirves sopii erinomaisesti puiden kuorintaan ja kaatamiseen. Korkealuokkainen kirves on tehty karkaistusta takoteräksestä, joten se pysyy terävänä pitkään ja on myös helppo teroittaa uudelleen. Saarnipuisesta kahvasta saa miellyttävän otteen ja kahvan oranssiksi maalattu yläosa helpottaa liikkeen hahmottamista. Kirveen mukana toimitetaan kestävä, vahvistetusta tekstiilistä valmistettu suojus. Kirves on suunniteltu ja valmistettu Saksassa.",,Husqvarna,
24741969000,Husqvarna Halkaisukirves puuvarella,https://tarvike.com/product/husqvarna-halkaisukirves-puuvarella-174332,https://media.tarvike.com/product/images/174332/original/197162.webp,108.9,Suurempi halkaisukirves sopii hyvin paksumpien polttopuiden halkaisemiseen. Terä uppoaa hyvin puuhun vaatien vain vähän iskuvoimaa. Pitkästä varresta saa tukevan otteen molemmilla käsillä ja siten tehoa käyttöön. Mukana toimitetaan nahkainen teräsuojus. - - Terän turvallinen kiinnitys varteen on varmistettu käyttämällä sekä puista että teräskiinnitystä.,,Husqvarna,
24741968000,"Husqvarna Re Cut Round Trimmerisiima, 2,4MMX15M",https://tarvike.com/product/husqvarna-re-cut-round-trimmerisiima-24mmx15m-174331,https://media.tarvike.com/product/images/174331/original/197158.webp,7.8,"Husqvarna RE Cut -trimmerisiima on valmistettu Ultramid® B lowPCF -materiaalista. Se tarjoaa saman kestävyyden ja leikkuutehon kuin perinteiset trimmerisiimat, ja pyöreän muotonsa ansiosta sitä on helppo käsitellä. Sopii kaikkiin vakiotrimmeripäihin.* - - *Lisätietoja Ultramid® B lowPCF -materiaalista löydät BASFin kotisivuilta.",,Husqvarna,
24741967000,"Husqvanra Re Cut Round Trimmerisiima, 2,0MMX15M",https://tarvike.com/product/husqvanra-re-cut-round-trimmerisiima-20mmx15m-174330,https://media.tarvike.com/product/images/174330/original/197154.webp,26.8,"Husqvarna RE Cut -trimmerisiima on valmistettu Ultramid® B lowPCF -materiaalista. Se tarjoaa saman kestävyyden ja leikkuutehon kuin perinteiset trimmerisiimat, ja pyöreän muotonsa ansiosta sitä on helppo käsitellä. Sopii kaikkiin vakiotrimmeripäihin.* - - *Lisätietoja Ultramid® B lowPCF -materiaalista löydät BASFin kotisivuilta.",,Husqvarna,
24741966000,"Husqvarna Re Cut Round Trimmerisiima, 1,6MMX15M",https://tarvike.com/product/husqvarna-re-cut-round-trimmerisiima-16mmx15m-174329,https://media.tarvike.com/product/images/174329/original/197150.webp,6.9,"Husqvarna RE Cut -trimmerisiima on valmistettu Ultramid® B lowPCF -materiaalista. Se tarjoaa saman kestävyyden ja leikkuutehon kuin perinteiset trimmerisiimat, ja pyöreän muotonsa ansiosta sitä on helppo käsitellä. Sopii kaikkiin vakiotrimmeripäihin.* - - *Lisätietoja Ultramid® B lowPCF -materiaalista löydät BASFin kotisivuilta.",,Husqvarna,
24741965000,"Husqvarna Terälevy-Ketjupaketti C35  18"" X-Force & C35 325"" 1.5mm 72DL",https://tarvike.com/product/husqvarna-teralevy-ketjupaketti-c35-18-x-force-c35-325-15mm-72dl-174324,https://media.tarvike.com/product/images/174324/original/197146.webp,104.0,"Paketti sisältää yhden laipan ja kaksi ketjua; X-Force 325""/1.5mm HSM / 2 x X-CUT C35 .325"" 1.5mm",,Husqvarna,
24741964000,"Husqvarna Terälevy-Ketjupaketti C35  15"" X-Force & C35 325"" 1.5mm 64DL",https://tarvike.com/product/husqvarna-teralevy-ketjupaketti-c35-15-x-force-c35-325-15mm-64dl-174323,https://media.tarvike.com/product/images/174323/original/197142.webp,89.8,"Paketti sisältää yhden laipan ja kaksi ketjua; X-Force 325""/1.5mm HSM / 2 x X-CUT C35 .325"" 1.5mm",,Husqvarna,
24741963000,"Husqvarna Terälevy-Ketjupaketti C33  15"" X-Force & C33 325"" 1.3mm 64DL",https://tarvike.com/product/husqvarna-teralevy-ketjupaketti-c33-15-x-force-c33-325-13mm-64dl-174322,https://media.tarvike.com/product/images/174322/original/197138.webp,89.8,"Pakettiin kuuluu yksi laippa ja kaksi ketjua; X-Force 325""/1.3mm HSM / 2 x X-CUT C33 .325"" 1.3mm",,Husqvarna,
24741962000,"Husqvarna Terälevy-Ketjupaketti C33  13"" X-Force & C33 325"" 1.3mm 56DL",https://tarvike.com/product/husqvarna-teralevy-ketjupaketti-c33-13-x-force-c33-325-13mm-56dl-174321,https://media.tarvike.com/product/images/174321/original/197155.webp,79.9,"Pakettiin kuuluu yksi laippa ja kaksi ketjua; X-Force 325""/1.3mm HSM / 2 x X-CUT C33 .325"" 1.3mm",,Husqvarna,
23644660000,Halkotelineen tuki 50x100 mm kuumas.,https://tarvike.com/product/halkotelineen-tuki-50x100-mm-kuumas-150731,https://media.tarvike.com/product/images/150731/original/195255.webp,26.9,Liitokset 50 x 100 mm lankulle.,,IKH,
2322942002,Lumenpudotin,https://tarvike.com/product/lumenpudotin-173546,https://media.tarvike.com/product/images/173546/original/194552.webp,49.9,"Kevyt ja kestävä lumenpudotin helpottaa katon puhdistamista turvallisesti maasta käsin. Pitkä, yli 5 metrin teleskooppivarsi yltää korkealle, ja joustava 3,4 metrin lumiverho ohjaa lumen hallitusti alas. Leveä 47 cm työleveys tekee työstä tehokasta, ja mukava PVC-kahva takaa hyvän otteen. Helppo koota ja varastoida.",,IKH,
2214932002,Husqvarna Sovitinlevy,https://tarvike.com/product/husqvarna-sovitinlevy-177859,https://media.tarvike.com/product/images/177859/original/205758.webp,17.8,"Sovitinlevy on asennetaan moottorikuvun kiskoihin. Siinä on napsautuslukitus, joka mahdollistaa säilytyslaatikon vaivattoman kiinnityksen ja irrotuksen. Kaikki Husqvarnan akkulaatikkosarjan säilytyslaatikot ovat yhteensopivia sovitinlevyn kanssa.",,Husqvarna,
22053503001,Husqvarna Turvahousut Functional 24A,https://tarvike.com/product/turvahousut-functional-24a-xl58-42743,https://media.tarvike.com/product/images/42743/original/197786.webp,278.9,Ulkoiluvaatteelta näyttävät luokan 2 Husqvarna Functional -turvahousut sopivat ihanteellisesti metsänhoitotyöhön ja metsäoppilaitoksille. Kovaa käyttöä kestävää Cordura®-materiaalia on käytetty riskialttiilla alueilla. Mukavuutta ja tuottavuutta ajatellen suunnitelluissa housuissa on tuuletusvetoketjut ja mittatasku.,,Husqvarna,
2080387001,Klapisäkki 60L 22KG 60X80 50 KPL,https://tarvike.com/product/klapisakki-60l-22kg-60x80-50-kpl-127624,https://media.tarvike.com/product/images/127624/original/167285.webp,26.9,UV-suojattu korkealaatuinen ja muotonsa pitävä kertakäyttöinen säkki. Kestävä kiristysnauha suuaukossa.,,Espegard,
20575404001,"Milwaukee Teräketju 3/8X152X1,1mm M12FHS",https://tarvike.com/product/milwaukee-teraketju-38x152x11mm-m12fhs-169533,https://media.tarvike.com/product/images/169533/original/194585.webp,34.8,,,Milwaukee Tools,
205428001,Kelamurskain,https://tarvike.com/product/kelamurskain-121768,https://media.tarvike.com/product/images/121768/original/158926.png,2049.0,"Kelamurskain, sopii FA 4x4 -etuleikkureihin",,Husqvarna,
20114677002,Puhaltimen räystässarja,https://tarvike.com/product/puhaltimen-raystassarja-121725,https://media.tarvike.com/product/images/121725/original/158826.png,32.2,"Räystässarja 125B/Vx, 3 m Räystässarja kattokourujen puhdistamiseen. Kokonaispituus 3 metriä.",,Husqvarna,
1985469002,Husqvarna R 200iX AWD Akkukäyttöinen etuleikkuri,https://tarvike.com/product/husqvarna-r-200ix-awd-akkukayttoinen-etuleikkuri-125656,https://media.tarvike.com/product/images/125656/original/160253.png,9617.0,"Akkukäyttöinen Husqvarna Rider R 200iX AWD on monikäyttöinen leikkuri, jolla leikkuu käy tehokkaasti. Neliveto takaa poikkeuksellisen pidon eri maastoissa, ja aivan kuten bensiinikäyttöiset Riderimme, myös tämä leikkuri suoriutuu talviolosuhteista*. Leikkuri mukautuu kausivaihteluihin, sillä siihen voi asentaa useita lisälaitteita, kuten harjan ja lumilevyn. Tuotteen hintaan sisältyy leikkuulaite sekä laturi!",,Husqvarna,
1943966000,Jonsered Jousi,https://tarvike.com/product/jonsered-jousi-128898,https://media.tarvike.com/product/images/128898/original/167988.webp,14.1,Jonsered Jousi,,Jonsered,
19180940002,Meganex Puutarhakärry 160L,https://tarvike.com/product/meganex-puutarhakarry-160l-126359,https://media.tarvike.com/product/images/126359/original/160450.webp,99.0,"Muovinen pesä Max. kuorma 160 l Ilmakumipyörät 4,00 x 8, muovivanteet Akseli Ø 25 mm Sinkitty teräsputkirunko Tarkoitettu puutarhajätteen kuljetukseen, ei sovellu kiville, betonille tai muulle raskaalle rakennusmateriaalille",,Meganex,
19180933002,Strand Raivaussahan Viilanohjain Haritusraudalla,https://tarvike.com/product/strand-raivaussahan-viilanohjain-haritusraudalla-96156,https://media.tarvike.com/product/images/96156/original/103129.jpg,45.5,"Åke Strandin kehittämä viilanohjain, joka on suunniteltu erityisesti Strand-raivaussahanterien teroittamiseen ja haritukseen.",,,
19180925002,"Teräketju .325"" PK 1.5 mm - 78 KL",https://tarvike.com/product/teraketju-325-pk-15-mm-78-kl-94997,https://media.tarvike.com/product/images/94997/original/100125.jpg,37.8,Katso alkuperäinen varaosakuva oikean varaosan määrittämiseksi.,,Ratioparts,
19180880002,"Oregon Teräketju 3/8 1,3MM 60",https://tarvike.com/product/oregon-teraketju-38-13mm-60-81530,https://media.tarvike.com/product/images/81530/original/31464.jpg,21.5,"Moottorisahan teräketju Oregon 3/8 1,3mm 60, turvalenkkiketju",,Oregon,
19180871002,"Oregon Pyöröviila 4,8 mm, 3kpl",https://tarvike.com/product/oregon-pyoroviila-48-mm-3kpl-81526,https://media.tarvike.com/product/images/81526/original/31466.jpg,6.1,"- Paketissa kolme 4,8 mm viilaa - Erittäin tehokkaita - Pitkät hampaat ja pehmeä purenta - Säilyy terävänä pitkään - Ei tukkeudu helposti",,Oregon,
19180864002,Oregon Teräketju 325 1.5 mm 67 VL,https://tarvike.com/product/oregon-teraketju-325-15-mm-67-vl-81512,https://media.tarvike.com/product/images/81512/original/31443.jpg,29.4,"Moottorisahan teräketju Oregon .325 1.5 mm 67 VL, erikoispituus.",,Oregon,
19180813002,Husqvarna Pidike Mittanauhalle,https://tarvike.com/product/husqvarna-pidike-mittanauhalle-80875,https://media.tarvike.com/product/images/80875/original/157806.png,12.9,Pidike pitää mittanauhan paikallaan.,,Husqvarna,
19180811002,Husqvarna Tasku Kaatokiiloille,https://tarvike.com/product/husqvarna-tasku-kaatokiiloille-80874,https://media.tarvike.com/product/images/80874/original/157802.png,39.9,"Koteloon mahtuu useampi kiila, ja eri osiot pitävät ne paikoillaan.",,Husqvarna,
19180804002,"Husqvarna Flexi-työkaluvyö, ilman varusteita",https://tarvike.com/product/husqvarna-flexi-tyokaluvyo-ilman-varusteita-80870,https://media.tarvike.com/product/images/80870/original/157780.png,99.8,"Joustavan ja ergonomisen työkaluvyön paino jakautuu ihanteellisesti, ja siinä on säädettävä, yhdellä kädellä avattava vyönsolki.",,Husqvarna,
19180800002,"Husqarna Terälevy-ketjupaketti 15"" .325"" 1,3 mm 64 L SN/A",https://tarvike.com/product/husqarna-teralevy-ketjupaketti-15-325-13-mm-64-l-sna-80825,https://media.tarvike.com/product/images/80825/original/30592.jpg,111.23,Paketissa on kaksi ketjua ja yksi terälevy. Terälevyn pituus: 15in Laipan pituus: 38cm,,Husqvarna,
19180784002,"Husqvarna Terälevy X-Force Pro 18"" .3/8"" 1,5 mm 68 L SN/B",https://tarvike.com/product/husqvarna-teralevy-x-force-pro-18-38-15-mm-68-l-snb-80746,https://media.tarvike.com/product/images/80746/original/30516.jpg,76.9,"Husqvarna X-Force terälevyn loivasti kaartuva muoto ja pieni kärkipyörä vähentävät takapotkun vaaraa. Terälevyissä on naarmuilta ja korroosiolta suojaava epoksilakkaus. Terälevyn pituus 18 in Uraleveys 1.5 mm Ketjujako 3/8"" Pituus 68L",,Husqvarna,
19180781002,"Husqvarnan Terälevy Pro .325"" 1,5 mm 18"" 72 L SN/A",https://tarvike.com/product/husqvarnan-teralevy-pro-325-15-mm-18-72-l-sna-80745,https://media.tarvike.com/product/images/80745/original/30512.jpg,58.7,"Terälevyt, joissa pidennetty keskilevy antaa lisätukea kärkipyörälle, vahvistettu terälevyn kärki, jonka geometria antaa lisävoimaa ja vähentää puristuksiin joutumisesta johtuvia vahinkoja. Suljettu laakerointijärjestelmä ja poistettu rasvausaukko estävät lian pääsemisen laakereihin ja eliminoivat rasvan lisäyksen tarpeen. Terälevy Pro SN/A .325"" 1,5 mm 18"" 72 dl",,Husqvarna,
19180780002,"Husqvarna Terälevy Pro .325"" 1,5 mm 15"" 64 L SN/A",https://tarvike.com/product/husqvarna-teralevy-pro-325-15-mm-15-64-l-sna-80744,https://media.tarvike.com/product/images/80744/original/30511.jpg,43.5,"Terälevyt, joissa pidennetty keskilevy antaa lisätukea kärkipyörälle, vahvistettu terälevyn kärki, jonka geometria antaa lisävoimaa ja vähentää puristuksiin joutumisesta johtuvia vahinkoja. Suljettu laakerointijärjestelmä ja poistettu rasvausaukko estävät lian pääsemisen laakereihin ja eliminoivat rasvan lisäyksen tarpeen. Terälevy Pro SN/A .325"" 1,5 mm 15"" 64 dl",,Husqvarna,
19180770002,"Husqvarna Terälevy X-Force  12"" .3/8"" mini 1,1 mm SM",https://tarvike.com/product/husqvarna-teralevy-x-force-12-38-mini-11-mm-sm-80659,https://media.tarvike.com/product/images/80659/original/157506.png,49.9,"Aiempaa kestävämpi ja kevyempi sekä erittäin suorituskykyinen terälevy, Husqvarna X-Force, on kehitetty varmistamaan paras mahdollinen tulos yhdessä X-Cut-ketjun kanssa. 9-hampaisessa kärkipyörässä on enemmän niittejä (4) ja laakeripinta-ala on entistä suurempi (21 laakeria), minkä ansiosta kestävyys on erinomainen. Optimaalinen profiili ja aikaisempaa pidempi keskilamelli parantavat tehokkuutta pienentäen painoa vakauden ja suorituskyvyn kärsimättä. Parempi voitelu ja optimaalinen hitsaus parantavat jäykkyyttä auttaen saavuttamaan maksimaaliset tulokset. Terälevyn pituus 12"" Uraleveys 1.1 mm Ketjujako 3/8"" mini",,Husqvarna,
19180724002,"Husqvarna Raivausterä Scarlett 200/1"" 22T",https://tarvike.com/product/husqvarna-raivaustera-scarlett-2001-22t-80545,https://media.tarvike.com/product/images/80545/original/30290.jpg,25.2,"Tehokkaan ja kestävän terän hampaat on muotoiltu siten, että sahausjälki on tasainen ja siisti, ja riski terän puuhun kiinni jäämisestä on vähäisempi. 22T, 1"" reikä / Ø 200mm",,Husqvarna,
19180720002,"Husqvarna Teräketju H37 .3/8"" 1,3 mm 16"" / 56 L",https://tarvike.com/product/husqvarna-teraketju-h37-38-13-mm-16-56-l-80511,https://media.tarvike.com/product/images/80511/original/30242.jpg,19.2,"Hyvin tärinää vaimentavassa ketjussa on Chamfer Chisel -leikkuuhampaat. Erinomaisen leikkuutehon ansiosta ketju soveltuu loistavasti puunhoitotyöhön ja kun käytetään pienempiä, mutta suorituskykyä vaativia sahoja. H37-ketjua suositellaan ammattimaiseen käyttöön, arboristeille ja satunnaistarpeeseen. Hyvä tasapaino. Uraleveys: 1.3 mm Käytetään viilan kanssa: Ø 4,0 mm Ketjujako: 3/8"" mini",,Husqvarna,
19180718002,"Husqvarna Teräketju H37 .3/8"" 1,3 mm 12"" / 45 L",https://tarvike.com/product/husqvarna-teraketju-h37-38-13-mm-12-45-l-80510,https://media.tarvike.com/product/images/80510/original/30238.jpg,18.2,"Hyvin tärinää vaimentavassa ketjussa on Chamfer Chisel -leikkuuhampaat. Erinomaisen leikkuutehon ansiosta ketju soveltuu loistavasti puunhoitotyöhön ja kun käytetään pienempiä, mutta suorituskykyä vaativia sahoja. H37-ketjua suositellaan ammattimaiseen käyttöön, arboristeille ja satunnaistarpeeseen. Hyvä tasapaino. Teräketju H37 / .3/8"" / 1,3 mm / 45 dl / 12""",,Husqvarna,
19180701002,"Husqvarna Merkintänauha oranssi, 75 m",https://tarvike.com/product/husqvarna-merkintanauha-oranssi-75-m-80493,https://media.tarvike.com/product/images/80493/original/157141.png,5.8,"Valmistettu 100 %:sesta viskoosista, biologisesti hajoava.",,Husqvarna,
19180697002,"Husqvarna Teräpaketti .325"" 1,5 mm 13"" 56 LSN/A",https://tarvike.com/product/husqvarna-terapaketti-325-15-mm-13-56-lsna-80414,https://media.tarvike.com/product/images/80414/original/156338.png,59.7,Husqvarna Teräpaketti joka sisältää kaksi ketjua ja yhden terälevyn Terän pituus: 13 in Laipan pituus: 33cm,,Husqvarna,
19180693002,"Pyöröviila Intensive Cut, 2 kpl 4,0 mm",https://tarvike.com/product/pyoroviila-intensive-cut-2-kpl-40-mm-80327,https://media.tarvike.com/product/images/80327/original/29985.jpg,4.3,Muotoilun ansiosta 20 % parempi viilausteho ja pidempi käyttöikä. Teräketjun leikkuuhampaiden teroittamiseen tarvitaan pyöröviila ja viilanohjain. Oikein teroitettu ketju tekee sahaamisesta helpompaa ja turvallisempaa. Husqvarnan viilat valmistetaan korkealaatuisesta teräksestä.,,Husqvarna,
19180673002,"Husqvarna Rullaviilanohjain viilalle, hopea .325"" 4,8 mm",https://tarvike.com/product/husqvarna-rullaviilanohjain-viilalle-hopea-325-48-mm-80316,https://media.tarvike.com/product/images/80316/original/29980.jpg,13.1,"Erikoissuunnitelluilla viilanohjaimilla saadaan oikea viilauskulma. Käytetään pyöröviilan kanssa. Saatavana kaikille Husqvarnan teräketjuille. Rullaviilanohjain, hopea, .325"" 4,8 mm viilalle",,Husqvarna,
19180660002,"Husqvarna Kaatokiila, polystyreenia, 14 cm",https://tarvike.com/product/husqvarna-kaatokiila-polystyreenia-14-cm-80303,https://media.tarvike.com/product/images/80303/original/29968.jpg,15.1,Kaatokiilan materiaali on iskunkestävää polystyreeniä. Kiila helpottaa kaadonsuuntaamista nostamalla puuta oikeaan suuntaan. Estää sahan juuttumista ja tekee kaadosta turvallisempaa. Myös lopputulos on siistimpi.,,Husqvarna,
19180643002,Husqvarna Laakerirasva 40gr,https://tarvike.com/product/husqvarna-laakerirasva-40gr-80273,https://media.tarvike.com/product/images/80273/original/29951.jpg,5.0,Kärkipyörän laakereiden voiteluun.,,Husqvarna,
19180637002,"Husqvarna Terälevy 16"" .3/8"" 1,3 mm 56 L SN/A",https://tarvike.com/product/husqvarna-teralevy-16-38-13-mm-56-l-sna-80256,https://media.tarvike.com/product/images/80256/original/155746.png,52.8,"Terälevyn loivasti kaartuva muoto ja pieni kärkipyörä vähentävät takapotkun vaaraa. Terälevyissä on naarmuilta ja korroosiolta suojaava epoksilakkaus. Terälevy SN/A .3/8"" 1,3 mm 16"" 56 dl pieni sovite",,Husqvarna,
19180630002,"Husqvarna Terälevy 20"" .3/8"" 1,5 mm 72 L RSN/B",https://tarvike.com/product/husqvarna-teralevy-20-38-15-mm-72-l-rsnb-80252,https://media.tarvike.com/product/images/80252/original/29919.jpg,131.47,"Suosittelemme käytettäväksi pitkien terälevyjen kanssa terälevyn kärjen kuormituksen vähentämiseksi. Kuorma välitetään laadukkaan rullalaakerin kautta. Kitkahäviö pienenee 8 - 10 % terälevyn pituudesta riippuen. Terälevyt on päällystetty epoksilla, mikä suojaa naarmuuntumiselta ja kulumiselta. Vaihdettava kärki on saatavana varaosana. Terälevyn pituus 20"" Laipan pituus 500 mm Terälevyn tyyppi: Erikoisterälevy, vaihdettava kärkipyörä",,Husqvarna,
19180624002,"Husqvarna Teräketju H64 / .404"" / 1,6 mm / 76 dl",https://tarvike.com/product/husqvarna-teraketju-h64-404-16-mm-76-dl-80249,https://media.tarvike.com/product/images/80249/original/155725.png,50.5,"Tehokkaaseen sahaukseen tarkoitettu, helposti teroitettava teräketju. Teräketju H64 / .404"" / 1,6 mm / 76 dl",,Husqvarna,
19180618002,"Husqvarna Teräketju H36 .3/8"" 1,3 mm 45 L 12""",https://tarvike.com/product/husqvarna-teraketju-h36-38-13-mm-45-l-12-80246,https://media.tarvike.com/product/images/80246/original/29932.jpg,19.2,,,Husqvarna,
19180608002,"Husqvarna Teräketju H42 / 3/8"" / 1,5 mm / 56 dl / 15""",https://tarvike.com/product/husqvarna-teraketju-h42-38-15-mm-56-dl-15-80241,https://media.tarvike.com/product/images/80241/original/29934.jpg,27.3,"Suorituskykyisessä ketjussa on chisel-leikkuuhampaat, ja terälaitteen aiheuttama tärinä on vaimennettu tehokkaasti. Suositellaan puhtaan puun suuritehoiseen korjaukseen ja 50 - 100 cc:n ammattisahoihin. Teräketju H42 / 3/8"" / 1,5 mm / 56 dl / 15""",,Husqvarna,
19180606002,"Husqvarna Teräketju H30 .325"" 1,3 mm 16"" / 66 L",https://tarvike.com/product/husqvarna-teraketju-h30-325-13-mm-16-66-l-80240,https://media.tarvike.com/product/images/80240/original/29930.jpg,23.3,"Kevyisiin sahoihin soveltuva vähätärinäinen ketju. Kapeampi sahausura, nopeampi ja parempi leikkuuteho. Micro Chisel -hampaat vähentävät takapotkun riskiä ja tärinää. Ei suositella raskaaseen sahaustyöhön, esim. myrskytuhojen raivaustöihin. Teräketju H30 / .325"" / 1,3 mm / 66 dl",,Husqvarna,
19180604002,"Husqvarna Teräketju H25 .325"" 1,5 mm 20"" / 80 L",https://tarvike.com/product/husqvarna-teraketju-h25-325-15-mm-20-80-l-80239,https://media.tarvike.com/product/images/80239/original/29926.jpg,42.4,"Nopeasti ja tehokkaasti leikkaava ketju, jossa terälaitteen aiheuttama tärinä on vaimennettu tehokkaasti. Helppo teroittaa. Teräketju H25 / .325 / 1,5 mm / 80 dl / 20""",,Husqvarna,
19180602002,"Husqvarna Teräketju H25 .325"" 1,5 mm 18"" / 72 L",https://tarvike.com/product/husqvarna-teraketju-h25-325-15-mm-18-72-l-80238,https://media.tarvike.com/product/images/80238/original/29922.jpg,17.0,"Nopeasti ja tehokkaasti leikkaava ketju, jossa terälaitteen aiheuttama tärinä on vaimennettu tehokkaasti. Helppo teroittaa. Teräketju H25 / .325 / 1,5 mm / 72 dl / 18""",,Husqvarna,
19180598002,"Husqvarna Teräketju H25 .325"" 1,5 mm 15"" / 64 L",https://tarvike.com/product/husqvarna-teraketju-h25-325-15-mm-15-64-l-80236,https://media.tarvike.com/product/images/80236/original/29910.jpg,27.2,"Nopeasti ja tehokkaasti leikkaava ketju, jossa terälaitteen aiheuttama tärinä on vaimennettu tehokkaasti. Helppo teroittaa. Teräketju H25 / .325 / 1,5 mm / 64 dl / 15""",,Husqvarna,
19180594002,"Husqvarna Moottorisahan Teräsuoja 24"" - 28""",https://tarvike.com/product/husqvarna-moottorisahan-terasuoja-24-28-80234,https://media.tarvike.com/product/images/80234/original/29906.jpg,8.0,Materiaali iskunkestävää muovia.,,Husqvarna,
19180592002,"Husqvarna Moottorisahan Teräsuoja 18"" - 22""",https://tarvike.com/product/husqvarna-moottorisahan-terasuoja-18-22-80233,https://media.tarvike.com/product/images/80233/original/155735.png,5.9,Materiaali iskunkestävää muovia.,,Husqvarna,
19179710002,"Husqvarna 340i Akkusaha, ilman akkua ja laturia, 14"", .3/8""",https://tarvike.com/product/husqvarna-340i-akkusaha-ilman-akkua-ja-laturia-14-38-81417,https://media.tarvike.com/product/images/81417/original/31287.jpg,454.5,"Husqvarna 340i on tehokas ja monikäyttöinen akkukäyttöinen moottorisaha Husqvarna 340i on tehokas, kevyt ja monipuolinen akkukäyttöinen moottorisaha. Sen hyvä leikkuuteho sopii erilaisiin käyttötarkoituksiin kuten puiden kaatoon, oksien karsimiseen, polttopuiden sahaamiseen tai puutöihin. Kapea runko tekee sahasta helpon käsitellä, sillä sen painopiste pysyy lähellä kahvaa. Sahassa on matala tärinä- ja melutaso sekä älykäs käyttöliittymä ja selkeä akun varaustilan ilmaisin kahvassa. Ketju voidaan kiristää normaalisti tai ilman työkaluja. Sahaa voidaan käyttää sekä sisäisen että reppuakun kanssa.",,Husqvarna,
19179685002,"Husqvarna 120i Akkusaha - 12"", 3/8, 1,1 mm, saharunko",https://tarvike.com/product/husqvarna-120i-akkusaha-12-38-11-mm-saharunko-81271,https://media.tarvike.com/product/images/81271/original/159046.png,249.0,"Helppokäyttöinen ja kevytrakenteinen Husqvarna 120i akkusaha soveltuu erinomaisesti pienten puiden kaatamiseen ja oksien karsimiseen. Intuitiiviset näppäimet helpottavat laitteen käynnistämistä, ja ketjujarru varmistaa käyttöturvallisuuden. Päästötön ja hiiliharjaton moottori, ja pitkinäkin työjaksoina luotettavan suorituskyvyn takaava savE™-tila. Käyntiääni on niin hiljainen, että koneen käyttäminen ei asuinalueillakaan häiritse naapureita. Hinta ei sisällä akkua ja laturia. Akun jännite 36 V Suositeltu terälevyn pituus, maks. 35 cm Paino (ilman akkua) 2.95 kg",,Husqvarna,
19179684002,"Husqvarna T435 - 12"", 3/8 Moottorisaha",https://tarvike.com/product/husqvarna-t435-12-38-moottorisaha-81263,https://media.tarvike.com/product/images/81263/original/158993.png,609.0,"Husqvarna T435 on X-Torq®-moottorilla varustettu puunhoitosaha. Keveytensä ja tehokkuutensa ansiosta saha sopii monipuoliseen puunhoitotyöhön. Tasapainoinen ja helppokäyttöinen vaativan käyttäjän saha. 35.2 cm³, 1.5 kW, maks. 35 cm, 3.4 kg",,Husqvarna,
19179682002,Husqvarna 572 XP® G Moottorisaha,https://tarvike.com/product/husqvarna-572-xp-g-moottorisaha-81254,https://media.tarvike.com/product/images/81254/original/158950.png,1519.0,"Husqvarna 572XP® G painaa vain 6,6 kg, mutta sen moottoriin mahtuu tehoa 4,3 kW. Teho-painosuhde on parempi kuin missään muussa tilavuudeltaan samassa Husqvarna-sahassa. Myös leikkuuteho on 12 % parempi kuin aiemmissa vastaavissa malleissa. Erinomainen jäähdytys ja tehokas suodatus takaavat sahan kestävyyden ja suorituskyvyn, ja älykäs muotoilu ja helppokäyttöisyys pitävät tuottavuuden korkealla pitkiäkin terälevyjä käytettäessä. AutoTune™, Air Injection™ ja alhainen tärinätaso tekevät pitkästäkin työpäivästä mukavan. Hinta sisältää saharungon. Sylinteritilavuus 70.6 cm³ Teho 4.3 kW Suositeltu terälevyn pituus, maks. 70 cm Paino (ilman terävarustusta) 6.8 kg",,Husqvarna,
19179673002,Clen Master / Smart terassipesin,https://tarvike.com/product/clen-master-smart-terassipesin-101974,https://media.tarvike.com/product/images/101974/original/118908.jpg,69.0,"Premium-luokan terassipesuri pesee tehokkaasti ja roiskimatta terassit, patiot ja muut puupinnat.",,Clen,
19179672002,CLEN Suutin 1/4 PMEG 15045,https://tarvike.com/product/clen-suutin-14-pmeg-15045-101973,https://media.tarvike.com/product/images/101973/original/118904.jpg,15.9,"Painepesurin suutin PMEG, Suihkukulma: 15°, Suutinkoko: 045, Liitäntä: 1/4"" ulkokierre, Materiaali: ruostumaton teräs",,Clen,
19179671002,CLEN Hienopölysuodatin 2-3 Moottoriset imurit,https://tarvike.com/product/clen-hienopolysuodatin-2-3-moottoriset-imurit-101972,https://media.tarvike.com/product/images/101972/original/118917.jpg,29.3,"Erikoissuodatin hienon pölyn imurointiin, soveltuu myös kylmän tuhkan imurointiin. Pestävä.",,Clen,
19179655002,Cub Cadet XS3 76 lumilinko,https://tarvike.com/product/cub-cadet-xs3-76-lumilinko-81518,https://media.tarvike.com/product/images/81518/original/31446.jpg,2780.0,"Järeä ja tehokas Cub Cadet XS3 76 lumilinko keskisuurille ja suurille alueille. Mullistava 3-vaihejärjestelmä: Reunan Xtreme- ruuvit murskaavat paakkuuntuneen lumen ja jään, ja siirtävät ne keskelle. 25 % enemmän tehoa! Uusi keskitetty Xtreme-tehoruuvi murskaa lumen ja siirtää sen ulosheittokanavaan. 30 % lisää nopeutta! Voimakas heittoruuvi heittää lumen ulosheittotorven kautta haluttuun suuntaan ja halutulle etäisyydelle. Helppoa ja vaivatonta! Työleveys 76 cm / paino 158 kg / OHV talvimoottori 420 cc",,Cub Cadet,
19179650002,Husqvarna ST430T telalumilinko,https://tarvike.com/product/husqvarna-st430t-telalumilinko-81460,https://media.tarvike.com/product/images/81460/original/159811.png,4899.0,"Husqvarna ST430T telalumilinko on tehty vaativaan käyttöön ja siten varustettu ammattitason ominaisuuksilla, kuten hydrostaattisella voimansiirrolla, sähköstartilla ja teräksisellä käyttökonsolilla. Kestävä ja helposti hallittava linko on omiaan haastavissa olosuhteissa, ja jalkakäytävien, ajoväylien, julkisten alueiden ja runsaslumisten alueiden puhdistaminen on nopeaa ja vaivatonta päivästä toiseen. Husqvarna 400T-lumilingot ovat markkinoiden ainoita, joissa yhdistyvät edistyksellinen EFI-teknologia ja vaativassa maastossa tarvittava erinomainen pito. Husqvarna ST 430T:n vakiovarusteina on mm. ohjaustehostin, LED-ajovalot ja sähkölämmitteiset kahvat. Työleveys 76 cm Sylinteritilavuus 420 см³ Vaihteiston tyyppi: Hydrostaattinen Lingon tyyppi: 2-vaihe",,Husqvarna,
19179649002,Husqvarna ST 430 lumilinko,https://tarvike.com/product/husqvarna-st-430-lumilinko-81459,https://media.tarvike.com/product/images/81459/original/159809.png,3799.0,"Husqvarna ST 430 lumilinko on tehty vaativaan käyttöön ja siten varustettu ammattitason ominaisuuksilla, kuten hydrostaattisella voimansiirrolla, sähköstartilla ja teräksisellä käyttökonsolilla. Kestävä ja helposti hallittava linko on omiaan haastavissa olosuhteissa, ja jalkakäytävien, ajoväylien, julkisten alueiden ja runsaslumisten alueiden puhdistaminen on nopeaa ja vaivatonta päivästä toiseen. Vakiovarusteina mm. LED-ajovalot ja sähkölämmitteiset kahvat. Työleveys 76 cm Sylinteritilavuus 420 cm³ Vaihteiston tyyppi Hydrostaattinen Lingon tyyppi 2-vaihe",,Husqvarna,
19179648002,Husqvarna ST 427T lumilinko,https://tarvike.com/product/husqvarna-st-427t-lumilinko-81458,https://media.tarvike.com/product/images/81458/original/159810.png,4599.0,"Husqvarna ST 427T lumilinko on tehty vaativaan käyttöön ja siten varustettu ammattitason ominaisuuksilla, kuten hydrostaattisella voimansiirrolla ja teräksisellä käyttökonsolilla. Kestävä ja helposti hallittava, ohjaustehostimellinen kaksivaihelinko on omiaan haastavissa olosuhteissa, ja jalkakäytävien, ajoväylien, julkisten alueiden ja runsaslumisten alueiden puhdistaminen on nopeaa ja vaivatonta päivästä toiseen. Husqvarna 400T-lumilingot ovat markkinoiden ainoita, joissa yhdistyvät edistyksellinen EFI-teknologia ja vaativassa maastossa tarvittava erinomainen pito. Husqvarna ST 427T:n vakiovarusteina mm. LED-ajovalot ja sähkölämmitteiset kahvat. Työleveys 69 cm Sylinteritilavuus 389 cm³ Vaihteiston tyyppi Hydrostaattinen Lingon tyyppi 2-vaihe",,Husqvarna,
19179647002,Husqvarna ST 427 lumilinko,https://tarvike.com/product/husqvarna-st-427-lumilinko-81457,https://media.tarvike.com/product/images/81457/original/159805.png,3599.0,"Husqvarna ST 427 kaksivaihelumilinko on tehty vaativaan käyttöön ja siten varustettu ammattitason ominaisuuksilla, kuten hydrostaattisella voimansiirrolla, sähköstartilla ja teräksisellä käyttökonsolilla. Kestävä ja helposti hallittava lumilinko on omiaan haastavissa olosuhteissa, ja jalkakäytävien, ajoväylien, julkisten alueiden ja runsaslumisten alueiden puhdistaminen on nopeaa ja vaivatonta päivästä toiseen. Sähkölämmitteiset kahvat parantavat käyttömukavuutta kylmällä säällä. Vakiona mm. LED-ajovalo ja joka säällä käynnistyksen varmistava sähkökäynnistys. Työleveys 69 cm Sylinteritilavuus 389 см³ Vaihteiston tyyppi: Hydrostaattinen Lingon tyyppi: 2-vaihe",,Husqvarna,
19179644002,Husqvarna ST 424 lumilinko,https://tarvike.com/product/husqvarna-st-424-lumilinko-81456,https://media.tarvike.com/product/images/81456/original/159812.png,3499.0,"Husqvarna 400-sarjan lumilingot on tehty vaativaan käyttöön ja siten varustettu ammattitason ominaisuuksilla, kuten hydrostaattisella voimansiirrolla ja teräksisellä käyttökonsolilla. Kestävät ja helposti hallittavat lumilingot ovat omiaan haastavissa olosuhteissa, ja niillä jalkakäytävien, ajoväylien, julkisten alueiden ja runsaslumisten alueiden puhdistaminen on nopeaa ja vaivatonta päivästä toiseen.",,Husqvarna,
19179643002,Husqvarna ST 330 lumilinko,https://tarvike.com/product/husqvarna-st-330-lumilinko-81455,https://media.tarvike.com/product/images/81455/original/159808.png,2499.0,"Husqvarna ST 330 lumilinko soveltuu nopeaan ja helppoon suurten alueiden lumenpoistoon. Vankkarakenteinen ja kestävä ST 330 on tehty vaativaan käyttöön, jossa lumikerroksen paksuus on 15–60 cm. Kaksivaihejärjestelmä, vahva hihnajärjestelmä, kitkalevyvoimansiirto ja ohjaustehostin helpottavat käyttöä. Vahvat komponentit, kuten vankka syöttökaukalo sekä valettu vaihteisto ja heittopyörä, varmistavat luotettavan käytön kaikissa olosuhteissa. Vakiona korkeussuunnassa säädettävät lämpökahvat, LED-ajovalo ja joka säällä helpon käynnistyksen varmistava sähkökäynnistys. Työleveys 76 cm Sylinteritilavuus 369 см³ Vaihteiston tyyppi: Kitkalevy Lingon tyyppi: 2-vaihe",,Husqvarna,
19179642002,Husqvarna ST 327 lumilinko,https://tarvike.com/product/husqvarna-st-327-lumilinko-81454,https://media.tarvike.com/product/images/81454/original/159806.png,2249.0,"Husqvarna ST 327 on ergonominen ja tehokas suurten alueiden auraamiseen soveltuva lumilinko. Kestävä rakenne sopii vaativaan käyttöön, jolloin lumikerroksen paksuus voi olla 15–60 cm. Käyttöä helpottavat ja tehostavat kaksivaihejärjestelmä, vahva hihnajärjestelmä, isot pyörät ja ohjaustehostin. Vahvat komponentit, kuten vankka syöttökaukalo sekä valettu vaihteisto ja heittopyörä, varmistavat luotettavan käytön kaikissa olosuhteissa. Vakiona korkeussuunnassa säädettävät lämpökahvat, LED-ajovalo ja joka säällä helpon käynnistyksen varmistava sähkökäynnistys. Työleveys 69 cm Sylinteritilavuus 301 cm³ Vaihteiston tyyppi Kitkalevy Lingon tyyppi 2-vaihe",,Husqvarna,
19179641002,Husqvarna ST 324 lumilinko,https://tarvike.com/product/husqvarna-st-324-lumilinko-81453,https://media.tarvike.com/product/images/81453/original/159802.png,2148.9,"Husqvarna ST 324 on ergonominen ja tehokas suurten alueiden auraamiseen soveltuva lumilinko. Kestävä rakenne sopii vaativaan käyttöön, jolloin lumikerroksen paksuus voi olla 15–60 cm. Käyttöä helpottavat ja tehostavat kaksivaihejärjestelmä, vahva hihnajärjestelmä, isot pyörät ja ohjaustehostin. Vahvat komponentit, kuten vankka syöttökaukalo sekä valettu vaihteisto ja heittopyörä, varmistavat luotettavan käytön kaikissa olosuhteissa. Vakiona korkeussuunnassa säädettävät lämpökahvat, LED-ajovalo ja joka säällä helpon käynnistyksen varmistava sähkökäynnistys. Sylinteritilavuus: 252 cm³ Moottorin valmistaja: Husqvarna Vaihteiston tyyppi: Kitkalevy",,Husqvarna,
19179640002,Husqvarna ST 230 lumilinko,https://tarvike.com/product/husqvarna-st-230-lumilinko-81452,https://media.tarvike.com/product/images/81452/original/159796.png,2099.0,"Husqvarna ST 230 on omiaan pientaloasujalle, joka haluaa suorituskykyisen lumilingon autotallin edustan ja leveämpien kulkuväylien auraamiseen. Säädettävien jalasten ansiosta lumilinko toimii kaikenlaisilla alustoilla. Husqvarna ST 230 on tehty satunnaiseen käyttöön, jossa lumikerroksen paksuus voi olla 10–30 cm. Lingossa on kaksivaihejärjestelmä ja tehokas lumenpoisto. Säädettävä työntöaisa parantaa käyttömukavuutta. Kitkalevyvoimansiirto varmistaa tasaisen käytön. Vakiona mm. LED-ajovalo ja joka säällä käynnistyksen varmistava sähkökäynnistys. Työleveys 76 cm Sylinteritilavuus 301 cm³ Vaihteiston tyyppi Kitkalevy Lingon tyyppi 2-vaihe",,Husqvarna,
19179637002,Husqvarna PW 490 painepesuri,https://tarvike.com/product/husqvarna-pw-490-painepesuri-81426,https://media.tarvike.com/product/images/81426/original/159624.png,748.9,"Husqvarna PW 490 painepesuri on erittäin kookas ja tehokas painepesuri. Muotoilultaan tukeva ja tarkoituksenmukainen. Se on suunniteltu kaikkein vaativimpaan ulkotilojen puhdistukseen. Messinkipumppu ja keramiikkapinnoitteiset männät kestävät kovaa käyttöä. Paineensäätöominaisuudella voit säätää veden virtausta ja painetta kuhunkin tilanteeseen sopivaksi. Sisäänrakennettua pesuainesäiliötä ohjataan etupaneelista. Messinkinen pumpun pää takaa erinomaisen suorituskyvyn pitkäkestoisessakin käytössä. Mukana toimitetaan teräsvahvisteinen paineletku. Helposti painettava liipaisin laukeaa vähemmällä vaivalla, mikä säästää kättäsi rasitukselta. Induktiomoottori takaa luotettavan suorituskyvyn ja alumiininen kantokahva helpottaa koneen siirtämistä. Letkun pikaliitäntä, suuret, tukevat ja pitävät pyörät sekä pitkä ruiskuvarsi lisäävät käyttömukavuutta. Pesurissa on kaksi näppärää niveltoimintoa, toinen suuttimen säädölle ja toinen pikaliitokselle. Sisäänrakennettu lisävarusteiden säilytystila, metallisella kelausta helpottavalla letkuohjaimella varustettu letkukela sekä virtajohdon säilytystila tekevät käytöstä tehokasta. Mukana on kaksi suutinta. Suurin paine 190 bar Vesimäärä 570-650 l/h Nimellisteho 3300 W Letkun pituus 15 m",,Husqvarna,
19179636002,Husqvarna PW 480 painepesuri,https://tarvike.com/product/husqvarna-pw-480-painepesuri-81425,https://media.tarvike.com/product/images/81425/original/159618.png,659.0,"Erittäin kookas ja tehokas Husqvarna PW 480 painepesuri on muotoilultaan tukeva ja tarkoituksenmukainen. Se on suunniteltu kaikkein vaativimpaan ulkotilojen puhdistukseen. Paineensäätöominaisuudella voit säätää veden virtausta ja painetta kuhunkin tilanteeseen sopivaksi. Sisäänrakennettua pesuainesäiliötä ohjataan etupaneelista. Messinkinen pumpun pää takaa erinomaisen suorituskyvyn pitkäkestoisessakin käytössä. Mukana toimitetaan teräsvahvisteinen paineletku. Helposti painettava liipaisin laukeaa vähemmällä vaivalla, mikä säästää kättäsi rasitukselta. Induktiomoottori takaa luotettavan suorituskyvyn ja alumiininen kantokahva helpottaa koneen siirtämistä. Letkun pikaliitäntä, suuret, tukevat ja pitävät pyörät sekä pitkä ruiskuvarsi lisäävät käyttömukavuutta. Pesurissa on kaksi näppärää niveltoimintoa, toinen suuttimen säädölle ja toinen pikaliitokselle. Sisäänrakennetut lisävarusteiden säilytystila, letkukela ja virtajohdon säilytystila tekevät pesurin käytöstä tehokasta. Mukana on kaksi suutinta. Suurin paine 180 bar Vesimäärä 540-610 l/h Nimellisteho 2900 W Letkun pituus 13 m",,Husqvarna,
19179633002,Husqvarna WDC 325L märkä-ja kuivaimuri,https://tarvike.com/product/husqvarna-wdc-325l-marka-ja-kuivaimuri-81391,https://media.tarvike.com/product/images/81391/original/159406.png,318.9,"Kestävä ja suorituskykyinen märkä- ja kuivaimuri monenlaisen lian, pölyn, vuotojen ja roskien poistamiseen. Soveltuu hyvin jokapäiväiseen vaativaan käyttöön voimakkaan ja luotettavan turbiinin, helppokäyttöisten hallintalaitteiden sekä kätevän säilytyksen ja helpon tyhjennyksen ansiosta. Monia käyttöä helpottavia ominaisuuksia, kuten portaaton nopeudensäätö, liitäntä sähköpistokkeelle ja adapteri työkaluja varten. WDC 325L täyttää pölyluokan L vaatimukset, mikä tarkoittaa, että pestävän PET-suodattimen läpi pääsee korkeintaan 1 % pölystä. Säiliön tilavuus: 25 l Nimellisteho: 1200 W Ilmavirta: 3700 l/min Tyhjiö, maks.: 235 mbar",,Husqvarna,
19179610002,Honda HSS 970A EW lumilinko,https://tarvike.com/product/honda-hss-970a-ew-lumilinko-61141,https://media.tarvike.com/product/images/61141/original/17905.jpg,4990.0,"Honda HSS 970 EW lumilinko on tehokas hydrostaattisella voimansiirrolla varustettu pyörämalli. Laite on varustettu samoilla ominaisuuksilla kuin HSS760 -mallit, mutta sen työleveys on 710mm. HSS970A EW selviää myös todella hankalista lumiolosuhteista ja isoista alueista kevyesti. Heittokapasiteetti on perästi 50 tonnia tunnissa ja heittoetäisyys max. 15m. LED -työvalo vakiovarusteena.",,Honda,
19177480002,"Husqvarna 525HE4 Pensasleikkuri, terän pituus 60 cm",https://tarvike.com/product/husqvarna-525he4-pensasleikkuri-teran-pituus-60-cm-81406,https://media.tarvike.com/product/images/81406/original/159464.png,1099.0,"Husqvarna 525HE4 on ammattikäyttöön suunniteltu 25-kuutioinen teleskooppinen pensasleikkuri, joka on varustettu kaksipuolisella 60 cm:n leikkuuterällä ja suurella teränopeudella. Sen ulottuvuus on jopa 4 metriä, 37 mm:n teräväli ja kiinteitä kulma-asentoja on 10. Voit leikata mukavasti ja tehokkaasti korkeita, leveitä ja matalia pensasaitoja. Moottori toimii vastapainona, ja tekee koneesta erittäin tasapainoisen ja mukavan käyttää. Helppo käynnistää tehokkaan vaihdelaatikon ja intuitiivisen näppäimistön avulla.",,Husqvarna,
19177479002,Husqvarna 525HE3 Pensasleikkuri,https://tarvike.com/product/husqvarna-525he3-pensasleikkuri-81405,https://media.tarvike.com/product/images/81405/original/159459.png,1058.9,"Husqvarna 525HE3 on ammattikäyttöön suunniteltu 25-kuutioinen teleskooppinen pensasleikkuri, jossa on kaksipuolinen 60 cm:n leikkuuterä. Sen ulottuvuus on 3 metriä, 37 mm:n teräväli ja kiinteitä kulma-asentoja on 10. Kone soveltuu sekä korkeille että matalille pensasaidoille. Moottori toimii vastapainona, ja tekee koneesta erittäin tasapainoisen ja mukavan käyttää. Helppo käynnistää intuitiivisen näppäimistön avulla. Terän pituus 60cm",,Husqvarna,
19177478002,"Husqvarna 520iRX Akkuruohonraivuri, ei sis. akku ja laturi",https://tarvike.com/product/husqvarna-520irx-akkuruohonraivuri-ei-sis-akku-ja-laturi-81400,https://media.tarvike.com/product/images/81400/original/159427.png,529.0,"Husqvarna 520iRX akkuruohonraivuri on kevyt ja tehokas kaksoiskahvainen trimmeri ammattikäyttöön. Täydellinen puutarhureille, maisemoijille ja urakoitsijoille. Ominaisuuksina erinomainen ergonomia ja tasapaino, kahteen suuntaan pyörivä siimapää ja pitkäikäinen hiiliharjaton moottori. Mukana toimitetaan mukavat valjaat. HUOM, akku myydään erikseen",,Husqvarna,
19177476002,"Husqvarna 520iLX Akkutrimmeri, ei sis. akku/laturi",https://tarvike.com/product/husqvarna-520ilx-akkutrimmeri-ei-sis-akkulaturi-81398,https://media.tarvike.com/product/images/81398/original/159423.png,469.0,"Husqvarna 520iLX on kevyt ja tehokas trimmeri ammattimaista luotettavuutta arvostavalle käyttäjälle. Täydellinen puutarhureille, maisemoijille ja urakoitsijoille. Ominaisuuksina erinomainen ergonomia ja tasapaino, kahteen suuntaan pyörivä siimapää ja pitkäikäinen hiiliharjaton moottori. Akku ja laturi eivät sisälly hintaan.",,Husqvarna,
19177472002,"Husqvarna 520iHE3 pensasleikkuri, ilman akkua ja laturia",https://tarvike.com/product/husqvarna-520ihe3-pensasleikkuri-ilman-akkua-ja-laturia-81394,https://media.tarvike.com/product/images/81394/original/159421.png,589.0,"Pitkävartinen, akkukäyttöinen ja päästötön Husqvarna 520iHE3 -pensasleikkuri vastaa suorituskyvyltään samankokoista polttomoottorikonetta. Suuri leikkuunopeus, jopa 3,5 metrin käyttösäde ja käyttövarmuus takaavat ammattitason tehon ja leikkuutuloksen. Laite soveltuu hiljaisen käyntiäänensä ansiosta erinomaisesti asuinalueille sekä hotelli- ja sairaala-alueille sekä muihin meluherkkiin ympäristöihin. 520iHE3:n kahvasto ja etäohjattava kulman säätö tekevät työstä helppoa erilaisisssa käyttökohteissa. Yhteensopiva kaikkien Husqvarnan BLi-akkujen ja latureiden kanssa. Hinta ei sisällä akkua ja laturia.",,Husqvarna,
19177469002,"Husqvarna 530iPX Akkuoksasaha, ilman akkua ja laturia, mukana valjaat",https://tarvike.com/product/husqvarna-530ipx-akkuoksasaha-ilman-akkua-ja-laturia-mukana-valjaat-81386,https://media.tarvike.com/product/images/81386/original/159383.png,659.0,"Husqvarna 530iPX akkuoksasaha on ketterä ja kevyt oksasaha ammattitaon suorityskyvyllä. Tehokas akku varmistaa meluttoman ja päästöttämän työympäristön ja suuri teräketjun nopeus, tasapaino, keveys ja vähäinen tärinä mahdollistavat tarkan työskentelyn. Soveltuu epätasaiseen ja tiheäkasvuiseen maastoon, jossa vapaa liikkuminen on erityisen tärkeää. Mukana Husqvarna-reppuakun valjaat. Akun jännite 36 V",,Husqvarna,
19177468002,"Husqvarna 530iPT5  Akkuoksasaha, ei sis akku/laturi",https://tarvike.com/product/husqvarna-530ipt5-akkuoksasaha-ei-sis-akkulaturi-81385,https://media.tarvike.com/product/images/81385/original/159377.png,779.0,"Husqvarna 530iPT5 on akkukäyttöinen teleskooppioksasaha ammattikäyttöön. Viisimetrisellä varrella yltää kauas, ja luotettavan käytön varmistavat erinomainen suorituskyky ja kestävyys. Keveys, hyvä ergonomia ja hiljainen käyntiääni mahdollistavat koneen käyttämisen missä ja milloin tahansa. Hinta ei sisällä akkua ja laturia. Hintaan sisältyvät: - Teräketju H00 / 1/4"" / 1,3 mm / 58 dl - Terälevy 10"" / .1/4"" / 1,3 mm / A318 / 58DL(327PT5S)savE™ Valitse olosuhteiden mukaan normaali tai savE™-tila sen mukaan, haluatko maksimitehon vai maksimikäyttöajan. Molemmissa tapauksissa tulos on loistava. - Kantohihna Paino (ilman terävarustusta): 5 kg Akun jännite: 36 V",,Husqvarna,
19177466002,"Husqvarna 530iP4 Akkuoksasaha, ilman akkua ja laturia",https://tarvike.com/product/husqvarna-530ip4-akkuoksasaha-ilman-akkua-ja-laturia-81383,https://media.tarvike.com/product/images/81383/original/159393.png,659.0,"Akkukäyttöinen Husqvarna 530iP4 -oksasaha ammattikäyttöön. Pitkällä 4-metrisellä varrella yltää kauas, ja luotettavan käytön varmistavat erinomainen suorituskyky ja kestävyys. Keveys, hyvä ergonomia ja hiljainen käyntiääni mahdollistavat koneen käyttämisen missä ja milloin tahansa. Hintaan sisältyvät: - Teräketju H00 / 1/4"" / 1,3 mm / 58 dl - Terälevy 10"" / .1/4"" / 1,3 mm / A318 / 58DL(327PT5S) - Kantohihna Paino (ilman terävarustusta): 3.4 kg Akun jännite: 36 V",,Husqvarna,
19177464002,Husqvarna 545F Metsänraivaussaha,https://tarvike.com/product/husqvarna-545f-metsanraivaussaha-81381,https://media.tarvike.com/product/images/81381/original/159391.png,1018.9,"Husqvarna 545F on perustason raivaussaha on kehitetty kokopäiväiseen raivaukseen vaativissa olosuhteissa. Vahvan 45 cc:n moottorin teho takaa, että työ tulee tehtyä.",,Husqvarna,
19177463002,"Husqvarna 535iRXT Akkuruohonraivuri, ei sis. akku/laturi",https://tarvike.com/product/husqvarna-535irxt-akkuruohonraivuri-ei-sis-akkulaturi-81365,https://media.tarvike.com/product/images/81365/original/159318.png,858.9,"Husqvarna 535iRXT on ammattikäyttöön tarkoitettu vankkatekoinen ja tehokas akkukäyttöinen ruohoraivuri. Kevyen ja tasapainotetun raivurin teho vastaa 35 cc:n bensiinikäyttöistä ruohoraivuria. E-TORQ-moottori ja 45 cm:n leikkuuhalkaisija takaavat, että työt sujuvat joutuisasti. Integroidun yhteyden ansiosta käyttötilastojen, huoltohistorian ja viimeisimmän sijainnin tarkastelu on helppoa Husqvarna Fleet Service™ -sovelluksen kautta. Kulmavaihde ja muut keskeiset osat periytyvät Husqvarnan bensiinimallistosta, ja jämäkkä kahvasto sekä moottorin tukivarsi on valmistettu magnesiumista. Sisältää ruohoterän ja ErgoFeed™-siimapään.",,Husqvarna,
19177449002,Husqvarna 522HD60X Pensasleikkuri,https://tarvike.com/product/husqvarna-522hd60x-pensasleikkuri-81339,https://media.tarvike.com/product/images/81339/original/159221.png,879.0,"Husqvarna 522HD60X on 21,7 -kuutioinen, 2-puolisella, 60 cm pitkällä leikkuuterällä varustettu pensasleikkuri. Kääntyvä kahva ja keveys yhdistettynä kapeaan ja tasapainoisen rakenteeseen sekä tehokkaaseen tärinänvaimennukseen varmistavat erinomaisen hallinnan. Loistaviin tuloksiin päästään nopeasti leikkaavien ammattikäyttöön tarkoitettujen terien ja avoimen teräsuojuksen avulla. 21.7 см³ / 0.6 kW / 60 cm / 4.9 kg",,Husqvarna,
19177448002,Husqvarna 522HDR75X Pensasleikkuri,https://tarvike.com/product/husqvarna-522hdr75x-pensasleikkuri-81338,https://media.tarvike.com/product/images/81338/original/159239.png,898.9,"Husqvarna 522HDR75X 21,7 cc:n pensasleikkurissa on kaksipuolinen 75 cm:n leikkuuterä ja tehokas voimansiirto, jotka varmistavat riittävän suorituskyvyn haastavissakin kohteissa. Kääntyvä kahva, kevyt ja tasapainoinen rakenne sekä alhainen tärinätaso takaavat erinomaisen käsiteltävyyden. Tehokkuutta leikkaamiseen tuovat nopeat ammattitason leikkuuterät, avoin teränsuojus ja huikea lähtöteho. 21.7 см³ / 0.6 kW / 75 cm / 5.2 kg",,Husqvarna,
19177447002,Husqvarna 522HDR60X Pensasleikkuri,https://tarvike.com/product/husqvarna-522hdr60x-pensasleikkuri-81337,https://media.tarvike.com/product/images/81337/original/159236.png,879.0,"Husqvarna 522HDR60X pensasleikkurissa on kaksipuolinen 60 cm:n leikkuuterä ja tehokas voimansiirto. Kääntyvä kahva, kevyt ja tasapainoinen rakenne sekä alhainen tärinätaso takaavat erinomaisen käsiteltävyyden. Tehokkuutta leikkaamiseen tuovat suorituskykyiset ja nopeat ammattitason leikkuuterät, avoin teränsuojus ja huikea lähtöteho. 21.7 см³ / 0.6 kW / 60 cm / 5.0 kg",,Husqvarna,
19177446002,"Husqvarna Rider R 420TsX AWD, ilman leikkuulaitetta",https://tarvike.com/product/husqvarna-rider-r-420tsx-awd-ilman-leikkuulaitetta-81336,https://media.tarvike.com/product/images/81336/original/159229.png,16399.0,"Kompakti ja suorituskykyinen nelivetoinen Husqvarna Rider R 420TsX AWD -leikkuri on varustettu tehokkaalla Kawasakin V2-moottorilla ja ohjaustehostimella, joka helpottaa laitteen hallintaa kapeilla alueilla ja rinteissä. Ainutlaatuinen XChange-lisälaiterunko mahdollistaa lisälaitteiden nopean kiinnittämisen ilman työkaluja. Husqvarna Connect -sovellus ja Bluetooth-yhteys mahdollistavat Riderin valvonnan ja siten tehokkaan ja oikean käytön. R 420TsX AWD käynnistyy helposti avaimella, ja siinä on kaksois-LED-valot ja säädettävä, kätevä tavarateline. Saatavana eri leveyksin varustettuja leikkuulaitteita. Hinta ei sisällä leikkuulaitetta. Moottorin valmistaja: Kawasaki Nettoteho/esiasetettu rpm 14 kW Leikkuuleveys, min. 103 cm Leikkuuleveys, maks. 122 cm",,Husqvarna,
19177434002,Husqvarna 525PT5S Oksasaha,https://tarvike.com/product/husqvarna-525pt5s-oksasaha-81320,https://media.tarvike.com/product/images/81320/original/159184.png,1149.0,"Ammattilaisille suunniteltu teleskooppivarrella varustettu Husqvarna 525PT5S -oksasaha tarjoaa erittäin pitkän ulottuvuuden. Sen erinomainen ergonomia ja ylivoimainen tasapaino auttavat saavuttamaan erinomaiset tulokset mahdollisimman pienellä vaivalla. X-Torq®-moottori takaa nopean kiihtyvyyden ja suuren väännön pitäen kuitenkin päästöt ja polttoaineenkulutuksen alhaisina. Vakiovarustus: 10"", 1/4 Hintaan sisältyvät: - Teräketju H00 / 1/4"" / 1,3 mm / 58 dl - 10"" / .1/4"" / 1,3 mm / A318 / 58DL(327PT5S) 25.4 cm³, 1 kW, 7 kg, 397 cm",,Husqvarna,
19177431002,Husqvarna Harjatela BR600,https://tarvike.com/product/husqvarna-harjatela-br600-81316,https://media.tarvike.com/product/images/81316/original/159145.png,559.0,"Harjalaitevarustus yhdistelmätrimmereihin. Poistaa lian poluilta, ajoteiltä ja jopa syvistä urista. Sisältää suojuksen. Varren läpimitta 24 mm. Pituus 115.7 cm / Paino, ilman trimmeriä 5.46 kg Sopii malleihin 129LK, 525RK, 525LK, 535LK",,Husqvarna,
19177430002,Husqvarna Oksasaha 300 CU kaareva,https://tarvike.com/product/husqvarna-oksasaha-300-cu-kaareva-81310,https://media.tarvike.com/product/images/81310/original/159107.png,55.8,"Husqvarnan kiinteän 300 CU -oksasahan kokonaispituus on 400 mm, ja se edustaa Husqvarnan sahojen uutta sukupolvea. Jäykän, kaarevan sahanterän impulssikarkaistut hampaat on kolmoishiottu. Tämä tuottaa erityisen hyvän sahaustehon, hiljaisen toiminnan, kevyen sahaamisen ja erittäin pitkän käyttöiän. Erityisen tasainen vetävä leikkaus sopii loistavasti tuoreelle ja kuivalle puulle. Ergonomisen, hieman taivutetun kahvan muotoilun ja pehmusteiden ansiosta tämä saha istuu mukavasti ja turvallisesti käteen.",,Husqvarna,
19177428002,Husqvarna 129LK Ruohotrimmeri,https://tarvike.com/product/husqvarna-129lk-ruohotrimmeri-81306,https://media.tarvike.com/product/images/81306/original/159105.png,318.9,"Husqvarna 129LK ruohotrimmeri on monitoimityökalu, jossa on tehokas 27 kcm³ -moottori ja ammattitason laadukkaat ominaisuudet. Käyttömukavuutta parantavat Smart Start® -käynnistysjärjestelmä ja automaattisesti ON-asentoon palautuva käynnistystä helpottava pysäytyskytkin. Siimapään lisäksi 129LK:n voi varustaa monilla muilla ammattilaislaatuisilla työkaluilla: puhaltimella, oksasahalla, jyrsimellä, pensasleikkurilla ja reunaleikkurilla, pelkästään runkoputken alaosaa vaihtamalla.",,Husqvarna,
19177427002,Husqvarna 129R Ruohonraivaussaha,https://tarvike.com/product/husqvarna-129r-ruohonraivaussaha-81305,https://media.tarvike.com/product/images/81305/original/159102.png,349.0,"Monikäyttöinen Husqvarna 129R-ruohoraivuri tarjoaa ammattilaiskoneen tehokkaat ominaisuudet myös kuluttajille. Voimakas 27 kuutiosenttimetrin moottori, Smart Start® -kevytkäynnistys, intuitiiviset hallintalaitteet ja automaattisesti käynnistysasentoon palautuva pysäytinpainike varmistavat vaivattoman ja helpon käynnistämisen. Raivurissa on mukava kahden käden kahvasto sekä vakiovarusteina yhdistelmäsuojus, siimapää ja ruohoterä.",,Husqvarna,
19177426002,Husqvarna 129C Ruohotrimmeri,https://tarvike.com/product/husqvarna-129c-ruohotrimmeri-81304,https://media.tarvike.com/product/images/81304/original/159099.png,258.9,"Husqvarna 129C-trimmeri tarjoaa ammattilaiskoneen tehon ja laadun kuluttajakäyttöön. Helppokäyttöisessä trimmerissä on voimakas 27 cm³ -moottori. Käyttömukavuutta parantavat myös Smart Start® -käynnistysjärjestelmä, intuitiiviset säätimet ja automaattisesti ON-asentoon palautuva käynnistystä helpottava pysäytyskytkin. 129C-trimmerin kaareva runkoputki soveltuu hyvin helppoon trimmaukseen. T25-siimäpää Teho 0,85 kW Leikkuuleveys 43 cm",,Husqvarna,
19177425002,Husqvarna 129C Ruohotrimmeri,https://tarvike.com/product/husqvarna-129c-ruohotrimmeri-81303,https://media.tarvike.com/product/images/81303/original/31157.jpg,272.5,"Husqvarna tunnetaan tehokkaista ja taloudellisista, vaativaan ammattikäyttöön tehdyistä koneistaan. Husqvarna 129C -trimmeri tarjoaa saman ammattimaisen tehon ja laadun myös kuluttajalle. Helppokäyttöisessä trimmerissä on voimakas 27 cc:n moottori. Käyttömukavuutta parantavat myös SmartStart-järjestelmä, intuitiiviset säätimet ja automaattisesti ON-asentoon palautuva käynnistystä helpottava pysäytyskytkin. 129C-trimmerissä on työskentelyä helpottava kaareva runkoputki. T25-siimapää. 27.5 cm³, 0.85 kW, 4.49 kg",,Husqvarna,
19177412002,Husqvarna 122 C Ruohotrimmeri,https://tarvike.com/product/husqvarna-122-c-ruohotrimmeri-81260,https://media.tarvike.com/product/images/81260/original/158963.png,209.0,Husqvarna 122C on hiljainen ja kevyt kotipuutarhurin trimmeri. Helppokäyttöisessä koneessa on mm. Smart Start® -kevytkäynnistys.,,Husqvarna,
19177405002,Husqvarna 555RXT Ruohonraivaussaha,https://tarvike.com/product/husqvarna-555rxt-ruohonraivaussaha-81242,https://media.tarvike.com/product/images/81242/original/158930.png,1479.0,"Husqvarna 555RXT on erittäin tehokas vaativiin olosuhteisiin tarkoitettu ruohonraivaussaha. X-Torq®-moottori varmistaa riittävän suorituskyvyn, nopean kiihtyvyyden ja alhaisen polttoaineenkulutuksen. Pitkä runkoputki ja 35 asteen kulmavaihde mahdollistavat laajat liikkeet työskenneltäessä. LowVib® takaa erittäin hyvän tärinänvaimennuksen. Vakiona Balance XT -ammattivaljaat. Sylinteritilavuus 53.3 см³ Paino (ilman terävarustusta) 9.2 kg Teho 2.8 kW",,Husqvarna,
19177404002,Husqvarna 535RXT Ruohonraivaussaha,https://tarvike.com/product/husqvarna-535rxt-ruohonraivaussaha-81241,https://media.tarvike.com/product/images/81241/original/158948.png,1019.0,"Monipuolisen 35-kuutioisen luokan ruohoraivuri Husqvarna 535RXT on omiaan vaativassa ammattikäytössä. Huipputehon takaavat raaka voima, ainutlaatuinen ergonomia ja erinomainen kestävyys. LowVib® vaimentaa tärinät tehokkaasti ja mukavasta kahvastosta saa pitävän otteen. Sylinteritilavuus 34.6 см³ Paino (ilman terävarustusta) 6.7 kg Teho 1.6 kW",,Husqvarna,
19177403002,Husqvarna 135R Ruohonraivaussaha,https://tarvike.com/product/husqvarna-135r-ruohonraivaussaha-81240,https://media.tarvike.com/product/images/81240/original/158942.png,749.0,"Monipuolinen Husqvarna 135R ruohoraivuri soveltuu täydellisesti omakotiasujan tarpeisiin. Helppo käynnistys Smart Start® -järjestelmän ja polttoainepumpun ansiosta. X-Torq®-moottori varmistaa riittävän voiman ja kuluttaa samalla vähemmän polttoainetta. Mukana valjaat, helposti ladattava puoliautomaattinen siimapää ja ruohoterä.",,Husqvarna,
19177402002,Husqvarna 336FR Ruohonraivaussaha,https://tarvike.com/product/husqvarna-336fr-ruohonraivaussaha-81239,https://media.tarvike.com/product/images/81239/original/158938.png,779.0,"Husqvarna 336FR:n mukana toimitetaan kolme terää suojineen: siimapää, vesakkoterä ja raivausterä. Joustavien käyttöominaisuuksiensa vuoksi malli soveltuu hyvin käyttäjille, jotka tarvitsevat tehokkaan ja monipuolisen koneen. Suorituskykyinen X-Torq®-moottori vähentää päästöjä ja polttoaineenkulutusta.",,Husqvarna,
19177400002,Husqvarna 122HD60 Pensasleikkuri,https://tarvike.com/product/husqvarna-122hd60-pensasleikkuri-81236,https://media.tarvike.com/product/images/81236/original/158923.png,378.9,"Husqvarna 122HD60 on hiljainen ja kevyt kotipuutarhurin pensasleikkuri, jossa on mm. käynnistystä helpottava Smart Start® ja säädettävä takakahva. Terän pituus 600 mm. 21.7 cm³, 0.6 kW, 59 cm, 4.9 kg",,Husqvarna,
19177396002,Husqvarna 545RX  Ruohonraivaussaha,https://tarvike.com/product/husqvarna-545rx-ruohonraivaussaha-81232,https://media.tarvike.com/product/images/81232/original/158891.png,1118.9,"Ammattikäyttöön soveltuva, suorituskykyisessä Husqvarna 545RX ruohoraivurissa on loistava ergonomia ja hallittavuus. X-Torq®-moottori on tehokas ja erittäin polttoainetaloudellinen. Optimaalinen runkoputken pituus ja 35 asteen kulmavaihde. Mukana Balance X -valjaat.",,Husqvarna,
19177393002,"Husqvarna CoreCut Siima Ø4,0 mm x 80 m, kela, oranssi/läpinäkyvä",https://tarvike.com/product/husqvarna-corecut-siima-40-mm-x-80-m-kela-oranssilapinakyva-81146,https://media.tarvike.com/product/images/81146/original/158488.png,57.9,Ammattikäyttöön suunniteltu siima on profiililtaan viisikulmio. Energiatehokkuus ja leikkuuteho muodostavat täydellisen yhdistelmän. Kaksoispropolymeerimateriaalissa on joustava sisus ja kestävä sulamaton pinta. Sopii kaikkiin vakiomallisiin siimapäihin.,,Husqvarna,
19177392002,"Husqvarna CoreCut Siima Ø3,0 mm x 56 m, oranssi/läpinäkyvä",https://tarvike.com/product/husqvarna-corecut-siima-30-mm-x-56-m-oranssilapinakyva-81145,https://media.tarvike.com/product/images/81145/original/158493.png,26.8,Ammattikäyttöön suunniteltu siima on profiililtaan viisikulmio. Energiatehokkuus ja leikkuuteho muodostavat täydellisen yhdistelmän. Kaksoispropolymeerimateriaalissa on joustava sisus ja kestävä sulamaton pinta. Sopii kaikkiin vakiomallisiin siimapäihin.,,Husqvarna,
19177390002,"Husqvarna CoreCut Siima Ø2,7 mm x 12 m, oranssi/läpinäkyvä",https://tarvike.com/product/husqvarna-corecut-siima-27-mm-x-12-m-oranssilapinakyva-81143,https://media.tarvike.com/product/images/81143/original/158477.png,8.5,Ammattikäyttöön suunniteltu siima on profiililtaan viisikulmio. Energiatehokkuus ja leikkuuteho muodostavat täydellisen yhdistelmän. Kaksoispropolymeerimateriaalissa on joustava sisus ja kestävä sulamaton pinta. Sopii kaikkiin vakiomallisiin siimapäihin.,,Husqvarna,
19177389002,"Husqvarna CoreCut Siima Ø2,4 mm x 90 m, oranssi/läpinäkyvä",https://tarvike.com/product/husqvarna-corecut-siima-24-mm-x-90-m-oranssilapinakyva-81142,https://media.tarvike.com/product/images/81142/original/158470.png,26.8,Ammattikäyttöön suunniteltu siima on profiililtaan viisikulmio. Energiatehokkuus ja leikkuuteho muodostavat täydellisen yhdistelmän. Kaksoispropolymeerimateriaalissa on joustava sisus ja kestävä sulamaton pinta. Sopii kaikkiin vakiomallisiin siimapäihin.,,Husqvarna,
19177385002,"Husqvarna Whisper Twist Siima Ø2,7 mm x 60 m, oranssi/musta",https://tarvike.com/product/husqvarna-whisper-twist-siima-27-mm-x-60-m-oranssimusta-81136,https://media.tarvike.com/product/images/81136/original/158476.png,24.8,"Ammattikäyttöön tarkoitetussa siimassa on kierteinen aerodynaaminen profiili, joka on hiljaisempi ja tärisee vähemmän. Propolymeerimateriaalit takaavat parhaan mahdollisen suorituskyvyn. Sopii kaikkiin vakiomallisiin siimapäihin.",,Husqvarna,
19177383002,"Husqvarna Whisper Twist Siima Ø2,4 mm x 77 m, oranssi/musta",https://tarvike.com/product/husqvarna-whisper-twist-siima-24-mm-x-77-m-oranssimusta-81134,https://media.tarvike.com/product/images/81134/original/158487.png,24.8,"Ammattikäyttöön tarkoitetussa siimassa on kierteinen aerodynaaminen profiili, joka on hiljaisempi ja tärisee vähemmän. Propolymeerimateriaalit takaavat parhaan mahdollisen suorituskyvyn. Sopii kaikkiin vakiomallisiin siimapäihin.",,Husqvarna,
19177379002,"Husqvarna Opti Penta Siima Ø3,0 mm x 240 m, kela, punainen",https://tarvike.com/product/husqvarna-opti-penta-siima-30-mm-x-240-m-kela-punainen-81128,https://media.tarvike.com/product/images/81128/original/158460.png,61.9,Yleiskäyttöön suunniteltu siima on profiililtaan viisikulmio. Energiatehokkuuden ja leikkuutehon optimaalisen yhdistelmän ansiosta siima sopii moniin käyttötarkoituksiin. Sopii kaikkiin vakiomallisiin siimapäihin.,,Husqvarna,
19177378002,"Husqvarna Opti Penta Siima Ø3,0 mm x 56 m, punainen",https://tarvike.com/product/husqvarna-opti-penta-siima-30-mm-x-56-m-punainen-81127,https://media.tarvike.com/product/images/81127/original/158456.png,18.9,Yleiskäyttöön suunniteltu siima on profiililtaan viisikulmio. Energiatehokkuuden ja leikkuutehon optimaalisen yhdistelmän ansiosta siima sopii moniin käyttötarkoituksiin. Sopii kaikkiin vakiomallisiin siimapäihin.,,Husqvarna,
19177377002,"Husqvarna Opti Penta Siima Ø2,7 mm x 70 m, keltainen",https://tarvike.com/product/husqvarna-opti-penta-siima-27-mm-x-70-m-keltainen-81126,https://media.tarvike.com/product/images/81126/original/158448.png,18.9,Yleiskäyttöön suunniteltu siima on profiililtaan viisikulmio. Energiatehokkuuden ja leikkuutehon optimaalisen yhdistelmän ansiosta siima sopii moniin käyttötarkoituksiin. Sopii kaikkiin vakiomallisiin siimapäihin.,,Husqvarna,
19177373002,"Husqvarna Opti Round Siima Ø3,3 mm x 530 m, kela, valkoinen",https://tarvike.com/product/husqvarna-opti-round-siima-33-mm-x-530-m-kela-valkoinen-81122,https://media.tarvike.com/product/images/81122/original/160383.jpg,133.9,"Ammattikäyttöön tarkoitetussa siimassa on kierteinen aerodynaaminen profiili, joka on hiljaisempi ja tärisee vähemmän. Propolymeerimateriaalit takaavat parhaan mahdollisen suorituskyvyn. Sopii kaikkiin vakiomallisiin siimapäihin.",,Husqvarna,
19177372002,"Husqvarna Opti Round Siima Ø2,7 mm x 70 m, keltainen",https://tarvike.com/product/husqvarna-opti-round-siima-27-mm-x-70-m-keltainen-81118,https://media.tarvike.com/product/images/81118/original/160383.jpg,18.9,"Ammattikäyttöön tarkoitetussa siimassa on kierteinen aerodynaaminen profiili, joka on hiljaisempi ja tärisee vähemmän. Propolymeerimateriaalit takaavat parhaan mahdollisen suorituskyvyn. Sopii kaikkiin vakiomallisiin siimapäihin.",,Husqvarna,
19177370002,"Husqvarna Siimapää E35B ergofeed, sopii 535iRXT",https://tarvike.com/product/husqvarna-siimapaa-e35b-ergofeed-sopii-535irxt-80889,https://media.tarvike.com/product/images/80889/original/157822.png,33.8,"Sopii akkukäyttöisiin raivaussahoihin, joissa on ErgoFeed-ominaisuus. Trimmataessa lisää siima syötetään helposti napin painalluksella tamä myös mahdollistaa että siiman syöttö taphtuu kontroloidulla tavalla. ErgoFeed siimapäässä on vähän mekaanisia osia, mikä tekee siitä erittäin vankan ja kestävän.",,Husqvarna,
19177368002,Husqvarna Siima Penta 3.0 mm 56 m Punainen,https://tarvike.com/product/husqvarna-siima-penta-30-mm-56-m-punainen-80810,https://media.tarvike.com/product/images/80810/original/30578.jpg,19.2,"Ammattikäyttöön suunniteltu siima, joka on profiililtaan viisikulmio. Terävien reunojen ansiosta leikkuuteho on erinomainen, erityisesti tiheän ja paksun ruohon leikkuun tulos on täydellinen. Sopii kaikkiin vakiomallisiin siimapäihin.",,Husqvarna,
19177364002,"Husqvarna Siimapää T25B akkutrimmerit, 2,0 - 2,4 mm",https://tarvike.com/product/husqvarna-siimapaa-t25b-akkutrimmerit-20-24-mm-80587,https://media.tarvike.com/product/images/80587/original/30337.jpg,28.2,"Siimapää voi pyöriä sekä myötä- että vastapäivään. Se on suunniteltu erityisesti akkukäyttöisiin trimmereihimme. Husqvarnan suunnittelemassa T25B-siimapäässä on puoliautomaattinen siimansyöttöjärjestelmä, josta käytämme myös nimeä Tap'n go. Siima syötetään automaattisesti, kun siimapää painetaan maata vasten. Käyttäjä voi siten aina kontrolloida siimansyöttöä ja siimaa voidaan syöttää myös käytön aikana. Konetta ei tarvitse sammuttaa tai irrottaa valjaista siiman syötön ajaksi. Siimapää T25B akkutrimmerit, 2,0 - 2,4 mm Siimansyöttö: Puoliautomaattinen Koneen koko: 30 cc Sopii parhaiten ruohon leikkaamiseen.",,Husqvarna,
19177360002,"Husqvarna Siimapää Alloy, 2,0 - 3,3 mm",https://tarvike.com/product/husqvarna-siimapaa-alloy-20-33-mm-80568,https://media.tarvike.com/product/images/80568/original/30319.jpg,34.9,"Tukeva, luotettava ja helposti ladattava siimapää. Soveltuu kaikille Husqvarna- siimoille. Erinomainen siiman lukitusmekanismi. Minimaalinen huollon tarve ja alhaisen leikkukorkeuden ansiosta hieno ja siisti leikkuujälki.",,Husqvarna,
19177358002,"Husqvarna Siimapää S35, M12 Manual, 2,4 - 2,7 mm",https://tarvike.com/product/husqvarna-siimapaa-s35-m12-manual-24-27-mm-80566,https://media.tarvike.com/product/images/80566/original/30312.jpg,27.8,"Siimapää, jossa siiman syöttö tapahtuu manuaalisesti painamalla siimansyöttöpainiketta ja vetämällä siimasta.",,Husqvarna,
19177357002,Husqvarna Siimapää S35 M10 manual,https://tarvike.com/product/husqvarna-siimapaa-s35-m10-manual-80565,https://media.tarvike.com/product/images/80565/original/30309.jpg,27.8,Husqvarna S35 M10 siimapäässä siiman syöttö tapahtuu manuaalisesti painamalla siimansyöttöpainiketta ja vetämällä siimasta.,,Husqvarna,
19177349002,"Husqvarna Siimapää T35 M12 Tap''n go, 2,4 - 2,7 mm",https://tarvike.com/product/husqvarna-siimapaa-t35-m12-tapn-go-24-27-mm-80559,https://media.tarvike.com/product/images/80559/original/30305.jpg,34.9,"Husqvarnan suunnittelemassa T35 siimapäässä on puoliautomaattinen siimansyöttö ja siitä käytetään myös nimitystä ""Tap’n go"". Kun kaasu painetaan pohjaan ja siimapää painetaan maata vasten syöttää siimapää automaattisesti uutta siimaa. Tämän ansiosta työtä ei tarvitse keskeyttää eikä konetta tarvitse irroittaa valjaista kun siimaa tarvitaan lisää.",,Husqvarna,
19177343002,"Husqvarna Ruohoterä 255 mm 3T - 1""",https://tarvike.com/product/husqvarna-ruohotera-255-mm-3t-1-80553,https://media.tarvike.com/product/images/80553/original/30298.jpg,32.3,"Tiheälle ja paksulle ruoholle, mutta ei puuvartiseen kasvustoon. Soveltuu erinomaisesti aluskasvuston raivaamiseen. Multi 255-3 (1"") / Ø255 mm",,Husqvarna,
19177342002,"Husqvarna Ruohoterä 275 mm 4T - 1""",https://tarvike.com/product/husqvarna-ruohotera-275-mm-4t-1-80552,https://media.tarvike.com/product/images/80552/original/30296.png,28.9,"Paksulle ja karkealle ruoholle, mutta ei puuvartiseen kasvustoon.",,Husqvarna,
19177340002,"Husqvarna Ruohoterä 300 mm 3T - 1""",https://tarvike.com/product/husqvarna-ruohotera-300-mm-3t-1-80550,https://media.tarvike.com/product/images/80550/original/30288.jpg,34.3,"Tiheälle ja paksulle ruoholle, mutta ei puuvartiseen kasvustoon. Soveltuu erinomaisesti aluskasvuston raivaamiseen. Multi 300-3 (1"") / Ø300 mm",,Husqvarna,
19177338002,"Husqvarna Ruohoterä 255 mm 4T - 1""",https://tarvike.com/product/husqvarna-ruohotera-255-mm-4t-1-80548,https://media.tarvike.com/product/images/80548/original/30303.jpg,28.2,"Paksulle ja karkealle ruoholle, mutta ei puuvartiseen kasvustoon. Ruoho jää terän päälle, josta sen voi siirtää siisteihin riveihin.",,Husqvarna,
19177318002,"Sektorisuoja taimisuojalle, 200 mm",https://tarvike.com/product/sektorisuoja-taimisuojalle-200-mm-80259,https://media.tarvike.com/product/placeholders/productImageComingSoong.jpg,70.4,,,Husqvarna,
19177317002,"Sektorisuoja taimisuojalle, 225 mm",https://tarvike.com/product/sektorisuoja-taimisuojalle-225-mm-80258,https://media.tarvike.com/product/placeholders/productImageComingSoong.jpg,70.4,,,Husqvarna,
19177314002,"Milwaukee trimmerin siima 2,4 mm x 76m",https://tarvike.com/product/milwaukee-trimmerin-siima-24-mm-x-76m-80204,https://media.tarvike.com/product/images/80204/original/29841.jpg,70.5,"- 2,4 x 76 m trimmerin siima",,Milwaukee Tools,
19177285002,"Siima Opti Quadra Ø3,3 mm x 437 m",https://tarvike.com/product/siima-opti-quadra-33-mm-x-437-m-121461,https://media.tarvike.com/product/images/121461/original/158449.png,133.9,Yleiskäyttöön suunnitellussa siimassa on neliömäinen profiili. Terävien reunojen ansiosta leikkuuteho on erinomainen erityisesti tiheää ja paksua ruohoa leikattaessa. Sopii kaikkiin vakiomallisiin siimapäihin.,,Husqvarna,
19177283002,"Siima Opti Round Ø3,3 mm x 240 m",https://tarvike.com/product/siima-opti-round-33-mm-x-240-m-121452,https://media.tarvike.com/product/images/121452/original/160383.jpg,72.9,Yleiskäyttöön suunnitellussa siimassa on pyöreä profiili. Hyvän leikkuutehon ja kestävyyden ansiosta siima sopii moniin käyttötarkoituksiin. Sopii kaikkiin vakiomallisiin siimapäihin.,,Husqvarna,
19177281002,"Siima Opti Round Ø3,0 mm x 637 m",https://tarvike.com/product/siima-opti-round-30-mm-x-637-m-121450,https://media.tarvike.com/product/images/121450/original/160383.jpg,133.9,Yleiskäyttöön suunnitellussa siimassa on pyöreä profiili. Hyvän leikkuutehon ja kestävyyden ansiosta siima sopii moniin käyttötarkoituksiin. Sopii kaikkiin vakiomallisiin siimapäihin.,,Husqvarna,
19177278002,"Siima Opti Round Ø2,7 mm x 240 m",https://tarvike.com/product/siima-opti-round-27-mm-x-240-m-121447,https://media.tarvike.com/product/images/121447/original/160383.jpg,49.8,Yleiskäyttöön suunnitellussa siimassa on pyöreä profiili. Hyvän leikkuutehon ja kestävyyden ansiosta siima sopii moniin käyttötarkoituksiin. Sopii kaikkiin vakiomallisiin siimapäihin.,,Husqvarna,
19177273002,"Siima Opti Round Ø2,4 mm x 240 m",https://tarvike.com/product/siima-opti-round-24-mm-x-240-m-121442,https://media.tarvike.com/product/images/121442/original/160383.jpg,39.8,Yleiskäyttöön suunnitellussa siimassa on pyöreä profiili. Hyvän leikkuutehon ja kestävyyden ansiosta siima sopii moniin käyttötarkoituksiin. Sopii kaikkiin vakiomallisiin siimapäihin.,,Husqvarna,
19177269002,Husqvarna TC 215T Puutarhatraktori,https://tarvike.com/product/husqvarna-tc-215t-puutarhatraktori-119537,https://media.tarvike.com/product/images/119537/original/160231.png,4899.0,"Husqvarna TC 215T -puutarhatraktori tuottaa erinomaisia ​​tuloksia kaikilla nurmikon alueilla tehokkaan leikkaamisen ja kapeiden käytävien käsittelyn ansiosta. Helposti tavoitettavat ohjaimet, vivut ja nopeasti säädettävä istuin lisäävät mukavuutta ja hyvää ergonomiaa. Suuri keräyspussi tarkoittaa pidempään keskeytymättömään leikkaamiseen ennen tyhjennysaikaa.",,Husqvarna,
19177260002,Husqvarna LB 144 Työnnettävä Ruohonleikkuri,https://tarvike.com/product/husqvarna-lb-144-tyonnettava-ruohonleikkuri-110249,https://media.tarvike.com/product/images/110249/original/160222.png,469.0,"Husqvarna LB 144 on kompakti, kevyt ja helposti ohjattava ruohonleikkuri, joka tekee siitä kätevän pienien ja keskikokoisten nurmikon leikkaamisen. Lekkurissa on BioClip®, mikä tarkoittaa, että ruoho leikataan pieneksi silpuksi, jotka hajoavat nopeasti ja muuttuvat lannoitteeksi.",,Husqvarna,
19177225002,"Husqvarna Rider 316TsX AWD ajoleikkuri, ilman leikkuulaitetta",https://tarvike.com/product/husqvarna-rider-316tsx-awd-ajoleikkuri-ilman-leikkuulaitetta-81482,https://media.tarvike.com/product/images/81482/original/159841.png,9999.0,"Kompaktissa Husqvarna Rider 316TsX AWD -etuleikkurissa on tehokas V-twin moottori ja ohjaustehostin. Koneeseen voidaan asentaa 94, 103 tai 112 cm:n Combi-leikkuulaite, jonka BioClip®- ja taaksepuhallustoiminnot takaavat ensiluokkaisen leikkuutuloksen. Ajoleikkuri on varustettu työtä tehostavin ominaisuuksin, helppokäyttöisellä näytöllä, kaksoisajovaloilla sekä Husqvarna Connect -sovelluksella, joka välittää Bluetooth-yhteyden kautta ajantasaista tietoa leikkurista. Leikkuulaite ei sisälly hintaan. Moottorin valmistaja: Kawasaki Nettoteho/esiasetettu rpm 9.8 kW Leikkuumenetelmä: BioClip®/Taaksepuhallus Leikkuuleveys, min. 94 cm",,Husqvarna,
19177224002,Husqvarna Rider R 216T AWD + Husqvarna leikkuulaite Combi 103,https://tarvike.com/product/husqvarna-rider-r-216t-awd-husqvarna-leikkuulaite-combi-103-81481,https://media.tarvike.com/product/images/81481/original/159842.png,6699.0,Nelivetoisessa Rider-leikkurissa helppokäyttöisyys ja erinomainen käsiteltävyys yhdistyvät tehoon ja suorituskykyyn. Voimakas moottori varmistaa mukavan käytön ja loistavat tulokset. Takarunko-ohjaus helpottaa hallintaa tiukimmissakin käännöksissä. LED-ajovalot ja helppo käynnistys avaimella.,,Husqvarna,
19177219002,Husqvarna LC 253S Vetävä Ruohonleikkuri,https://tarvike.com/product/husqvarna-lc-253s-vetava-ruohonleikkuri-81476,https://media.tarvike.com/product/images/81476/original/159852.png,789.0,"Husqvarna LC 253S ruohonleikkuri on helppokäyttöinen laadukas ruohonleikkuri keskikokoisiin pihoihin. Kestävä, korroosionkestävä komposiittirunko ja muovipyörät painon vähentämiseksi. Tehokas ja luotettava moottori parantaa suorituskykyä ja vähentää huoltoa. Husqvarna LC 253S:ssä on ergonominen ja helposti taitettava ohjaustanko, kätevä sangan irrotus ja helposti säädettävä leikkuukorkeus tekevät jokaisesta leikkurista yksinkertaisempaa.",,Husqvarna,
19177211002,"Husqvarna 215iHD45 Akkupensasleikkuri, ei sis akku/laturi",https://tarvike.com/product/husqvarna-215ihd45-akkupensasleikkuri-ei-sis-akkulaturi-81468,https://media.tarvike.com/product/images/81468/original/159831.png,239.0,"Husqvarna 215iHD45 on kaksipuolisella terällä varustettu akkupensasleikkuri, joka sopii kaikentyyppisille pensaille. Tämä kevyt ja tasapainoinen akkupensasleikkuri on erittäin helppo käynnistää ja käyttää. Se on rakennettu korkealaatuista muotoilua, leikkuutehoa ja kestävyyttä silmällä pitäen. Varustettu päivitetyllä digitaalisella näppäimistöllä, täysmetallisella vaihteistolla ja huoltovapaalla harjattomalla sähkömoottorilla, joka on riittävän tehokas leikkaamaan paksummatkin oksat helposti ja nopeasti.",,Husqvarna,
19177209002,"Husqvarna 215iL Akkutrimmeri, ei akku/laturi",https://tarvike.com/product/husqvarna-215il-akkutrimmeri-ei-akkulaturi-81466,https://media.tarvike.com/product/images/81466/original/159824.png,218.9,"Husqvarna 215iL on korkealaatuinen akkuruohotrimmeri, joka on ihanteellinen nurmikon reuna-alueiden ja korkean ruohon nopeaan ja helppoon leikkaamiseen suurissa puutarhoissa. Tehokas harjaton moottori toimii hiljaisella äänellä, tärinällä ja ilman suoria päästöjä. Trimmeri on erittäin mukava käyttää ja säilyttää kevyen painon, teleskooppivarren ja säädettävän kahvan ansiosta. Päivitetyt toiminnot ja nopeasti vaihdettava trimmeripää, jonka lataat uudelleen irrottamatta, varmistavat sujuvan ja luotettavan toiminnan.",,Husqvarna,
19177204002,"Husqvarna 110iL Akkutrimmeri, ei sis akku/laturi",https://tarvike.com/product/husqvarna-110il-akkutrimmeri-ei-sis-akkulaturi-81461,https://media.tarvike.com/product/images/81461/original/159793.png,168.9,"Husqvarna 110iL on ihanteellinen akkuruohotrimmeri pienempiin puutarhoihin. Trimmeri toimii hiljaisesti, tärinä on todella vähäistä ja suoria päästöjä ei synny lainkaan. Suunniteltu erittäin helpoksi ja mukavaksi käyttää. Automaattisen siimansyötön, taitettavan taimisuojan ja reunaleikkuritilan ansiosta tämä akkuruohotrimmeri tuottaa loistavia työtuloksia myös kokemattomalle käyttäjälle. Jaettu akseli tekee trimmeristä erittäin helpon kuljettaa ja varastoida.",,Husqvarna,
19177201002,Husqvarna Rider R 214C,https://tarvike.com/product/husqvarna-rider-r-214c-81447,https://media.tarvike.com/product/images/81447/original/159770.png,4999.0,"Tehokkaassa Husqvarna Rider R 214C:ssa on 94 cm:n Combi-leikkuulaite, jonka leikkuutulos on erinomainen niin BioClip®-toiminnolla kuin taaksepuhalluksellakin. Sopii omakotiasujille ja maanomistajille, jotka vaativat tehokkuutta, helppokäyttöisyyttä, ylivoimaista ohjattavuutta ja todella nautittavaa ajoa. Takarunko-ohjaus ja eteen asennettu leikkuulaite helpottavat koneen hallintaa samalla, kun leikkuujälki on erinomainen ja leikattava alue on hyvin näkyvillä. Polkimilla käytettävä hydrostaattinen voimansiirto, helppokäyttöiset hallintalaitteet ja automaattinen terien kytkentä varmistavat helpon ja mukavan työskentelyn. Leikkuulaite on helppo kääntää huoltoasentoon, jossa puhdistus sujuu leikkuutyön jälkeen helposti. Riderista on moneen muuhunkin kuin ruohon leikkaamiseen. Lumilevyn, peräkärryn, sammalenrepijän ja levittimen kaltaisten lisälaitteiden avulla Rider auttaa pitämään pihan kunnossa ympäri vuoden. Moottorin valmistaja: Husqvarna Nettoteho/esiasetettu rpm: 8.4 kW Leikkuumenetelmä: BioClip®/Taaksepuhallus Leikkuuleveys: 94 cm",,Husqvarna,
19177200002,Husqvarna 120iTK4-H Akkupensasleikkuri,https://tarvike.com/product/husqvarna-120itk4-h-akkupensasleikkuri-81446,https://media.tarvike.com/product/images/81446/original/159764.png,378.9,"Akkukäyttöisessä Husqvarna 120iTK4 -pensasleikkurissa on hiljainen käyntiääni ja polttomoottorin tasoinen suorituskyky ilman suoria päästöjä. 120iTK4 on teleskooppivartinen laite, joten voit yhdistää koneen rungon joko pensasleikkuri- tai oksasahalisävarusteeseen. Tämä tekee siitä moniin tehtäviin sopivan monipuolisen ja kätevän työkalun. Varustettu teleskooppiputkella, jonka ulottuvuus on jopa 4 m, ja kuljetusta helpottavalla jaettavalla runkoputkella. Säädettävä 7-kulmainen leikkuulaite takaa mukavan leikkuuasennon, kun leikkaat sivuja ja erikorkuisia pensaita.",,Husqvarna,
19177197002,"Husqvarna 120iTK4-P Akkuoksasaha, ei sis akku / laturi",https://tarvike.com/product/husqvarna-120itk4-p-akkuoksasaha-ei-sis-akku-laturi-81443,https://media.tarvike.com/product/images/81443/original/159758.png,249.0,"Akkukäyttöisessä Husqvarna 120iTK4 -oksasahassa on hiljainen käyntiääni ja polttomoottorin tasoinen suorituskyky ilman suoria päästöjä. 120iTK4 on teleskooppivartinen laite, joten voit yhdistää koneen rungon joko oksasaha- tai pensasleikkurilisävarusteeseen. Tämä tekee siitä moniin tehtäviin sopivan monipuolisen ja kätevän työkalun. Varustettu teleskooppiputkella, jonka ulottuvuus on jopa 4 m, ja kuljetusta helpottavalla jaettavalla runkoputkella.",,Husqvarna,
19177193002,Husqvarna LC 140P työnnettävä ruohonleikkuri,https://tarvike.com/product/husqvarna-lc-140p-tyonnettava-ruohonleikkuri-81436,https://media.tarvike.com/product/images/81436/original/159677.png,409.0,"Husqvarna LC 140P on helppokäyttöinen leikkuri, joka sopii hieman pienempiin puutarhoihin. Leikkurissa on kestävä, teräksinen leikkuulaite sekä luotettava ja helposti käynnistettävä Husqvarna-moottori, jotka takaavat erinomaisen leikkuu- ja keruutuloksen. Pehmustettu kahva, taitettava kahvasto, keskitetty leikkuukorkeuden säätö ja kuulalaakereilla varustetut pyörät varmistavat ergonomisen ja miellyttävän leikkuukokemuksen. Moottori: HS 123A Vetojärjestelmä: Työnnettävä Leikkuumenetelmä: Keruu/Taaksepuhallus Leikkuuleveys: 40 cm",,Husqvarna,
19177190002,"Husqvarna LB442i Työnnettävä Akkuruohonleikkuri, ei sis. akkua ja laturia",https://tarvike.com/product/husqvarna-lb442i-tyonnettava-akkuruohonleikkuri-ei-sis-akkua-ja-laturia-81433,https://media.tarvike.com/product/images/81433/original/159672.png,808.9,"Husqvarna LB 442i on puoliammattimaiseen käyttöön suunniteltu kestävä, johdoton akkukäyttöinen ruohonleikkuri, jossa on 42 cm:n silppuava leikkuulaite. Suunniteltu käyttöön, jossa vaaditaan luotettavaa ja hiljaista leikkuria, jonka käyttökustannukset ovat edulliset ja joka on helppo huoltaa. Kestävä alumiininen leikkuulaite, korkealaatuiset osat ja vaativaan käyttöön tarkoitettu moottori takaavat, että LB 442i -leikkuri toimii luotettavasti pitkään. Leikkuri on erittäin helppo käynnistää ja käyttää intuitiivisen näppäimistön ja kevyen painonsa ansiosta. SavE/PowerBoost-toiminnot sekä aktiivinen jäähdytys mahdollistavat myös epätasaisen ja korkean nurmikon leikkaamisen. Leikkurissa on integroitu paikka kahdelle BLi-akulle, mikä pidentää sen käyttöaikaa. Vetojärjestelmä : Työnnettävä Leikkuumenetelmä : BioClip® Leikkuuleveys : 42 cm Power Boost: Automaattinen terän nopeuden lisäys vaikeissa oloissa tuo lisätehoa silloin, kun sitä tarvitaan. Säänkestävä: (IPX4) Huom! Ei sisällä akkua ja laturia!",,Husqvarna,
19177180002,Husqvarna LB 548i työnnettävä akkuruohonleikkuri,https://tarvike.com/product/husqvarna-lb-548i-tyonnettava-akkuruohonleikkuri-81415,https://media.tarvike.com/product/images/81415/original/159533.png,1249.0,"Husqvarna LB 548i on kestävä, johdoton akkukäyttöinen ruohonleikkuri. Se on suunniteltu ammattikäyttöön, jossa vaaditaan luotettavaa ja hiljaista leikkuria, jonka käyttökustannukset ovat edulliset ja joka on helppo huoltaa. Kestävä, alumiininen 48cm leveä silppuava leikkuulaite, korkealaatuiset osat ja vaativaan käyttöön tarkoitettu moottori takaavat, että LB 548i -leikkuri toimii luotettavasti pitkään. Leikkuri on erittäin helppo käynnistää ja käyttää intuitiivisen näppäimistön ja kevyen painonsa ansiosta. SavE/PowerBoost-toiminnot sekä aktiivinen jäähdytys mahdollistavat myös epätasaisen ja korkean nurmikon leikkaamisen. Leikkurissa on integroitu paikka kahdelle BLi-akulle, mikä pidentää sen käyttöaikaa. Reppuakkujen kanssa käyttöaika pitenee entisestään. Akku ja laturi eivät sisälly hintaan. Vetojärjestelmä: Työnnettävä Leikkuumenetelmä: BioClip® Leikkuuleveys: 48 cm",,Husqvarna,
19177172002,Husqvarna LC353iVX vetävä akkuruohonleikkuri,https://tarvike.com/product/husqvarna-lc353ivx-vetava-akkuruohonleikkuri-81372,https://media.tarvike.com/product/images/81372/original/159363.png,889.0,"Akkukäyttöisessä Husqvarna LC353iVX -ruohonleikkurissa on entistä suurempi leikkuuleveys ja paikka kahdelle Husqvarna-akulle, mikä lisää käyttömukavuutta, kustannustehokkuutta ja käyttöaikaa. Hiljainen ja tehokas savuton käyttö ei aiheuta lainkaan suoria päästöjä. Ergonomiaa parantavat helppokäyttöinen näppäimistö, selkeä korkeuden säätö ja vaivaton hallinta. Vetojärjestelmä helpottaa keskisuurten nurmialueiden leikkaamista. Käyttöä tehostavat myös Bluetooth-yhteyden välityksellä saatavat tuote- ja huoltotiedot. Akku ja laturi eivät sisälly hintaan. Vetojärjestelmä: Vetävä, portaaton nopeudensäätö Leikkuumenetelmä: Keruu/BioClip®/Taaksepuhallus Leikkuuleveys: 53 cm",,Husqvarna,
19177065002,"Metsurin Suojakypärän Alusmyssy, kudottu",https://tarvike.com/product/metsurin-suojakyparan-alusmyssy-kudottu-96157,https://media.tarvike.com/product/images/96157/original/193607.webp,9.9,"Alushuppu, jonka materiaali on akryylineule. Yksi koko.",,Uittokaluste,
19176942002,"Husqvarna FLEXI-akkuvyö, liitinsarja",https://tarvike.com/product/husqvarna-flexi-akkuvyo-liitinsarja-80800,https://media.tarvike.com/product/images/80800/original/157674.png,199.0,"Husqvarnan akkutuotteita varten suunnitellun FLEXI-akkuhihnajärjestelmän avulla voit tehdä töitä mukavasti ja helposti myös kaukana pistorasiasta. Hihna sijoittaa painon käyttäjän käsien sijasta lantionseudulle, mikä vähentää uupumista ja pidentää näin käyttöaikoja ja tekee työstä tuottavampaa. Se mahdollistaa vara-akkujen, öljyn ,veden ja muiden lisävarusteiden kuljettamisen helposti minne ikinä menetkin. Liitinsarja sisältää: • Vyö • Kotelo • Kotelo ja liitin • Lisävarustelaukku",,Husqvarna,
1889008000,Klapisäkki 96X96X135CM Nostokorvakkeilla,https://tarvike.com/product/klapisakki-96x96x135cm-nostokorvakkeilla-127625,https://media.tarvike.com/product/images/127625/original/167287.webp,14.9,"Laadukas ja kestävä klapisäkki. Hyvä UV-suojaus. Säkissä nostolenkkejä 4 kpl, myös alhaalla tyhjentämistä varten, nauhat ommeltuna ristiin.",,Fixit,
184455001,TRO004 - Sweeper/ruohon- ja lehtien kerääjä,https://tarvike.com/product/tro004-sweeperruohon-ja-lehtien-keraaja-121804,https://media.tarvike.com/product/images/121804/original/159003.png,499.0,"Poimii helposti ja nopeasti leikkuujätteen, lehdet ja muut roskat. Suuret pyörät parantavat kitkaa.",,Husqvarna,
18341234001,Champion Sytytystulppa RCJ7Y,https://tarvike.com/product/champion-sytytystulppa-rcj7y-43660,https://media.tarvike.com/product/images/43660/original/15205.jpg,4.36,Häiriösuojattu tulppa.,,Champion,
18341233001,Skil painepesuri 0761 AA,https://tarvike.com/product/skil-painepesuri-0761-aa-43657,https://media.tarvike.com/product/images/43657/original/15212.jpg,96.15,"Voimakas, alumiinipumpulla varustettu painepesuri SKIL 0761 -painepesurissa on voimakas 1 400 W:n moottori ja alumiinipumppu, jonka saavuttama maksimipaine on 105 baaria. Näin työkalu soveltuu ihanteellisesti terassin, työkalujen, ajoneuvojen ja puutarhakalusteiden puhdistamiseen. Voit säätää SKIL 0761 -painepesurin suihkutusasetusta tehtävän työn mukaan. Skilin miellyttävä ”Easy Storage” -muotoilu mahdollistaa painepesurin nopean, vaivattoman ja siistin säilytyksen käytön jälkeen. Painepesurin mukana toimitetaan puutarhaletkun liitäntä ja puhdistusainepullo. Alumiinipumpulla varustettu SKIL 0761 -painepesuri on kestävä ja vankka työkalu, joka on suunniteltu kestämään. Viiden metrin pituisen letkun ja virtajohdon avulla saat jopa 11 metrin työskentelyalueen, niin että ulotut varmasti joka paikkaan. Painepesurin avulla suoriudut leikiten kaikista pihapiirin puhdistustöistä.",,Skil,
18341045001,Nokkakärryn pyörä 4.10 / 3.50 - 4,https://tarvike.com/product/nokkakarryn-pyora-410-350-4-44819,https://media.tarvike.com/product/images/44819/original/17415.jpg,11.9,Ilmakumipyörä Koko 4.10 / 3.50 - 4 Akselireiän halkaisija 16 mm Akselireiän pituus 50 mm Teräsvanne Soveltuu nokkakärryyn XK6220 Lisäosat / tarvikkeet: Vaihtoehtoinen pyörä XK6213-1,,IKH,
18341025001,Teräketjuöljy 5L ISO VG80,https://tarvike.com/product/teraketjuoljy-5l-iso-vg80-44789,https://media.tarvike.com/product/images/44789/original/17376.jpg,12.0,"Uudesta mineraaliöljystä valmistettu Viima teräketjuöljy - valmistettu vahattomasta perusöljystä, johon on lisätty valikoidut lisäaineet - lisäaineilla varmistetaan tehokas voitelu alhaisissakin lämpötiloissa, erinomainen korroosion esto ja kiinnitarttuvuus - soveltuu ympärivuotiseen käyttöön moottorisahoissa sekä teollisuuden kuljetinketjuissa ja katkaisulaitteistoissa",,IKH,
18340971001,Ruohonleikkurin rengas 18X9.50-8 4PR Deestone D265,https://tarvike.com/product/ruohonleikkurin-rengas-18x950-8-4pr-deestone-d265-44720,https://media.tarvike.com/product/images/44720/original/17295.jpg,58.0,"Koko 18x9.50-8 Tyyppi TL PR 4 Kuvio D265 Halkaisija Ø 462 mm Runkoleveys (SW) 235 mm Paino- ja nopeusluokka 74 LI, 375 kg, A3 SI, 15 km/h Suositeltu paine 20 psi / 1,4 bar Vannesuositus 7.00 Varaosia / Tarvikkeita: Sisärengas RA850-8",,Deestone,
18340856001,Kaislarauta,https://tarvike.com/product/kaislarauta-44575,https://media.tarvike.com/product/images/44575/original/17128.jpg,79.0,"Kaislojen, lumpeiden sekä vesiheinän siivoamiseen. Poistaa suurimman osan kasveista juurineen, ehkäisten tällöin uudelleenkasvua Leikkuuterän leveys 760 mm Vetovarren pituus 490 mm Kiilaterästö ei leikkaa vesikasveja kuten kaislaleikkurit, vaan vetää ne juurineen irti Käyttö veneestä tai rannalta käsin Kotimainen tuote Huom! Pakkaus ei sisällä vetoköyttä.",,IKH,
18340833001,"GF Ruiskupistooli metallirunko, 8-asentoinen",https://tarvike.com/product/gf-ruiskupistooli-metallirunko-8-asentoinen-44541,https://media.tarvike.com/product/images/44541/original/17089.jpg,26.0,,,IKH,
18340748001,Fiskars Oksasaha varsikiinnityksellä Quikfit,https://tarvike.com/product/fiskars-oksasaha-varsikiinnityksella-quikfit-44517,https://media.tarvike.com/product/images/44517/original/17068.jpg,48.9,"Pituus 550 mm Sopii korkealta leikkaamiseen, yhdistettävissä QuikFit teleskooppivarteen FS136032 Koukkumainen pää tekee sahaamisesta vakaampaa ja pitää terää paikallaan Terän alareunassa oleva veitsi viimeistelee sahausjäljen Liukuosan ja liittimen materiaali FiberComp, sahanterä karkaistua terästä, veitsi terästä Paino 310 g",,Fiskars,
18340693001,Fiskars Raivaussakset Singlestep S ohileikkaava L28,https://tarvike.com/product/fiskars-raivaussakset-singlestep-s-ohileikkaava-l28-44457,https://media.tarvike.com/product/images/44457/original/16982.jpg,20.1,"Fiskars SingleStep-tuoteperhe tarjoaa työkalut kaikkiin tyypillisimpiin leikkaustarpeisiin puutarhassa. Raivaussaksien kädensijat ovat kevyttä ja kestävää lasikuituvahvennettua polypropyleeniä ja terät karkaistua terästä. Sopii erityisesti tuoreen puun leikkaamiseen Leikkuuteho Ø 35 mm Pituus 57 cm Leveys 17,5 cm Korkeus 2,5 cm Paino 957 g",,Fiskars,
18340665001,Lumikola Mikko 80cm,https://tarvike.com/product/lumikola-mikko-80cm-44430,https://media.tarvike.com/product/images/44430/original/16957.jpg,75.9,"Valmistettu kierrätyskelpoisesta vahvasta HD-polyeteenimuovista Huulilevyn päädyt nousevat ylös ja estävät näin kuupan reunan kulumisen Kärkipelti kuumasinkittyä teräslevyä Sisäputkella vahvistetut aisat ulottuvat kuupan kulmavahvistukseen asti Leveys 80 cm Paino 6,2 kg",,IKH,
18340600001,"ARTUB Taloustikas 5-askelmaa, Alumiini",https://tarvike.com/product/artub-taloustikas-5-askelmaa-alumiini-44387,https://media.tarvike.com/product/images/44387/original/16878.jpg,65.0,"alumiinirunko askelmat ja työtaso sinkittyä terästä kantavuus max. 150 kg 5-askelmainen työtason korkeus 98 cm tikkaan korkeus avoinna 158 cm / suljettuna 169 cm max. työkorkeus 298 cm paino 5,7 kg",,IKH,
18340598001,"ARTUB Taloustikas 5-Askelmaa, Alumiini",https://tarvike.com/product/artub-taloustikas-5-askelmaa-alumiini-44386,https://media.tarvike.com/product/images/44386/original/16873.jpg,55.7,ARTUB Taloustikkaissa on viisi askelmaa. Tikkaat on valmistettu alumiinirungosta ja askelmat ja työtaso on sinkittyä terästä.,,IKH,
18339924001,Husqvarna Automower® -liitin,https://tarvike.com/product/husqvarna-automower-liitin-119688,https://media.tarvike.com/product/images/119688/original/156103.png,4.5,Husqvarna Automower® -liittimellä taataan turvallinen ja varma yhteys rajakaapelin ja Automower®-latausaseman välillä. Husqvarna Automower® -liitin on osa laajaa valikoimaamme korkealaatuisia Automower®-tarvikkeita.,,Husqvarna,
18339723001,Husqvarna Automower® 312V Robottiruohonleikkuri,https://tarvike.com/product/husqvarna-automower-312v-robottiruohonleikkuri-177600,https://media.tarvike.com/product/images/177600/original/203337.webp,1749.0,"Husqvarna Automower® 312V on kaapeliton robottiruohonleikkuri enintään 1 200 m²:n nurmikoille. Se tarjoaa vaivatonta ja luotettavaa nurmikonhoitoa. Rajakaapeliton asennus edellyttää Wi-Fi-yhteyttä koko nurmikolla, ja mukana toimitettavan satelliittipohjaisen teknologiamme ansiosta virtuaalinen asennus on joustavaa ja kestävää. Sisältää Latausasema Varaterät 6kpl Virtalähde Matalajännitekaapeli 10m",,Husqvarna,
18339513001,Oregon Teräketju Speedcut .325 1.3mm 56VL,https://tarvike.com/product/oregon-teraketju-speedcut-325-13mm-56vl-81535,https://media.tarvike.com/product/images/81535/original/31452.jpg,18.0,"Enemmän nopeutta,vähemmän ponnistelua Terävä ja valmis heti pakkauksesta purettaessa Leikkauspinta pysyy terävämpänä pitempään Uudelleenmuotoiltu hammas.Kiitos uuden hammasmallin ja hiontatekniikan. Lisääntynyt toiminta-aika helposti viilattavalla hammasmuodolla, joka pysyy terävänä pitempään, Vähäisempi kitka lisää teräketjun tehokkuutta. Lisää teräketjun ja terälaipan leikkausjärjestelmän käyttöikää Parantunut ruosteenesto: Korkeampilaatuinen öljy käytettynä teräketjuun kokoamisen jälkeen. Parempilaatuinen kunto ja viimeistely: Parempi teräketjun vakauslaatu vähentynyt teräketjun irtoamisriski. Vähentää terälaipan kulumista. Uusi hiontatekniikka: Ylivertaiseen terän terävyyteen ja parantuneeseen tasalaatuisuuteen",,Oregon,
18339507001,"Husqvarna Teräketjuöljy, mineraali, 5 L",https://tarvike.com/product/husqvarna-teraketjuoljy-mineraali-5-l-80597,https://media.tarvike.com/product/images/80597/original/157265.png,34.9,"Mineraaliteräketjuöljy sisältää sideaineita, ja se soveltuu hyvin suurille moottorisahoille. Teräketju ja kiskot kuluvat huomattavasti vähemmän voitelua parantavien lsäaineiden ansiosta. Suotuisa viskositeetti helpottaa ympärivuotista käyttöä niin kesällä kuin talvellakin; myös äärimmäisissä lämpötiloissa.",,Husqvarna,
18339506001,"Husqvarna Siimapää T25C .3/8"", 2,0 - 2,4 mm",https://tarvike.com/product/husqvarna-siimapaa-t25c-38-20-24-mm-80555,https://media.tarvike.com/product/images/80555/original/30289.jpg,25.2,"Husqvarnan suunnittelemassa T25C siimapäässä on puoliautomaattinen siimansyöttö ja siitä käytetään myös nimitystä ""Tap’n go"". Kun kaasu painetaan pohjaan ja siimapää painetaan maata vasten syöttää siimapää automaattisesti uutta siimaa. Tämän ansiosta työtä ei tarvitse keskeyttää eikä konetta tarvitse irroittaa valjaista kun siimaa tarvitaan lisää. T25C siimapäässä on erityisominaisuus jonka ansiosta siimapäätä ei tarvitse avata kun siihen ladataan uusi siima.",,Husqvarna,
18339505001,"Husqvarna Kuulonsuojaimet FM-radiolla, sankamalli",https://tarvike.com/product/husqvarna-kuulonsuojaimet-fm-radiolla-sankamalli-80531,https://media.tarvike.com/product/images/80531/original/30271.png,156.77,"Uusissa FM-radiolla varustetuissa kuulonsuojaimissa on päälakisanka, jonka ansiosta päähän ja korviin kohdistuva paine vähenee. Entistä parempi vaimennus ja huomattavasti parempi äänenlaatu. Kuulonsuojaimet on suunniteltu erikseen vasemmalle ja oikealle korvalle eli ne noudattavat pään muotoa. Tämän vuoksi ne sopivatkin erinomaisesti kaikille korville. Suojaimissa on 3,5 mm:n audiotulo (AUX) mp3-soittimelle tai viestintäradiolle. Tuotteen nettopaino: 560 g EN-hyväksyntä: EN352-1:2002 EN352-6:2002 EN352-8:2008 SNR: 27 dB(A) Pehmustettu sanka: Kyllä",,Husqvarna,
18339463001,Fiskars Yleisharavan lapa,https://tarvike.com/product/fiskars-yleisharavan-lapa-44513,https://media.tarvike.com/product/images/44513/original/17072.jpg,13.8,Sopii eristyisesti maan muokkaukseen. Haravassa on 12 piikkiä.,,Fiskars,
18237903001,HUSQVARNA 120iB ilman akkua ja laturia,https://tarvike.com/product/husqvarna-120ib-ilman-akkua-ja-laturia-122110,https://media.tarvike.com/product/images/122110/original/159515.png,168.9,"Husqvarna 120iB on kevyt ja helppokäyttöinen akkukäyttöinen lehtipuhallin, joka sopii pienten ja keskisuurten pihojen hoitoon. Ilman akkua ja laturia.",,Husqvarna,
17953390001,Paperipölypussi 5kpl,https://tarvike.com/product/paperipolypussi-5kpl-151124,https://media.tarvike.com/product/images/151124/original/191414.webp,22.5,"sopii LAV10, LAV11, LAV15, LAV17, LAV22, LAV70A.",,Lavor,
17871597001,Husqvarna TS112 Puutarhatraktori,https://tarvike.com/product/husqvarna-ts112-puutarhatraktori-81497,https://media.tarvike.com/product/images/81497/original/160004.png,2679.0,Mukava ajokokemus ja täydellinen lopputulos suurille ja avarille nurmialueille. Tuotteen kompakti koko mahdollistaa leikkuun myös kapeista väleistä ja säästää lattiatilaa säilytyksessä. Kätevä ja vaivaton leikkuukokemus ergonomisesti aseteltujen hallintavipujen ja myös peruutusleikkuun mahdollistavien kaksoispolkimien ansiosta. Nauti tämän luotettavan puutarhatraktorin taatusta Husqvarna-laadusta ja kestävyydestä.,,Husqvarna,
1777362002,Husqvarna Automower® 305E NERA Robottiruohonleikkuri,https://tarvike.com/product/husqvarna-automower-305e-nera-robottiruohonleikkuri-221965,https://media.tarvike.com/product/images/221965/original/205463.webp,2249.0,"Husqvarna Automower® 305E NERA on rajakaapeliton robottiruohonleikkuri enintään 900 m²:n suuruisille nurmikoille. Leikkurin EdgeCut-toiminto vähentää tarvetta siistiä nurmikon reunoja säästäen näin aikaa ja vaivaa. Rajakaapeliton asennus edellyttää Wi-Fi-yhteyttä koko nurmikon alueella, ja satelliittipohjaisen teknologiamme mahdollistamat virtuaaliset rajat tekevät asennuksesta paitsi kestävän, myös helposti muunneltavan.",,Husqvarna,
1754714000,Clen Suihkuputki MV RST 1500mm,https://tarvike.com/product/clen-suihkuputki-mv-rst-1500mm-145197,https://media.tarvike.com/product/images/145197/original/176616.jpg,59.5,Clen Suihkuputki 1500mm 15°.,,Clen,
1754712000,Clen Hobby varustepaketti 230V yleismalli,https://tarvike.com/product/clen-hobby-varustepaketti-230v-yleismalli-145195,https://media.tarvike.com/product/images/145195/original/176612.jpg,62.0,Clen Hobby varustepaketti 230V yleismalli. Sopii useampaan CLEN 230V pesuriin vuosilta 1998-2010.,,Clen,
17418598001,"Husqvarna Kuulonsuojaimet Metsurin Kypärään, H300",https://tarvike.com/product/husqvarna-kuulonsuojaimet-metsurin-kyparaan-h300-80783,https://media.tarvike.com/product/images/80783/original/192916.webp,40.8,"Lisävarusteena saatavat kuulonsuojaimet sopivat Husqvarnan metsurin kypäriin. Erinomaisen ergonomian ansiosta kuulonsuojaimet sopivat hyvin pitkäaikaiseen käyttöön. Ainutlaatuinen polyuretaanisisus jättää hyvin tilaa korville eikä paina korvaa. Yksilöllinen käyttömukavuus. Kuulonsuojaimet, H300",,Husqvarna,
17371742001,Husqvarna 540 XP® Mark III Moottorisaha,https://tarvike.com/product/husqvarna-540-xp-mark-iii-moottorisaha-110263,https://media.tarvike.com/product/images/110263/original/160372.png,918.9,"Husqvarna 540 XP® Mark III on ketterä ja kevyt 40cc-luokan bensiinimoottorisaha, joka on suunniteltu ammattimaiseen puiden hoitoon ja harvennustöihin. Tehokas moottori yhdistettynä optimaaliseen Husqvarna-ketjuun tarjoaa vaikuttavan leikkauskapasiteetin nopealla kiihtyvyydellä. Helppo, luotettava käynnistys – niin kylmässä kuin kuumassa – ja pehmeä ohjattavuus tekevät tästä moottorisahasta minkä tahansa puunhoitotiimin suosikin.",,Husqvarna,
17371739001,Husqvarna TS 220T Puutarhatraktori,https://tarvike.com/product/husqvarna-ts-220t-puutarhatraktori-110255,https://media.tarvike.com/product/images/110255/original/160246.png,5399.0,"Husqvarna TS 220T -puutarhatraktori tarjoaa mukavuutta lisääviä ominaisuuksia ja tehokkaan leikkaamisen, jotka tekevät suurten nurmikoiden hoidosta miellyttävän kokemuksen. Helposti tavoitettavat säätimet ja vivut, nopeasti säädettävä istuin ja kahvat lisäävät mukavuutta ja hyvää ergonomiaa.",,Husqvarna,
17371738001,Husqvarna TS 217T Puutarhatraktori,https://tarvike.com/product/husqvarna-ts-217t-puutarhatraktori-110254,https://media.tarvike.com/product/images/110254/original/160242.png,4699.0,"Husqvarna TS 217T -puutarhatraktori yhdistää miellyttävän ajokokemuksen tehokkaaseen leikkaamiseen ja tehokkaaseen moottoriin, mikä helpottaa suurempien nurmikoiden ylläpitoa. Helposti ulottuvilla olevat hallintalaitteet ja vivut sekä nopeasti säädettävä istuin lisäävät mukavuutta ja ergonomiaa.",,Husqvarna,
17371736001,Husqvarna TC 220T Puutarhatraktori,https://tarvike.com/product/husqvarna-tc-220t-puutarhatraktori-110250,https://media.tarvike.com/product/images/110250/original/160235.png,5899.0,"Luo siisti ja upea nurmikko Husqvarna TC 220T -puutarhatraktorilla. Siinä yhdistyy kätevä ajo ja tehokas leikkaus, mikä helpottaa suurempien alueiden hoitamista.",,Husqvarna,
17371734001,"Husqvarna LB 448iV Akkuruohonleikkuri vetävä, ei sis. akkua ja laturia",https://tarvike.com/product/husqvarna-lb-448iv-akkuruohonleikkuri-vetava-ei-sis-akkua-ja-laturia-110242,https://media.tarvike.com/product/images/110242/original/160184.png,1149.0,"Husqvarna LB 448iV on vankka ja vetävä, akkukäyttöinen 48 cm:n silppuavalla leikkuulaitteella varustettu ruohonleikkuri puoliammattikäyttöön. Kestävä alumiininen leikkuulaite ja tehokas moottoripää tekevät tästä ruohonleikkurista todella luotettavan kumppanin useiden vuosien ajaksi",,Husqvarna,
17371729001,Husqvarna TS 114 Puutarhatraktori,https://tarvike.com/product/husqvarna-ts-114-puutarhatraktori-110227,https://media.tarvike.com/product/images/110227/original/160008.png,3199.0,"Helppokäyttöiseksi suunniteltu Husqvarna TS 114 -puutarhatraktori tarjoaa poikkeuksellisen leikkuukokemuksen millä tahansa suurella nurmikolla ja jopa kapeilla väylillä. Saavuta erinomaisia tuloksia kehoasi rasittamatta ergonomisesti sijoitettujen vipujen, vierekkäisten polkimien ja jousitetun leikkuulaitteen ansiosta.",,Husqvarna,
17371713001,"Husqvarna LC 142iS Vetävä Akkuruohonleikkuri, 40-B140 + 40-C80, mukana akku ja laturi",https://tarvike.com/product/husqvarna-lc-142is-vetava-akkuruohonleikkuri-40-b140-40-c80-mukana-akku-ja-laturi-110162,https://media.tarvike.com/product/images/110162/original/159851.png,769.0,"Husqvarna LC 142iS on helppokäyttöinen vetävä akkuruohonleikkuri, jonka leikkuuleveys on 42 cm ja joka sopii pienten ja keskikokoisten nurmikoiden leikkaamiseen. Erittäin helppo käynnistää: siirrä pysäytintä ja vedä sanka alas.",,Husqvarna,
17371449001,Husqvarna TC114 puutarhatraktori,https://tarvike.com/product/husqvarna-tc114-puutarhatraktori-81496,https://media.tarvike.com/product/images/81496/original/160000.png,3679.0,"Husqvarna TC 114 -puutarhatraktori – leikkaa enemmän ja pidempään 250 litran säiliön ansiosta ja hoida monenlaisia töitä vetokoukkua ja yhteensopivia lisälaitteita hyödyntämällä. Tämä traktori on täynnä ominaisuuksia, jotka tarjoavat entistä paremman käyttökokemuksen istuen. Sen helppokäyttöisten vipujen, vierekkäisten polkimien ja jousitetun leikkuulaitteen avulla leikkaaminen sujuu mukavasti.",,Husqvarna,
17371447001,"Husqvarna LC 347V Ruohonleikkuri, keräävä ja taaksepuhaltava",https://tarvike.com/product/husqvarna-lc-347v-ruohonleikkuri-keraava-ja-taaksepuhaltava-81474,https://media.tarvike.com/product/images/81474/original/159843.png,819.0,"Ensiluokkainen bensiinikäyttöinen ruohonleikkuri, joka tuottaa erinomaiset leikkuutulokset. Husqvarna LC 347V yhdistää korkean suorituskyvyn ja ensiluokkaisen laadun. Tässä vetävässä ruohonleikkurissa on Husqvarna-moottori, jonka automaattinen rikastin helpottaa käynnistystä ja portaaton nopeus takaa sujuvan toiminnan. 47 cm:n komposiittileikkuulaitteen leikkuukorkeutta on helppo ja nopea säätää.",,Husqvarna,
17362795001,Puutarhaletku kiertymätön 16mm/25m,https://tarvike.com/product/puutarhaletku-kiertymaton-16mm25m-126348,https://media.tarvike.com/product/images/126348/original/160439.webp,42.3,"Vallankumouksellinen NTS patentoitu puutarhaletku takaa käytön helppouden, NTS rakenne estää solmujen ja taitosten syntymistä puutarhaletkuun ja takaa näin ollen poikkeuksellisen käyttömukavuuden.",,IKH,
17362792001,Fiskars Kärrykastelukela 13mm / 30m,https://tarvike.com/product/fiskars-karrykastelukela-13mm-30m-126344,https://media.tarvike.com/product/images/126344/original/160430.webp,139.95,"Comfort-kärrykastelukela L on kastelusetti, joka sisältää kaiken vaivattomaan kasteluun tarvittavan niin puutarhassa, patiolla kuin terassillakin. Kärrykastelukelassa on 13 mm (3/8"") ulosvedettävä, 30 m pitkä letku, ja siinä on sisäänrakennettu säilytystila, joka sisältää säädettävän kastelusuuttimen ja hanaliittimen. Hanaliittimessä on kolme kierrekokoa, jotka sopivat useimpiin hanatyyppeihin. Vapaasti sijoiteltava, 360° kääntyvä kärrykastelukela mahdollistaa pihan eri kolkkien kastelun Kastelukela on kevyt ja helppo liikutella paikasta toiseen Letku tulee vaivattomasti ulos ja on yhtä helppo kelata sisään Tyylikkään ulkomuotonsa ansiosta kaiken tarpeellisen sisältävä kärrykastelukela on ilo myös silmälle Mukana tulee kolme hanaliitintä 13-15 mm (1/2-5/8""), FLOW ja yksi hanaliitin 13-15 mm (1/2-5/8""), STOP Ø 13 mm (1/2"") letku",,Fiskars,
17362788001,"Kokoontaittuva oksasaha, 220 mm",https://tarvike.com/product/kokoontaittuva-oksasaha-220-mm-119676,https://media.tarvike.com/product/images/119676/original/156040.png,32.9,"Kevyt oksasaha korkealaatuista terästä. Ergonominen kahvan muotoilu tekee käytöstä mukavaa. Terän lukitus aukiasentoon ja turvallinen taitto suojaan kun sahaa ei käytetä. Leikkuu vetävällä terällä. Soveltuu puun-, muoviputkien ja rakennuslevyjen katkaisuun, oksien muotoiluun sekä yleiseen oksaraivuuseen. Kovakromi pinnoite jäykistää terää ja antaa hyvän suojan ruostetta vastaan. Teroitusta normaali olosuhteissa ei tarvita.",,Husqvarna,
17362787001,"Kokoontaittuva oksasaha, 180 mm",https://tarvike.com/product/kokoontaittuva-oksasaha-180-mm-119675,https://media.tarvike.com/product/images/119675/original/156036.png,32.9,"Kevyt oksasaha korkealaatuista terästä. Ergonominen kahvan muotoilu tekee käytöstä mukavaa. Terän lukitus aukiasentoon ja turvallinen taitto suojaan kun sahaa ei käytetä. Leikkuu vetävällä terällä. Soveltuu puun-, muoviputkien ja rakennuslevyjen katkaisuun, oksien muotoiluun sekä yleiseen oksaraivuuseen. Kovakromi pinnoite jäykistää terää ja antaa hyvän suojan ruostetta vastaan. Teroitusta normaali olosuhteissa ei tarvita.",,Husqvarna,
1677618000,Kiilahihna 13x1350,https://tarvike.com/product/kiilahihna-13x1350-145078,https://media.tarvike.com/product/images/145078/original/176380.webp,20.0,Kiilahihna 13x1350LI.,,PIX,
14927730000,Woodtec Puunhalkaisu-/ Klapikone 8T 1070mm pystymalli 230v,https://tarvike.com/product/woodtec-puunhalkaisu-klapikone-8t-1070mm-pystymalli-230v-103076,https://media.tarvike.com/product/images/103076/original/144338.jpg,1199.0,Woodtec pystymallin puunhalkaisukoneen halkaisuvoima on lähes 8 tonnia ja suositeltu halkaistavan puun paksuus voi olla 8-35 senttiä.,,IKH,
1378328000,Husqvarna Litteä suulake puhaltimille,https://tarvike.com/product/husqvarna-littea-suulake-puhaltimille-120616,https://media.tarvike.com/product/images/120616/original/157281.png,14.8,Litteä suulake Litteä suutin akkupuhaltimille. Pituus: 603mm,,Husqvarna,
13315230000,Puutarhajyrä 38 l,https://tarvike.com/product/puutarhajyra-38-l-149630,https://media.tarvike.com/product/images/149630/original/188834.webp,59.95,"Jyrä voidaan täyttää vedellä tai hiekalla painon lisäämiseksi (38 l): paino vedellä täytettynä noin 48 kg, paino hiekalla täytettynä noin 62 kg.",,Espina,
13240958000,"Rotanloukku, metalli",https://tarvike.com/product/rotanloukku-metalli-155132,https://media.tarvike.com/product/images/155132/original/188804.webp,3.49,,,IKH,
13232099000,Lattiaharja 800mm 8-rivinen pidikkeellä,https://tarvike.com/product/lattiaharja-800mm-8-rivinen-pidikkeella-149970,https://media.tarvike.com/product/images/149970/original/188469.webp,16.4,"Puurunko, metallinen varsipidike Ø 23 mm.",,Gardeco,
13232098000,Lattiaharja 600mm 6-rivinen pidikkeellä,https://tarvike.com/product/lattiaharja-600mm-6-rivinen-pidikkeella-149969,https://media.tarvike.com/product/images/149969/original/188470.webp,10.8,"Puurunko, metallinen varsipidike Ø 23 mm.",,Gardeco,
13099083001,Kannatin hyllytaso 350×120 mm rei’kälevyyn,https://tarvike.com/product/kannatin-hyllytaso-350120-mm-reikalevyyn-150831,https://media.tarvike.com/product/images/150831/original/189600.webp,17.8,Tehokkaaseen työkalusäilytykseen. Kannatin R47.,,Treston,
13099078001,Varastohylly 1500×750×300 mm,https://tarvike.com/product/varastohylly-1500750300-mm-150828,https://media.tarvike.com/product/images/150828/original/189599.webp,26.0,4 Hyllytasoa. Kapasiteetti n.50kg / hyllytaso ( Huom! painon on jakauduttava tasaisesti),,IKH,
11944828002,"Husqvarna Peräkärry Profi - AGTR5225v1, sopii Ridereihin",https://tarvike.com/product/husqvarna-perakarry-profi-agtr5225v1-sopii-ridereihin-121727,https://media.tarvike.com/product/images/121727/original/158829.png,758.9,"Tilava peräkärry vankasta teräksestä. Kipattava malli, jossa taittuva takalaita helpottaa lastausta ja purkamista.",,Husqvarna,
11942120002,Husqvarna LB 553iV Vetävä Ruohonleikkuri,https://tarvike.com/product/husqvarna-lb-553iv-vetava-ruohonleikkuri-122312,https://media.tarvike.com/product/images/122312/original/159779.png,1699.0,"LB 553iV on kestävä ja johdoton akkukäyttöinen leikkurimalli. Suunniteltu ammattikäyttäjille, jotka tarvitsevat luotettavan ja hiljaisen ruohonleikkurin alhaisilla käyttökustannuksilla ja helpolla huollolla. Täysikokoinen 53 cm:n leikkuulaite tekee leikkurista täydellisen ratkaisun keskikokoisille ja suuremmille nurmialueille tai täydentäväksi trimmaustyökaluksi ajettaville tai robottileikkureille. Äärimmäisen helppo käynnistää ja käyttää intuitiivisen näppäimistön ja kevyen painonsa ansiosta. Ominaisuudet, kuten savE/PowerBoost ja aktiivinen jäähdytys mahdollistavat myös epätasaisen ja korkean ruohon leikkaamisen täydellisesti. Kaksinkertaiset akkupaikat integroiduille BLi-akuille mahdollistavat pidennetyn käyttöajan. Käyttöaikaa voidaan pidentää entisestään reppuakun avulla",,Husqvarna,
11942119002,Husqvarna LC 151S,https://tarvike.com/product/husqvarna-lc-151s-122246,https://media.tarvike.com/product/images/122246/original/159690.png,629.0,"Husqvarna LC 151S on helppokäyttöinen vetävä ruohonleikkuri, jossa on keräys-, Bioclip®- ja sivullepuhallusvaihtoehto, joka sopii täydellisesti keskikokoisille ja suurille nurmikoille. Vankka 51 cm:n teräksinen leikkuulaite ja luotettava sekä helposti käynnistyvä Husqvarna-moottori on suunniteltu selviytymään vaikeistakin leikkuutöistä upein leikkaustuloksin, kun taas ergonominen ohjaustanko pehmeällä kahvalla tarjoaa vähemmän rasittavan leikkuukokemuksen. Helposti taitettava ohjaustanko, kätevä sankarakenne ja helposti säädettävä leikkuukorkeus tekevät jokaisesta leikkuukerrasta mukavan kokemuksen. Keräävät terät jättävät vähemmän leikkuujätettä nurmikolle ja lopputuloksena on siisti, ammattimaisesti leikattu nurmikko.",,Husqvarna,
11942118002,Husqvarna LC 151 Työnnettävä Ruohonleikkuri,https://tarvike.com/product/husqvarna-lc-151-tyonnettava-ruohonleikkuri-122245,https://media.tarvike.com/product/images/122245/original/159688.png,548.9,"Husqvarna LC 151 on helppokäyttöinen työnnettävä ruohonleikkuri, jossa on keräys-, Bioclip®- ja sivullepuhallusvaihtoehto. Sopii keskikokoisille ja suurille nurmikoille. Vankka 51 cm:n teräksinen leikkuulaite ja luotettava sekä helposti käynnistyvä Husqvarna-moottori on suunniteltu selviytymään vaikeistakin leikkuutöistä upein leikkaustuloksin, kun taas ergonominen ohjaustanko pehmeällä kahvalla tarjoaa vähemmän rasittavan leikkuukokemuksen. Helposti taitettava ohjaustanko, kätevä sankarakenne ja helposti säädettävä leikkuukorkeus tekevät jokaisesta leikkuukerrasta mukavan kokemuksen. Keräävät terät jättävät vähemmän leikkuujätettä nurmikolle ja lopputuloksena on siisti, ammattimaisesti leikattu nurmikko.",,Husqvarna,
11942117002,"Husqvarna S 138i Pintailmaaja, ei sis. akkua ja laturia",https://tarvike.com/product/husqvarna-s-138i-pintailmaaja-ei-sis-akkua-ja-laturia-122086,https://media.tarvike.com/product/images/122086/original/159435.png,419.0,"Husqvarna S 138 – kevyt, akkukäyttöinen pintailmaaja, jossa on helppo vaihtaa sammaleenrepijä- ja pintailmaajatoimintoa. Helpon syvyyssäädön ja tehokkaan moottorin ansiosta kone poistaa tiivistyneen kerroksen ja sammaleen tehokkaasti nurmikosta. Kaksi akkupaikkaa mahdollistaa pidemmän työskentelyn latauskertojen välillä. Kompakti rakenne ja nivelletty kahva tekevät kuljettamisesta ja varastoinnista helppoa.",,Husqvarna,
11942116002,Husqvarna LC 141C Työnnettävä Ruohonleikkuri,https://tarvike.com/product/husqvarna-lc-141c-tyonnettava-ruohonleikkuri-121859,https://media.tarvike.com/product/images/121859/original/159055.png,328.9,"Sähkökäyttöinen, helposti käynnistettävä ja lähes huoltovapaa ruohonleikkuri soveltuu ihanteellisesti keskikokoisiin pihoihin sekä leikkaamiseen pienemmillä hankalilla alueilla. Husqvarna LC 141C -ruohonleikkuria on helppo ohjata. Sen ergonomisesti muotoillun työntöaisan korkeutta voidaan säätää, mikä mahdollistaa mukavan työskentelyasennon. Alhaisen melutason ansiosta leikkaaminen on miellyttävää eikä häiritse ympäristöä. Ruohonleikkurissa on 50 litran kerääjä, ja voit asettaa halutun leikkuukorkeuden helposti yhdellä vivulla, jolla säädetään koko leikkuulaitteen korkeutta.",,Husqvarna,
11941716002,"Husqvarna LC 251i Työnnettävä Akkuruohonleikkuri, ei sis. akkua ja laturia",https://tarvike.com/product/husqvarna-lc-251i-tyonnettava-akkuruohonleikkuri-ei-sis-akkua-ja-laturia-122612,https://media.tarvike.com/product/images/122612/original/160229.png,698.9,"Husqvarna LC 251i on helppokäyttöinen akkuruohonleikkuri, joka tarjoaa tehokkaan leikkaamisen leveällä leikkuulaitteella ja joko keräävällä tai sivullepuhaltavalla leikkuumenetelmällä. Se on ihanteellinen keskikokoisien ja suurien puutarhojen nurmialueiden hoitamiseen, ja kahden akkupaikan ansiosta sillä voi leikata kerralla pidempään. Ruohonleikkuri on varustettu SavE™-toiminnolla, joka maksimoi käyttöajan alentamalla terän nopeutta, kun täyttä tehoa ei tarvita. Vaativammissa olosuhteissa leikatessa Power Boost -toiminto puolestaan lisää automaattisesti terän nopeutta lisätehon saamiseksi. LC 251i on osa Husqvarnan 36 V Bli-X -järjestelmää, joten samaa akkua voidaan käyttää useissa eri Husqvarnan työkaluissa.",,Husqvarna,
11941711002,Husqvarna GX 560 Työnnettävä Ruohonleikkuri,https://tarvike.com/product/husqvarna-gx-560-tyonnettava-ruohonleikkuri-122416,https://media.tarvike.com/product/images/122416/original/159967.png,959.0,"Husqvarna GX 560 on ammattikäyttöön suunniteltu leikkuri alueille, joita on vaikea leikata päältäajettavalla tai työnnettävällä leikkurilla. Tuotteen erikoisvalmisteinen ilmatyynyteknologia takaa täydelliset tulokset myös todella jyrkissä ja vaikeissa paikoissa, kuten golf-kentän hiekka-esteen reunamilla. Tuotteen suunnittelu ja erikoismoottori mahdollistavat sen käytön jopa 45° kallistuskulman mäissä.",,Husqvarna,
11941709002,Husqvarna Klippo LB 553SQe Vetävä Ruohonleikkuri,https://tarvike.com/product/husqvarna-klippo-lb-553sqe-vetava-ruohonleikkuri-122412,https://media.tarvike.com/product/images/122412/original/159944.png,1398.9,"KLIPPO LB 553SQe on ammattikäyttöön suunniteltu, luotettava ja tehokas etuvetoinen BioClip®-silppurilla varustettu ruohonleikkuri. Suurikokoinen 53 cm leveä leikkuupöytä tekee siitä täydellisen vaihtoehdon keskikokoisille ja suurille nurmialueille ja leikkuria voidaan käyttää myös siistimään päältäajettavan leikkurin tai robottiruohonleikkurin leikkaamatta jättämiä nurmen reunoja. Leikkuri on suunniteltu mahdollisimman ergonomiseksi käyttää ja sillä saa aikaiseksi parhaan mahdollisen leikkuutuloksen myös kostealla säällä. Se on varustettu ammattimaisella ja tehokkaalla Husqvarna HS 166AP -moottorilla, alumiinivalurungolla, kevyillä alumiinirenkailla ja ergonomisella, myös sivusuuntaan säädettävällä työntöaisalla, jonka tehokas tärinää vaimentava järjestelmä auttoi mallia täyttämään kaikki A(8) EN836 -standardin vaatimukset. KLIPPO LB 500-sarja on suunniteltu erityisesti ammattikäyttöön ja sen erinomainen tehokkuus sekä kestävyys varmistavat, että sitä käytetään vielä pitkän aikaa.",,Husqvarna,
11941707002,Husqvarna Klippo LB 548SQe Vetävä Ruohonleikkuri,https://tarvike.com/product/husqvarna-klippo-lb-548sqe-vetava-ruohonleikkuri-122411,https://media.tarvike.com/product/images/122411/original/159939.png,1299.0,"KLIPPO LB 548SQe on ammattikäyttöön suunniteltu, kompakti ja tehokas etuvetoinen BioClip®-silppurilla varustettu ruohonleikkuri. Standardikokoinen 48 cm leveä leikkuupöytä tekee siitä optimaalisen vaihtoehdon monimuotoisille ja kapeita käytäviä sisältäville puutarhoille. Leikkuria voi hyvin käyttää myös päältäajettavan leikkurin tai robottiruohonleikkurin mahdollisesti leikkaamatta jättämien nurmen reunojen siistimiseen. Leikkuri on rakennettu ensiluokkaisen KLIPPO-malliston pohjalta, joka on tunnettu erityisesti kestävyydestä ja luotettavasta leikkuusta. Varustettu ammattimaisella ja tehokkaalla Husqvarna HS 166AP -moottorilla, alumiinivalurungolla ja ergonomisella, myös sivusuuntaan säädettävällä työntöaisalla, jonka tehokas tärinää vaimentava järjestelmä auttoi mallia täyttämään kaikki A(8) EN836 -standardin vaatimukset. KLIPPO LB 500-sarja on suunniteltu erityisesti ammattikäyttöön ja sen erinomainen tehokkuus sekä kestävyys varmistavat, että sitä käytetään vielä pitkän aikaa.",,Husqvarna,
11941705002,Husqvarna Klippo LB 453SQ Vetävä Ruohonleikkuri,https://tarvike.com/product/husqvarna-klippo-lb-453sq-vetava-ruohonleikkuri-122410,https://media.tarvike.com/product/images/122410/original/159955.png,1149.0,"KLIPPO LB 453SQ on KLIPPO LB 400-sarjan suurin, kompakti ja helppokäyttöinen Bioclip®-silppurilla varustettu ruohonleikkuri. Suunniteltu todella vaativaan kuluttajakäyttöön keskikokoisille ja suurille puutarhoille. Klippo LB 400-sarja on rakennettu ensiluokkaisen KLIPPO-malliston pohjalta, joka on tunnettu erityisesti kestävyydestä ja luotettavasta leikkuusta. Varustettu ammattimaisella ja tehokkaalla Husqvarna HS 166AP -moottorilla, alumiinivalurungolla ja ergonomisella, myös sivusuuntaan säädettävällä työntöaisalla. KLIPPO LB 400-sarjan optimaalinen suunnittelu ja ammattitason osat tarjoavat laatua, johon voit luottaa vuosi toisensa jälkeen.",,Husqvarna,
11941704002,Husqvarna Klippo LB 448Q Työnnettävä,https://tarvike.com/product/husqvarna-klippo-lb-448q-tyonnettava-122409,https://media.tarvike.com/product/images/122409/original/159948.png,949.0,"KLIPPO LB 448Q on keskikokoinen, kompakti ja helppokäyttöinen Bioclip®-silppurilla varustettu ruohonleikkuri. Suunniteltu todella vaativaan kuluttajakäyttöön keskikokoisille puutarhoille. Klippo LB 400-sarja on rakennettu ensiluokkaisen KLIPPO-malliston pohjalta, joka on tunnettu erityisesti kestävyydestä ja luotettavasta leikkuusta. Varustettu ammattimaisella ja tehokkaalla Husqvarna HS 166AP -moottorilla, alumiinivalurungolla ja ergonomisella, myös sivusuuntaan säädettävällä työntöaisalla. KLIPPO LB 400-sarjan optimaalinen suunnittelu ja ammattitason osat tarjoavat laatua, johon voit luottaa vuosi toisensa jälkeen.",,Husqvarna,
11941681002,"Husqvarna 535i XP® moottorisaha, ei sis, akkua ja laturia",https://tarvike.com/product/husqvarna-535i-xp-moottorisaha-ei-sis-akkua-ja-laturia-122597,https://media.tarvike.com/product/images/122597/original/160210.png,569.0,"Kevyt ja tehokas moottorisaha ammattimaista luotettavuutta arvostavalle käyttäjälle. Soveltuu loistavasti kirvesmiehille, urakoitsijoille, puunhoitajille ja oliivinviljelijöille. Ominaisuuksiin kuuluvat erinomainen suorituskyky ja ergonomia sekä suuri teräketjun nopeus.",,Husqvarna,
11941680002,"Husqvarna T535i XP® Moottorisaha, ei sis. akku ja laturi",https://tarvike.com/product/husqvarna-t535i-xp-moottorisaha-ei-sis-akku-ja-laturi-122596,https://media.tarvike.com/product/images/122596/original/160206.png,569.0,"Husqvarna T535i XP® on tehokas 36 V akkukäyttöinen, yläkahvainen moottorisaha ammattilaisille karsintaan ja raivaustöihin. Käytettäväksi 12- tai 14-tuuman laipan kanssa. Ihanteellinen ammattiarboristeille, jotka haluavat kevyen, nopean ketjunopeuden ja erinomaisen ergonomian omaavan moottorisahan.",,Husqvarna,
11941679002,Husqvarna 560 XP® Mark II moottorisaha,https://tarvike.com/product/husqvarna-560-xp-mark-ii-moottorisaha-122571,https://media.tarvike.com/product/images/122571/original/204772.webp,1199.0,"Husqvarna 560 XP® Mark II on monipuolinen 60-kuutioinen moottorisaha kaikentyyppisten puiden kaatoon ammattimetsureille. Sopii käytettäväksi joko .325” tai 3/8” terävarustuksen kanssa. Kun haluat ison sahan hyödyt kapeassa ja näppärässä paketissa, 560 XP® Mark II on polttomoottorikäyttöisten sahojemme paras vaihtoehto. Varustettu AutoTune 3.0 ja Simple Start-teknologialla, joten saha käynnistyy aina helposti ja käy optimaalisesti kaikissa olosuhteissa. Korkeavääntöinen 60-kuution X-Torq®-moottori tekee myös vaativien puiden kaatamisesta ja karsimisesta helppoa.",,Husqvarna,
11941678002,"Husqvarna T542i XP® moottorisaha, ei sis. akku ja laturi",https://tarvike.com/product/husqvarna-t542i-xp-moottorisaha-ei-sis-akku-ja-laturi-122535,https://media.tarvike.com/product/images/122535/original/160085.png,889.0,"Husqvarna T542i XP® on maailman ensimmäinen yläkahvallinen keskipakokytkimellä varustettu akkumoottorisaha. Se tarjoaa ainutlaatuisen leikkuutehon ja erinomaisen kapasiteetin. Tämä näppärä 36 V akulla varustettu yläkahvallinen moottorisaha on erittäin tehokas työkalu ammattimaisille puukiipeilijöille, jotka haluavat puunlatvassa työskennellessään hyödyntää kaikki akkusahan edut bensiinisahan helpolla ohjattavuudella ja reaktiokyvyllä höystettynä. Suuri ketjunopeus, X-PRECISION™-terälevy ja tehokas SP21G-ketju tekevät leikkauksista nopeat ja tarkat.",,Husqvarna,
11941677002,Husqvarna 440 II e-series Moottorisaha,https://tarvike.com/product/husqvarna-440-ii-e-series-moottorisaha-122378,https://media.tarvike.com/product/images/122378/original/159876.png,629.0,"Husqvarna 440e II on moottorisaha niille, jotka haluavat kevyen ja tehokkaan yleissahan erilaisiin sahaustöihin. Se on varustettu 40-kuutioisella suuren vääntömomentin X-Torq®-moottorilla ja Smart Start® -tekniikalla, jonka avulla moottorisaha voidaan käynnistää nopeasti ja mahdollisimman vaivattomasti. LowVib®-tekniikka tekee käytöstä mukavaa ja pikalukitteinen polttoainesäiliön korkki on helppo avata ja sulkea myös paksut käsineet kädessä.",,Husqvarna,
11941676002,Husqvarna 440 II Moottorisaha,https://tarvike.com/product/husqvarna-440-ii-moottorisaha-122377,https://media.tarvike.com/product/images/122377/original/159892.png,598.9,"Husqvarna 440 II on moottorisaha niille, jotka haluavat kevyen ja tehokkaan yleissahan erilaisiin sahaustöihin. Se on varustettu tehokkaalla suuren vääntömomentin 40-kuutioisella X-Torq®-moottorilla. Pikalukitteinen polttoainesäiliön korkki on helppo avata ja sulkea myös paksut käsineet kädessä, ja LowVib®-tekniikka tekee käytöstä mukavaa.",,Husqvarna,
11941675002,Husqvarna 435 e-sarja Moottorisaha,https://tarvike.com/product/husqvarna-435-e-sarja-moottorisaha-122376,https://media.tarvike.com/product/images/122376/original/159889.png,578.9,"Husqvarna 435e II on moottorisaha niille, jotka haluavat kevyen ja tehokkaan yleissahan erilaisiin sahaustöihin. Se on varustettu 40-kuutioisella suuren vääntömomentin X-Torq®-moottorilla ja Smart Start® -tekniikalla, jonka avulla moottorisaha voidaan käynnistää nopeasti ja mahdollisimman vaivattomasti. LowVib®-tekniikka tekee käytöstä mukavaa ja pikalukitteinen polttoainesäiliön korkki on helppo avata ja sulkea myös paksut käsineet kädessä.",,Husqvarna,
11941674002,Husqvarna 550 XP® G Mark II TrioBrake™ Moottorisaha,https://tarvike.com/product/husqvarna-550-xp-g-mark-ii-triobrake-moottorisaha-122315,https://media.tarvike.com/product/images/122315/original/159786.png,1128.9,"Vahvassa, kestävässä ja helposti hallittavassa 50-kuutioisessa moottorisahassa on erinomainen suorituskyky ja leikkuuteho. Soveltuu pienten ja keskikokoisten puiden kaatoon, katkaisuun ja karsintaan sekä vaativaan puiden hoitoon. Kapea saharunko ja innovatiiviset ominaisuudet varmistavat luotettavan tehon ja helppokäyttöisyyden. Lämpökahvat parantavat käyttömukavuutta kylmissä ja kosteissa olosuhteissa.",,Husqvarna,
11941673002,Husqvarna 555 Moottorisaha,https://tarvike.com/product/husqvarna-555-moottorisaha-122266,https://media.tarvike.com/product/images/122266/original/159718.png,1099.0,"Husqvarna 555 on vankka ja tehokas bensiinikäyttöinen modernistimuotoiltu moottorisaha, joka on suunniteltu vaativaan metsän- ja puunhoitoon. Käytettäväksi enintään 24 tuuman laipan kanssa. Jos etsit kestävää 60-kuutioista moottorisahaa, joka on helppo käynnistää ja käsitellä, ja jossa on riittävästi voimaa ja luotettavuutta kaikkiin töihin, tämä on yksi parhaista bensiinikäyttöisistä moottorisahoistamme. Kapea runko ja lukuisat modernit ominaisuudet - mukaan lukien AutoTune - tekevät käytöstä luotettavaa ja kätevää.",,Husqvarna,
11623576000,"Latausaseman piirilevy 105, PCBA P1 CS Board Type 28",https://tarvike.com/product/latausaseman-piirilevy-105-pcba-p1-cs-board-type-28-80820,https://media.tarvike.com/product/images/80820/original/30572.png,125.9,Sopii malliin Husqvarna Automower 105,,Husqvarna,
11623574000,"Latausaseman Piirilevy, PCBA P15 CS Board GP",https://tarvike.com/product/latausaseman-piirilevy-pcba-p15-cs-board-gp-80819,https://media.tarvike.com/product/images/80819/original/30589.png,143.1,"Sopii Husqvarna Automower malleihin 310, 315, 315X vm. 2015-",,Husqvarna,
11623572000,"Latausaseman Piirilevy, Automower 50X 550 550H",https://tarvike.com/product/latausaseman-piirilevy-automower-50x-550-550h-80818,https://media.tarvike.com/product/placeholders/productImageComingSoong.jpg,160.75,"Latausaseman piirikortti Husqvarna Automower 420 , 440 , 520 , 550 , 430X ja 450X robottiruohonleikkureihin. Korvaa varaosanumerot 5928945-03, 5928945-02, 5928945-01, 5905710-01, 5895078-01, 5795655-05, 5795655-03, 5795655-01 .",,Husqvarna,
11623473000,Husqvarna Automower signaalivahvistin G2,https://tarvike.com/product/husqvarna-automower-signaalivahvistin-g2-80331,https://media.tarvike.com/product/images/80331/original/29998.jpg,231.5,"Vahvistaa signaalin riittävän voimakkaaksi, jos rajakaapeli on asennettu laajalle alueelle. 220 AC, 230 ACX, Solar Hybrid, 260 ACX, 265 ACX",,Husqvarna,
11623465000,"Husqvarna Ajoleikkureiden terä 43,5cm Taka 120,R1200/PF",https://tarvike.com/product/husqvarna-ajoleikkureiden-tera-435cm-taka-120r1200pf-80325,https://media.tarvike.com/product/placeholders/productImageComingSoong.jpg,51.6,,,Husqvarna,
11623438000,"Husqvarna Klippo Terä 53 CM, 21""",https://tarvike.com/product/husqvarna-klippo-tera-53-cm-21-80265,https://media.tarvike.com/product/placeholders/productImageComingSoong.jpg,71.1,,,Husqvarna,
11623405000,"HMI-Piirikortti, AM315,315X",https://tarvike.com/product/hmi-piirikortti-am315315x-80823,https://media.tarvike.com/product/images/80823/original/30586.png,149.1,"Sopii malleille Husqvarna Automower 315, 3015X",,Husqvarna,
11548816002,Husqvarna T540 XP® Mark III Moottorisaha,https://tarvike.com/product/husqvarna-t540-xp-mark-iii-moottorisaha-125842,https://media.tarvike.com/product/images/125842/original/160375.png,918.9,"Husqvarna T540 XP® Mark III on yläkahvalla varustettu polttomoottorikäyttöinen moottorisaha vakuuttavalla teho-painosuhteella. Saha on ihanteellinen arboristeille ja muiden puunhoidon ammattilaisille jotka haluavat luotettavan, korkean suorituskyvyn moottorisahan, joka on helposti liikuteltavissa. 40cc-luokan bensiinimoottori yhdistettynä SP21G-teräketjuun takaa erinomaisen suorituskyvyn sekä nopean kiihtyvyyden turvalliseen työhön puiden latvoissa.",,Husqvarna,
11548815002,"Husqvarna Aspire™ C15X-P4A moottorisaha, sis. akku ja laturi",https://tarvike.com/product/husqvarna-aspire-c15x-p4a-moottorisaha-sis-akku-ja-laturi-122958,https://media.tarvike.com/product/images/122958/original/160202.png,318.9,"Akkukäyttöinen Aspire™-moottorisaha on optimoitu karsimista, puutarhan siistimistä, pienten puiden kaatoa ja tee-se-itse-projekteja varten. Luotettava ja tarkka leikkausjälki on mahdollista myös kapeissa paikoissa erikoissuunnitellun terälevyn, ohuen teräketjun ja suuren leikkuunopeuden ansiosta. Tarkat leikkaukset pitävät puut hyvässä kunnossa ja puusepänprojektien ja vastaavien töiden leikkuujälki on siistin ja viimeistellyn näköinen.",,Husqvarna,
11548814002,"Husqvarna Aspire™ C15X-P4A moottorisaha, ei sis. akku ja laturi",https://tarvike.com/product/husqvarna-aspire-c15x-p4a-moottorisaha-ei-sis-akku-ja-laturi-122957,https://media.tarvike.com/product/images/122957/original/160219.png,218.9,"Akkukäyttöinen Aspire™-moottorisaha on optimoitu karsimista, puutarhan siistimistä, pienten puiden kaatoa ja tee-se-itse-projekteja varten. Luotettava ja tarkka leikkausjälki on mahdollista myös kapeissa paikoissa erikoissuunnitellun terälevyn, ohuen teräketjun ja suuren leikkuunopeuden ansiosta. Tarkat leikkaukset pitävät puut hyvässä kunnossa ja puusepänprojektien ja vastaavien töiden leikkuujälki on siistin ja viimeistellyn näköinen.",,Husqvarna,
11548813002,Husqvarna T525,https://tarvike.com/product/husqvarna-t525-122624,https://media.tarvike.com/product/images/122624/original/160252.png,669.0,"Husqvarna T525 on kevyt, ammattilaisten yläkahvainen, bensiinikäyttöinen moottorisaha, joka on suunniteltu kevyempiin karsinta- ja siistimistöihin. Käytettäväksi 10- tai 12-tuuman laipan kanssa. Pienin ja kevyin puunhoitosahamme on tehokas työkalu, teetpä sitten satunnaisesti tai täysipäiväisesti karsintatehtäviä. Husqvarna T525 on helppo ja kätevä käyttää. Sitä pyörittää 27-kuutioinen X-Torq®-moottori, joka tuottaa tarvittavan suorituskyvyn juuri silloin, kun sitä tarvitset.",,Husqvarna,
11489273001,OFF Active 65 ml hyttysaerosoli,https://tarvike.com/product/off-active-65-ml-hyttysaerosoli-155138,https://media.tarvike.com/product/images/155138/original/188789.webp,5.99,OFF! Active® hyttyskarkote.,,OFF,
1132915001,Automower tassasarja 320/420/440,https://tarvike.com/product/camo-320420440-30615,https://media.tarvike.com/product/images/30615/original/158583.png,54.9,"Joku yrittää naamioitua, mutta aina siisti nurmikko paljastaa, että asialla on Husqvarna Automower®. Husqvarnan tarrasarjoilla vaihdat kätevästi robottileikkurisi ulkonäköä!",,Husqvarna,
11051726001,Harjasuulake 45mm putkelle Domus/Taurus,https://tarvike.com/product/harjasuulake-45mm-putkelle-domustaurus-151126,https://media.tarvike.com/product/images/151126/original/188410.webp,6.5,,,Lavor,
10711909000,Pyörä 4.00X4/4 Muovi/Neulal. Täydellinen,https://tarvike.com/product/pyora-400x44-muovineulal-taydellinen-155949,https://media.tarvike.com/product/images/155949/original/180741.webp,19.9,,,,
10056283002,Husqvarna R 200iX AWD Akkukäyttöinen etuleikkuri,https://tarvike.com/product/husqvarna-r-200ix-awd-akkukayttoinen-etuleikkuri-177643,https://media.tarvike.com/product/images/177643/original/203733.webp,7798.9,"Akkukäyttöinen Husqvarna Rider R 200iX AWD on monikäyttöinen leikkuri, jolla leikkuu käy tehokkaasti. Neliveto takaa poikkeuksellisen pidon eri maastoissa, ja aivan kuten bensiinikäyttöiset Riderimme, myös tämä leikkuri suoriutuu talviolosuhteista*. Leikkuri mukautuu kausivaihteluihin, sillä siihen voi asentaa useita lisälaitteita, kuten harjan ja lumilevyn.",,Husqvarna,
10056282002,Husqvarna TC112 Puutarhatraktori,https://tarvike.com/product/husqvarna-tc112-puutarhatraktori-81495,https://media.tarvike.com/product/images/81495/original/159995.png,3199.0,"Husqvarna TC 112 on puutarhatraktori, joka liikkuu sujuvasti kapeilla väylillä ja leikkaa vaivatta suuria nurmikkoalueita. Nauti mukavasta käyttökokemuksesta istuen, minkä mahdollistavat ergonomisesti sijoitetut vivut, helppokäyttöiset vierekkäiset polkimet ja jousitettu leikkuulaite.",,Husqvarna,
692270002,"Maxpower Hihna, Kevlar, 3/8"" x 32""",https://tarvike.com/product/maxpower-hihna-kevlar-38-x-32-133458,https://media.tarvike.com/product/images/133458/original/171665.jpg,18.6,"Kiilahihna Sopivuus mm: Maxpowerin tuumamitoitetut yleismallin hihnat sopivat useimpiin traktorimallin leikkureihin. Korvaa alkuperäisnumerot: Husqvarna 5321754-36 MTD 754-0205 Stiga 1811-9006-01 Stiga 1811-0612-01 Rally 175436 33-332 347437 MaxPower hihnat on vahvistettu Dupont Aramid (kevlar) -kuidulla ROTARY konserniin kuuluva MaxPower valmistaa hihnat, joiden laatu on huippuluokkaa. ROTARY on maailman suurin pienkone osien ja tarvikkeiden valmistaja",,,
4960905000,Bronco Haketin/Oksasilppuri B&S 13.5hv sähköstartilla,https://tarvike.com/product/bronco-haketinoksasilppuri-bs-135hv-sahkostartilla-103078,https://media.tarvike.com/product/images/103078/original/144330.jpg,1895.0,"Bronco Haketin/Oksasilppuri on suunniteltu helpottamaan oksien ja puujätteen käsittelyä. Laite on varustettu 13,5 hv Briggs & Stratton 420cc -moottorilla, joka mahdollistaa huipputehokkaan kapasiteetin 8–9 m³/h ja käsittelyn jopa Ø120 mm:n paksuisille oksille.",,Bronco,
4955805000,"Ruohonleikkurin Rengas 20 x 8.00 - 8, TL 4-pr, HF224",https://tarvike.com/product/ruohonleikkurin-rengas-20-x-800-8-tl-4-pr-hf224-79271,https://media.tarvike.com/product/images/79271/original/28254.jpg,120.0,Ruohonleikkurin rengas Koko 20 x 8.00 - 8,,,
9569198002,"Husqvarna Aspire™ T28 ruohotrimmeri, ei sis. akkua ja laturia",https://tarvike.com/product/husqvarna-aspire-t28-ruohotrimmeri-ei-sis-akkua-ja-laturia-177608,https://media.tarvike.com/product/images/177608/original/204018.webp,154.0,"Tässä 18 V:n akkua käyttävässä trimmerissä on kaksoissiima, ja se leikkaa reunat siististi hyvällä tehokkuudella. Husqvarna Aspire™ T28-P4A on suunniteltu pieniin tiloihin, ja sen säilytys on helppoa mukana tulevan koukun avulla. Kaarikahva ja teleskooppirunko voidaan säätää mukavaan työasentoon. Hyödy käytännöllisistä ominaisuuksista: automaattinen syöttö pitää siiman pituuden optimaalisena työskennellessä, metallinen kasvisuoja suojaa kukkaistutuksia ja puita ja automaattinen sammutus parantaa turvallisuutta, kun ruohotrimmeriä ei käytetä.",,Husqvarna,
659673002,Tarmo Takakuljetin,https://tarvike.com/product/tarmo-takakuljetin-144787,https://media.tarvike.com/product/images/144787/original/176240.webp,995.0,Myydään vain klapikoneen yhteydessä(TAR380). Poistokuljetinkourun enimmäiskaltevuus 40°. Poistokuljettimen nopeus 27 m/min,,Tarmo,
17371737001,Husqvarna TS 215T Puutarhatraktori,https://tarvike.com/product/husqvarna-ts-215t-puutarhatraktori-110251,https://media.tarvike.com/product/images/110251/original/160239.png,4399.0,"Husqvarna TS 215T -puutarhatraktori tehokkaalla leikkuulla ja kapeiden käytävien pääsyllä tekee loistavia tuloksia kaikilla nurmikon alueilla. Helppokäyttöiset säätimet ja vivut sekä nopeasti säädettävä istuin lisäävät ergonomista käyttökokemusta. Pienet laitteet ja käsityökalut voidaan säilyttää käytännöllisissä säilytyslokeroissa, jotta ne ovat helposti saatavilla tarvittaessa.",,Husqvarna,
1648949000,Tarmo Klapikone Hinattava polttomoottori,https://tarvike.com/product/tarmo-klapikone-hinattava-polttomoottori-137616,https://media.tarvike.com/product/images/137616/original/176338.jpg,4495.0,"Tarmo Klapikone polttomoottorilla. Huom, kuvassa näkyvä Takakuljetin myydään erikseen.",,Tarmo,
13240930000,Rakennuspalju 90l suorakaide,https://tarvike.com/product/rakennuspalju-90l-suorakaide-155252,https://media.tarvike.com/product/images/155252/original/188780.webp,12.5,Vetoisuus 90 l.,,Gardeco,
1274351000,Husqvarna Automower® -suojakatos,https://tarvike.com/product/husqvarna-automower-suojakatos-120057,https://media.tarvike.com/product/images/120057/original/173625.webp,239.0,"Pidä robottiruohonleikkurisi erinomaisessa kunnossa. Ulkoisesti miellyttävä, kestävä katos suojaa Automower®-leikkuria pitkäaikaisilta sään ja auringon vaikutuksilta. Leikkuukauden päättyessä, kun Automower® on varastoituna, tämä lisävaruste suojaa latauslevysi ankarilta sääolosuhteilta. Suunniteltu täydellisesti vastaamaan Automower®-leikkurin muotoilua, mahdollistaen nopean ja helpon pääsyn leikkuriin ja latausasemaan.",,Husqvarna,
4955520000,"Husqvarna Combi 103 Leikkuupää, sopii 200-sarjaan",https://tarvike.com/product/husqvarna-combi-103-leikkuupaa-sopii-200-sarjaan-81288,https://media.tarvike.com/product/images/81288/original/159085.png,1379.0,"Husqvarnan Combi-leikkuulaitteet tarjoavat kaksi leikkuuvaihtoehtoa. BioClip®- ja taaksepuhallusmenetelmän. Yhdestä metallilevystä puristetussa leikkuulaitteessa ei ole saumoja tai jyrkkiä mutkia, jolloin leikkuujäte voisi juuttua. Tuloksena on markkinoiden johtava bioleikkuutoiminto ja huipputehokas ulospuhallustoiminto.",,Husqvarna,
27141399001,Husqvarna Vision-lisävaruste,https://tarvike.com/product/husqvarna-vision-lisavaruste-177875,https://media.tarvike.com/product/images/177875/original/204041.png,619.0,"Leikkurin sisäisen tutkajärjestelmän avuksi voi lisätä Vision-lisävarusteen. Siinä on tekoälyavusteinen kamerajärjestelmä, jonka avulla robottiruohonleikkuri havaitsee nurmikolla olevat esteet ja kiertää ne. Toiminto toimii tehokkaasti päivällä ja infrapunavalon ansiosta myös yöllä. Järjestelmä kykenee luokittelemaan tunnistetut esteet tyypeittäin, kuten eläimet, pallot, vaatteet ja vesilätäköt, jotta leikkuri välttää ne asianmukaisesti ja jatkaa tehokasta leikkaamista.",,Husqvarna,
19176926002,Husqvarna Classic Metsurin Suojakypärä,https://tarvike.com/product/husqvarna-classic-metsurin-suojakypara-80622,https://media.tarvike.com/product/images/80622/original/157415.png,59.9,"Metsä- ja puutarhatyöhön tarkoitettu kypärä. Kuudesta pisteestä kiinnitettävä muovinen sisäosa, jonka ympärysmitan voi säätää yhdellä kädellä. Sisäosan syvyyden voi säätää kolmeen eri tasoon. Kuulonsuojainten ergonomia on paras mahdollinen. Metallinen verkkovisiiri suojaa hyvin ja näkyvyys on hyvä! Hyväksyntä matalalle lämpötilalle: -30 °C",,Husqvarna,
