id,title,link,imagelink,price,description,salePrice,brand,unit
3744327002,Rival Mönkijän Puskulevysarja 150cm pikakiinnitteinen,https://tarvike.com/product/rival-monkijan-puskulevysarja-150cm-pikakiinnitteinen-162294,https://media.tarvike.com/product/images/162294/original/176872.jpg,458.0,"Rival Puskulevysarja yleismallin kiinnityksellä. Vahva ja kestävä ATV-aura pikakiinnityksellä. Suuri lumensiirtokapasiteetti ja ylivoimainen lumen kaatumissuorituskyky. Myydään kokonaisena auralla, puskulevyn rungolla ja yleisadapterilla.",349.0,Rival,
17371455001,"Polaris puskulevy Glacier Pro 152 cm / 60""",https://tarvike.com/product/polaris-puskulevy-glacier-pro-152-cm-60-94423,https://media.tarvike.com/product/images/94423/original/98338.jpg,480.0,"Puskulevyä voidaan käyttää Glacier PRO -kiinnikerungossa. Leveys 60"" (152 cm), korkeus 17"" (43 cm), metallia. Soveltuu isommille alueille, esim. taloyhtiöt ja parkkipaikat. Tarvitsee toimiakseen vinssin, kiinnikerungon ja asennussarjan (myydään erikseen).",216.0,Polaris,
17371750001,Mönkijän tukkikärry,https://tarvike.com/product/monkijan-tukkikarry-81569,https://media.tarvike.com/product/images/81569/original/161545.jpg,1189.0,Mönkijän 2-akselinen tukkikärry. Saatavana lisävarusteena pikakiinnitteinen dumpperilava. Sisältää lavan kiinnitysvastakappaleet. Toimitetaan kasaamattomana.,949.0,TARVIKE.COM,
13106520001,"Tukkikärry Dumpperilla, 2-akselinen",https://tarvike.com/product/tukkikarry-dumpperilla-2-akselinen-126988,https://media.tarvike.com/product/images/126988/original/161680.png,2044.0,Mönkijän 2-akselinen tukkikärrypaketti. Paketti sisältää Tukkikärryn(rankakärry) sekä dumpperin. Kuvan kaiteet myydään erikseen. Sisältää lavan kiinnitysvastakappaleet. Toimitetaan kasaamattomana.,1390.0,TARVIKE.COM,
17371662001,Glacier integroitu mönkijän kiinnikeadapteri,https://tarvike.com/product/glacier-integroitu-monkijan-kiinnikeadapteri-110935,https://media.tarvike.com/product/images/110935/original/155192.jpg,320.0,"Uudelleen suunnitellussa Glacier levyrungon kiinnitysadapterissa on ""sisään vetäytyvä"" rakenne: kun irrotat puskulevyn laitteesta, levyrunko taittuu automaattisesti laskurungoksi jääden näin oikeaan asentoon seuraavaa kiinnitystä varten.",144.0,Polaris,
4894230000,Lock & Ride ankkurikiinnike,https://tarvike.com/product/lock-ride-ankkurikiinnike-110857,https://media.tarvike.com/product/images/110857/original/155149.jpg,45.3,Polaris Lock & Ride ankkurikiinnike.,27.0,{},
17371664001,GlacierPro integroitu mönkijän kiinnikeadapteri,https://tarvike.com/product/glacierpro-integroitu-monkijan-kiinnikeadapteri-110936,https://media.tarvike.com/product/images/110936/original/155193.jpg,304.0,"Uudelleen suunnitellussa Glacier Pro levyrungon kiinnitysadapterissa on ""sisään vetäytyvä"" rakenne: kun irrotat puskulevyn laitteesta levyrunko taittuu automaattisesti laskurungoksi jääden näin oikeaan asentoon seuraavaa kiinnitystä varten.",99.0,Polaris,
33947104000,Polaris Kiinnikesarja Sportsman XP,https://tarvike.com/product/polaris-kiinnikesarja-sportsman-xp-226522,https://media.tarvike.com/product/images/226522/original/205994.png,272.0,,163.0,Polaris,
2303489002,Polaris vinssi 2500lbs,https://tarvike.com/product/polaris-vinssi-2500lbs-94704,https://media.tarvike.com/product/images/94704/original/99313.jpg,421.4,"Polaris sähkövinssissä on uusi, integroitu helppokäyttöisempi käyttökytkin ohjaustangossa ja käyttörele integroituna vinssiin. Vetoköysi-/vaijeri kelautuu yläpuolelta, jolloin ei tule turhaa rasitusta vinssin vetolaitteistolle esim. puskulevykäytössä. Uusi, hitaampi nopeuden välitys joka optimoitu puskulevykäyttöä. Hiljaisempi käyntiääni.Sisältää vinssisarjan, jossa 15metrin teräsvaijeri ja kaikki asennukseen tarvittavat osat.Vetovoima: 2500lbs",253.0,Polaris,
17318921001,"Dumpperilava, lisävaruste 2-aks. tukki/dumpperikärryyn",https://tarvike.com/product/dumpperilava-lisavaruste-2-aks-tukkidumpperikarryyn-81571,https://media.tarvike.com/product/images/81571/original/31506.jpg,855.0,"2-akselisen tukkikärryn lisävaruste, dumpperilava.
Avattavilla päädyillä
Paino n. 70 kg
Kokonaismitat: P 1950 x L 1000 x K 540 mm

(kuvan tukkikärry myydään erikseen)",599.0,TARVIKE.COM,
17315742001,"Polaris Mönkijän karjapuskuri taakse, Sportsman XP",https://tarvike.com/product/polaris-monkijan-karjapuskuri-taakse-sportsman-xp-94398,https://media.tarvike.com/product/images/94398/original/98290.jpg,254.1,"Karjapuskuri suojaa XP-mönkijäsi takaosan ja valot. Kestävä teräsrakenne, väri mattamusta. Käy traktori- ja tieliikennemalleihin varauksin (rekisterikilpi).",152.0,Polaris,
5173213002,2-akselinen Maansiirtokärry,https://tarvike.com/product/2-akselinen-maansiirtokarry-166354,https://media.tarvike.com/product/images/166354/original/188333.png,4747.0,"2-Laatu
Kätevä maansiirtokärry sähköhydraulisella kipillä ja avattavilla laidoilla.",2490.0,TARVIKE.COM,
33947105000,Polaris Prospector Telasarjan kiinnityssarja,https://tarvike.com/product/polaris-prospector-telasarjan-kiinnityssarja-226523,https://media.tarvike.com/product/images/226523/original/205993.png,640.1,,384.0,Polaris,
19140241002,"Ranger 1000 Glacier PRO muovinen puskulevy 182,9 cm",https://tarvike.com/product/ranger-1000-glacier-pro-muovinen-puskulevy-1829-cm-94416,https://media.tarvike.com/product/images/94416/original/98320.jpg,968.4,"Tämän vahvan, kestävän ja joustavan polyeteeniaura-terän ansiosta saat nopeasti valmiiksi suuret lumityöt. Tämä innovatiivinen 72-tuumainen polyeteenilumilevy taipuu ja absorboi iskut minimoidakseen ajoneuvoon kohdistuvan rasituksen työn aikana. Polaris®-puskulevyn rakenteessa on suuri työntö ala ja eteenpäin kulmikkaat kulmat. Työnnettäessä lunta pihateiltä, ​​vahva, joustava ja kevyt polyeteenirakenne antaa terän taipua kaikissa sääolosuhteissa, mikä johtaa vähempiin iskuihin ja rasituksiin side-by-side®: lle.",581.0,Polaris,
17371666001,Glacier Pro Hd mönkijän asennussarja,https://tarvike.com/product/glacier-pro-hd-monkijan-asennussarja-110937,https://media.tarvike.com/product/images/110937/original/155194.jpg,304.0,Glacier® PRO HD puskulevyn asennussarjan avulla puskulevyn käyttöönotto ja irrotus on helppoa ja nopeaa. XP 1000 -mönkijän rungossa on valmiina kiinnityspisteet asennussarjalle. Huom! Vaatii vinssin toimiakseen.,182.0,Polaris,
17318919001,Mönkijän dumpperikärry 1-akselinen,https://tarvike.com/product/monkijan-dumpperikarry-1-akselinen-81568,https://media.tarvike.com/product/images/81568/original/31494.jpg,799.0,"Mönkijän 1-akselinen dumpperikärry, kippaava. Irroitettavat päädyt, renkaiden koko 22 x 11-8. Kantavuus jopa 600 kg",599.0,TARVIKE.COM,
19140272002,Polaris Mönkijän  Glacier® Pro HD -työvälinerunko,https://tarvike.com/product/polaris-monkijan-glacier-pro-hd-tyovalinerunko-94757,https://media.tarvike.com/product/images/94757/original/99453.jpg,1978.5,"Tämä Glacier® PRO HD Plow Frame toimii Glacier® Pro Plow Systemin vahvana ja joustavana ytimenä. Tämä raskas työntökehys asennetaan ajoneuvoon asennettuun asennuslevyyn (jos sellainen on), ja side-by-side®-auran terä (myydään erikseen) kiinnittyy tähän työntörunkoon.",1187.0,Polaris,
18339611001,Prospector Pro® 2.0 telasarjan asennussarja,https://tarvike.com/product/prospector-pro-20-telasarjan-asennussarja-110948,https://media.tarvike.com/product/images/110948/original/155216.jpg,728.1,"Polaris Sportsman 570 SP, Öhlins SP, Touring SP telasarjan asennussarja ja nautit Prospector Pro® 2.0 uusista ominaisuuksista jotka parantavat ajokokemustasi.
Vähemmän sisäisiä värinöitä, jonka ansiosta vähemmän ääntä ja lisää ajomukavuutta. Parannettu kulumisen esto kestävämmällä toiminnalla Parannettu vetopalojen muotoilu etuteloissa mahdollistaa nopeamman telaston rullauksen ja ajovasteen. Uudelleen muotoiltu telaprofiili ja telan jättökulma mahdollistaa paremman nousukyvyn ja telapidon lumella. 
Sopii malleihin, joissa taivutetut A-tukivarret.",437.0,Polaris,
17371688001,Glacier Pro Puskulevyn katkopultti,https://tarvike.com/product/glacier-pro-puskulevyn-katkopultti-110944,https://media.tarvike.com/product/images/110944/original/155212.jpg,36.6,Glacier Pro -puskulevyn käännön sokkatappi/katkopultti.,22.0,Polaris,
17371614001,"Polaris Tavareteline, taakse",https://tarvike.com/product/polaris-tavareteline-taakse-110784,https://media.tarvike.com/product/images/110784/original/155072.jpg,344.0,Mönkijän metallinen takatavareteline. Asennetaan vakiona olevan tavaratelineen tilalle. Käy kaikkien Lock & Ride -liäsvarusteiden kanssa.,206.0,Polaris,
17318928001,"Polaris Vetokuulan runkokiinnikeadapteri, Ranger ja Sportsman 6x6",https://tarvike.com/product/polaris-vetokuulan-runkokiinnikeadapteri-ranger-ja-sportsman-6x6-94351,https://media.tarvike.com/product/images/94351/original/98213.jpg,82.3,Runkoon kiinnitettävä adapteri vetokuulaa varten.,49.0,Polaris,
17318924001,Mönkijän Tielana,https://tarvike.com/product/monkijan-tielana-81574,https://media.tarvike.com/product/images/81574/original/31496.jpg,1007.0,"Mönkijä/ATV tielana. Käännettävällä hammasterällä. Pyörien korkeus säädettävissä, terän kulman muuttamiseksi. Paikka lisäpainolle lanan päällä, 800 x 600 mm",749.0,TARVIKE.COM,
4893476000,Ranger Laajakulma taustapeili,https://tarvike.com/product/ranger-laajakulma-taustapeili-94539,https://media.tarvike.com/product/images/94539/original/98670.jpg,203.6,"Laaja katselukulma ja suuri kupera peilattu pinta antavat sinulle täyden näkymän, ja vankka meistetty teräsrakenne on suunniteltu kestämään maastoolosuhteiden ankaria olosuhteita.",122.0,Polaris,
19140096002,Polaris Sähkövinssi 3500 Base C Ranger 570,https://tarvike.com/product/polaris-sahkovinssi-3500-base-c-ranger-570-94542,https://media.tarvike.com/product/images/94542/original/98686.jpg,800.1,"Polaris HD -vinssi on täydellinen ratkaisu niille, jotka haluavat tehdä enemmän työtä pienemmällä vaivalla. Vinssi sopii kaatuneiden puiden siirtämisestä lumen auraamiseen ja monien muiden työhön liittyvien tehtävien suorittamiseen.Paino Kapasiteetti 3500 lbs",480.0,Polaris,
17315749001,"Mönkijän karjapuskuri taakse, Sportsman 570",https://tarvike.com/product/monkijan-karjapuskuri-taakse-sportsman-570-94428,https://media.tarvike.com/product/images/94428/original/98345.jpg,276.4,Takapuskuri suojaa mönkijän takaosan ja valot. Käy traktori- ja tieliikennemalleihin varauksin (rekisterikilpi).,166.0,Polaris,
16120988001,Polaris Etutavarateline,https://tarvike.com/product/polaris-etutavarateline-226518,https://media.tarvike.com/product/images/226518/original/205860.png,464.0,,232.0,Polaris,
4894226000,"Lock & Ride kiinnitysankkuri, D-Rengas",https://tarvike.com/product/lock-ride-kiinnitysankkuri-d-rengas-110836,https://media.tarvike.com/product/images/110836/original/155147.jpg,54.9,"Kätevä Lock & Ride kiinnike, jossa D-rengas valmiina. Mahdollistaa erityyppisten vaativien varusteiden kiinnityksen.",33.0,{},
33947106000,Polaris Lock & Ride -tavaralaatikon selkänojasarja,https://tarvike.com/product/polaris-lock-ride-tavaralaatikon-selkanojasarja-226631,https://media.tarvike.com/product/images/226631/original/206001.png,174.5,,105.0,Polaris,
2303490002,"Polaris PRO HD 4,500 Lb. Winch with Rapid Rope Recovery",https://tarvike.com/product/polaris-pro-hd-4500-lb-winch-with-rapid-rope-recovery-94741,https://media.tarvike.com/product/images/94741/original/99401.jpg,1339.3,"Polaris® PRO HD 4500 lb -vinssimme uskomaton vetovoima sisältää nyt Rapid Rope Recovery -teknologian, jonka avulla voit noutaa ylimääräisen kaapelin viisi kertaa nopeammin. Vinssin valitsimessa on kolme asetusta: FREE SPOOL vinssin koukun kiinnittämiseen, PULL vinssitilaan ja RAPID ROPE RECOVERY nopeampaan perääntymiseen. Auto-Stop-tekniikka pysäyttää vinssin automaattisesti, kun kaulus koskettaa ohjainvaijeria ja estää auran ylinostoa.",804.0,Polaris,
19140092002,Polaris synteettinen köysi,https://tarvike.com/product/polaris-synteettinen-koysi-94391,https://media.tarvike.com/product/images/94391/original/98270.jpg,58.2,Synteettinen köysi mönkijän vinssiin.,35.0,Polaris,
17371683001,"Mönkijän karjapuskuri taakse, Sportsman 850/XP",https://tarvike.com/product/monkijan-karjapuskuri-taakse-sportsman-850xp-94590,https://media.tarvike.com/product/images/94590/original/98900.jpg,334.6,Polaris Ultimate-sarjan mönkijän karjapuskuri suojaa XP-mönkijäsi takaosan ja valot. Kestävä teräsrakenne.,201.0,Polaris,
17371622001,Mönkijän Ultimate Series tavaratelineen kaide,https://tarvike.com/product/monkijan-ultimate-series-tavaratelineen-kaide-110802,https://media.tarvike.com/product/images/110802/original/155116.jpg,209.1,Kestävä etutelineen teräskaide lisää Polaris-mönkijäsi kuljetuskapasitettia ja helpottaa tavaroiden kiinnitystä etutelineeseen.,125.0,Polaris,
17371612001,"Polaris Tavaratelineen lisäkaide, taakse",https://tarvike.com/product/polaris-tavaratelineen-lisakaide-taakse-110782,https://media.tarvike.com/product/images/110782/original/155060.jpg,226.5,Polaris mönkijän takatavaratelinee lisäkaide. Kaiteessa kiinnityspisteet tavaroiden sidontaa varten. Voidaan käyttää myös tavaralaatikoiden ja metallisen tavaratelineen kanssa.,136.0,Polaris,
8289866002,ITP/Carlisle ATV-sisärengas AT25 x 12R9,https://tarvike.com/product/itpcarlisle-atv-sisarengas-at25-x-12r9-130616,https://media.tarvike.com/product/images/130616/original/169785.jpg,28.4,,16.9,ITP,
19140169002,"Bronco puskulevyn kiinnikesarja, Yamaha",https://tarvike.com/product/bronco-puskulevyn-kiinnikesarja-yamaha-79308,https://media.tarvike.com/product/images/79308/original/154109.jpg,68.9,Bronco puskulevyn kiinnityssarja Yamaha mönkijöihin. Tarkempi sopivuus teknisissä tiedoissa.,40.9,Bronco,
2303495002,Prospector Pro® 2.0 telasarjan asennussarja,https://tarvike.com/product/prospector-pro-20-telasarjan-asennussarja-110949,https://media.tarvike.com/product/images/110949/original/155217.jpg,728.1,"Polaris Sportsman 570 mönkijöiden telasarjan asennussarja ja nautit Prospector Pro® 2.0 uusista ominaisuuksista jotka parantavat ajokokemustasi.
Vähemmän sisäisiä värinöitä, jonka ansiosta vähemmän ääntä ja lisää ajomukavuutta. Parannettu kulumisen esto kestävämmällä toiminnalla Parannettu vetopalojen muotoilu etuteloissa mahdollistaa nopeamman telaston rullauksen ja ajovasteen. Uudelleen muotoiltu telaprofiili ja telan jättökulma mahdollistaa paremman nousukyvyn ja telapidon lumella.",438.0,Polaris,
19140270002,"Polaris, Glacier® Plow Mount",https://tarvike.com/product/polaris-glacier-plow-mount-94749,https://media.tarvike.com/product/images/94749/original/99433.jpg,256.0,"Tämä raskaaseen käyttöön tarkoitettu asennuslevy asennetaan RANGERin alavaunuun ja toimii Glacier® Pro Plow Systemin perustana. Kun tämä kiinnitys on tukevasti kiinni ajoneuvossa, auran runko (myydään erikseen) kiinnittyy tähän levyyn aina, kun on aika kiireiseen kyntämiseen.",154.0,Polaris,
19140255002,Polaris Glacier® Pro HD Plow Frame kiinnikerunko,https://tarvike.com/product/polaris-glacier-pro-hd-plow-frame-kiinnikerunko-94636,https://media.tarvike.com/product/images/94636/original/98975.jpg,1978.5,"Tämä Glacier® PRO HD -puskulevyn kiinnikerunko toimii vahvana ja joustavana Glacier® Pro-aurausjärjestelmän ytimenä. Kiinnikerunko asennetaan ajoneuvoon integroituun asennussarjaan (jos käytettävissä), ja side-by-side®- puskulevy (myydään erikseen) kiinnitetään kiinnikerunkoon.Helppo kiinnittää ja irroittaa.",1187.0,Polaris,
18340618001,Mönkijän työkalupidike,https://tarvike.com/product/monkijan-tyokalupidike-44402,https://media.tarvike.com/product/images/44402/original/16928.jpg,42.0,"Tukeva ja näppärä varustekiinnike pitkien työvälineiden kuljetukseen esim. lapio, rautakanki, raivaussaha, harava, kivääri, virveli, harja, jääkairaVoidaan asentaa tasaiselle alustalle tai Ø 13 - 30 mm tangolleKäännettävissä 360°Kumiset kiinnityslenkitAlumiiniseen runkoon valetut kumiset kiinnitysvarretKiinnitettävissä olevan kappaleen mitta 6 - 100 mmKantavuus 6,8 kgVaimentaa tärinääToimitetaan pareittain",39.0,IKH,
17371624001,Mönkijän Ultimate Series takatelineen kaide,https://tarvike.com/product/monkijan-ultimate-series-takatelineen-kaide-110803,https://media.tarvike.com/product/images/110803/original/155119.jpg,240.0,Kestävä takatelineen teräskaide lisää Polaris-mönkijäsi kuljetuskapasitettia ja helpottaa tavaroiden kiinnitystä takatelineeseen.,144.0,Polaris,
17371424001,Galicer Pro Puskulevyn lumilippa 152cm,https://tarvike.com/product/galicer-pro-puskulevyn-lumilippa-152cm-110946,https://media.tarvike.com/product/images/110946/original/155214.jpg,121.6,Puskulevyn lippa estää lumen tupruamista levyn yläreunan yli ja parantaa näin näkyvyyttä. Sopii 152cm puskulevyihin.,73.0,Polaris,
17315796001,"Ranger Äänieristyssarja, taakse",https://tarvike.com/product/ranger-aanieristyssarja-taakse-111130,https://media.tarvike.com/product/images/111130/original/155239.jpg,407.3,"Luo mukavampi ja hiljaisempi ohjaamoympäristö tällä melunvaimennussarjalla. Suunniteltu kiinnitettäväksi Ranger®-ohjaamon takasulkupaneeliin, ääntä vaimentava materiaali vähentää ei-toivottua melua ja tekee ohjaamosta hiljaisemman.",244.0,Polaris,
17297774001,"Polaris Tavaralaatikko, taakse",https://tarvike.com/product/polaris-tavaralaatikko-taakse-110787,https://media.tarvike.com/product/images/110787/original/155078.jpg,560.0,"Polaris tavaralaatikko mönkijän taakse. Voidaan käyttää tavaratelineen kaiteen, metallisen tavaratelineen sekä asekotelon kiinnikkeen kanssa.

Tilavuus 80,4l
Pölyn ja kosteuden hylkivä rakenne
Helppo Lock & Ride -kiinnitys
Kiinnityspisteet 2 erilliselle lukolle",336.0,Polaris,
16120990001,"Polaris Asekotelon kiinnitysteline, Sportsman XP",https://tarvike.com/product/polaris-asekotelon-kiinnitysteline-sportsman-xp-226525,https://media.tarvike.com/product/images/226525/original/205862.png,181.8,,109.0,Polaris,
4990131000,Bronco vinssin kiinnityssarja Suzuki King Quad,https://tarvike.com/product/bronco-vinssin-kiinnityssarja-suzuki-king-quad-77498,https://media.tarvike.com/product/images/77498/original/26763.jpg,83.0,Bronco vinssin kiinnityssarja Suzuki King Quad mönkijöihin. Katso sopivuus tarkemmin teknisistä tiedoista. Kuva on suuntaa antava yleiskuva.,48.9,Bronco,
3094852001,ITP Mutterisarja 12mm x 1.25mm 90° 16kpl,https://tarvike.com/product/itp-mutterisarja-12mm-x-125mm-90-16kpl-77734,https://media.tarvike.com/product/images/77734/original/27130.jpg,32.9,"Sopivuus:Segway ATVCF Moto UTVYamaha Wolverine, Vikingm YXZ1000R",18.9,ITP,
17297301001,Maxi Grip asennustyökalu HM 11,https://tarvike.com/product/maxi-grip-asennustyokalu-hm-11-77768,https://media.tarvike.com/product/images/77768/original/27166.jpg,12.2,"Maxi Grip asennustyökalu HM 11 nastoille - skootterit, mopot ja mönkijät",7.3,Maxi Grip,
3456875001,"Camso Sprocket, 520, 19 teeth",https://tarvike.com/product/camso-sprocket-520-19-teeth-134928,https://media.tarvike.com/product/images/134928/original/171929.jpg,252.0,"Camso Sprocket, 520, 19 teeth",150.9,Camso,
19140172002,"Bronco puskulevyn kiinnikesarja, Honda",https://tarvike.com/product/bronco-puskulevyn-kiinnikesarja-honda-79311,https://media.tarvike.com/product/images/79311/original/28324.jpg,68.9,Bronco puskulevyn kiinnityssarja Honda mönkijöihin. Tarkempi sopivuus teknisissä tiedoissa.,40.9,Bronco,
734891002,Led ajovalo Polaris,https://tarvike.com/product/ajovalo-oikea-2411143-36873,https://media.tarvike.com/product/images/36873/original/176792.webp,110.0,E-hyväksytty LED-ajovalo vilkulla.,74.5,CRX,
6103022002,Linhai Landforce 550L EPS T3b 60km/h Mönkijäpaketti (puskulevy+kärry),https://tarvike.com/product/linhai-landforce-550l-eps-t3b-60kmh-monkijapaketti-puskulevykarry-244303,https://media.tarvike.com/product/images/244303/original/208865.png,7490.0,"Linhai Landforce 550L EPS mönkijä nyt puskulevyllä ja 1-akselisella dumpperikärryllä pakettihintaan! Rahoitustarjous 129€/kk*
Landforce 550L EPS -versio sähköisellä ohjaustehostimella tarjoaa entistä helpomman ohjattavuuden ja paremman hallinnan kaikissa maastoissa. Pidennetty alusta takaa riittävästi tilaa kahdelle henkilölle, mukavan ajokokemuksen vaativissakin olosuhteissa ja käytännölliset varusteet arkeen. Monikäyttöinen ajoneuvo, joka yhdistää voiman, mukavuuden ja modernin teknologian.",6990.0,Linhai,
4990142000,Bronco vinssin kiinnikesarja Polaris 900,https://tarvike.com/product/bronco-vinssin-kiinnikesarja-polaris-900-77509,https://media.tarvike.com/product/images/77509/original/26786.jpg,120.4,"Bronco vinssin kiinnikesarja Polaris 900 Ranger, -Ranger Crew ja 900 RZR mönkijöihin. Katso tarkemmin sopivuus teknisistä tiedoista. Kuva on suuntaa antava yleiskuva.",71.9,Bronco,
35235826000,Camso Front Track TATOU 4S (9082S),https://tarvike.com/product/camso-front-track-tatou-4s-9082s-210687,https://media.tarvike.com/product/placeholders/productImageComingSoong.jpg,712.6,Camso Front Track TATOU 4S (9082S).,426.9,Camso,
19140254002,Polaris Glacier K-low frame GHD FS kiinnikerunko,https://tarvike.com/product/polaris-glacier-k-low-frame-ghd-fs-kiinnikerunko-94633,https://media.tarvike.com/product/images/94633/original/98978.jpg,837.0,"Glacier® HD Plough Frame kiinnikerunko tarjoaa vahvan ja kestävän kiinnityksen Generel ja Ranger utv-aurajärjestelmääsi. Tämä kestävä runko on jauhemaalattu, maksimaalisen suojan saavuttamiseksi ja se on päällystetty sisä- ja ulkopuolelta ruostumisen estämiseksi. Lock & Ride® -tekniikan avulla voit asentaa helposti ilman työkaluja ja poistaa / kiinittää kiinnikerungon nopeasti, kun et tarvitse sitä. Huolellisesti suunnitellut salvat kiinnittävät rungon kiinnikkeeseen. Auraustekniikka auttaa terää hyppäämään jäykkien kohteiden yli. Tekniikat vähentävät runko- tai ajoneuvovaurioiden todennäköisyyttä.",502.0,Polaris,
19140175002,"Bronco puskulevyn kiinnikesarja, Yamaha",https://tarvike.com/product/bronco-puskulevyn-kiinnikesarja-yamaha-79314,https://media.tarvike.com/product/placeholders/productImageComingSoong.jpg,73.4,Bronco puskulevyn kiinnityssarja Yamaha mönkijöihin. Tarkempi sopivuus teknisissä tiedoissa.,43.9,Bronco,
19140098002,"Polaris, HD 3,500 Lb.  Sähkövinssi",https://tarvike.com/product/polaris-hd-3500-lb-sahkovinssi-94740,https://media.tarvike.com/product/images/94740/original/99397.jpg,768.1,"Polaris HD 3 500 lb. Vinssi on täydellinen ratkaisu suuripinta-alaisille talonomistajille, maanviljelijöille ja maanviljelijöille, jotka haluavat tehdä enemmän työtä pienemmällä vaivalla. Kaatuneiden puiden poistamisesta ja  lumen auraamiseen ja monien muiden työhön liittyvien tehtävien suorittamiseen mikään ei ole tehokkaampaa tai kätevämpää. Valitse tarpeisiisi parhaiten sopiva vetovoima ja ota RANGER käyttöön.",461.0,Polaris,
18339610001,Glacier Pro Puskulevyn lumilippa,https://tarvike.com/product/glacier-pro-puskulevyn-lumilippa-110945,https://media.tarvike.com/product/images/110945/original/155213.jpg,136.8,Puskulevyn lippa estää lumen tupruamista levyn yläreunan yli ja parantaa näin näkyvyyttä. Sopii 168 cm puskulevyihin.,82.0,Polaris,
18339609001,Vinssin automaattinen kuormituskatkaisin,https://tarvike.com/product/vinssin-automaattinen-kuormituskatkaisin-110929,https://media.tarvike.com/product/images/110929/original/155175.jpg,158.4,Katkaisee vinssin vedon automaattisesti kun vetoköydessä oleva anturi koskettaa vetonielua.,95.0,Polaris,
17371669001,Glacier Pro Puskulevy 132cm,https://tarvike.com/product/glacier-pro-puskulevy-132cm-110940,https://media.tarvike.com/product/images/110940/original/155207.jpg,436.4,"Puskulevyä voidaan käyttää Glacier PRO -kiinnikerungossa. Leveys 52"" (132 cm), metallia. Tarvitsee toimiakseen vinssin, kiinnikerungon ja asennussarjan (myydään erikseen).",262.0,Polaris,
17371639001,Kolpin Rhino Grip Pro kiinnikkeet,https://tarvike.com/product/kolpin-rhino-grip-pro-kiinnikkeet-110866,https://media.tarvike.com/product/images/110866/original/155151.jpg,149.0,Kuljeta työkaluja tai asetta turvallisesti kestävissä Lock & Ride Kolpin Rhino Grip® PRO -kiinnikkeissä. U:n muotoiset kiinnikkeet kantavat jopa 22 kg kuorman. Lock & Ride-teknologia mahdollistaa kiinnikkeiden helpon ja nopean asennuksen laitteessa valmiina oleviin kiinnityspisteisiin.,89.0,Polaris,
17371628001,"Mönkijän Ultima Series Tavaratelineen Kaide, taakse",https://tarvike.com/product/monkijan-ultima-series-tavaratelineen-kaide-taakse-110805,https://media.tarvike.com/product/images/110805/original/155123.jpg,320.0,"Korkea takatelineen teräskaide lisää Polaris-mönkijäsi kuljetuskapasitettia ja helpottaa tavaroiden kiinnitystä takatelineeseen. 

Huom! Ei sovi Cargo Box -takalaatikon (2882882) kanssa.",192.0,Polaris,
17371626001,Mönkijän Ultima Series Tavaratelineen kaide,https://tarvike.com/product/monkijan-ultima-series-tavaratelineen-kaide-110804,https://media.tarvike.com/product/images/110804/original/155121.jpg,304.0,Korkea etutelineen teräskaide lisää Polaris-mönkijäsi kuljetuskapasitettia ja helpottaa tavaroiden kiinnitystä etutelineeseen,182.0,Polaris,
17371616001,"Tavaratelineen lisäkaiteen laukut, taakse",https://tarvike.com/product/tavaratelineen-lisakaiteen-laukut-taakse-110791,https://media.tarvike.com/product/images/110791/original/155090.jpg,167.3,"Kolme laukkua (vasen puoli, oikea puoli ja taka) kiinnitetään takatelineen jatkeeseen ja ne on valmistettu ballistisesta nylonista. SPD-vetoketju mahdollistaa helpon pääsyn varusteihisi, ja yhdessä laukut lisäävät 1 litran säilytystilaa.

Materiaali kestävää ballistic nylon (1680 Nylon ja 600D SPD)
Kiinnitykseen vaaditaan 2884841",100.0,Polaris,
17315764001,"Polaris, Premium Roof Liner",https://tarvike.com/product/polaris-premium-roof-liner-94638,https://media.tarvike.com/product/images/94638/original/98989.jpg,538.2,"Lisää ensiluokkaista mukavuutta ja nauti hiljaisemmasta ohjaamosta Premium Roof Linerin avulla. Alennettu melutaso mahdollistaa keskustelun matkustajien kanssa ja tekee pitkästä päivästä poluilla tai kentällä nautinnollisempaa. Helppo irrottaa ja kiinnittää uudelleen nopeasti ja turvallisesti työntönuolien avulla, mikä helpottaa lisävarusteiden lisäämistä. Peittää lisävarustejohdot puhtaan lopputuloksen saamiseksi.",323.0,Polaris,
16121003001,Polaris Takakate valkoinen,https://tarvike.com/product/polaris-takakate-valkoinen-226552,https://media.tarvike.com/product/images/226552/original/205856.webp,776.1,TUOTEKUVAN MUSTA VÄRI POIKKEAA OIKEASTA VALKOISESTA VÄRISTÄ,388.0,Polaris,
16121002001,Polaris Etusäilytyslaatikon alaosa Sportsman,https://tarvike.com/product/polaris-etusailytyslaatikon-alaosa-sportsman-226550,https://media.tarvike.com/product/images/226550/original/205857.png,592.0,,296.0,Polaris,
4893782000,ITP mönkijän rengas Mud Lite AT 23x10.00-10 6-Ply,https://tarvike.com/product/itp-monkijan-rengas-mud-lite-at-23x1000-10-6-ply-77652,https://media.tarvike.com/product/images/77652/original/27027.jpg,116.0,"Markkinoiden paras rengas. Ylivoimaisesti luokan kevyin rengas uskomattomalla pidolla. Yleisrengas, joka toimii erilaisilla alustoilla. Vahva rakenne, 6-kankainen.Koko: 23 x 10.00 - 10Harja: 19mmEteen ja taakse",64.9,ITP,
1568819000,Bronco puskulevyn kiinnikesarja CF-Moto Goes,https://tarvike.com/product/bronco-puskulevyn-kiinnikesarja-cf-moto-goes-130621,https://media.tarvike.com/product/images/130621/original/169794.jpg,69.0,Bronco puskulevyn kiinnikesarja CF-Moto Goes,40.9,Bronco,
19140183002,"Bronco puskulevyn kiinnikesarja, Linhai",https://tarvike.com/product/bronco-puskulevyn-kiinnikesarja-linhai-79322,https://media.tarvike.com/product/images/79322/original/28342.jpg,69.0,Bronco puskulevyn kiinnityssarja Linhai mönkijöihin. Tarkempi sopivuus teknisissä tiedoissa.,40.9,Bronco,
19140170002,"Bronco puskulevyn kiinnikesarja, Kawasaki",https://tarvike.com/product/bronco-puskulevyn-kiinnikesarja-kawasaki-79309,https://media.tarvike.com/product/images/79309/original/28306.jpg,68.9,Bronco puskulevyn kiinnityssarja Kawasaki mönkijöihin. Tarkempi sopivuus teknisissä tiedoissa.,40.9,Bronco,
17315730001,Kimpex Gen II kiinnityssarja A-C,https://tarvike.com/product/kimpex-gen-ii-kiinnityssarja-a-c-79401,https://media.tarvike.com/product/images/79401/original/28464.jpg,43.1,Kimpexin Arctic Cat kiinnittyssarja tuulilaseihin: 76-479800 ja 76-579800,24.9,Kimpex,
712106001,Segway Fugleman UT10 X Deluxe (T1b) Koppimönkijä lämpöhytillä,https://tarvike.com/product/segway-fugleman-ut10-x-deluxe-t1b-koppimonkija-lampohytilla-mustaharmaa-33879,https://media.tarvike.com/product/images/33879/original/176492.jpg,22990.0,"Fugleman-koppimönkijä ohjaustehostimella ja 105-hevosvoimaisella 1000 cm3 4-tahtimoottorilla. Tässä mallissa ennennäkemätön 10,4"" multimediakosketusnäyttö ja virtuaalimittaristo vakiona. Lämpöhytillä varustettuna!",19990.0,Segway,
4894316000,Ranger Tavaralaatikko lavalle,https://tarvike.com/product/ranger-tavaralaatikko-lavalle-94750,https://media.tarvike.com/product/images/94750/original/99419.jpg,536.0,Ranger mönkijän tavaralaatikko lavalle. Kiinnitetään Lock & Ride -kiinnityksellä lavan reunukseen joten voit itse päättää laatikon paikan. Vahva painevalettu polyetyleeni materiaali.,322.0,Polaris,
4894314000,Ranger Lavan Jatkokaide,https://tarvike.com/product/ranger-lavan-jatkokaide-94747,https://media.tarvike.com/product/images/94747/original/99417.jpg,411.9,Lisää rahtikapasiteettia Lock & Ride Lavan Jatkokaiteella. Lock & Ride -tekniikan ansiosta tämä säilytysteline on helppo asentaa tai irrottaa lman työkaluja. Voit käyttää sitä joko tilanjakajana tai laskea takalaidan alas jolloin se toimii lisälaitana kuljettaessa pitkiä esineitä.,247.0,Polaris,
4894312000,Ranger Tavaralaatikko,https://tarvike.com/product/ranger-tavaralaatikko-94637,https://media.tarvike.com/product/images/94637/original/98979.jpg,560.0,Tässä Rangerin tavaralaatikossa on tarpeeksi tilaa kaikkien työn suorittamiseen tarvittavien työkalujen säilyttämiseen. Laatikon sisäiset jakajat estävät varusteita pyörimästä ympäriinsä. Lock & Ride -kiinnitys takaa helpon ja nopean kiinnityksen.,336.0,Polaris,
4894258000,Ranger Moottorisahateline,https://tarvike.com/product/ranger-moottorisahateline-111139,https://media.tarvike.com/product/images/111139/original/155274.jpg,190.1,Ranger mönkijän moottorisahateline. Lock & Ride kiinnityksen avulla teline on helppo ja nopea kiinnittää.,114.0,Polaris,
4894256000,Lock & Ride Kiinnike D-rengas,https://tarvike.com/product/lock-ride-kiinnike-d-rengas-111138,https://media.tarvike.com/product/images/111138/original/155261.jpg,58.2,Lock & Ride Kiinnike sopii kuormalavassa oleviin kiinnitysreikiin ja D-renkaat mahdollistavat hihnojen ja narujen helpon kiinnittämisen. Myydään pareittain,17.0,Polaris,
4894254000,Ranger Lavan jatkokaide,https://tarvike.com/product/ranger-lavan-jatkokaide-111137,https://media.tarvike.com/product/images/111137/original/155257.jpg,378.2,"Rangen lavan jatkokaidetta voit käyttää joko tilanjakajana tai laskea takalaidan alas, jolloin se toimii lisälaitana kuljettaessa pitkiä esineitä. Kätevä Lock & Ride kiinnitys. Voidaan kiinnittää useaan eri kohtaan lavalle.",227.0,Polaris,
4894252000,Ranger Lavan sivulaidat,https://tarvike.com/product/ranger-lavan-sivulaidat-111134,https://media.tarvike.com/product/images/111134/original/155251.jpg,781.7,Polaris Ranges lavan sivulaitojen avulla saat mönkijääsi vielä enemmän säiltys/kuljetustilaa. Teline kiinnitetään helposti ja nopeadti Lock & Ride kiinnikkeillä. Siirrettävät kuormakoukut laitojen ulkopuolella joihin voi ripustaa varusteita.,469.0,{},
4894228000,Yukon Rack takalavan L6R-lisäkaiteet,https://tarvike.com/product/yukon-rack-takalavan-l6r-lisakaiteet-110837,https://media.tarvike.com/product/images/110837/original/155148.jpg,452.9,"Lavan kolmelle sivulle tuleva kaide nostaa mönkijän kuljetuskapasiteettia huomattavasti. Huom! Tarkista, ettei kuorman paino ylitä lavan kantavuutta.

Vahva 1,5"" putkirunko, kiinnitys Lock&Ride-kiinnikkeillä.
Sisältää sivu ja päätykaiteet",272.0,Polaris,
33947103000,"Polaris Ruiskutuspuomi 42"" Sportsman 500",https://tarvike.com/product/polaris-ruiskutuspuomi-42-sportsman-500-226520,https://media.tarvike.com/product/images/226520/original/205992.png,117.0,,70.0,Polaris,
2303498002,Ranger Lämmitinsarja,https://tarvike.com/product/ranger-lammitinsarja-111132,https://media.tarvike.com/product/images/111132/original/155244.jpg,1358.5,"Ranger Lämmitinsarjassa on 8-venttiilinen lämmitys- ja sulatusjärjestelmällä. Vältä vaarallisia tuulilasiolosuhteita, kuten huurretta tai kondensaatiota, käyttämällä useita tuulilasin alle sijoitettuja ilmakanavia. Tai pidä mönkijä mukavasti lämpimänä moottorin tuottaman lämmön avulla. Kolme eri tuulettimen nopeutta, ja kaikki tuuletusaukot voidaan avata tai sulkea manuaalisesti. Ohjauskytkin sijaitsee kätevästi kojelaudassa.",815.0,Polaris,
2303497002,Ranger Lämmitinsarja,https://tarvike.com/product/ranger-lammitinsarja-111131,https://media.tarvike.com/product/images/111131/original/155240.jpg,1358.5,"Polaris Ranger-lämmitys- ja huurteenpoistojärjestelmä mahdollistaa helpon ilmastoinnin ohjaamon sisätiloissa. Kylminä päivinä useat suunnatut kanavat pitävät tuulilasin puhtaana jäätymiseltä ja pitävät sinut mukavan lämpimänä. Lämpiminä päivinä kolme eri tuuletinnopeutta pitää sinut viileänä. Sisältää kätevät lämmitys- ja tuulettimen kojelautaan asennetut säätimet helppopääsyiseen käyttöön. Kaikki tuuletusaukot voidaan avata tai sulkea käsin. 8-venttinen lämmitys- ja sulatusjärjestelmä on Polaris PULSE-Ready -lisävaruste, joka on helppo liittää tehtaalla asennettuun Polaris PULSE -laitteeseen konepellin alla.",815.0,Polaris,
2303496002,Ranger Ovet Kampimekanismilla,https://tarvike.com/product/ranger-ovet-kampimekanismilla-111128,https://media.tarvike.com/product/images/111128/original/155235.jpg,4842.2,"Ranger -ovijärjestelmä, joka on suunniteltu autoteollisuuden tyyliin, tekee ohjaamosta hiljaisen ja mukavan kokonaisen paketin. Ovet sopivat täydellisesti ROPs-häkkiin ennalta määrätyillä asennuspaikoilla ja tarjoavat nopean päälle ja pois irrottamisen ensimmäisen asennuksen jälkeen.

Ilmatiiviit ovet
UV- ja kylmäsuojattu laminaattiturvalasi",2905.0,Polaris,
2303493002,Kolpin Aselaukun kiinnike,https://tarvike.com/product/kolpin-aselaukun-kiinnike-110921,https://media.tarvike.com/product/images/110921/original/155162.jpg,114.0,Kolpin Stronghold® -tuotesarjan kiinnike. Tällä kiinnität esim. asekotelon nopeasti ja luotettavasti mönkijään. Sopii yhteen telineiden ja kaiteiden kanssa.,68.0,Polaris,
19140274002,"Polaris, Glacier® Pro HD Plow Mount Quick Release Hook",https://tarvike.com/product/polaris-glacier-pro-hd-plow-mount-quick-release-hook-94798,https://media.tarvike.com/product/images/94798/original/99690.jpg,256.0,"Tämä pikakiinnityskoukku tarvitaan Pro HD -aurarungon (2880260 myydään erikseen) kiinnittämiseen suoraan auraan integroituun etupuskuriin tai vaadittuun telineeseen tietyissä ajoneuvoissa (2889195 myydään erikseen). Käytettäväksi Ranger SP 570:ssä, Ranger Full-Size 570:ssä, Ranger 500:ssa ja Ranger EV:ssä. Tämä pikakiinnityskoukku tekee Pro HD -aurajärjestelmän nopean kiinnittämisen tai poistamisen helpommaksi kuin koskaan kahvaa puristamalla ilman manuaalisia lukitusmekanismeja.",154.0,Polaris,
19140253002,"Polaris asennusadapteri 2015-2017 Sportsman XP, Touring, Scrambler",https://tarvike.com/product/polaris-asennusadapteri-2015-2017-sportsman-xp-touring-scrambler-94490,https://media.tarvike.com/product/images/94490/original/98448.jpg,288.0,"Glacier Pro -puskulevysarja on suunniteltu vaativampaan käyttöön. Lock&Ride kiinnitysjärjestelmän avulla voit ilman työkaluja kiinnittää ja irrottaa puskulevyn hetkessä.Asennusadapteri Mallit: 2015-2017 Sportsman XP 850/1000, Touring 850/1000, Scrambler",173.0,Polaris,
19140252002,"Polaris Glacier PRO asennusadapteri, Sportsman",https://tarvike.com/product/polaris-glacier-pro-asennusadapteri-sportsman-94489,https://media.tarvike.com/product/images/94489/original/98465.jpg,288.0,"Asennusadapterin avulla kiinnität Glacier PRO levyrungon laitteeseen.Mallit: 2015-16 Sportsman 570, 570 Sp ja Sportsman ETX",173.0,Polaris,
19140251002,"Polaris puskulevy Glacier® HD 66"", General/Ranger",https://tarvike.com/product/polaris-puskulevy-glacier-hd-66-generalranger-94453,https://media.tarvike.com/product/images/94453/original/98385.jpg,596.4,"Kestävä, teräksinen puskulevy, sopii Polaris Ranger / General.",358.0,Polaris,
19140245002,"Polaris Glacier Pro levyrungon asennussarja, Sportsman ACE",https://tarvike.com/product/polaris-glacier-pro-levyrungon-asennussarja-sportsman-ace-94422,https://media.tarvike.com/product/images/94422/original/98335.jpg,302.4,Asennussarjan avulla kiinnität Glacier PRO levyrungon laitteeseen. Mallit: Sportsman ACE,181.0,Polaris,
19140244002,"Polaris Glacier PRO -asennussarja, Sportsman",https://tarvike.com/product/polaris-glacier-pro-asennussarja-sportsman-94421,https://media.tarvike.com/product/images/94421/original/98331.jpg,259.2,"Asennussarja Glacier PRO -kiinnikerunkoon. Voidaan jättää paikalleen mönkijään, vaikka puskulevy ei ole käytössä. Huom! Tarvitsee vinssin toimiakseen.",156.0,Polaris,
19140185002,"Bronco puskulevyn kiinnikesarja, Polaris Ranger 900",https://tarvike.com/product/bronco-puskulevyn-kiinnikesarja-polaris-ranger-900-79324,https://media.tarvike.com/product/placeholders/productImageComingSoong.jpg,93.1,Bronco puskulevyn kiinnityssarja Polaris mönkijöihin. Tarkempi sopivuus teknisissä tiedoissa.,54.9,Bronco,
19140182002,Bronco puskulevyn kiinnikesarja Kymco,https://tarvike.com/product/bronco-puskulevyn-kiinnikesarja-kymco-79321,https://media.tarvike.com/product/images/79321/original/28334.jpg,108.3,Varaosat ja lisävarusteet.,64.9,Bronco,
19140104002,Polaris HD 2500 lb. Vinssi teräskaapelilla,https://tarvike.com/product/polaris-hd-2500-lb-vinssi-teraskaapelilla-110933,https://media.tarvike.com/product/images/110933/original/155190.jpg,688.1,"Suurin teho 2500 lbs vetokapasiteetilla
Täysin integroitu suunnittelu - asennus on nopeaa ja helppoa
50 jalkaa 3/16 tuuman lujasta teräskaapelista
Sisältää kaikki asennukseen tarvittavat laitteistokomponentit",413.0,Polaris,
19140102002,Vinssin automaattinen kuormituskatkaisin,https://tarvike.com/product/vinssin-automaattinen-kuormituskatkaisin-110930,https://media.tarvike.com/product/images/110930/original/155178.jpg,158.4,Vinssin automaattinen kuormituskatkaisin.,95.0,Polaris,
18339679001,Honda TRX 520 FPA T3B IRS poromalli,https://tarvike.com/product/honda-trx-520-fpa-t3b-irs-poromalli-145471,https://media.tarvike.com/product/images/145471/original/178740.jpg,15530.0,"Honda TRX520 FPA T3b ääriolojen traktorimönkijä ja ammattilaisten arvostama vaativien töiden ja haastavien maastojen kuningas.
Huipputarjous, seuraavat lisävarusteet kaupanpäälle!

2 x Deestone mönkijän rengas 27X10.00-12 6PR (RC271012AE)
2 x Deestone mönkijän rengas 27X12.00-12 6PR (RC271212AE)
Poromallin pohjapanssari
Shark 4zone ATV Kahvanlämmittimet + Peukalonlämmitin (800-01-041)",14790.0,Honda,
17371673001,Mönkijän Glacier vaihdevivun hallintaohjain,https://tarvike.com/product/monkijan-glacier-vaihdevivun-hallintaohjain-110942,https://media.tarvike.com/product/images/110942/original/155210.jpg,160.0,Ohjaa vinssin ja auran hydrauliikkaa suoraan vaihteenvalitsimen avulla. Ihanteellinen kyntämiseen; nosta ja kallista suoraan sormenpäilläsi.,96.0,Polaris,
17371651001,Kolpin Rhino Grip XLR tuplakiinnike,https://tarvike.com/product/kolpin-rhino-grip-xlr-tuplakiinnike-110917,https://media.tarvike.com/product/images/110917/original/155159.jpg,115.9,Kuljeta työkaluja tai asetta turvallisesti kestävissä Lock & Ride Rhino Grip® XLR -kiinnikkeissä. Lock & Ride-teknologia mahdollistaa kiinnikkeiden helpon ja nopean asennuksen laitteessa valmiina oleviin kiinnityspisteisiin.,70.0,Polaris,
17371619001,"Mönkijän Ultimate Series Taakkateline, taakse",https://tarvike.com/product/monkijan-ultimate-series-taakkateline-taakse-110801,https://media.tarvike.com/product/images/110801/original/155115.jpg,352.0,Polaris takataakkatelineen avulla lisäät mönkijäsi tavarankuljetusmahdollisuuksia. Teline suojaa mönkijää ja helpottaa kuorman sidontaa lähes rajattomilla sidontapistevaihtoehdoilla. Korotettu takaosa estää kuorman valumisen eteen. Teline ei peitä Lock&Ride-kiinnityspisteitä. Vahva putkirunkorakenne.,211.0,Polaris,
17371618001,"Mönkijän Ultimate Series taakkateline, eteen",https://tarvike.com/product/monkijan-ultimate-series-taakkateline-eteen-110800,https://media.tarvike.com/product/images/110800/original/155112.jpg,264.0,Polaris etutaakkatelineen avulla lisäät mönkijäsi tavarankuljetusmahdollisuuksia. Teline suojaa mönkijää ja helpottaa kuorman sidontaa lähes rajattomilla sidontapistevaihtoehdoilla. Korotettu etuosa estää kuorman valumisen eteen. Teline ei peitä Lock&Ride-kiinnityspisteitä. Vahva putkirunkorakenne.,158.0,{},
17318929001,Mönkijän 1-akselinen dumpperiperäkärry,https://tarvike.com/product/monkijan-1-akselinen-dumpperiperakarry-94904,https://media.tarvike.com/product/images/94904/original/99943.jpg,1002.0,"1-akselinen dumpperikärry irrotettavilla päädyillä sekä pyörivällä vetopäällä.

Renkaiden koko 22 x 11-8, joissa venttiilisuojat.
Kantavuus 500 kg
Kokonaismitat (p x l x k): 265 cm x 110 cm x 91 cm
Lavan koko: 1500 x 960 x 465",599.0,Polaris,
17315797001,"Ranger Karjapuskuri, eteen",https://tarvike.com/product/ranger-karjapuskuri-eteen-111136,https://media.tarvike.com/product/images/111136/original/155254.jpg,388.8,"Suojaa mönkijääsi jokapäiväisiltä esteiltä. Teräsputkirakenne, suojaa mönkijää, mukaan lukien ajovaloja. Naarmuuntumaton, musta jauhemaalattu pinta takaa pitkäkestoisen kestävyyden.",233.0,Polaris,
17315777001,Ranger Tip-Down Tavarateline,https://tarvike.com/product/ranger-tip-down-tavarateline-94746,https://media.tarvike.com/product/images/94746/original/99432.jpg,624.0,"Tähän mukautuvaan Lock & Ride Tip Down -tavarateliseen kiinnitettävien tavaroiden määrällä ei yksinkertaisesti ole rajoituksia. Itse asiassa meidän pitäisi kutsua sitä päänsäryn poistajaksi kaiken sen monipuolisuuden, parannuksien ja kuljetuskapasiteetin ansiosta. Kahden asennon ansiosta voit jättää sen ylös suojaamaan ohjaamoasi tai alas säilyttääksesi enemmän tavaraa. Vain mielikuvituksesi voi rajoittaa niiden asioiden määrää, jotka voit kiinnittää tähän telineeseen",374.0,Polaris,
17315776001,Ranger Helmapuskurit,https://tarvike.com/product/ranger-helmapuskurit-94745,https://media.tarvike.com/product/images/94745/original/99424.jpg,450.9,"Lisää Rangerin suojausta tällä luotettavalla, ahkeralla Rockguard with Stepillä. Tukevassa teräsrakenteessa on musta e-coat ja kestävä, musta pulverimaalattu pinta. Lisätyn askelman ansiosta pääset helposti ajoneuvoon, ja poista muta jalkineista integroidulla saappaiden kaapimella vähentääksesi jälkiä sisätiloissa. Helppo asentaa integroiduilla kiinnityspaikoilla suoraan runkoon, ei sen alle, maksimaalisen maavaran saavuttamiseksi.",271.0,Polaris,
17315774001,Ranger Tavarateline etukuomun päälle,https://tarvike.com/product/ranger-tavarateline-etukuomun-paalle-94739,https://media.tarvike.com/product/images/94739/original/99407.jpg,560.0,"Lisää kuorman kantavuutta ja suojaa Ranger-laitteesi etuosaa konepellin säilytystelineellä. Tämä kestävä, teräksestä valmistettu teline, jossa on jauhemaalattu viimeistely, kiinnittyy konepellin yli lisäämään UTV-säilytystilaa, jopa 100 lb., ja yhdessä auttaa suojaamaan ajoneuvoasi. Teline on helppo asentaa ja kytkeä päälle ja pois Lock & Ride -tekniikan ansiosta. Tarjolla on integroidut sivukaiteet, jotka kääntyvät helposti konepellin alapuolelle.

Kantavuus 45kg",336.0,Polaris,
17315760001,"Mönkijän tuulilasin yläosa korkea kirkas, Sportsman",https://tarvike.com/product/monkijan-tuulilasin-ylaosa-korkea-kirkas-sportsman-94588,https://media.tarvike.com/product/images/94588/original/98903.jpg,160.0,"Polariksen korkein mönkijän tuulilasi suojaa kuljettajaa tehokkaasti säältä ja viimalta. Materiaali kestävää polykarbonaattia. Helppo ja nopea kiinnitys tuulilasin alaosaan (2882512, myydään erikseen) kuudella ruuvilla.",96.0,Polaris,
17315759001,"Mönkijän tuulilasi keskikorkea kirkas, Sportsman",https://tarvike.com/product/monkijan-tuulilasi-keskikorkea-kirkas-sportsman-94587,https://media.tarvike.com/product/images/94587/original/98899.jpg,152.0,"Polariksen keskikorkea mönkijän tuulilasi suojaa kuljettajaa säältä ja viimalta. Materiaali kestävää polykarbonaattia. Helppo ja nopea kiinnitys tuulilasin alaosaan (2882512, myydään erikseen) kuudella ruuvilla.",91.0,Polaris,
17315754001,"Polaris Mönkijän A-tukivarsien suojat, taakse, Sportsman 570",https://tarvike.com/product/polaris-monkijan-a-tukivarsien-suojat-taakse-sportsman-570-94497,https://media.tarvike.com/product/images/94497/original/98475.jpg,218.2,"Mönkijän A-tukivarsien suojat taakse, asennetaan alkuperäisten suojien tilalle. Muotoilussa huomioitu valutuskanava vettä ja mutaa varten. Materiaali vahvaa ja kevyttä HMW-muovia. Ei voida käyttää telasarjan kanssa.",131.0,Polaris,
17315745001,"Mönkijän tuulilasi ACE, puolikorkea, Lock&Ride",https://tarvike.com/product/monkijan-tuulilasi-ace-puolikorkea-lockride-94424,https://media.tarvike.com/product/images/94424/original/98347.jpg,196.4,Puolikorkea tuulilasi iskunkestävästä polykarbonaatista. Lock & Ride kiinnitys mahdollistaa asennuksen ja irrotuksen hetkessä ilman työkaluja. Voidaan käyttää myös muiden lisävarusteiden esim. katon ja takapanelin kanssa.,118.0,Polaris,
17297793001,"Mönkijän Tavaralaatikko, eteen",https://tarvike.com/product/monkijan-tavaralaatikko-eteen-110810,https://media.tarvike.com/product/images/110810/original/155133.jpg,328.0,"Mönkijän litteä tavaralaatikko ei estä näkyvyyttä laitteen eteen ja tiivis kansi suojaa tavaroita säältä ja lialta. Matala tavaralaatikko asennetaan alkuperäisen etutavaratelineen tilalle. Kiinnitys Lock&Ride -pikakiinnikkeillä, jolloin irrotus ja takaisin asennus on helppoa ja nopeaa esim. laukun puhdistusta varten.

Materiaali HDPE.
Ei voida asentaa etutavaratelineen kaiteen kanssa",197.0,Polaris,
17297776001,"Polaris Mönkijän Tavarateline, taakse",https://tarvike.com/product/polaris-monkijan-tavarateline-taakse-110789,https://media.tarvike.com/product/images/110789/original/155085.jpg,800.1,"Mönkiän takaosan tavaratelineen avulla saat kuljetustilaa jopa 33% enemmän.

Useita eri sidontapisteitä
Mattamusta viimeistely
Ei käy lisävarusteisen tai vakio takapuskurin kanssa",480.0,Polaris,
16121000001,Polaris Etupuskuri Lime Squeeze RZR,https://tarvike.com/product/polaris-etupuskuri-lime-squeeze-rzr-226545,https://media.tarvike.com/product/images/226545/original/205946.png,482.4,,338.0,Polaris,
16120999001,Polaris Tuulilasi kääntyvä GENERAL XP,https://tarvike.com/product/polaris-tuulilasi-kaantyva-general-xp-226543,https://media.tarvike.com/product/images/226543/original/205865.png,1936.9,,1162.0,Polaris,
16120998001,Polaris Bed Extender/Divider Ranger,https://tarvike.com/product/polaris-bed-extenderdivider-ranger-226540,https://media.tarvike.com/product/images/226540/original/205864.png,378.2,,227.0,Polaris,
16120997001,Polaris K-EXRT Etupuskuri,https://tarvike.com/product/polaris-k-exrt-etupuskuri-226538,https://media.tarvike.com/product/images/226538/original/205960.png,338.8,,203.0,Polaris,
16120996001,Polaris RZR Kiinnitysteline,https://tarvike.com/product/polaris-rzr-kiinnitysteline-226536,https://media.tarvike.com/product/images/226536/original/205959.png,240.0,,168.0,Polaris,
16120994001,Polaris Takapuskuri RZR,https://tarvike.com/product/polaris-takapuskuri-rzr-226532,https://media.tarvike.com/product/images/226532/original/205863.png,290.9,,204.0,Polaris,
16120993001,Polaris Bed Box Extender kit RZR,https://tarvike.com/product/polaris-bed-box-extender-kit-rzr-226531,https://media.tarvike.com/product/images/226531/original/205950.png,179.2,,125.0,Polaris,
16120992001,"Polaris Takatavaralaatikko, Sportsman XP",https://tarvike.com/product/polaris-takatavaralaatikko-sportsman-xp-226528,https://media.tarvike.com/product/images/226528/original/205948.png,167.2,,100.0,Polaris,
16120987001,Polaris Etumuovi,https://tarvike.com/product/polaris-etumuovi-226517,https://media.tarvike.com/product/images/226517/original/205859.webp,913.1,,456.0,Polaris,
712111001,Segway Snarler AT10 Premium (T3b) Traktorimönkijä,https://tarvike.com/product/segway-snarler-at10-premium-t3b-desert-yellow-33884,https://media.tarvike.com/product/images/33884/original/176081.jpg,11990.0,"Pitkä, kahdelle rekisteröity tanko-ohjattava traktorimönkijä, jossa on voimakas 97-hevosvoimainen moottori ja vetovoimaa vaativampiinkin työtehtäviin.",9990.0,Segway,
4893546000,"ITP Hurricane vanne 15x7 4/156 4+3, mattamusta",https://tarvike.com/product/itp-hurricane-vanne-15x7-4156-43-mattamusta-77766,https://media.tarvike.com/product/images/77766/original/27174.jpg,216.0,"Tuuma: 15""Pulttijako: 4/156Vanne eteen ja taakse",216.0,ITP,
3094844001,ITP Mutterisarja 12mm 60° x 1.5,https://tarvike.com/product/itp-mutterisarja-12mm-60-x-15-77726,https://media.tarvike.com/product/images/77726/original/27124.jpg,47.5,Varaosat ja lisävarusteet.,47.5,ITP,
3094845001,ITP Mutterisarja 3/8-24 kartio 16kpl,https://tarvike.com/product/itp-mutterisarja-38-24-kartio-16kpl-77727,https://media.tarvike.com/product/images/77727/original/27132.jpg,32.9,"Erikoismutterisarja ITP vanteelle. Sopii Polaris Ranger ja RZR 570 mönkijöihin. 3/8"" -24",32.9,ITP,
17297768001,Iron Baltic pikakiinnike,https://tarvike.com/product/iron-baltic-pikakiinnike-99545,https://media.tarvike.com/product/images/99545/original/113443.jpg,18.8,"Yleismallinen kiinnitystappi / lukituspuristimella varustettu puristin lisävarusteiden, kuten tavaralaatikoiden kiinnittämiseen ""lock&ride""-tyyppisiin Polariksen tai muihin vastaaviin mönkijätelineisiin.",18.8,Iron Baltic,
2742240002,"Pohjapanssari muovi, Polaris Sportsman 570 2021+",https://tarvike.com/product/pohjapanssari-muovi-polaris-sportsman-570-2021-101913,https://media.tarvike.com/product/images/101913/original/204794.png,299.0,"Polaris Sportsman 570 (2021-2026) pohjapanssari
Laadukas ja kestävä pohjapanssari Polaris Sportsman 570 (2021-2026) -mönkijään, suunniteltu suojaamaan ajoneuvon kriittisiä osia vaativassa maastoajossa. Pohjapanssari ehkäisee tehokkaasti kivien, kantojen ja muiden esteiden aiheuttamia vaurioita ja parantaa mönkijän käytettävyyttä niin työ- kuin harrasteajossa.",299.0,TARVIKE.COM,
4893932000,"CST mönkijän rengas CU06 Wild Thang 26x11,00 - 12 6Pr 72J",https://tarvike.com/product/cst-monkijan-rengas-cu06-wild-thang-26x1100-12-6pr-72j-77799,https://media.tarvike.com/product/images/77799/original/27211.jpg,190.0,Wild Thangin kevyt ja kestävä rakenne mahdollistaa erinomaisen ajotuntuman ja pidon kaikilla alustoilla.Koko: 26 x 11.00- 12Harja: 28mmTaakseE-tieliikennehyväksytty,190.0,CST,
4893930000,"CST mönkijän rengas CU05 Wild Thang 26 x 9,00 - 12 6Pr E 66J",https://tarvike.com/product/cst-monkijan-rengas-cu05-wild-thang-26-x-900-12-6pr-e-66j-77798,https://media.tarvike.com/product/images/77798/original/27208.jpg,161.5,Wild Thangin kevyt ja kestävä rakenne mahdollistaa erinomaisen ajotuntuman ja pidon kaikilla alustoilla.Koko: 26 x  9.00 - 12Harja: 28 mmEteenE-tieliikennehyväksytty,161.5,CST,
4990145000,Bronco vinssin kiinnikesarja Honda TRX 420/500 2014-,https://tarvike.com/product/bronco-vinssin-kiinnikesarja-honda-trx-420500-2014--77512,https://media.tarvike.com/product/images/77512/original/26789.jpg,93.2,Bronco vinssin kiinnityssarja Honda trx 420 ja 500 mönkijöihin. Katso sopivuus tarkemmin teknisistä tiedoista. Kuva on suuntaa antava yleiskuva.,93.2,Bronco,
18339493001,"Maxxis mönkijän rengas MU02 Zilla 26 x 11,00 - 12 6Pr",https://tarvike.com/product/maxxis-monkijan-rengas-mu02-zilla-26-x-1100-12-6pr-77790,https://media.tarvike.com/product/images/77790/original/27183.jpg,205.5,"Koko: 26 x 11,00 - 12Harja: 30mmEi tieliikennekäyttöönTaakse",205.5,Maxxis,
5171175002,"Jääketjun korjauslenkki, 5mm",https://tarvike.com/product/jaaketjun-korjauslenkki-5mm-149599,https://media.tarvike.com/product/images/149599/original/188243.webp,4.0,"NorTractor, No.5",4.0,Tellefsdal,
4986002,"Iron Baltic Etukiinnitteinen asennussarja, Segway",https://tarvike.com/product/iron-baltic-etukiinnitteinen-asennussarja-segway-145782,https://media.tarvike.com/product/images/145782/original/178915.jpg,194.52,Mallikohtainen kiinnityssarja etukiinnityksellä varustettuun aurajärjestelmään.,194.52,Iron Baltic,
2316120002,Iron Baltic Segway AT6 puskulevysarja 21-22,https://tarvike.com/product/iron-baltic-segway-at6-puskulevysarja-21-22-147690,https://media.tarvike.com/product/images/147690/original/180067.jpg,1073.02,"Iron Baltic Honda Segway AT6 mönkijöiden puskulevysarja. Sarja sisältää Puskulevyn 150cm, kiinnikerungon sekä kiinnikeadapterin.",1073.02,Iron Baltic,
11622561000,"Jäänasta 6X8,5/2,3 20Kpl/Pkt",https://tarvike.com/product/jaanasta-6x8523-20kplpkt-149028,https://media.tarvike.com/product/images/149028/original/185707.webp,27.0,"BestGrip-nastat soveltuvat lähes kaikkiin uusiin tai käytettyihin renkaisiin, kuvioihin tai kenkiin huolimatta siitä, onko asennuskohteessa olemassa nastanreiät vai ei",27.0,Bestgrip,
1920324000,JOURNEY Mönkijän Rengas P361 21 x 7.00 - 10 4-Ply TL E-hyv.,https://tarvike.com/product/journey-monkijan-rengas-p361-21-x-700-10-4-ply-tl-e-hyv-119245,https://media.tarvike.com/product/images/119245/original/167424.jpg,60.8,- ATV- Koko 21 X 7 - 10- Tubeless.- 4 pr kankainen.- Kuvion korkeus 10mm- Tieliikenne hyväksytty,60.8,Journey,
18339492001,ITP Mutterisarja 10mm 60° kartio 14mm,https://tarvike.com/product/itp-mutterisarja-10mm-60-kartio-14mm-77722,https://media.tarvike.com/product/images/77722/original/27103.jpg,32.9,"ITP mutterisarja (16 kpl) 10mm 60° kartio 14mm / 10mm x 1,25mm",32.9,ITP,
4893554000,"Maxxis mönkijän rengas MU01 Zilla 26 x 9,00 - 12 6Pr",https://tarvike.com/product/maxxis-monkijan-rengas-mu01-zilla-26-x-900-12-6pr-77789,https://media.tarvike.com/product/images/77789/original/27180.jpg,165.0,"Koko: 26 x 9,00 - 12Harja: 30mmEi tieliikennekäyttöönEteen",165.0,Maxxis,
18339967001,"Vinssiköysi Dynaline 5mm X 15m 1,9T",https://tarvike.com/product/vinssikoysi-dynaline-5mm-x-15m-19t-43766,https://media.tarvike.com/product/images/43766/original/15307.jpg,86.0,"Marlow Ropes Dynaline köysi on valmistettu erittäin lujasta, kevyestä UHMPE-kuidusta ja se on suunniteltu korvaamaan teräslangasta valmistetut vinssivaijerit. Dynaline mahdollistaa huomattavasti nopeamman ja turvallisemman käyttön kuin perinteiset teräsköydet. Dynaline eliminoi vaarallisen rekyylin, jos köyden liitos tai köysi vaurioituu odottamattomasti käytön aikana.",86.0,{},
4893590000,"Maxxis Sisärengas 22 x 10,00/11,00 - 10 TR13",https://tarvike.com/product/maxxis-sisarengas-22-x-10001100-10-tr13-77847,https://media.tarvike.com/product/images/77847/original/27264.jpg,25.8,"22 x 10,00/11,00-10TR13",25.8,Maxxis,
4893559000,"Maxxis mönkijän rengas MU01 Zilla 27 x 9,00 - 12 6Pr",https://tarvike.com/product/maxxis-monkijan-rengas-mu01-zilla-27-x-900-12-6pr-77791,https://media.tarvike.com/product/images/77791/original/27187.jpg,181.2,"Koko: 27 x 9,00-12Harja: 30mmEi tieliikennekäyttöönEteen",181.2,Maxxis,
4893942000,CST mönkijän rengas Wild Thang CU05 27x10.00-14 6-Ply 70,https://tarvike.com/product/cst-monkijan-rengas-wild-thang-cu05-27x1000-14-6-ply-70-77804,https://media.tarvike.com/product/images/77804/original/27213.jpg,179.0,Wild Thangin kevyt ja kestävä rakenne mahdollistaa erinomaisen ajotuntuman ja pidon kaikilla alustoilla.Koko: 27 x 10.00 - 14Harja: 30mmE-tieliikennehyväksyttyEteen,179.0,CST,
19140364002,Camso mutteri M10- 1.25,https://tarvike.com/product/camso-mutteri-m10-125-79030,https://media.tarvike.com/product/images/79030/original/27886.jpg,5.0,Varaosat ja lisävarusteet.,5.0,Camso,
4893542000,"ITP Hurricane vanne 15x7 4/115 5+2, mattamusta",https://tarvike.com/product/itp-hurricane-vanne-15x7-4115-52-mattamusta-77764,https://media.tarvike.com/product/images/77764/original/27165.jpg,120.4,"Sopivuus: Arctic CatTuuma: 15""Pulttijako 4/115Offset: 5+2Vanne eteen ja taakse",120.4,ITP,
12914647000,Jääketjun sokkaliitin,https://tarvike.com/product/jaaketjun-sokkaliitin-16mm-39042,https://media.tarvike.com/product/images/39042/original/188239.webp,10.0,Sokkaliitin jääketjuihin.,10.0,Tellefsdal,
19140165002,Bronco puskulevyn lukkosokkasarja 6kpl,https://tarvike.com/product/bronco-puskulevyn-lukkosokkasarja-6kpl-79304,https://media.tarvike.com/product/images/79304/original/28301.jpg,17.2,"Lukkosarja Broncon puskulevyihin. 6kpl lukitustappeja, sokat.",17.2,Bronco,
4893944000,CST mönkijän rengas Wild Thang CU06 27x12.00-14 6-Ply M+S  76J,https://tarvike.com/product/cst-monkijan-rengas-wild-thang-cu06-27x1200-14-6-ply-ms-76j-77805,https://media.tarvike.com/product/images/77805/original/27217.jpg,205.0,Wild Thangin kevyt ja kestävä rakenne mahdollistaa erinomaisen ajotuntuman ja pidon kaikilla alustoilla.Koko: 27 x 12.00 - 14Harja: 30mmTaakseE-tieliikennehyväksytty,205.0,CST,
19140291002,Iron Baltic kulmaleyt,https://tarvike.com/product/iron-baltic-kulmaleyt-99542,https://media.tarvike.com/product/images/99542/original/113452.jpg,150.6,"Iron Baltic kulmaleyt, sopivat puskulevyjen 04.100 / 04.300 / 04.800 kanssa.",150.6,Iron Baltic,
8288168002,ITP/Carlisle ATV-sisärengas AT24/26 x 12R12,https://tarvike.com/product/itpcarlisle-atv-sisarengas-at2426-x-12r12-130617,https://media.tarvike.com/product/images/130617/original/169785.jpg,31.4,,31.4,ITP,
3094838001,"Mutterisarja 12 x 1,25mm 60° kartio sis.avain",https://tarvike.com/product/mutterisarja-12-x-125mm-60-kartio-sisavain-77705,https://media.tarvike.com/product/images/77705/original/27095.jpg,48.9,Varaosat ja lisävarusteet.,48.9,ITP,
19140089002,Bronco vinssin vaijeriohjain,https://tarvike.com/product/bronco-vinssin-vaijeriohjain-77579,https://media.tarvike.com/product/images/77579/original/26941.jpg,42.0,Reikäväli: 124mm.,42.0,Bronco,
19140295002,Iron Baltic etukiinnitteinen työvälinerunko,https://tarvike.com/product/iron-baltic-etukiinnitteinen-tyovalinerunko-99546,https://media.tarvike.com/product/images/99546/original/113455.png,408.0,"Iron Baltic etukiinnitteinen työvälinerunko, tarvitaan mallikohtainen asennussarja.",408.0,Iron Baltic,
8289865002,ITP/Carlisle ATV-sisärengas AT21/22 x 11/12R8,https://tarvike.com/product/itpcarlisle-atv-sisarengas-at2122-x-1112r8-130615,https://media.tarvike.com/product/images/130615/original/169785.jpg,23.3,,23.3,ITP,
19140084002,Bronco Synteettinen vinssin köysi 4.5mm x 10.3m,https://tarvike.com/product/bronco-synteettinen-vinssin-koysi-45mm-x-103m-77566,https://media.tarvike.com/product/images/77566/original/26870.jpg,55.7,Pituus 10mPaksuus 5mmSuurin kuorma 1900kgVäri: Sininen,55.7,Bronco,
17297311001,Bronco Diamond V-bar mönkijän lumiketjut 142 x 41cm,https://tarvike.com/product/bronco-diamond-v-bar-monkijan-lumiketjut-142-x-41cm-77778,https://media.tarvike.com/product/images/77778/original/27181.jpg,135.7,Mönkijän renkaan piikkiketju salmiakkikuviolla.142 x 41cm,135.7,Bronco,
4920244000,Bronco mönkijän suojapeite XXL,https://tarvike.com/product/bronco-monkijan-suojapeite-xxl-79400,https://media.tarvike.com/product/images/79400/original/28459.jpg,69.0,"Valmistettu kumipinnoitetusta polyesterkankaasta.Kiristyshihnat alareunassa.Yleismalli useimpiin 500 cc ja suurempiin nelipyöriin.Erikoissuuri koko jatkettuihin ATV-malleihin.Väri: MustaMitat: XXL, 244x132x127 cmMateriaali: 150D Polyester",69.0,Bronco,
4893538000,"ITP Hurricane vanne 14x7 4/156 4+3, mattamusta",https://tarvike.com/product/itp-hurricane-vanne-14x7-4156-43-mattamusta-77762,https://media.tarvike.com/product/images/77762/original/27158.jpg,189.0,"Tuuma: 14""Pulttijako 4/156Offset: 4+3Vanne eteen ja taaksePolaris mutterisarja: 74-086Yamaha YXZ1000 vm. 2019 ja uudemmat, mutterisarjalla 74-079",189.0,ITP,
17297316001,"Kimpex Diamond V-bar mönkijän lumiketjut 67 x 18""",https://tarvike.com/product/kimpex-diamond-v-bar-monkijan-lumiketjut-67-x-18-77783,https://media.tarvike.com/product/images/77783/original/27191.jpg,154.9,"Kimpex lumiketjupari.67 x 18"" (170,2 x 45,7cm)",154.9,Kimpex,
4893588000,"Maxxis Sisärengas 22 x 11,00 - 8 TR4",https://tarvike.com/product/maxxis-sisarengas-22-x-1100-8-tr4-77845,https://media.tarvike.com/product/images/77845/original/27277.jpg,28.4,"22 x 11,00-8TR 4",28.4,Maxxis,
4893926000,"Maxxis mönkijän rengas MU01 Zilla 28 x 9,00 - 14 6Pr",https://tarvike.com/product/maxxis-monkijan-rengas-mu01-zilla-28-x-900-14-6pr-77796,https://media.tarvike.com/product/images/77796/original/27218.jpg,179.0,"Koko 28 x 9,00 - 14Harja: 30mmEi tieliikennekäyttöönEteen",179.0,Maxxis,
17296457001,TT-Thermo Itsesäätyvä letkulämmitin kiertovesipumpulla 500w Defa-yhteensopiva,https://tarvike.com/product/tt-thermo-itsesaatyva-letkulammitin-kiertovesipumpulla-500w-defa-yhteensopiva-101565,https://media.tarvike.com/product/images/101565/original/118009.jpg,161.83,"Uusi korkealaatuinen lämmitinmalli, joka on tarkoitettu pieniin henkilöautoihin.Defa-yhteensopiva.Itsesäätyvä vastusXC-Malli, joka täysin vapaa asentaa mihin vain asentoon. Ei rajoitettua asennuskulmaa tai asentoa",161.83,TT-Thermo,
17296454001,TT-Thermo Itsesäätyvä letkulämmitin kiertovesipumpulla 1000w Defa-yhteensopiva,https://tarvike.com/product/tt-thermo-itsesaatyva-letkulammitin-kiertovesipumpulla-1000w-defa-yhteensopiva-101562,https://media.tarvike.com/product/images/101562/original/118006.jpg,177.0,"Suositeltu ja optimaalisin teholtaan alle 6-sylinterisiin moottoreihin.Defa-yhteensopivaMarkkinoiden edistyksellisin XC-malli, joka täysin vapaa asentaa mihin vain asentoon. Ei rajoitettua asennuskulmaa tai asentoaItsesäätyvä vastus",177.0,TT-Thermo,
10897711001,"Vinssiliina 53mm X 1,6m",https://tarvike.com/product/vinssiliina-53mm-x-16m-148974,https://media.tarvike.com/product/images/148974/original/188165.webp,34.9,Puskulevykäyttöön. Ei nostokäyttöön.,34.9,StrongLine,
4990130000,Bronco vinssin kiinnityssarja Polaris,https://tarvike.com/product/bronco-vinssin-kiinnityssarja-polaris-77497,https://media.tarvike.com/product/images/77497/original/26755.jpg,83.0,Bronco vinssin kiinnityssarja Polaris Sportsman mönkijöihin. Katso tarkempi sopivuus teknisistä tiedoista. Kuva on suuntaa antava yleiskuva.,83.0,Bronco,
19140090002,"Bronco vinssin vaijeriohjain, alumiini",https://tarvike.com/product/bronco-vinssin-vaijeriohjain-alumiini-77580,https://media.tarvike.com/product/images/77580/original/26953.jpg,31.9,Reikäväli: 124mm,31.9,Bronco,
8288170002,"ATV-sisärengas 215/225-14, 27x9/11-14",https://tarvike.com/product/atv-sisarengas-215225-14-27x911-14-130619,https://media.tarvike.com/product/images/130619/original/169785.jpg,24.3,,24.3,Kimpex,
5454084000,SHARK Suojapeite isoille mönkijöille XXXL- sininen,https://tarvike.com/product/shark-suojapeite-isoille-monkijoille-xxxl-sininen-127258,https://media.tarvike.com/product/images/127258/original/162251.png,54.9,"Suojaa mönkijäsi sateelta, pölyltä, UV-säteiltä, lintujen jätöksiltä, lumelta jne. Helppo asentaa kiristysnauhalla. Sopii mönkijöille, joiden pituus on enintään 260 cm, ohjaustangon korkeus noin 140 cm ja ohjaustangon leveys enintään 130 cm",54.9,Shark,
5171168002,"Jääketjun koukku, sivukettinkeihin",https://tarvike.com/product/jaaketjun-koukku-6mm-39046,https://media.tarvike.com/product/images/39046/original/188241.webp,2.5,,2.5,Tellefsdal,
4990137000,Bronco vinssin kiinnityssarja Honda TRX 500 Foreman 2012-,https://tarvike.com/product/bronco-vinssin-kiinnityssarja-honda-trx-500-foreman-2012--77504,https://media.tarvike.com/product/images/77504/original/26773.jpg,83.0,Bronco vinssin kiinnityssarja Honda TRX 500 Foreman mönkijään. Katso sopivuus tarkemmin teknisistä tiedoista. Kuva on suuntaa antava yleiskuva.,83.0,Bronco,
20881460001,Jääketjun pikalukko mönkijään,https://tarvike.com/product/jaaketjun-pikalukko-monkijaan-149587,https://media.tarvike.com/product/images/149587/original/197293.jpg,3.5,Jääketjun pikalukko mönkijään.,3.5,IKH,
19477605002,"Shark ATV:n Tuulilasi (Universaali, Kiinnikesarjalle)",https://tarvike.com/product/shark-atvn-tuulilasi-universaali-kiinnikesarjalle-126903,https://media.tarvike.com/product/images/126903/original/161321.jpg,109.0,"Suuri ATV:n tuulilasi isompiin mönkijöihin. Valmistettu kestävästä korkealaatuisesta iskunkestävästä polykarbonaatista, tämä tuulilasi suojaa sinua tuulelta, mudalta, kylmältä ja muilta elementeiltä. Universaali kiinnitysjärjestelmä mahdollistaa suojuksen asennuksen monenlaisiin mönkijöihin.",109.0,Shark,
18339548001,TT-Thermo XC itsesäätyvä letkulämmitin kiertovesipumpulla 500w Defa-yhteensopiva asennussarjalla,https://tarvike.com/product/tt-thermo-xc-itsesaatyva-letkulammitin-kiertovesipumpulla-500w-defa-yhteensopiva-asennussarjalla-101566,https://media.tarvike.com/product/images/101566/original/118000.jpg,189.0,"TT-Thermo XC itsesäätyvä letkulämmitin kiertovesipumpulla 500w Defa-yhteensopiva asennussarjalla mönkijöihin ja pieniin henkilöautoihin.TT-Thermo XC on markkinoiden ainoa letkulämmitinmalli, jossa neste- ja sähköpuolet ovat patentoidun rakenteen ansiosta täysin erilliset. Tämä rakenne maksimoi laitteen sähköturvallisuuden, ja tekee mallista poikkeuksellisen markkinoilla.- Asennusvalmis paketti sisältää TT-THERMO 500XC- lämmittimen, Defa yhteensopivan elementtikaapelin/kojepistorasian 1.5m ja Defa -yhteensopiva 2.5m lämmitysjohdon.Uusi korkealaatuinen lämmitinmalli, joka on tarkoitettu mönkijöihin ja pieniin henkilöautoihin.Itsesäätyvä vastusXC-Malli, joka täysin vapaa asentaa mihin vain asentoon. Ei rajoitettua asennuskulmaa tai asentoa",189.0,TT-Thermo,
17912359001,SHARK Monikäyttöinen Työkalupidike (40-60 mm),https://tarvike.com/product/shark-monikayttoinen-tyokalupidike-40-60-mm-127246,https://media.tarvike.com/product/images/127246/original/162211.png,25.9,"Shark monikäyttöiset heavy-duty työkalupidikkeet tarttuvat nopeasti ja helposti erilaisiin ATV/UTV lisävarusteisiin. Sään, UV:n ja suolaveden kestävä. 1 kpl:een pakkaus.",25.9,Shark,
19140189002,"Bronco puskulevyn kiinnikesarja, Polaris 570",https://tarvike.com/product/bronco-puskulevyn-kiinnikesarja-polaris-570-79328,https://media.tarvike.com/product/images/79328/original/28332.jpg,110.2,Bronco puskulevyn kiinnityssarja Polaris mönkijöihin. Tarkempi sopivuus teknisissä tiedoissa.,110.2,Bronco,
19140159002,Bronco puskulevyn kulmalevy,https://tarvike.com/product/bronco-puskulevyn-kulmalevy-79298,https://media.tarvike.com/product/images/79298/original/28291.jpg,63.8,"Bronco puskulevyjen kulmalevy. Kulmalevy on yhteensopiva Broncon puskulevyjen kanssa.Huom, myydään kappaleittain",63.8,Bronco,
5454083000,SHARK Suojapeite isoille mönkijöille XXL- sininen,https://tarvike.com/product/shark-suojapeite-isoille-monkijoille-xxl-sininen-127257,https://media.tarvike.com/product/images/127257/original/162246.png,54.9,"Suojaa mönkijäsi sateelta, pölyltä, UV-säteiltä, lintujen jätöksiltä, lumelta jne. Helppo asentaa kiristysnauhalla. Sopii mönkijöille, joiden pituus on enintään 210 cm, ohjaustangon korkeus noin 130 cm ja ohjaustangon leveys enintään 120 cm.",54.9,Shark,
5044000,Iron Baltiv Korkeudensäätötapit,https://tarvike.com/product/iron-baltiv-korkeudensaatotapit-145798,https://media.tarvike.com/product/images/145798/original/178921.jpg,25.1,Auran korkeuden säätöruuvit. Mukana sokkatapit. Sopii kaikkiin IB-auramalleihin.,25.1,Iron Baltic,
18339853001,Haghus mönkijän suojapeite,https://tarvike.com/product/haghus-monkijan-suojapeite-l-220x85x1-38672,https://media.tarvike.com/product/images/38672/original/186693.webp,28.9,Ympärivuotiseen käyttöön tarkoitettu mönkijän suojapeite. Vettähylkivä materiaali pitää mönkijän kuivana peiton alla. Materiaalina on silikonikäsitelty PE kangas. joka on myös pakkasen kestävää.,28.9,Haghus,
4990141000,Bronco vinssin kiinnikesarja Polaris Ranger,https://tarvike.com/product/bronco-vinssin-kiinnikesarja-polaris-ranger-77508,https://media.tarvike.com/product/images/77508/original/26783.jpg,95.2,Bronco vinssin kiinnikesarja Polaris Ranger mönkijöihin. Katso sopivuus tarkemmin teknisistä tiedoista. Kuva on suuntaa antava yleiskuva.,95.2,Bronco,
2303483002,ITP mönkijän rengas Mud Lite 26x10-12 3-PLY E-MARKED,https://tarvike.com/product/itp-monkijan-rengas-mud-lite-26x10-12-3-ply-e-marked-77629,https://media.tarvike.com/product/images/77629/original/26999.jpg,158.0,"Markkinoiden paras rengas. Ylivoimaisesti luokan kevyin rengas uskomattomalla pidolla. Yleisrengas, joka toimii erilaisilla alustoilla.",158.0,ITP,
19140163002,Bronco työvälinerungon palautusjousi,https://tarvike.com/product/bronco-tyovalinerungon-palautusjousi-79302,https://media.tarvike.com/product/images/79302/original/28300.jpg,15.1,Varaosat ja lisävarusteet.,15.1,Bronco,
19140083002,Bronco vinssikoukun topparikumi,https://tarvike.com/product/bronco-vinssikoukun-topparikumi-77565,https://media.tarvike.com/product/images/77565/original/26879.jpg,22.8,Varaosat ja lisävarusteet.,22.8,Bronco,
19140055002,Bronco GEN II Vinssi 2500,https://tarvike.com/product/bronco-gen-ii-vinssi-2500-77570,https://media.tarvike.com/product/images/77570/original/26880.jpg,299.6,Täysin uudistettu Generation 2 -mallisto on varma valinta! Uusi vesitiivis rakenne merkitsee luotettavuutta vaativissa olosuhteissa.- Laatuluokitus: CE-merkintä- Vetokyky: 1133kg- Alumininen ohjausportti- Kolmivaiheinen planeettapyörästö- 10m x 5mm syntettinen köysi- Langaton kauko-ohjain + ohjaustankoon sijoitettava kykin- Tehdastakuu: 2 vuotta,299.6,Bronco,
17318901001,Bronco Lavan kiinnikesarja tukkikärryyn,https://tarvike.com/product/bronco-lavan-kiinnikesarja-tukkikarryyn-79412,https://media.tarvike.com/product/images/79412/original/28482.jpg,90.1,"Kärryihin, joissa ei ole valmiina kiinnikesarjaa.",90.1,Bronco,
17297315001,"Kimpex Diamond V-bar mönkiän lumiketjut 64 x 16""",https://tarvike.com/product/kimpex-diamond-v-bar-monkian-lumiketjut-64-x-16-77782,https://media.tarvike.com/product/images/77782/original/27185.jpg,150.8,"Kimpex lumiketjupari.64 x 16"" (162,6 x 40,6cm)",150.8,Kimpex,
8288169002,ATV-sisärengas AT26x8/9R14,https://tarvike.com/product/atv-sisarengas-at26x89r14-130618,https://media.tarvike.com/product/images/130618/original/169785.jpg,23.3,,23.3,ITP,
19140197002,"Bronco puskulevyn kiinnikesarja, yleismalli",https://tarvike.com/product/bronco-puskulevyn-kiinnikesarja-yleismalli-79333,https://media.tarvike.com/product/images/79333/original/28345.jpg,105.2,Bronco yleismallin kiinnikesarja. Tällä kiinnität Broncon puskulevyt kiinnitysrunkoon(ostetaan erikseen).,105.2,Bronco,
8792981002,Iron baltic Puskulevysarja Segway AT10,https://tarvike.com/product/iron-baltic-puskulevysarja-segway-at10-169627,https://media.tarvike.com/product/images/169627/original/191366.jpg,1117.0,"Puskulevysarja Segway AT10 mönkijään. Sarja sisältää Puskulevyn 150cm, kiinnikerungon sekä kiinnikeadapterin.",1117.0,Segway,
5454080000,SHARK Akkulaturi CI-4000 Lyijy & LI-ION,https://tarvike.com/product/shark-akkulaturi-ci-4000-lyijy-li-ion-127265,https://media.tarvike.com/product/images/127265/original/162307.png,79.0,"Tämä tehokas, automaattinen 12V / 6V älylaturi lataa tai korjaa kaikki 6 V: n ja 12 V: n lyijy-, AGM- ja geeliakut sekä 12 V: n Li-ion (LiFePO4) -akut. Yhteensopiva kaikentyyppisten ajoneuvojen kanssa.",79.0,Shark,
5454079000,SHARK Akkulaturi CB-750,https://tarvike.com/product/shark-akkulaturi-cb-750-127264,https://media.tarvike.com/product/images/127264/original/162298.png,39.0,"Tämä kompakti, automaattinen akkulaturi sopii erinomaisesti kaikentyyppisten 12 / 6 V: n moottoripyörän, mönkijän ja muiden pienkoneiden akkujen lataamiseen ja ylläpitoon.",39.0,Shark,
3590000,"Polaris mönkijän kesärengas-alumiinivannepaketti (1kpl) Polaris, Yamaha",https://tarvike.com/product/polaris-monkijan-kesarengas-alumiinivannepaketti-1kpl-polaris-yamaha-101908,https://media.tarvike.com/product/images/101908/original/162153.jpg,320.0,"Myydään kappaleittain, sis. vanne + rengas
Turvallisesti kesäkeleillä! ITP:n uusin vanne. Puolien X-muoto on poikkeuksellisen kestävä. Uusi Rock Armor -vahvistettu sisempi vanne tekee kestävästä vanteesta vieläkin luodinkestävämmän. Jokaisen vanteen mukana tulee ulkonäköön istuva Tornado -keskiö.
ITP Hurricane 15x7 4/156 4+3 alumiinivanne sekä 205/65-15 kesärengas -paketti Polaris Sportsman, RZR sekä Ranger-mönkijöihin sekä Yamaha YZX1000 mönkijään vm. 2019 ja uudempiin (mutterisarjalla 74-079). Vanne: 15x7 4/156 4+3",320.0,ITP,
35387430000,Iron Baltic  Puskulevy 150cm,https://tarvike.com/product/iron-baltic-puskulevy-150cm-99541,https://media.tarvike.com/product/images/99541/original/113445.png,471.0,"Kestävä teräsrakenne, sopii lumen auraukseen tai hiekan, mullan, soran jne. työntämiseen. Kaareva muotoilu, joka tarjoaa paremman lumen/lian vierimisen pois missä tahansa kulmassa.",471.0,Iron Baltic,
18340648001,Mönkijän Jääketju Promotion 605,https://tarvike.com/product/monkijan-jaaketju-promotion-605-44422,https://media.tarvike.com/product/images/44422/original/16941.png,99.0,"Salmiakkikuvioinen, nastallinen 5,3 mm ketjuNasta 6 mm",99.0,IKH,
18339969001,"Vinssiköysi Dynaline Max 5mm X 15m 2,9T",https://tarvike.com/product/vinssikoysi-dynaline-max-5mm-x-15m-29t-43767,https://media.tarvike.com/product/images/43767/original/15311.jpg,99.0,"Marlow Ropes Dynaline Max vie vaijerin korvaamisen käsitteen astetta pidemmälle. Dynaline Max tarjoaa suuremman lujuuden ja pienemmän venymisen kuin tavallinen Dynaline köysi. Korkeampi murtokuorma antaa suuremman varmuskertoimen tai mahdollistaa pienemmän halkaisijan köydelle, jolloin voi asentaa pidemmän köyden vinssiin. Valmistettu Dyneema SK78 -kuidusta.",99.0,{},
18339478001,Deestone mönkijän rengas 26X10.00-12 6PR,https://tarvike.com/product/deestone-monkijan-rengas-26x1000-12-6pr-44722,https://media.tarvike.com/product/images/44722/original/17313.jpg,125.0,"Koko 26x10.00-12Tyyppi TLPR 6Kuvio D936 (Mud Crusher)Halkaisija Ø 660 mmRunkoleveys (SW) 254 mmPaino- ja nopeusluokka 52 LI, 200 kg, F SI, 80 km/hSuositeltu paine 7 psi / 0,5 barVannesuositus 8.00 / vannevaihtoehto 7.00",125.0,Deestone,
17912360001,SHARK Monikäyttöinen Työkalupidike (60-87 mm),https://tarvike.com/product/shark-monikayttoinen-tyokalupidike-60-87-mm-127248,https://media.tarvike.com/product/images/127248/original/162229.png,27.9,"Shark monikäyttöiset heavy-duty työkalupidikkeet tarttuvat nopeasti ja helposti erilaisiin ATV/UTV lisävarusteisiin. Sään, UV:n ja suolaveden kestävä. 1 kpl:een pakkaus.",27.9,Shark,
17660098001,Can-Am mönkijän nastarengas-alumiinivannepaketti (1kpl),https://tarvike.com/product/can-am-monkijan-nastarengas-alumiinivannepaketti-1kpl-101907,https://media.tarvike.com/product/images/101907/original/118751.jpg,364.0,"Myydään kappaleittain, sis. vanne + rengas
ITP Hurricane 15x7 4/137 5+2 alumiinivanne sekä 205/65-15nastarengas -paketti Can-Am, Bombardier sekä Kawasaki -mönkijöihin.",364.0,{},
17296455001,TT-Thermo XC itsesäätyvä letkulämmitin kiertovesipumpulla 1000w Defa-yhteensopiva asennussarjalla,https://tarvike.com/product/tt-thermo-xc-itsesaatyva-letkulammitin-kiertovesipumpulla-1000w-defa-yhteensopiva-asennussarjalla-101563,https://media.tarvike.com/product/images/101563/original/117998.jpg,199.0,"TT-Thermo XC itsesäätyvä letkulämmitin kiertovesipumpulla 1000w Defa-yhteensopiva asennussarjalla mönkijöihin ja pieniin henkilöautoihin.
TT-Thermo XC on markkinoiden ainoa letkulämmitinmalli, jossa neste- ja sähköpuolet ovat patentoidun rakenteen ansiosta täysin erilliset. Tämä rakenne maksimoi laitteen sähköturvallisuuden, ja tekee mallista poikkeuksellisen markkinoilla.",199.0,TT-Thermo,
16680720000,Iron baltic Puskulevysarja Segway AT10 Wide,https://tarvike.com/product/iron-baltic-puskulevysarja-segway-at10-wide-169628,https://media.tarvike.com/product/images/169628/original/191365.jpg,1099.0,"Iron baltic Puskulevysarja Segway AT10 Wide mönkijään. Sarja sisältää Puskulevyn 150cm, kiinnikerungon sekä kiinnikeadapterin.",1099.0,Segway,
16680718000,Iron baltic Puskulevysarja Segway AT5,https://tarvike.com/product/iron-baltic-puskulevysarja-segway-at5-169626,https://media.tarvike.com/product/images/169626/original/191367.jpg,1074.0,"Puskulevysarja Segway AT5 mönkijöihin.Sarja sisältää Puskulevyn 150cm, kiinnikerungon sekä kiinnikeadapterin.",1074.0,Segway,
16680717000,Iron baltic Puskulevysarja Segway AT6 2023+,https://tarvike.com/product/iron-baltic-puskulevysarja-segway-at6-2023-169625,https://media.tarvike.com/product/images/169625/original/191368.jpg,1080.0,"Puskulevysarja Segway AT6 mönkijöihin. Sarja sisältää Puskulevyn 150cm, kiinnikerungon sekä kiinnikeadapterin.",1080.0,Segway,
4893758000,ITP mönkijän rengas Mud Lite 28x10.00-12 6-PLY,https://tarvike.com/product/itp-monkijan-rengas-mud-lite-28x1000-12-6-ply-77631,https://media.tarvike.com/product/images/77631/original/27005.jpg,203.0,"Markkinoiden paras rengas. Ylivoimaisesti luokan kevyin rengas uskomattomalla pidolla. Yleisrengas, joka toimii erilaisilla alustoilla. Vahva rakenne, 6-kankainen.Koko: 28 x 10.00 - 12Harja: 29mmEteen ja taakse",203.0,ITP,
3094832001,Bronco levikepalat 1 4/156 3/8-24,https://tarvike.com/product/bronco-levikepalat-1-4156-38-24-77699,https://media.tarvike.com/product/images/77699/original/27084.jpg,65.8,PolarisMyydään pareittain sisältää mutteri ja pultit,65.8,Bronco,
19140212002,Kimpex Click N Go2 puskulevyn jousi,https://tarvike.com/product/kimpex-click-n-go2-puskulevyn-jousi-79350,https://media.tarvike.com/product/images/79350/original/28370.jpg,42.5,Kimpex Click N Go2 puskulevyn jousi.,42.5,Kimpex,
4893759000,ITP mönkijän rengas Mud Lite 28x12.00-12 6-PLY,https://tarvike.com/product/itp-monkijan-rengas-mud-lite-28x1200-12-6-ply-77632,https://media.tarvike.com/product/images/77632/original/27009.jpg,212.0,"Markkinoiden paras rengas. Ylivoimaisesti luokan kevyin rengas uskomattomalla pidolla. Yleisrengas, joka toimii erilaisilla alustoilla. Vahva rakenne, 6-kankainen.Koko: 28 x 12.00 - 12Harja: 29mmEteen ja taakse",212.0,ITP,
4893589000,"Maxxis Sisärengas 25 x 12,00 - 9 TR4",https://tarvike.com/product/maxxis-sisarengas-25-x-1200-9-tr4-77846,https://media.tarvike.com/product/images/77846/original/27260.jpg,33.4,"25 x 12,00-9TR4",33.4,Maxxis,
17297317001,"Kimpex Diamond V-bar mönkijän lumiketjut 73 x 18""",https://tarvike.com/product/kimpex-diamond-v-bar-monkijan-lumiketjut-73-x-18-77784,https://media.tarvike.com/product/images/77784/original/27197.jpg,166.0,"Kimpex lumiketjupari.73 x 18"" (185,4 x 45,7cm)",166.0,Kimpex,
15154312000,Ultratec Muovipohja pituus 1760mm,https://tarvike.com/product/ultratec-muovipohja-pituus-1760mm-134946,https://media.tarvike.com/product/images/134946/original/171944.png,74.9,"Muovipohja sukseen, pituus 1760mm.",74.9,Ultratec,
8537615001,Iron Baltic Etukiinnitteinen asennussarja,https://tarvike.com/product/iron-baltic-etukiinnitteinen-asennussarja-145708,https://media.tarvike.com/product/images/145708/original/179965.jpg,138.05,Polaris Ranger* -mallikohtainen kiinnityssarja UTV:n mönkijöihin.,138.05,Iron Baltic,
5042000,Iron Baltic Rullalla varustettu nostohihna,https://tarvike.com/product/iron-baltic-rullalla-varustettu-nostohihna-145793,https://media.tarvike.com/product/images/145793/original/178908.jpg,100.4,"Auran nostoliinan sarja korvaa teräs- (vaijeri-) tai synteettisen vinssiköyden aurauskaudella tai sopii myös ympärivuotiseen käyttöön kaikkien eteen asennettujen työkalujen, kuten kauhojen tai työntöharjojen, kanssa, jotka vaativat nostamista mönkijävinssillä.",100.4,Iron Baltic,
19140293002,Iron Baltic Työkalurunko teloille,https://tarvike.com/product/iron-baltic-tyokalurunko-teloille-99543,https://media.tarvike.com/product/images/99543/original/113438.jpg,470.5,"Iron Baltic Työkalurunko UTV mönkijöihin, joissa on telat!",470.5,Iron Baltic,
1865088002,Puskulevyn kulmapalapari Polaris Glacier Pro -puskulevyyn,https://tarvike.com/product/puskulevyn-kulmapalapari-polaris-glacier-pro-puskulevyyn-101897,https://media.tarvike.com/product/images/101897/original/119037.jpg,100.2,"Puskulevyn kulmapalapari esimerkiksi Polaris puskulevyyn Glacier Pro 152 cm / 60"" (esimerkiksi 2879638), jolla pidät suuremmankin piha-alueen puhtaana lumesta ja levität sorat huoltaessasi teitä.",100.2,Soimet,
18340003001,DEFA säteilylämmitin 230V Polaris 570 mönkijöihin,https://tarvike.com/product/defa-sateilylammitin-230v-polaris-570-monkijoihin-43823,https://media.tarvike.com/product/images/43823/original/15393.jpg,202.0,"Defa säteilylämmittimen avulla esilämmität ajoneuvosi moottorin, lohkon sekä öljyn. Käy kaikkiin Polaris 570 mönkijöihin, ATV sekä UTV -malleihin.",202.0,Defa,
18339479001,Deestone mönkijän rengas 26X12.00-12 6PR,https://tarvike.com/product/deestone-monkijan-rengas-26x1200-12-6pr-44723,https://media.tarvike.com/product/images/44723/original/17296.jpg,135.0,"Koko 26x12.00-12Tyyppi TLPR 6Kuvio D936 (Mud Crusher)Halkaisija Ø 660 mmRunkoleveys (SW) 304 mmPaino- ja nopeusluokka 58 LI, 236 kg, F SI, 80 km/hSuositeltu paine 7 psi / 0,5 barVannesuositus 9.50",135.0,Deestone,
17912357001,SHARK Monikäyttöiset Työkalupidikkeet (22-31 mm),https://tarvike.com/product/shark-monikayttoiset-tyokalupidikkeet-22-31-mm-127243,https://media.tarvike.com/product/images/127243/original/162193.png,19.9,"Shark monikäyttöiset heavy-duty työkalupidikkeet tarttuvat nopeasti ja helposti erilaisiin lisävarusteisiin, aseisiin, onkivapoihin sekä metsä-, koti- ja puutarhatyökaluihin, joiden halkaisija on 22-31 mm . Sään, UV:n ja suolaveden kestävä.",19.9,Shark,
4920240000,Bronco suojapeite ATV,https://tarvike.com/product/bronco-suojapeite-atv-79398,https://media.tarvike.com/product/images/79398/original/28462.jpg,89.0,"Vahvistettu 600D polyesterErittäin iskunkestävä peite, joka suojaa ATV:n hyvin säältä ja tuuleltaSopii useimpiin 500 cc ja suurempiin mönkijöihin, ei jatkettuihin ATV-malleihinKiristyshihnat alareunassa.MustaMitat: Pituus: 210 cm, Leveys: 112 cm, Korkeus: 100 cm",89.0,Bronco,
4894266000,GKA Pika Kiinnityspulttisarja (4kpl),https://tarvike.com/product/gka-pika-kiinnityspulttisarja-4kpl-79970,https://media.tarvike.com/product/images/79970/original/29418.png,44.0,Varaosat ja lisävarusteet.,44.0,GKA,
4893750000,ITP mönkijän rengas Mud Lite 25x10.00-12 6-PLY,https://tarvike.com/product/itp-monkijan-rengas-mud-lite-25x1000-12-6-ply-77628,https://media.tarvike.com/product/images/77628/original/27013.jpg,134.0,"Markkinoiden paras rengas. Ylivoimaisesti luokan kevyin rengas uskomattomalla pidolla. Yleisrengas, joka toimii erilaisilla alustoilla. Vahva rakenne, 6-kankainen.Koko: 25 x 10.00 - 12Harja: 19mmEteen ja taakse",134.0,ITP,
19140085002,Bronco Gen II vinssin rele,https://tarvike.com/product/bronco-gen-ii-vinssin-rele-77567,https://media.tarvike.com/product/images/77567/original/26878.jpg,49.6,Varaosat ja lisävarusteet.,49.6,Bronco,
19140082002,Bronco vinssin salpakoukku,https://tarvike.com/product/bronco-vinssin-salpakoukku-77564,https://media.tarvike.com/product/images/77564/original/26875.jpg,16.7,Varaosat ja lisävarusteet.,16.7,Bronco,
17297312001,Bronco Diamond V-bar mönkijän lumiketjut 150 x 41cm,https://tarvike.com/product/bronco-diamond-v-bar-monkijan-lumiketjut-150-x-41cm-77779,https://media.tarvike.com/product/images/77779/original/27188.jpg,142.9,Mönkijän renkaan piikkiketju salmiakkikuviolla.150 x 41cm,142.9,Bronco,
1649548000,"Bronco Vanteen Pultit 3/8"" x 1-3/8"" (4kpl) Polaris",https://tarvike.com/product/bronco-vanteen-pultit-38-x-1-38-4kpl-polaris-130608,https://media.tarvike.com/product/images/130608/original/169793.jpg,9.1,"Bronco Vanteen Pultit 3/8"" x 1-3/8"" (4kpl) Polaris",9.1,Bronco,
19140209002,"Kimpex Click N Go 2 Kiinnikesarja, ATV Can-am",https://tarvike.com/product/kimpex-click-n-go-2-kiinnikesarja-atv-can-am-79347,https://media.tarvike.com/product/images/79347/original/28368.jpg,150.8,"Kimpex Click N Go2 puskulevyn kiinnikesarja Can-Am ATV-mönkijöihin. Tarkempi sopivuus teknisissä tiedoissa.Kiinnikesarja sopii Kimpexin 75-373993, 75-373953, 75-373954 ja 75-373994 puskulevyjen kanssa.",150.8,Kimpex,
8537641001,Iron Baltic Polaris Sportsman 570 puskulevysarja 2021+,https://tarvike.com/product/iron-baltic-polaris-sportsman-570-puskulevysarja-2021-147651,https://media.tarvike.com/product/images/147651/original/180069.jpg,1041.65,"Iron Baltic Puskulevysarja Polaris Sportsman (2021+) mönkijöihin. Sarja sisältää Puskulevyn 150cm, kiinnikerungon sekä kiinnikeadapterin.",1041.65,Iron Baltic,
675848002,Iron Baltic puskulevyn asennussarja: Segway Snarler AT5 2023+,https://tarvike.com/product/iron-baltic-puskulevyn-asennussarja-segway-snarler-at5-2023-144873,https://media.tarvike.com/product/images/144873/original/176313.jpg,195.0,Segway Snarler AT5 -mallikohtainen kiinnikesarja Iron Baltic Quick‑Attach -etukiinnitteiseen puskulevyyn.,195.0,Iron Baltic,
5043000,Iron Baltic Kuppiprikka,https://tarvike.com/product/iron-baltic-kuppiprikka-145795,https://media.tarvike.com/product/images/145795/original/178912.jpg,0.5,Erikoisleimattu kuppiprikka IB-pohjapanssareille!,0.5,Iron Baltic,
3094866001,Mutterisarja 12mm 60° x 1.5,https://tarvike.com/product/mutterisarja-12mm-60-x-15-101899,https://media.tarvike.com/product/images/101899/original/118750.jpg,40.4,"Mutterisarja 12mm 60° x 1.5, jossa on 17 mutteria ja avain",40.4,{},
20881461001,Jääketjun sisälukko K-A  6-7MM,https://tarvike.com/product/jaaketjun-sisalukko-k-a-6-7mm-149589,https://media.tarvike.com/product/images/149589/original/197292.jpg,0.8,Jääketjun sisälukko K-A  6-7MM,0.8,IKH,
19140285002,"Iron Baltic etukiinnitteinen asennussarja, Polaris",https://tarvike.com/product/iron-baltic-etukiinnitteinen-asennussarja-polaris-99537,https://media.tarvike.com/product/images/99537/original/113436.jpg,163.0,Iron Baltic puskulevyn kiinnikesarja Polaris mönkijöihin.,163.0,Iron Baltic,
17296456001,TT-Thermo Itsesäätyvä letkulämmitin kiertovesipumpulla 1500w Defa-yhteensopiva,https://tarvike.com/product/tt-thermo-itsesaatyva-letkulammitin-kiertovesipumpulla-1500w-defa-yhteensopiva-101564,https://media.tarvike.com/product/images/101564/original/118001.jpg,197.0,"Suositeltu ja optimaalisin teholtaan 6-sylinterisiin ja suurempiin moottoreihin.Defa-yhteensopivaMarkkinoiden edistyksellisin XC-malli, joka täysin vapaa asentaa mihin vain asentoon. Ei rajoitettua asennuskulmaa tai asentoaItsesäätyvä vastus",197.0,TT-Thermo,
15945543001,Rammy 120 ATV Pro ruohonleikkuri,https://tarvike.com/product/rammy-120-atv-pro-ruohonleikkuri-171934,https://media.tarvike.com/product/images/171934/original/192518.jpg,4809.0,"Rammy Lawn mower 120 ATV PRO on ketterä ja tehokas ruohonleikkuri mönkijään. Sillä leikkaa ruohon ja heinän. Ruohonleikkuri nousee ylös vinssillä, joten siirtymät ovat nopeita.",4809.0,Rammy,
11622567000,Jäänastan Irrotusavain Bestgrip,https://tarvike.com/product/jaanastan-irrotusavain-bestgrip-149037,https://media.tarvike.com/product/images/149037/original/185702.webp,7.49,nastojen poistamiseen,7.49,Bestgrip,
7755787002,Kimpex Koukun topparikumi II vaijeriohjaimelle,https://tarvike.com/product/kimpex-koukun-topparikumi-ii-vaijeriohjaimelle-130598,https://media.tarvike.com/product/images/130598/original/169782.jpg,39.5,,39.5,Kimpex,
4990148000,Bronco vinssin kiinnikesarja POLARIS RZR 1000 XP 2014-,https://tarvike.com/product/bronco-vinssin-kiinnikesarja-polaris-rzr-1000-xp-2014--77515,https://media.tarvike.com/product/images/77515/original/26788.jpg,127.5,Bronco vinssin kiinnikesarja POLARIS RZR 1000 XP 2014-,127.5,Bronco,
4894310000,GKA Kumilukko Smart,https://tarvike.com/product/gka-kumilukko-smart-79997,https://media.tarvike.com/product/images/79997/original/29469.jpg,27.9,Varaosat ja lisävarusteet.,27.9,GKA,
4894268000,GKA/Tesseract Lukkosarja,https://tarvike.com/product/gkatesseract-lukkosarja-79971,https://media.tarvike.com/product/images/79971/original/29422.jpg,29.0,GKA ja Tesseract laukkujen yleismallin lukkosarja.,29.0,GKA,
3094843001,ITP Mutterisarja 12mm x 1.25 60° kartio,https://tarvike.com/product/itp-mutterisarja-12mm-x-125-60-kartio-77725,https://media.tarvike.com/product/images/77725/original/27121.jpg,32.9,Varaosat ja lisävarusteet.,32.9,ITP,
19140158002,Bronco työvälinerungon tukijalkasarja,https://tarvike.com/product/bronco-tyovalinerungon-tukijalkasarja-79297,https://media.tarvike.com/product/images/79297/original/28288.jpg,68.8,Varaosat ja lisävarusteet.,68.8,Bronco,
19140086002,Bronco Gen II vinssin kaukosäädinsarja,https://tarvike.com/product/bronco-gen-ii-vinssin-kaukosaadinsarja-77568,https://media.tarvike.com/product/images/77568/original/26886.jpg,65.7,Varaosat ja lisävarusteet.,65.7,Bronco,
19140080002,Bronco vinssin katkaisija,https://tarvike.com/product/bronco-vinssin-katkaisija-77562,https://media.tarvike.com/product/images/77562/original/26887.jpg,35.5,Varaosat ja lisävarusteet.,35.5,Bronco,
19140078002,Bronco Gen II vinssin rele pikaliittimellä,https://tarvike.com/product/bronco-gen-ii-vinssin-rele-pikaliittimella-77560,https://media.tarvike.com/product/images/77560/original/26871.jpg,41.6,Varaosat ja lisävarusteet.,41.6,Bronco,
19140076002,Bronco Gen II kaukosäädinsarja pikaliittimellä,https://tarvike.com/product/bronco-gen-ii-kaukosaadinsarja-pikaliittimella-77558,https://media.tarvike.com/product/images/77558/original/26857.jpg,65.7,Päivitetty malli!,65.7,Bronco,
19140054002,Bronco vinssin kiinnityssarja Polaris Sportsman,https://tarvike.com/product/bronco-vinssin-kiinnityssarja-polaris-sportsman-77529,https://media.tarvike.com/product/images/77529/original/26824.jpg,99.0,"Bronco vinssin kiinnityssarja 2015 Polaris Sportsman 570 , ACE, Forest, Touring sekä Sportsman 800 6x6 Forest malleihin.",99.0,Bronco,
17315729001,"Bronco tuulilasi 50x90 cm, yleismalli",https://tarvike.com/product/bronco-tuulilasi-50x90-cm-yleismalli-79395,https://media.tarvike.com/product/images/79395/original/28460.jpg,106.2,"Edullinen tuulisuoja 4 mm paksuisesta akryylimateriaalista.Sopii useimpiin markkinoilla oleviin mönkijöihin, mukana tulevan yleisasennussarjan ansiosta.",106.2,Bronco,
17297314001,Maxi Grip nastasarja 15mm,https://tarvike.com/product/maxi-grip-nastasarja-15mm-77781,https://media.tarvike.com/product/images/77781/original/27195.jpg,82.5,"Maxi Grip HM 15 nastasarja sopii crossipyöriin, pikkutraktoreihin sekä mönkijöihin.Sisältää asennustyökalun.15mm100kpl",82.5,Maxi Grip,
11006600000,Camso/TJD Telasarjan kiinnityssarja Segway Snarler,https://tarvike.com/product/camsotjd-telasarjan-kiinnityssarja-segway-snarler-134936,https://media.tarvike.com/product/images/134936/original/171928.jpg,570.0,Camso/TJD Telasarjan kiinnityssarja Segway Snarler,570.0,{},
4893594000,"Maxxis Sisärengas 25 x 8,00/10,00 - 12 TR4",https://tarvike.com/product/maxxis-sisarengas-25-x-8001000-12-tr4-77849,https://media.tarvike.com/product/images/77849/original/27271.jpg,33.9,"25 x 8,00/10,00-12TR4",33.9,Maxxis,
19140048002,Bronco vinssin kiinnityssarja taakse Polaris Ranger 400,https://tarvike.com/product/bronco-vinssin-kiinnityssarja-taakse-polaris-ranger-400-77523,https://media.tarvike.com/product/images/77523/original/26808.jpg,127.5,Polaris Ranger 400 / EV,127.5,Bronco,
1772864000,Rival Kulmapala puskulevylle,https://tarvike.com/product/rival-kulmapala-puskulevylle-145359,https://media.tarvike.com/product/placeholders/productImageComingSoong.jpg,32.4,Rival Kulmapala puskulevylle. Puskulevyillä 75-12750 sekä 75-12751. Myydään kappalettain.,32.4,Rival,
8544396001,"Iron Baltic Yamaha Grizzly 700, Kodiak Puskulevysarja",https://tarvike.com/product/iron-baltic-yamaha-grizzly-700-kodiak-puskulevysarja-147799,https://media.tarvike.com/product/images/147799/original/180296.jpg,1041.65,"Iron Baltic Yamaha Grizzly 700 sekä Kodiak mönkijöiden puskulevysarja. Sarja sisältää Puskulevyn 150cm, kiinnikerungon sekä kiinnikeadapterin.",1041.65,Iron Baltic,
8543369001,"Iron Baltic Etukiinnitteinen asennussarja, Yamaha",https://tarvike.com/product/iron-baltic-etukiinnitteinen-asennussarja-yamaha-145707,https://media.tarvike.com/product/images/145707/original/179967.jpg,163.15,"Etukiinnitysjärjestelmän kiinnityssarja + kiinnityssovitin eteen asennettaville ""Warn""- tai ""Bronco""-mönkijävinsseille, joiden kiinnityspulttien jako on 76x124 mm (3""x4,87"").",163.15,Iron Baltic,
5454082000,"ATV Peite, L-koko",https://tarvike.com/product/atv-peite-l-koko-127255,https://media.tarvike.com/product/images/127255/original/162241.jpg,44.9,"Peite pitkille kaksipaikkaisille mönkijöille. 100% vedenkestävä, hengittävä ja helppokäyttöinen.",44.9,Shark,
5454050000,SHARK WOOD 550 ATV Kärry,https://tarvike.com/product/shark-wood-550-atv-karry-127268,https://media.tarvike.com/product/images/127268/original/162335.png,1090.0,"Monipuolinen yksiakselinen ATV/UTV kärry kippaavalla lavalla, suuri 500 kg:n kantavuus, irrotettavat etu- ja takapaneelit, tukeva galvanoitu ja pulverimaalattu teräsrunko sekä extra leveät matalapainerenkaat.",1090.0,Shark,
5106000,Iron Baltic Pikakiinnike 22mm CFMoto,https://tarvike.com/product/iron-baltic-pikakiinnike-22mm-cfmoto-145792,https://media.tarvike.com/product/images/145792/original/178904.jpg,18.83,"Pikakiinnike lisävarusteiden / matkatavaroiden asentamiseen CFMoto-tavaratelineisiin ja -lavoihin, joissa on ""Lock&Ride""-tyyppi ja 22 mm:n halkaisijan omaavat kiinnitysreiät.",18.83,Iron Baltic,
4841002,"Iron Baltic Moottorisahateline, yleismalli",https://tarvike.com/product/iron-baltic-moottorisahateline-yleismalli-145796,https://media.tarvike.com/product/images/145796/original/178916.jpg,100.4,"Mahdollista asentaa useimpiin mönkijämalleihin. Voidaan käyttää moottorisahoissa, joissa on eri pituisia laippoja, joiden koko on enintään 95 x 10 mm.",100.4,Iron Baltic,
3950002,Iron Baltic Vinssin asennusarja taakse Polaris,https://tarvike.com/product/iron-baltic-vinssin-asennusarja-taakse-polaris-145810,https://media.tarvike.com/product/images/145810/original/179325.jpg,100.4,"Takavinssin kiinnityssarja Warn-, ComeUp- tai Bronco-vinsseille, joiden kiinnityspulttien jako on 76x124 mm (3""x4,87"").",100.4,Iron Baltic,
23644717000,Iron Baltic Alueaura G2 1800mm,https://tarvike.com/product/iron-baltic-alueaura-g2-1800mm-174032,https://media.tarvike.com/product/images/174032/original/196841.jpg,1035.0,"Kestävä teräsrakenne, sopii lumen auraukseen tai hiekan, mullan, soran jne. työntämiseen. Kaareva muotoilu parantaa lumen/lian vierimistä pois. Työskentelykorkeuden säätö liukujalkojen avulla. Leveys 1800 mm / 71 tuumaa.",1035.0,Iron Baltic,
19737526002,SHARK Quick attach pikakiinnikesarja Polaris 2kpl,https://tarvike.com/product/shark-quick-attach-pikakiinnikesarja-polaris-2kpl-127251,https://media.tarvike.com/product/images/127251/original/162454.png,21.9,Quick attach pikakiinnikesarja kuljetuslaatikoiden ja muiden lisävarusteiden nopeaan asennukseen.,21.9,Shark,
19477604002,"Shark ATV etulaatikko 6600, 66L, 88 x 42 x 24 cm",https://tarvike.com/product/shark-atv-etulaatikko-6600-66l-88-x-42-x-24-cm-126904,https://media.tarvike.com/product/images/126904/original/161323.jpg,249.0,"Lukittava ATV-laatikko asennettavaksi ATV:n eteen. Erittäin laadukas vedenpitävä ATV-laatikko, joka on valmistettu korkealaatuisesta iskunkestävästä polypropeenista, kestää äärimmäistä kylmyyttä ja iskuja. Yleisteline - sopii useimpiin mönkijöihin.",249.0,Shark,
18340622001,StrongLine sähkövinssi M2500 / 2500 lb,https://tarvike.com/product/strongline-sahkovinssi-m2500-2500-lb-44404,https://media.tarvike.com/product/images/44404/original/16915.jpg,205.0,"Tekniset tiedot:Vetokyky 1136 kg (2500 lb)Moottori 0,7 kW / 0,9 hv / 12VVaihteisto: 3-vaiheinen planeettapyörästöVälityssuhde 136:1Vapautus manuaalinenJarru: automaattinen kuormanpitojarruKöyden mitat: 4 mm x 15,2 mRummun halkaisija: 52 mmRummun pituus: 74 mmKöyden ohjain: alumiininen liukuohjainKoukun koko: 1/4""Ohjain: ohjaustangon ohjain + langaton ohjainAkun suositus: 450 CCASähkökaapelit: 10 mm²Akkukaapelien pituus: 1,8 mVinssin mitat: 334 x 118 x 115 mmPaino: 10,5 kg Vaijerin kapasiteetti/nopeus-taulukko liitteenä",205.0,StrongLine,
18339637001,"SHARK AX130 ATV Kuljetuslaatikko, taka 130 L",https://tarvike.com/product/shark-ax130-atv-kuljetuslaatikko-taka-130-l-127261,https://media.tarvike.com/product/images/127261/original/162285.png,339.0,"Erittäin tilava ATV kuljetuslaatikko taakse, lukitus kahdella lukolla metallisoljilla. Valmistettu korkealaatuisesta iskunkestävästä polyeteenistä, vesi- ja pölytiivis. Kaksi takaheijastinta, Quick attach pikakiinnikkeet, tilavuus 130 litraa",339.0,Shark,
17912364001,SHARK Quick attach pikakiinnikesarja Can-Am,https://tarvike.com/product/shark-quick-attach-pikakiinnikesarja-can-am-127254,https://media.tarvike.com/product/images/127254/original/162240.png,49.9,"Quick attach pikakiinnikesarja ATV kuljetuslaatikoiden ja muiden lisävarusteiden nopeaan asennukseen. 4 kpl:een sarja, sopii Can-Am tavaratelineeseen.",49.9,Shark,
4990140000,Bronco vinssin kiinnikesarja Polaris RZR,https://tarvike.com/product/bronco-vinssin-kiinnikesarja-polaris-rzr-77507,https://media.tarvike.com/product/images/77507/original/26776.jpg,119.1,Bronco vinssin kiinnikesarja Polaris RZR 570 ja RZR 800 mönkijöihin. Katso sopivuus tarkemmin teknisistä tiedoista. Kuva on suuntaa antava yleiskuva.,119.1,Bronco,
4893966000,CST mönkijän rengas Stag CU58 26x11.00-12 8-Ply M+S 59M,https://tarvike.com/product/cst-monkijan-rengas-stag-cu58-26x1100-12-8-ply-ms-59m-77815,https://media.tarvike.com/product/images/77815/original/27234.jpg,217.6,Stag:in epäsymmetrisen ja koukunmuotoisen pintakuvion ansiosta renkaassa on erinomainen pito ja ajomukavuus. Pintakuvio ei mene helposti tukkoon pehmeässä maastossa. Rengas sopii niin metsäpoluille kun maantielleKoko: 26 x 11.00 - 12Harja: 20mmTaakseE-tieliikennehyväksytty,217.6,CST,
4893952000,CST mönkijän rengas Wild Thang CU06 30x11.00-14 6-Ply M+S 79J,https://tarvike.com/product/cst-monkijan-rengas-wild-thang-cu06-30x1100-14-6-ply-ms-79j-77809,https://media.tarvike.com/product/images/77809/original/27210.jpg,223.2,Wild Thangin kevyt ja kestävä rakenne mahdollistaa erinomaisen ajotuntuman ja pidon kaikilla alustoilla.Koko: 30 x 11.00 - 14Harja: 30mmTaakseE-tieliikennehyväksytty,223.2,CST,
4893693000,ITP mönkijän rengas Mud Lite 27x12.00-12 (300/75-12) E-hy,https://tarvike.com/product/itp-monkijan-rengas-mud-lite-27x1200-12-30075-12-e-hy-77635,https://media.tarvike.com/product/images/77635/original/27004.jpg,205.0,Varaosat ja lisävarusteet.,205.0,ITP,
4893595000,"Maxxis Sisärengas 22 x 8,00/9,00 - 10 TR13",https://tarvike.com/product/maxxis-sisarengas-22-x-800900-10-tr13-77850,https://media.tarvike.com/product/images/77850/original/27275.jpg,23.8,"22 x 8,00/9,00-10TR13",23.8,Maxxis,
4893591000,"Maxxis Sisärengas 24 x 9,00 - 11 TR13",https://tarvike.com/product/maxxis-sisarengas-24-x-900-11-tr13-77848,https://media.tarvike.com/product/images/77848/original/27268.jpg,25.8,"24 x 9,00-11TR13",25.8,Maxxis,
4893544000,"ITP Hurricane vanne 15x7 4/137 5+2, mattamusta",https://tarvike.com/product/itp-hurricane-vanne-15x7-4137-52-mattamusta-77765,https://media.tarvike.com/product/images/77765/original/27170.jpg,216.0,"Sopivuus: Can-AmTuuma: 15""Pulttijako: 4/137Offset: 5+2Vanne eteen ja taakse",216.0,ITP,
4893536000,"ITP Hurricane vanne 14x7 4/137 5+2, mattamusta",https://tarvike.com/product/itp-hurricane-vanne-14x7-4137-52-mattamusta-77761,https://media.tarvike.com/product/images/77761/original/27156.jpg,189.0,"Sopivuus: Can-AmTuuma: 14""Pulttijako 4/137Offset: 5+2Vanne eteen ja taakse",189.0,ITP,
4893531000,"ITP Hurricane vanne 12x7 4/137 5+2, mattamusta",https://tarvike.com/product/itp-hurricane-vanne-12x7-4137-52-mattamusta-77758,https://media.tarvike.com/product/images/77758/original/27142.jpg,159.0,"Sopivuus: Can-AmTuuma: 12""Pulttijako 4/137Vanne eteen ja taakseOffset: 5+2",159.0,ITP,
4893526000,"ITP SS212 vanne 15x7 4/56 4+3 Polaris, YXZ1000",https://tarvike.com/product/itp-ss212-vanne-15x7-456-43-polaris-yxz1000-77755,https://media.tarvike.com/product/images/77755/original/27148.png,199.0,"Tuuma: 15Pulttijako 4/156Offset: 4+3Vanne eteen ja taakseMutterisarja: 74-086Väri hopeaSopii myös Yamaha YXZ1000 vm. 2019 ja uudemmat, mutterisarjalla 74-079",199.0,ITP,
19140081002,Bronco vinssin vaijeri 15m,https://tarvike.com/product/bronco-vinssin-vaijeri-15m-77563,https://media.tarvike.com/product/images/77563/original/26873.jpg,28.4,Varaosat ja lisävarusteet.,28.4,Bronco,
19140077002,Bronco vinssin katkaisija pikaliittimellä,https://tarvike.com/product/bronco-vinssin-katkaisija-pikaliittimella-77559,https://media.tarvike.com/product/images/77559/original/26865.jpg,35.4,Varaosat ja lisävarusteet.,35.4,Bronco,
19140059002,Bronco Vinssi 3500 Black Edition,https://tarvike.com/product/bronco-vinssi-3500-black-edition-77574,https://media.tarvike.com/product/images/77574/original/26896.jpg,325.0,"CE-hyväksyttyVetokyky: 1460kgVaijeriohjain isolla rullallaKolmivaiheinen planeettapyörästö10m x 5.5mm Synteettinen köysi, harmaaMusta koukku ja TopparikumiLangaton kauko-ohjain + Ohjaustankoon sijoitettava kytkinTehdastakuu 2 vuotta",325.0,Bronco,
19140047002,Bronco vinssin kiinnikesarja taakse Polaris XP,https://tarvike.com/product/bronco-vinssin-kiinnikesarja-taakse-polaris-xp-77522,https://media.tarvike.com/product/images/77522/original/26802.jpg,181.0,Bronco vinssin kiinnikesarja taaksePolaris 550 Sportsman X2 2010-2014Polaris 850 Sportsman X2 2011Polaris 850 Sportsman XP 2009-2015,181.0,Bronco,
1649547000,"ITP Vara avain 12x1,5mm mutterisarjalle",https://tarvike.com/product/itp-vara-avain-12x15mm-mutterisarjalle-130599,https://media.tarvike.com/product/images/130599/original/169783.jpg,7.0,"ITP Vara avain 12x1,5mm mutterisarjalle",7.0,ITP,
1521402002,ITP Mönkijän Rengas Mud Lite XL 27x12.00-14,https://tarvike.com/product/itp-monkijan-rengas-mud-lite-xl-27x1200-14-112870,https://media.tarvike.com/product/images/112870/original/167419.jpg,209.0,"Kuten Mud Lite AT, mutta korkeammalla harjalla.",209.0,ITP,
15154316000,Ultratec Tukkivarustus,https://tarvike.com/product/ultratec-tukkivarustus-134951,https://media.tarvike.com/product/images/134951/original/171939.jpg,769.0,Tukkivarustus mönkijän yleislava tai maansiirtolavakärryyn. Lavan toimituskulut lisätään hintaan. Asennusta tarvitaan,769.0,Ultratec,
8288212002,GKA/Tesseract Pika Kiinnityspulttisarja Cf Moto (4kpl),https://tarvike.com/product/gkatesseract-pika-kiinnityspulttisarja-cf-moto-4kpl-135106,https://media.tarvike.com/product/images/135106/original/172023.jpg,44.0,,44.0,GKA,
4894171000,GKA Kuljetuslaukku 2K,https://tarvike.com/product/gka-kuljetuslaukku-2k-79933,https://media.tarvike.com/product/images/79933/original/29265.jpg,396.0,"Valmistettu tukevasta polyeteenistäLukittavissaKiinnitys: U-PulttisarjaMitat: 690 x 1060 x 500mmPaino:12,5KgTilavuus:72 litraa",396.0,GKA,
4893519000,"ITP SS312 vanne 12x7 5+2 4/110, mattamusta",https://tarvike.com/product/itp-ss312-vanne-12x7-52-4110-mattamusta-77751,https://media.tarvike.com/product/images/77751/original/27151.jpg,154.0,"Sopivuus: CFMoto, Honda, Kawasaki, Suzuki, YamahaKoko: 12""Pulttijako 4/110Offset: 5+2Etu- ja takavanneKoneistettu mattamusta",154.0,ITP,
3094841001,ITP Mutterisarja 3/8-24 90° 16 kpl,https://tarvike.com/product/itp-mutterisarja-38-24-90-16-kpl-77723,https://media.tarvike.com/product/images/77723/original/27107.jpg,32.9,Varaosat ja lisävarusteet.,32.9,ITP,
19140056002,Bronco GEN II Vinssi 3500,https://tarvike.com/product/bronco-gen-ii-vinssi-3500-77571,https://media.tarvike.com/product/images/77571/original/26906.jpg,317.8,Täysin uudistettu Generation 2 -mallisto on varma valinta! Uusi vesitiivis rakenne merkitsee luotettavuutta vaativissa olosuhteissa.- Laatuluokitus: CE-merkintä- Vetokyky: 1460kg- Rullamallin narunohjain- Kolmivaiheinen planeettapyörästö- 10m x 5mm syntettinen köysi- Langaton kauko-ohjain + ohjaustankoon sijoitettava kytkin- Tehdastakuu: 2 vuotta,317.8,Bronco,
17912362001,"SHARK Quick attach pikakiinnikesarja Segway, CF Moto",https://tarvike.com/product/shark-quick-attach-pikakiinnikesarja-segway-cf-moto-127250,https://media.tarvike.com/product/images/127250/original/162238.png,49.9,Quick attach pikakiinnikesarja Segway ja CF Moto mönkijöihin.,49.9,Shark,
8543376001,Iron Baltic Kauhan mekaaninen kallistussarja,https://tarvike.com/product/iron-baltic-kauhan-mekaaninen-kallistussarja-145728,https://media.tarvike.com/product/images/145728/original/178869.jpg,125.5,Mekaaninen kallistussarja 1280 mm:n kauhan (20.6600) muuntosarjaan.,125.5,Iron Baltic,
6046001,Iron Baltic Vinssin asennussarja taakse Polaris,https://tarvike.com/product/iron-baltic-vinssin-asennussarja-taakse-polaris-145714,https://media.tarvike.com/product/images/145714/original/179710.jpg,100.4,"Takavinssin kiinnityssarja WARN-, COMEUP- tai BRONCO-vinsseille, joiden kiinnityspulttien jako on 76x124 mm (3""x4,87"").",100.4,Iron Baltic,
5454085000,"Mönkijän Peite, L-koko",https://tarvike.com/product/monkijan-peite-l-koko-127283,https://media.tarvike.com/product/images/127283/original/162435.jpg,49.9,"Mönkijän peite pitkille kahden istuttaville mönkijöille. 100% vedenpitävä, hengittävä ja helppokäyttöinen.",49.9,Shark,
5454061000,SHARK LED Työvalo 24W,https://tarvike.com/product/shark-led-tyovalo-24w-127277,https://media.tarvike.com/product/images/127277/original/162393.png,26.0,"Monipuolinen LED-valo mönkijöihin, maastoajoneuvoihin, veneisiin, työkoneisiin, traktoreihin ja muihin ajoneuvoihin. Hyväksytty tieliikennekäyttöön.",26.0,Shark,
5454052000,SHARK Garden 300 S ATV Kärry lisälaidoilla,https://tarvike.com/product/shark-garden-300-s-atv-karry-lisalaidoilla-127270,https://media.tarvike.com/product/images/127270/original/162355.png,549.0,"Kevyt mönkijäkärry kipillä, jossa on tilava muovilava ja käytännölliset teräksiset lisälaidat.",549.0,Shark,
5454045000,"SHARK Pehmeä ATV Laukku, iso",https://tarvike.com/product/shark-pehmea-atv-laukku-iso-127237,https://media.tarvike.com/product/images/127237/original/162163.png,199.0,"Tilava, monipuolinen ja vedenkestävä ATV laukku. Voidaan asentaa etu- tai takatelineelle. Erittäin kestävää polyesterikangasta, suojatut vetoketjut. Joustavat sidontanarut laukun päällä muiden tavaroiden kiinnittämiseen.",199.0,Shark,
5232951000,Polaris mönkijän nastarengas-alumiinivannepaketti (1kpl),https://tarvike.com/product/polaris-monkijan-nastarengas-alumiinivannepaketti-1kpl-101910,https://media.tarvike.com/product/images/101910/original/118742.jpg,364.0,"Myydään kappaleittain, sis. vanne + rengas
Turvallisesti myös talvella!
ITP Hurricane 15x7 4/156 4+3 alumiinivanne sekä 205/65-15 nastarengas -paketti Polaris Sportsman, RZR sekä Ranger-mönkijöihin sekä Yamaha YZX1000 mönkijään vm. 2019 ja uudempiin (mutterisarjalla 74-079). Vanne: 15x7 4/156 4+3",364.0,TARVIKE.COM,
5105000,Iron Baltic Pikakiinntyspuristin (pikakiinnitys ankkurille),https://tarvike.com/product/iron-baltic-pikakiinntyspuristin-pikakiinnitys-ankkurille-145791,https://media.tarvike.com/product/images/145791/original/178900.jpg,75.3,"Yleismallinen kiinnitystappi / lukituspuristin lisävarusteiden kiinnittämiseen Polariksen ja muiden mönkijöiden ja UTV-ajoneuvojen telineisiin ja lava-autoihin, joissa on ""Lock&Ride""-tyyppi ja vastaavan halkaisijan omaavat liitosaukot.",75.3,Iron Baltic,
4894137000,Segway Snarler etulaatikko,https://tarvike.com/product/segway-snarler-etulaatikko-60983,https://media.tarvike.com/product/images/60983/original/17572.jpg,302.6,"Segway etulaatikko Snarler -mönkijöihin.Koko: 415 x 1083 x 269 mmTilavuus: 37,5 LMateriaali: HDPE",302.6,Segway,
4865002,Iron Baltic Puskulevy 128cm,https://tarvike.com/product/iron-baltic-puskulevy-128cm-99539,https://media.tarvike.com/product/images/99539/original/113453.png,439.5,"Kestävä teräsrakenne, sopii lumen auraukseen tai hiekan, mullan, soran jne. työntämiseen. Kaareva muotoilu, joka parantaa lumen/lian vierimistä pois missä tahansa kulmassa.",439.5,Iron Baltic,
4848002,Iron Baltic 2-in-1 Modulaari kauha,https://tarvike.com/product/iron-baltic-2-in-1-modulaari-kauha-145730,https://media.tarvike.com/product/images/145730/original/178877.jpg,1035.0,"2-in-1 modulaarinen aurauskauha on tehokas monikäyttöinen työkalu, jota voidaan käyttää puhdistus-, tasoitus- ja siirtotöihin. Sitä voidaan käyttää sekä normaalina kauhana että puskutraktorin/lumiauran tavoin.",1035.0,Iron Baltic,
19733777002,"Shark ATV polttoainesäiliö AX105 for SEGWAY AT10, CFMOTO X850 / X1000 (Gen.2)",https://tarvike.com/product/shark-atv-polttoainesailio-ax105-for-segway-at10-cfmoto-x850-x1000-gen2-126894,https://media.tarvike.com/product/images/126894/original/161278.jpg,329.0,"Järeä ja tilava ATV kuljetuslaatikko (taakse) on täydellinen ratkaisu kaikkiin viikonloppu-, retkeily- tai työvarusteisiisi. Valmistettu korkealaatuisesta iskunkestävästä polyeteenistä, vesi- ja pölytiivis. Kaksi takaheijastinta, lukitus kahdella lukolla metallisoljilla, Quick attach pikakiinnikkeet, tilavuus 105 L. Ilman polttoainesäiliötä.",329.0,Shark,
19546840002,Can-Am mönkijän kesärengas-alumiinivannepaketti (1kpl),https://tarvike.com/product/can-am-monkijan-kesarengas-alumiinivannepaketti-1kpl-101905,https://media.tarvike.com/product/images/101905/original/204471.png,320.0,"Myydään kappaleittain, sis. vanne + rengas
ITP Hurricane 15x7 4/137 5+2 alumiinivanne sekä 205/65-15 kesärengas -paketti Can-Am, Bombardier sekä Kawasaki -mönkijöihin.",320.0,{},
19179617002,Rammy mönkijän lumilinko 120 ATV EC 306 cm3,https://tarvike.com/product/rammy-monkijan-lumilinko-120-atv-ec-306-cm3-61250,https://media.tarvike.com/product/images/61250/original/18144.jpg,4443.0,"Rammy Lumilinko 120 ATV EC on ketterä ja tehokas lumilinko mönkijään. Sillä teet lumityöt kertaheitolla. Lumilinko sopii pienille pihoille ja pitkälle pihatielle. Rammy mönkijän lumilinko on kevyt ja pienikokoinen, joten mönkijäsi ketteryys ja maastokelpoisuus säilyvät hyvänä.Uusi tehokkaampi Brigss&Stratton 1450 talvimoottori 306 cm3 ja sähköiset ohjaustoiminnot, kulutus 1,5-2 l/h. Vääntömomentti 20 Nm. Aurausleveys 120 cm. Säädettävän rungon avulla lumilinko sopii lähes kaikkiin 4×4 mönkijöihin, joissa on vinssi. Vakiona Sähköstartti 230 V ja sähköiset hallintalaitteetTarvitset myös keskiasennussarjan, esimerkiksi 75-12507 sopii useimpiin mönkijöihin.",4443.0,Rammy,
19140302002,Iron Baltic UTV HD Etukiinnitteinen työvälinerunko,https://tarvike.com/product/iron-baltic-utv-hd-etukiinnitteinen-tyovalinerunko-99548,https://media.tarvike.com/product/images/99548/original/113464.jpg,470.5,"Mallikohtainen, vahvistettu UTV-asennusadapteri, jota tarvitaan UTV-työvälinerunko asentamiseen (tavalliset etuasennussovittimet eivät ole yhteensopivia UTV-työntöputkien kanssa).",470.5,Iron Baltic,
18340652001,Mönkijän Jääketjupari Promotion 615,https://tarvike.com/product/monkijan-jaaketjupari-promotion-615-44424,https://media.tarvike.com/product/images/44424/original/16954.jpg,99.0,"Salmiakkikuvioinen, nastallinen 5,3 mm ketjuNasta 6 mm",99.0,Noco,
18340650001,Promotion Mönkijän Jääketjupari 610,https://tarvike.com/product/promotion-monkijan-jaaketjupari-610-44423,https://media.tarvike.com/product/images/44423/original/16947.jpg,99.0,"Sopii useimpiin 24"" - 26"" renkaisiin.Salmiakkikuvioinen, nastallinen 5,3 mm ketjuNasta 6 mm",99.0,Noco,
18340630001,StrongLine Synteettinen köysi 4500lb/2045kg 15.2m,https://tarvike.com/product/strongline-synteettinen-koysi-4500lb2045kg-152m-44409,https://media.tarvike.com/product/images/44409/original/16943.jpg,47.9,"Vetolujuus max. 4500 lb / 2045 kgØ 6,0 mmPituus 15,2 mEi nostokäyttöön",47.9,StrongLine,
18340628001,StrongLine Synteettinen köysi 3500lb/1590kg 15.2m,https://tarvike.com/product/strongline-synteettinen-koysi-3500lb1590kg-152m-44408,https://media.tarvike.com/product/images/44408/original/16927.jpg,43.9,"Vetolujuus max. 3500 lb / 1590 kgØ 4,8 mmPituus 15,2 mEi nostokäyttöön",43.9,StrongLine,
18340005001,DEFA kytkentäsarja 785 Polaris 570 malleihin,https://tarvike.com/product/defa-kytkentasarja-785-polaris-570-malleihin-43824,https://media.tarvike.com/product/images/43824/original/185421.jpg,77.0,"Defa kytkentäsarja Polaris 570 malleihin, yhteensopiva Defa säteilylämmitimen kanssa. Pakkaus sisältää 1.5m elementtikaapelin ja 2.5m verkkojohdon sekä kiinnityssarjan.",77.0,Defa,
18339549001,"Mönkijän nastarengas-alumiinivannepaketti (1kpl), CFMoto, Yamaha, Honda, Access",https://tarvike.com/product/monkijan-nastarengas-alumiinivannepaketti-1kpl-cfmoto-yamaha-honda-access-101903,https://media.tarvike.com/product/images/101903/original/118758.jpg,364.0,"Myydään kappaleittain, sis. vanne + rengas
ITP Hurricane 15x7 4/110 5+2 alumiinivanne sekä 205/65-15 nastarengas -paketti Yamaha sekä Access -mönkijöihin. Rengasvannepaketit myydään kappaleittain.
ITP:n uusin vannepuolien X-muoto on poikkeuksellisen kestävä. Uusi Rock Armor -vahvistettu sisempi vanne tekee kestävästä vanteesta vieläkin luodinkestävämmän. Jokaisen vanteen mukana tulee ulkonäköön istuva SS -keskiö.",364.0,{},
17912358001,SHARK Monikäyttöiset Työkalupidikkeet (32-45 mm) 2kpl,https://tarvike.com/product/shark-monikayttoiset-tyokalupidikkeet-32-45-mm-2kpl-127244,https://media.tarvike.com/product/images/127244/original/162198.png,21.9,"Shark monikäyttöiset heavy-duty työkalupidikkeet tarttuvat nopeasti ja helposti erilaisiin ATV/UTV lisävarusteisiin, aseisiin, onkivapoihin sekä metsä-, koti- ja puutarhatyökaluihin, joiden halkaisija on 32-45 mm . Sään, UV:n ja suolaveden kestävä.",21.9,Shark,
10711916000,Pyörä 22X12-8 4PR Oikea,https://tarvike.com/product/pyora-22x12-8-4pr-oikea-148969,https://media.tarvike.com/product/images/148969/original/180754.webp,122.0,,122.0,IKH,
10711915000,Pyörä 22X12-8 4PR Vasen,https://tarvike.com/product/pyora-22x12-8-4pr-vasen-148968,https://media.tarvike.com/product/images/148968/original/180755.webp,122.0,,122.0,IKH,
7755785002,Bronco Salpakoukun stopparikumi vaijeriohjaimelle,https://tarvike.com/product/bronco-salpakoukun-stopparikumi-vaijeriohjaimelle-130596,https://media.tarvike.com/product/images/130596/original/169780.jpg,18.2,Estää vaijerikoukun jumittumisen köysi- tai vaijeriohjaimen aukkoonSuojaa köysi- ja vaijerinohjainta vaijerikoukun aiheuttamilta kolhuiltaEi kolisevaa salpakoukkua kun voit huoletta kirsitää koukun ohjainta vasten kun vinssi ei ole käytössäHelppo asentaa avautuvan rakenteen ansiostaJoustavaa kumia,18.2,Bronco,
4920236000,Bronco mönkijän suojapeite,https://tarvike.com/product/bronco-monkijan-suojapeite-79396,https://media.tarvike.com/product/images/79396/original/28466.jpg,59.0,"Valmistettu kumipinnoitetusta polyesterkankaasta.Kiristyshihnat alareunassa.Yleismalli useimpiin 500 cc ja suurempiin nelipyöriin, ei jatkettuihin ATV:hin.Väri: MustaKoko: XLMateriaali: 150D Polyeste",59.0,Bronco,
4894207000,GKA Kuljetuslaukku Polaris Touring 570,https://tarvike.com/product/gka-kuljetuslaukku-polaris-touring-570-79952,https://media.tarvike.com/product/images/79952/original/29350.jpg,332.0,Suunniteltu Polaris Touring ATV malliin.PikakiinnitysVesitiivisLukittavaTilavuus: 115L,332.0,GKA,
4894177000,GKA Kuljetuslaukku Smart Taakse,https://tarvike.com/product/gka-kuljetuslaukku-smart-taakse-79936,https://media.tarvike.com/product/images/79936/original/29293.jpg,271.0,"Valmistettu tukevasta polyeteenistäKiinnitys: U-PulttisarjaMitat: 390 x 970 x 543mmPaino: 5,9kgTilavuus: 85 Litraa",271.0,GKA,
4894169000,GKA Kuljetuslaukku Max Ride,https://tarvike.com/product/gka-kuljetuslaukku-max-ride-79932,https://media.tarvike.com/product/images/79932/original/29263.jpg,439.0,"Valmistettu tukevasta polyeteenistäLukittavissaKiinnitys: U-PulttisarjaMitat: 485 x 1090 x 485mmPaino:13,7KgTilavuus: 76 litraa",439.0,GKA,
4894161000,Sno-X Kirvespidike,https://tarvike.com/product/sno-x-kirvespidike-79833,https://media.tarvike.com/product/images/79833/original/29127.jpg,24.3,"Kestävää muoviaHelppo kiinnittää mönkijään, moottorikelkkaan tai ATV laukkuun.Sisältää kiinnityssarjan.",24.3,Sno-X,
4894157000,Bronco tavaraverkko 100x50cm,https://tarvike.com/product/bronco-tavaraverkko-100x50cm-79393,https://media.tarvike.com/product/images/79393/original/28443.jpg,25.3,Bronco elastinen tavaraverkko kuljetukoreille tai kuorman kiinnitykseen tavaratelineissä.2kpl/pakkausKoko: 50 x 100cm,25.3,Bronco,
4894141000,Bronco moottorisahan/ polttoainekanisterin pidike,https://tarvike.com/product/bronco-moottorisahan-polttoainekanisterin-pidike-79383,https://media.tarvike.com/product/images/79383/original/28438.jpg,140.7,"Bronco moottorisahan/polttoainekanisterin pidike on tarkoitettu Stihl, Husqvarna ja Jonsered-merkeille.",140.7,Bronco,
4893959000,CST mönkijän rengas Stag CU58 25x8.00-12 8-Ply M+S 46mm,https://tarvike.com/product/cst-monkijan-rengas-stag-cu58-25x800-12-8-ply-ms-46mm-77812,https://media.tarvike.com/product/images/77812/original/27223.jpg,150.3,Stag:in epäsymmetrisen ja koukunmuotoisen pintakuvion ansiosta renkaassa on erinomainen pito ja ajomukavuus. Pintakuvio ei mene helposti tukkoon pehmeässä maastossa. Rengas sopii niin metsäpoluille kun maantielleKoko: 25 x 8.00 - 12Harja: 18mmEteenE-tieliikennehyväksytty,150.3,CST,
4893597000,"Maxxis Sisärengas 25 x 12,00 - 10 TR13",https://tarvike.com/product/maxxis-sisarengas-25-x-1200-10-tr13-77851,https://media.tarvike.com/product/images/77851/original/27259.jpg,29.4,"25 x 12,00-10TR13",29.4,Maxxis,
4893506000,"ITP SS212 vanne 12x7 4/137 5+2, musta koneistettu",https://tarvike.com/product/itp-ss212-vanne-12x7-4137-52-musta-koneistettu-77741,https://media.tarvike.com/product/images/77741/original/27131.jpg,166.0,"Sopivuus: Can-AmKoko: 12""Pulttijako: 4/137Offset: 5+2Vanne eteen ja taakse",166.0,ITP,
3094836001,Bronco Vanteen levityspulttisarja 35/10mm,https://tarvike.com/product/bronco-vanteen-levityspulttisarja-3510mm-77703,https://media.tarvike.com/product/images/77703/original/27079.jpg,46.5,"35 / 10 mm 1,258 kappaletta",46.5,Bronco,
19140226002,"Kimpex Click N Go 2 kiinnikesarja, UTV Polaris",https://tarvike.com/product/kimpex-click-n-go-2-kiinnikesarja-utv-polaris-79365,https://media.tarvike.com/product/images/79365/original/28411.jpg,293.5,Kimpex Click N Go2 puskulevyn kiinnikesarja Polaris UTV-mönkijöihin. Tarkista sopivuus laitteeseen Tiedostot- osiosta.,293.5,Kimpex,
19140210002,Kimpex Click N Go 2 puskulevyn jatkopala,https://tarvike.com/product/kimpex-click-n-go-2-puskulevyn-jatkopala-79348,https://media.tarvike.com/product/images/79348/original/28373.jpg,379.6,"Kimpex Click n Go2 puskulevyjen rungon jatkopala(mönkijät telasarjalla).Jatkopala on yhteensopiva 75-373993, 75-373953, 75-373954 ja 75-373994 Kimpex puskulevyjen kanssa.",379.6,Kimpex,
19140178002,Bronco puskulevyn kiinnikesarja Super Yleismalli,https://tarvike.com/product/bronco-puskulevyn-kiinnikesarja-super-yleismalli-79317,https://media.tarvike.com/product/images/79317/original/28320.jpg,131.3,Varaosat ja lisävarusteet.,131.3,Bronco,
19140166002,Bronco työvälinerungon jatkopala,https://tarvike.com/product/bronco-tyovalinerungon-jatkopala-79305,https://media.tarvike.com/product/images/79305/original/28304.jpg,198.4,Bronco työvälinerungon jatkopala on yhteensopiva Broncon työvälinerungon 75-12471-0Pituus 38cm,198.4,Bronco,
19140074002,"Bronco Synteettinen vinssin köysi 10m x  5,5mm",https://tarvike.com/product/bronco-synteettinen-vinssin-koysi-10m-x-55mm-77556,https://media.tarvike.com/product/images/77556/original/26848.jpg,65.8,"Pituus 10mPaksuus 5,5mSuurin kuorma: 3600kgVäri: Harmaa",65.8,Bronco,
19140067002,Bronco juontosakset,https://tarvike.com/product/bronco-juontosakset-77549,https://media.tarvike.com/product/images/77549/original/26853.jpg,84.0,"Sähkösinkitty, puun maks. Ø 30 cm",84.0,Bronco,
19140061002,"Bronco 2000 kelkkavinssi myös mönkijöille, trailereille",https://tarvike.com/product/bronco-2000-kelkkavinssi-myos-monkijoille-trailereille-77576,https://media.tarvike.com/product/images/77576/original/26921.jpg,254.1,"Merkittävä turvallisuusvaruste mm. yksin liikkuville kelkkailijoille, suunniteltu käytettäväksi useissa eri laitteissa mm. mönkijöissä sekä trailereissa.Ei kiinteästi asennettavissa.Bronco vesitiivis rakenne merkitsee luotettavuutta vaativissa olosuhteissa.Laatuluokitus: CE-merkintäVetokyky: 907 kg15m x 4mm teräsvaijeri.Tehdastakuu 2v.",254.1,Bronco,
17318899001,"Bronco Nylon Pyörä, Musta",https://tarvike.com/product/bronco-nylon-pyora-musta-79410,https://media.tarvike.com/product/placeholders/productImageComingSoong.jpg,13.7,Varaosat ja lisävarusteet.,13.7,Bronco,
17315728001,Bronco Mönkijän tuulilasi 46x91cm,https://tarvike.com/product/bronco-monkijan-tuulilasi-46x91cm-79390,https://media.tarvike.com/product/images/79390/original/28448.jpg,109.5,"Mönkijän kirkas 3,5mm paksu tuulisuoja ATV-malleihin.Aukko ajovalolleMukana kiinnittyssarjaYleismalli",109.5,Bronco,
17297310001,Bronco Diamond V-bar mönkijän lumiketjut 137 x 36cm,https://tarvike.com/product/bronco-diamond-v-bar-monkijan-lumiketjut-137-x-36cm-77777,https://media.tarvike.com/product/images/77777/original/27169.jpg,130.6,Mönkijän renkaan piikkiketju salmiakkikuviolla.137x36cm,130.6,Bronco,
17297303001,"Bronco V-Cut mönkijän nastat 4,76mm x 12,7mm",https://tarvike.com/product/bronco-v-cut-monkijan-nastat-476mm-x-127mm-77770,https://media.tarvike.com/product/images/77770/original/27175.jpg,42.5,"4,76mm x 12,7mm250 kpl",42.5,Maxi Grip,
15154314000,Ultratec Taittuva karikka,https://tarvike.com/product/ultratec-taittuva-karikka-134949,https://media.tarvike.com/product/images/134949/original/171954.jpg,94.9,Ultratec Taittuva karikka,94.9,Ultratec,
4894304000,Tesseract Kuljetuslaukku Polaris Ranger 500,https://tarvike.com/product/tesseract-kuljetuslaukku-polaris-ranger-500-79991,https://media.tarvike.com/product/images/79991/original/29465.png,428.0,"Täysi setti: 4 kumilukkoa, 4 pikakiinnitystä.Mitat: 1360*390*420mmTilavuus: 155l",428.0,TESSERACT,
4894167000,GKA 8030 ATV kuljetuslaukku,https://tarvike.com/product/gka-8030-atv-kuljetuslaukku-79931,https://media.tarvike.com/product/images/79931/original/29269.jpg,303.0,"Valmistettu tukevasta polyeteenistäLukittavissaKiinnitys: D-PulttisarjaMitat: 400 x 550 x 970mmPaino: 10,33Tilavuus: 96 litraa",303.0,GKA,
4893580000,"Maxxis Sisärengas 16 x 7,00/8,00 - 7 TR13",https://tarvike.com/product/maxxis-sisarengas-16-x-700800-7-tr13-77843,https://media.tarvike.com/product/images/77843/original/27270.jpg,16.2,"16 x 7,00/8,00-7TR13",16.2,Maxxis,
3094869001,ITP Pyöränmutterisarja 10 x 1.50mm 60° kartio kromi 16 kpl,https://tarvike.com/product/itp-pyoranmutterisarja-10-x-150mm-60-kartio-kromi-16-kpl-128924,https://media.tarvike.com/product/images/128924/original/167946.jpg,32.9,Pyöränmutterisarja 16kpl,32.9,Bronco,
3094851001,"Mutterisarja 10mm x 1,25mm 90°",https://tarvike.com/product/mutterisarja-10mm-x-125mm-90-77733,https://media.tarvike.com/product/images/77733/original/27133.jpg,32.9,Varaosat ja lisävarusteet.,32.9,ITP,
3094834001,Bronco levikepalat 2 4/156 3/8-24,https://tarvike.com/product/bronco-levikepalat-2-4156-38-24-77701,https://media.tarvike.com/product/images/77701/original/27090.jpg,101.2,"PolarisMyydään pareittain, sisältää mutterit ja pultit",101.2,Bronco,
3094826001,Bronco levikepalat 1 4/110,https://tarvike.com/product/bronco-levikepalat-1-4110-77693,https://media.tarvike.com/product/images/77693/original/27081.jpg,62.8,"Honda, Suzuki, YamahaMyydään pareittain, sisältää mutterit ja pultit",62.8,Bronco,
19140361002,Camso vaihtopyörä 202mm,https://tarvike.com/product/camso-vaihtopyora-202mm-79027,https://media.tarvike.com/product/images/79027/original/27891.png,72.0,Camso telasarjoihin yhteensopiva vaihtopyörä.202mm,72.0,Camso,
19140211002,Kimpex Click N Go 2 puskulevyn kulmalevyt,https://tarvike.com/product/kimpex-click-n-go-2-puskulevyn-kulmalevyt-79349,https://media.tarvike.com/product/images/79349/original/28367.jpg,171.1,"Kimpex Click n GO2 kulmapalat UTV-mönkijöihin. Erittäin hyvä lisävaruste, kun lunta halutaan kerätä auratessa. Jatkopala käy 75-373953 ja 75-373954 Kimpex puskulevyjen kanssa.",171.1,Kimpex,
19140168002,"Bronco puskulevyn kiinnikesarja, Polaris",https://tarvike.com/product/bronco-puskulevyn-kiinnikesarja-polaris-79307,https://media.tarvike.com/product/images/79307/original/28296.jpg,140.7,Bronco puskulevyn kiinnityssarja Polaris mönkijöihin. Tarkempi sopivuus teknisissä tiedoissa.,140.7,Bronco,
19140160002,Bronco Hammastettu kulutusterä,https://tarvike.com/product/bronco-hammastettu-kulutustera-79299,https://media.tarvike.com/product/images/79299/original/28293.jpg,56.7,Hammastettu Bronco kulutusterä.Sopii Bronco-puskulevyihin 136/145/152/165 ja Kimpex-puskulevyihin 137/152/168. Pultit ja mutterit eivät sisälly pakkaukseen.Pituus 167 cm ja paksuus 5 mm.,56.7,Bronco,
19140064002,Bronco vinssin kiinnikesarja taakse Ranger 570,https://tarvike.com/product/bronco-vinssin-kiinnikesarja-taakse-ranger-570-77531,https://media.tarvike.com/product/images/77531/original/26818.jpg,127.5,Bronco vinssin kiinnikesarja taakse Polaris Ranger 570Kiinnitysosan koko: 76x124 mm,127.5,Bronco,
17297313001,Bronco Diamond v-bar mönkijän lumiketjut 175x46cm,https://tarvike.com/product/bronco-diamond-v-bar-monkijan-lumiketjut-175x46cm-77780,https://media.tarvike.com/product/images/77780/original/27192.jpg,143.7,Mönkijän renkaan piikkiketju salmiakkikuviolla.175x46cm,143.7,Bronco,
1649552000,"Bronco Levikepalat UTV 1"" 4/156-12mm x 1.50 pari",https://tarvike.com/product/bronco-levikepalat-utv-1-4156-12mm-x-150-pari-130612,https://media.tarvike.com/product/images/130612/original/169799.jpg,68.9,"Bronco Levikepalat UTV 1"" 4/156-12mm x 1.50 pari",68.9,Bronco,
14604265001,Bronco Hydrauliyksikkö 77-12191 & 77-12191-1:lle,https://tarvike.com/product/bronco-hydrauliyksikko-77-12191-77-12191-1lle-130643,https://media.tarvike.com/product/images/130643/original/169814.jpg,1101.0,Hydrauliyksikkö 77-12191 nosturikärrylle tai tee-se-itse projektille mihin tarvitaan valmis hydrauliikkapaketti.,1101.0,Bronco,
9439057000,"Iron Baltic UTV Työvälinerunko, etukiinnitys",https://tarvike.com/product/iron-baltic-utv-tyovalinerunko-etukiinnitys-145737,https://media.tarvike.com/product/images/145737/original/178866.jpg,470.5,"Iron Baltic UTV Työvälinerunko, etukiinnitteinen.",470.5,Iron Baltic,
8793038002,Takakuormakisko,https://tarvike.com/product/takakuormakisko-168860,https://media.tarvike.com/product/images/168860/original/190445.jpg,69.0,,69.0,Segway,
8537610001,Iron Baltic asennussarja Segway Snarler AT6,https://tarvike.com/product/iron-baltic-asennussarja-segway-snarler-at6-145702,https://media.tarvike.com/product/images/145702/original/178856.jpg,100.4,Iron Baltic asennussarja Segway Snarler AT6 L ja S mönkijöihin.,100.4,Iron Baltic,
769273001,Honda TRX520 FPA T3b traktorimönkijä,https://tarvike.com/product/honda-trx520-fpa-t3b-traktorimonkija-61186,https://media.tarvike.com/product/images/61186/original/17988.jpg,14490.0,Honda TRX520 FPA T3b ääriolojen traktorimönkijä ja ammattilaisten arvostama vaativien töiden ja haastavien maastojen kuningas.,14490.0,Honda,
675807002,Iron Baltic Etukiinnitteinen asennussarja: Segway Snarler AT6 2023+,https://tarvike.com/product/iron-baltic-etukiinnitteinen-asennussarja-segway-snarler-at6-2023-144870,https://media.tarvike.com/product/images/144870/original/176288.jpg,201.0,Sopii facelift-malliin (vuoden 2023 lopusta alkaen) Snarler AT6! Mallikohtainen kiinnikesarja etukiinnitteiseen auralaitteistoon.,201.0,Iron Baltic,
5211801000,Shark Quick yleissovitin puskulevyyn,https://tarvike.com/product/shark-quick-yleissovitin-puskulevyyn-126899,https://media.tarvike.com/product/images/126899/original/161289.jpg,379.0,Universaali pika-adapteri kaikkien mallien kiinnittämiseen.,379.0,Shark,
5211800000,"Shark Puskulevy 60"" Deluxe musta (152 cm)",https://tarvike.com/product/shark-puskulevy-60-deluxe-musta-152-cm-126895,https://media.tarvike.com/product/images/126895/original/161281.jpg,419.0,"Vahva ja kestävä Shark ATV/UTV polyeteeniaura mahdollistaa suuret auraustyöt muutamassa minuutissa. Innovatiiviset Shark-lumiaurat ovat todistetusti paremman suorituskyvyn ja kestävyyden kuin teräsaurat. Polyeteeniaurat ovat hiljaisempia, ystävällisempiä aurauspinnoille - eivätkä koskaan ruostu!",419.0,Shark,
5052000,Iron Baltic Kauhan muutossarja 1280mm,https://tarvike.com/product/iron-baltic-kauhan-muutossarja-1280mm-145727,https://media.tarvike.com/product/images/145727/original/178865.jpg,251.0,Helppo asenteinen Iron Baltic Kauhan muutossarja.,251.0,Iron Baltic,
5047000,"Lukot, pari",https://tarvike.com/product/lukot-pari-145812,https://media.tarvike.com/product/images/145812/original/178920.jpg,62.8,Iron Baltic lukkopari työvälinerungoille: 20.6200 / 20.6400,62.8,Iron Baltic,
4893898000,ITP Delta teräsvanne silver 12x7 4/110 4+3,https://tarvike.com/product/itp-delta-terasvanne-silver-12x7-4110-43-77713,https://media.tarvike.com/product/images/77713/original/27109.jpg,100.2,"Sopivuus: Yamaha GrizzlyKoko: 12""Pulttijako: 4/110Offset: 4+3Yamaha Grizzly",100.2,ITP,
4893565000,"Maxxis mönkijän rengas MU01 Zilla 28 x 10,00 - 12 6Pr",https://tarvike.com/product/maxxis-monkijan-rengas-mu01-zilla-28-x-1000-12-6pr-77793,https://media.tarvike.com/product/images/77793/original/27194.jpg,220.7,"Koko: 28 x 10,00 - 12Harja: 30mmEi tieliikennekäyttöönEteen",220.7,Maxxis,
2322926002,Shark Takalaatikko AX97 Linhai Landforce 650 / 550 mönkijään,https://tarvike.com/product/shark-takalaatikko-ax97-linhai-landforce-650-550-monkijaan-173493,https://media.tarvike.com/product/images/173493/original/194162.png,349.0,"Suuri, kuiva säilytyslaatikko Linhai Landforce 650 / 550 mönkijöihin. Valmistettu korkealaatuisesta, iskunkestävästä HDPE-muovista (High Density Polyethylene). Laatikkossa kuljettat kaiken tarvittavan matkustamiseen, työntekoon, kalastukseen tai metsästykseen. Kansi suljetaan kahdella lukittavalla salpalla.",349.0,Shark,
19477597002,Shark ATV laatikko AX92 for CF MOTO X450/X520 (Gen.1),https://tarvike.com/product/shark-atv-laatikko-ax92-for-cf-moto-x450x520-gen1-126914,https://media.tarvike.com/product/images/126914/original/161343.jpg,269.0,"Kuivasäilytys mönkijälaatikko kielekkeellä ja urakansijärjestelmällä mönkijöille. Tämä laatikko on valmistettu korkealaatuisesta iskunkestävästä High Density Polyeteenistä, ja siinä on kaikki mitä tarvitset matkustamiseen, työskentelyyn, kalastukseen tai metsästykseen. Kansi on suljettu kahdella lukittavalla salvalla.",269.0,Shark,
19140227002,"Kimpex Click N Go 2 kiinnikesarja, UTV Polaris RZR 900",https://tarvike.com/product/kimpex-click-n-go-2-kiinnikesarja-utv-polaris-rzr-900-79366,https://media.tarvike.com/product/images/79366/original/28423.jpg,100.2,Kimpex Click N Go2 puskulevyn kiinnikesarja Polaris UTV-mönkijöihin. Tarkempi sopivuus teknisissä tiedoissa.Kiinnikesarja sopii Kimpexin 75-373953 ja 75-373954 puskulevyjen kanssa.,100.2,Kimpex,
18340007001,DEFA kytkentäsarja 785 Polaris 570 malleihin,https://tarvike.com/product/defa-kytkentasarja-785-polaris-570-malleihin-43825,https://media.tarvike.com/product/images/43825/original/185422.jpg,96.0,"Defa kytkentäsarja Polaris 570 malleihin, yhteensopiva Defa säteilylämmitimen kanssa. Pakkaus sisältää 1.5m elementtikaapelin ja 5.0m verkkojohdon sekä kiinnityssarjan.",96.0,Defa,
17634088001,"Shark Puskulevy 59"" Steel musta (150 cm) QUICK-adapterilla",https://tarvike.com/product/shark-puskulevy-59-steel-musta-150-cm-quick-adapterilla-126907,https://media.tarvike.com/product/images/126907/original/161329.jpg,549.0,Vahva ja kestävä Shark ATV/UTV-aura. Suuri lumensiirtokapasiteetti ja ylivoimainen lumen kaatumissuorituskyky. Aura yleisadapterilla,549.0,Shark,
17634087001,"Shark Puskulevy 67"" Teräs musta (170 cm) QUICK-adapterilla",https://tarvike.com/product/shark-puskulevy-67-teras-musta-170-cm-quick-adapterilla-126906,https://media.tarvike.com/product/images/126906/original/161326.jpg,580.0,Vahva ja kestävä Shark ATV/UTV-aura. Suuri lumensiirtokapasiteetti ja ylivoimainen lumen kaatumissuorituskyky. Aura yleisadapterilla,580.0,Shark,
17315739001,Levikesarja Scrambler 850 / 1000,https://tarvike.com/product/levikesarja-scrambler-850-1000-93762,https://media.tarvike.com/product/images/93762/original/58923.jpg,333.0,,333.0,Tarvikekeskus,
17315732001,Kimpex Flare Gen II tuulisuojan kiinnityssarja honda,https://tarvike.com/product/kimpex-flare-gen-ii-tuulisuojan-kiinnityssarja-honda-79403,https://media.tarvike.com/product/images/79403/original/28468.jpg,53.7,Kimpexin Honda kiinnittyssarja tuulilaseihin: 76-479803 ja 76-479200Sopivuus Honda.Sopivuustaulukko lisätiedoissa,53.7,Kimpex,
11622566000,Jäänastan Kiristys-Irrotusavain,https://tarvike.com/product/jaanastan-kiristys-irrotusavain-149035,https://media.tarvike.com/product/images/149035/original/185703.webp,7.49,Kiinnitys- ja irrotusavain,7.49,Bestgrip,
11622565000,Jäänastan Kiristys-Irrotusavain,https://tarvike.com/product/jaanastan-kiristys-irrotusavain-149033,https://media.tarvike.com/product/images/149033/original/185703.webp,7.49,Kiinnitys- ja irrotusavain,7.49,Bestgrip,
11622564000,Jäänastan Kiristys-Irrotusavain,https://tarvike.com/product/jaanastan-kiristys-irrotusavain-149032,https://media.tarvike.com/product/images/149032/original/185703.webp,7.49,Kiinnitys- ja irrotusavain,7.49,Bestgrip,
11120136002,"StrongLine vinssin koukku 5/16""",https://tarvike.com/product/strongline-vinssin-koukku-516-44412,https://media.tarvike.com/product/images/44412/original/16948.jpg,10.9,,10.9,StrongLine,
11120129002,StrongLine Vinssin langaton kaukosäädin,https://tarvike.com/product/strongline-vinssin-langaton-kaukosaadin-44407,https://media.tarvike.com/product/images/44407/original/16920.jpg,25.9,Vinssin langaton kaukosäädin ja lähetin.23 A paristo433 MHz,25.9,StrongLine,
10897710001,Vaijerin stopparikumi,https://tarvike.com/product/vaijerin-stopparikumi-148973,https://media.tarvike.com/product/images/148973/original/188166.webp,16.5,Max. 12 mm vaijeri.,16.5,StrongLine,
12914653000,Jääketjun ulkolukko,https://tarvike.com/product/jaaketjun-ulkolukko-6-7mm-39045,https://media.tarvike.com/product/images/39045/original/188240.webp,8.5,,8.5,Tellefsdal,
8288204002,Bronco Kuomun kiinnitysnastasarja,https://tarvike.com/product/bronco-kuomun-kiinnitysnastasarja-130626,https://media.tarvike.com/product/images/130626/original/169788.jpg,8.1,,8.1,Bronco,
8288203002,Bronco Kuomun Kiinnitysnastasarja Yleismalli,https://tarvike.com/product/bronco-kuomun-kiinnitysnastasarja-yleismalli-130625,https://media.tarvike.com/product/images/130625/original/169788.jpg,8.1,,8.1,Bronco,
7755784002,Bronco Väkipyörä 2000kg,https://tarvike.com/product/bronco-vakipyora-2000kg-130595,https://media.tarvike.com/product/images/130595/original/169777.jpg,36.5,With a snatchblock you nearly double the pulling strenght of the winch.The snatch block fits most of the ATV winches on the market and is suitable both for steel wire and synthetic ropes.,36.5,Bronco,
7755783002,"Bronco Vinssiliina 1,5m + 5,5m",https://tarvike.com/product/bronco-vinssiliina-15m-55m-130594,https://media.tarvike.com/product/images/130594/original/169779.jpg,69.9,,69.9,Bronco,
7755782002,Bronco Rullaohjain,https://tarvike.com/product/bronco-rullaohjain-130593,https://media.tarvike.com/product/images/130593/original/169775.jpg,38.5,,38.5,Bronco,
744641002,MIRROR ADAPTER 10mm RIGHT,https://tarvike.com/product/mirror-adapter-10mm-right-130631,https://media.tarvike.com/product/images/130631/original/169796.jpg,16.0,,16.0,Bronco,
4990143000,Bronco vinssin kiinnityssarja Polaris Sportsman -2010,https://tarvike.com/product/bronco-vinssin-kiinnityssarja-polaris-sportsman-2010-77510,https://media.tarvike.com/product/images/77510/original/26775.jpg,127.5,Bronco vinssin kiinnityssarja Polaris Sportsman 2005-2010 mönkijöihin. Katso tarkempi sopivuus teknisistä tiedoista.,127.5,Bronco,
4990128000,Bronco Vinssin kiinnityssarja Honda TRX 420,https://tarvike.com/product/bronco-vinssin-kiinnityssarja-honda-trx-420-77495,https://media.tarvike.com/product/images/77495/original/26757.png,83.0,Bronco vinssin kiinnityssarja Honda TRX 420 mönkijöihin. Katso sopivuus tarkemmin teknisistä tiedoista. Kuva suuntaa antava yleiskuva.,83.0,Bronco,
4894301000,Tesseract Kuljetuslaukku Segway Snarler 110L,https://tarvike.com/product/tesseract-kuljetuslaukku-segway-snarler-110l-79989,https://media.tarvike.com/product/images/79989/original/29460.png,403.0,Varaosat ja lisävarusteet.,403.0,TESSERACT,
4894214000,Tesseract Kuljetuslaukku CFMoto X4,https://tarvike.com/product/tesseract-kuljetuslaukku-cfmoto-x4-79955,https://media.tarvike.com/product/images/79955/original/29359.jpg,371.0,Takalaatikko on suunniteltu erityisesti CFMOTO Cforce 450L / X4 -mönkijälle ja sopii vain tähän malliin. Se sopii täydellisesti tavaratelineelle eikä häiritse matkustajaa eikä ulotu mönkijän mittojen ulkopuolelle. Se on ihanteellinen lisä mönkijääsi.,371.0,TESSERACT,
4894195000,Tesseract kuljetuslaukku CFMoto X5,https://tarvike.com/product/tesseract-kuljetuslaukku-cfmoto-x5-79945,https://media.tarvike.com/product/images/79945/original/29332.png,371.0,"Sopivuus CF Moto X5Vankkaa materiaaliaVesitiivisLukittavissaKiinnitys: U-pulttisarjaTilavuus: 105 LMitat: 1089 x 655 x 385mmPaino: 9,3kg",371.0,TESSERACT,
4894185000,GKA Kuljetuslaukku S304 Smart,https://tarvike.com/product/gka-kuljetuslaukku-s304-smart-79940,https://media.tarvike.com/product/images/79940/original/29298.jpg,271.0,"YleismalliValmistettu tukevasta polyeteenistäKiinnitys: D-PulttisarjaMitat: 588 x 1008 x 382mmPaino: 7,95kgTilavuus: 80 litraa",271.0,GKA,
4894175000,"GKA Kuljetuslaukku Smart, eteen",https://tarvike.com/product/gka-kuljetuslaukku-smart-eteen-79935,https://media.tarvike.com/product/images/79935/original/29290.jpg,232.0,"Valmistettu tukevasta polyeteenistäKiinnitys: U-PulttisarjaMitat: 430 x 920 x 360mmPaino: 4,5kgTilavuus: 66 Litraa",232.0,GKA,
4894173000,GKA Phantom kuljetuslaukku,https://tarvike.com/product/gka-phantom-kuljetuslaukku-79934,https://media.tarvike.com/product/images/79934/original/29272.jpg,303.0,"Valmistettu tukevasta polyeteenistäLukittavissaKiinnitys:U-PulttisarjaMitat: 556 x 1122 x 380mmPaino:9,1kgTilavuus:80 litraa",303.0,GKA,
4894034000,CST mönkijän rengas Behemoth CU07 26x9.00-R14 8-Ply M+S 51M,https://tarvike.com/product/cst-monkijan-rengas-behemoth-cu07-26x900-r14-8-ply-ms-51m-77828,https://media.tarvike.com/product/images/77828/original/27244.png,186.8,"Radiaalirengas yleiskäyttöön. Pintakuvio antaa hyvän pidon vaihtelevilla alustoilla, mutta tarjoaa silti alhaisen vierintävastuksen. Vyörengasrakenne tarjoaa hyvän ajotuntuman suurillakin nopeuksilla.Koko: 26 x 9.00 - 14Harja 19mmEteenE-tieliikennehyväksytty",186.8,CST,
4894028000,CST mönkijän rengas Behemoth CU08 26x11.00-R12 8-Ply M+S E-hyv. 59M,https://tarvike.com/product/cst-monkijan-rengas-behemoth-cu08-26x1100-r12-8-ply-ms-e-hyv-59m-77825,https://media.tarvike.com/product/images/77825/original/27222.png,223.2,"Radiaalirengas yleiskäyttöön. Pintakuvio antaa hyvän pidon vaihtelevilla alustoilla, mutta tarjoaa silti alhaisen vierintävastuksen. Vyörengasrakenne tarjoaa hyvän ajotuntuman suurillakin nopeuksilla.Koko: 26 x 11.00 - 12Harja 19mmTaakseE-tieliikennehyväksytty",223.2,CST,
4893962000,CST mönkijän rengas Stag CU58 25x10.00-12 8-Ply M+S 53mm,https://tarvike.com/product/cst-monkijan-rengas-stag-cu58-25x1000-12-8-ply-ms-53mm-77813,https://media.tarvike.com/product/images/77813/original/27228.jpg,177.2,Stag:in epäsymmetrisen ja koukunmuotoisen pintakuvion ansiosta renkaassa on erinomainen pito ja ajomukavuus. Pintakuvio ei mene helposti tukkoon pehmeässä maastossa. Rengas sopii niin metsäpoluille kun maantielleKoko: 25 x 10.00 - 12Harja: 18mmTaakseE-tieliikennehyväksytty,177.2,CST,
4893955000,CST mönkijän rengas Wild Thang CU06 25x10.00-12 6-Ply M+S 60J,https://tarvike.com/product/cst-monkijan-rengas-wild-thang-cu06-25x1000-12-6-ply-ms-60j-77811,https://media.tarvike.com/product/images/77811/original/27219.jpg,134.1,Wild Thangin kevyt ja kestävä rakenne mahdollistaa erinomaisen ajotuntuman ja pidon kaikilla alustoilla.Koko: 25 x 10.00 - 12Harja: 19mmTaakseE-tieliikennehyväksytty,134.1,CST,
4893940000,"CST mönkijän rengas CU06 Wild Thang 28x12,00-12 6Pr M + S 78J",https://tarvike.com/product/cst-monkijan-rengas-cu06-wild-thang-28x1200-12-6pr-m-s-78j-77803,https://media.tarvike.com/product/images/77803/original/27209.jpg,212.0,Wild Thangin kevyt ja kestävä rakenne mahdollistaa erinomaisen ajotuntuman ja pidon kaikilla alustoilla.Koko: 28 x 12.00 - 12Harja: 30mmTaakseE-tieliikennehyväksytty,212.0,CST,
4893934000,"CST mönkijän rengas CU05 Wild Thang 27 x 9,00 - 12 6Pr 68J,",https://tarvike.com/product/cst-monkijan-rengas-cu05-wild-thang-27-x-900-12-6pr-68j-77800,https://media.tarvike.com/product/images/77800/original/27215.jpg,173.1,Wild Thangin kevyt ja kestävä rakenne mahdollistaa erinomaisen ajotuntuman ja pidon kaikilla alustoilla.Koko: 27 x 9.00 - 12Harja: 30 mmEteenE-tieliikennehyväksytty,173.1,CST,
4893739000,ITP mönkijän rengas Mud Lite 22x11-8 6-PLY,https://tarvike.com/product/itp-monkijan-rengas-mud-lite-22x11-8-6-ply-77621,https://media.tarvike.com/product/images/77621/original/26987.jpg,119.0,"Markkinoiden paras rengas. Ylivoimaisesti luokan kevyin rengas uskomattomalla pidolla. Yleisrengas, joka toimii erilaisilla alustoilla. Vahva rakenne, 6-kankainen.Koko: 22 x 11 - 8Harja: 19mmEteen ja taakse",119.0,ITP,
4893735000,ITP mönkijän rengas Mud Lite AT 24x8.00-11,https://tarvike.com/product/itp-monkijan-rengas-mud-lite-at-24x800-11-77618,https://media.tarvike.com/product/images/77618/original/26994.jpg,108.0,"Markkinoiden paras rengas. Ylivoimaisesti luokan kevyin rengas uskomattomalla pidolla. Yleisrengas, joka toimii erilaisilla alustoilla. Vahva rakenne, 6-kankainen.Koko: 24 x 8.00 - 11Urasyvyys: 19mmEteen ja taakse",108.0,ITP,
4893716000,ITP Rengas Holeshot MXR6 18x10.00-8,https://tarvike.com/product/itp-rengas-holeshot-mxr6-18x1000-8-77609,https://media.tarvike.com/product/images/77609/original/26977.jpg,117.0,"TP Holeshot MXR6 on vahvistettu, hiotulla tuntumalla varustettu rengas.Koko: 18 x 10.00 - 8",117.0,ITP,
4893705000,ITP mönkijän rengas Mud Lite XXL 30x12.00-14 6-PLY,https://tarvike.com/product/itp-monkijan-rengas-mud-lite-xxl-30x1200-14-6-ply-77641,https://media.tarvike.com/product/images/77641/original/27006.jpg,300.0,"Markkinoiden paras 30-tummainen rengas. Ylivoimaisesti luokan kevyin rengas uskomattomalla pidolla. Yleisrengas, joka toimii erilaisilla alustoilla. Vahva rakenne, 6-kankainen.Koko: 30 x 12.00 - 14Harja: 31mmEteen ja taakse",300.0,Scorpion,
4893701000,ITP mönkijän rengas Mud Lite XXL 30x12.00-12 6-Ply,https://tarvike.com/product/itp-monkijan-rengas-mud-lite-xxl-30x1200-12-6-ply-77639,https://media.tarvike.com/product/images/77639/original/26997.jpg,289.0,"Markkinoiden paras 30-tummainen rengas. Ylivoimaisesti luokan kevyin rengas uskomattomalla pidolla. Yleisrengas, joka toimii erilaisilla alustoilla. Vahva rakenne, 6-kankainen.Koko: 30 x 12.00 - 12Harja: 31mmEteen ja taakse",289.0,ITP,
4893699000,ITP mönkijän rengas Mud Lite XXL 30x10.00-12 6-Ply,https://tarvike.com/product/itp-monkijan-rengas-mud-lite-xxl-30x1000-12-6-ply-77638,https://media.tarvike.com/product/images/77638/original/27016.jpg,262.0,"Markkinoiden paras 30-tummainen rengas. Ylivoimaisesti luokan kevyin rengas uskomattomalla pidolla. Yleisrengas, joka toimii erilaisilla alustoilla. Vahva rakenne, 6-kankainen.Koko: 30 x 10.00 - 12Harja: 31mmEteen ja taakse",262.0,ITP,
4893691000,ITP mönkijän rengas Mud Lite 27x10.00-12 (255/75-12) E-hyv.,https://tarvike.com/product/itp-monkijan-rengas-mud-lite-27x1000-12-25575-12-e-hyv-77634,https://media.tarvike.com/product/images/77634/original/26998.jpg,182.0,Varaosat ja lisävarusteet.,182.0,ITP,
3094837001,Bronco Vanteen levityspulttisarja 35/10mm,https://tarvike.com/product/bronco-vanteen-levityspulttisarja-3510mm-77704,https://media.tarvike.com/product/images/77704/original/27088.jpg,43.8,35/10m 3/8-248 kappaletta,43.8,Bronco,
3094835001,"Bronco levikepalat 2 4/156 10mm x1,25",https://tarvike.com/product/bronco-levikepalat-2-4156-10mm-x125-77702,https://media.tarvike.com/product/images/77702/original/27094.jpg,101.2,"PolarisMyydään pareittain, sisältää mutterit ja pultit",101.2,Bronco,
3094833001,"Bronco levikepalat 1 4/156 10mm x1,25",https://tarvike.com/product/bronco-levikepalat-1-4156-10mm-x125-77700,https://media.tarvike.com/product/images/77700/original/27087.jpg,65.8,"Polaris XPMyydään parettain, sisältää mutterit ja pultit",65.8,Bronco,
19140362002,Camso telapyörän laakerisuoja,https://tarvike.com/product/camso-telapyoran-laakerisuoja-79028,https://media.tarvike.com/product/images/79028/original/27900.jpg,6.0,Camso telipyörään kuuluva muovinen laakerisuoja. Yhteensopiva tuotteeseen camson vaihtopyöriin.134mm,6.0,Camso,
19140224002,"Kimpex Click N Go 2 Kiinnikesarja UTV Polaris RZR 900,1000 2014-",https://tarvike.com/product/kimpex-click-n-go-2-kiinnikesarja-utv-polaris-rzr-9001000-2014--79363,https://media.tarvike.com/product/images/79363/original/28394.jpg,262.2,Kiinnikesarja puskulevylle. Tarkista sopivuus laitteeseen Tiedostot- osiosta.,262.2,Kimpex,
19140079002,Bronco Kaukosäädinsarja 3500 vinssille,https://tarvike.com/product/bronco-kaukosaadinsarja-3500-vinssille-77561,https://media.tarvike.com/product/images/77561/original/26881.jpg,75.1,"Bronco vinssin kaukosäädinsarja 3500 vinssille, black edition.",75.1,Bronco,
19140068002,Bronco juontosakset kahvalla,https://tarvike.com/product/bronco-juontosakset-kahvalla-77550,https://media.tarvike.com/product/images/77550/original/26864.jpg,89.1,"Sähkösinkitty, puun maks. Ø 30 cm",89.1,Bronco,
19140051002,Bronco vinssin kiinnikesarja taakse Honda Trx 680,https://tarvike.com/product/bronco-vinssin-kiinnikesarja-taakse-honda-trx-680-77526,https://media.tarvike.com/product/images/77526/original/26813.jpg,196.0,Varaosat ja lisävarusteet.,196.0,Bronco,
1772858000,"Rival Kiinnikesarja Yleismalli puskulevyyn 75-12750, 75-12751",https://tarvike.com/product/rival-kiinnikesarja-yleismalli-puskulevyyn-75-12750-75-12751-145355,https://media.tarvike.com/product/images/145355/original/176876.jpg,120.5,Rival Puskulevyn yleismallin kiinnikesarja. Käy puskulevyihin 75-12750 sekä 75-12751.,120.5,Rival,
17318912001,Ultratec mökkikärry,https://tarvike.com/product/ultratec-mokkikarry-79431,https://media.tarvike.com/product/images/79431/original/28558.jpg,1490.0,"Tyylikäs kärry moneen harrastukseenUltratecin mönkijän mökkikärry on kevyt ja ketterä yleiskärry monipuoliseen käyttöön.Lavan kaasujouset pitävät lavan pystyssä, joten lavan tyhjentäminen on nopeaa ja helppoa. Lava ei painu alas kipatessa esim kun lavalla lehtiä tai klapeja.Kun polttopuun keräämistä on pienissä määrin niin tämä kärry on oiva apurenki sermillä varustettuna.Lavan saranointi on lähes keskellä joten aisapaino rasita mönkijää.Avattavat päädyt mahdollistavat jopa 3m pitkän tavaran ajamiseen.Monipuolisilla lisävarusteilla lisäät kärryn käytettävyyttä.",1490.0,Ultratec,
17318889001,Bronco peräkoukun pidennyssarja Yamaha,https://tarvike.com/product/bronco-perakoukun-pidennyssarja-yamaha-77545,https://media.tarvike.com/product/images/77545/original/26834.jpg,125.5,"Bronco peräkoukun pidennyssarja Yamaha Grizzly 550,700 -2015, Kodiak 700",125.5,Bronco,
17318880001,Bronco peräkoukun pidennyssarja Polaris,https://tarvike.com/product/bronco-perakoukun-pidennyssarja-polaris-77536,https://media.tarvike.com/product/images/77536/original/26832.png,263.0,"Bronco peräkoukun pidennyssarja Polaris Ranger 570 2015, Ranger 800 6x6 2015, Ranger 900 2015 sekä Ranger 900 Drew malleihin",263.0,Bronco,
17315798001,Bronco Tuulisuoja ATV,https://tarvike.com/product/bronco-tuulisuoja-atv-116635,https://media.tarvike.com/product/images/116635/original/160602.jpg,187.0,Hyvännäköinen ja käytännöllinen tuulisuoja pikakiinnityksellä .Valmistettu polykarbonaatilla monilla ominaisuuksilla.Korkeus: 51cmLeveys: 91cmHUOM! Ei sovi Can Am.,187.0,Bronco,
17297309001,Bronco Diamond V-bar mönkijän lumiketjut 130 x 36cm,https://tarvike.com/product/bronco-diamond-v-bar-monkijan-lumiketjut-130-x-36cm-77776,https://media.tarvike.com/product/images/77776/original/27164.jpg,120.5,Mönkijän renkaan piikkiketju salmiakkikuviolla.130x36cm,120.5,Bronco,
17297302001,Maxi Grip asennustyökalu HM 30,https://tarvike.com/product/maxi-grip-asennustyokalu-hm-30-77769,https://media.tarvike.com/product/images/77769/original/27171.jpg,13.7,"Maxi Grip asennustyökalu HM 30 nastoille - traktorit, trukit ja taajamakoneet.",13.7,Maxi Grip,
1649554000,"Bronco Levikepalat UTV 1,5"" 4/156-12mm x 1.50 pari",https://tarvike.com/product/bronco-levikepalat-utv-15-4156-12mm-x-150-pari-130614,https://media.tarvike.com/product/images/130614/original/169799.jpg,92.1,"Bronco Levikepalat UTV 1,5"" 4/156-12mm x 1.50 pari",92.1,Bronco,
15154310000,Ultratec Vetoaisa nytkällä,https://tarvike.com/product/ultratec-vetoaisa-nytkalla-134945,https://media.tarvike.com/product/images/134945/original/171940.jpg,80.0,"Vetoaisa joka sisältää myös nytkän. Sopivuus Talousreki, Caddy ja Pari-reki.Kokonaispituus: 70cm.",80.0,Ultratec,
4894200000,GKA Istuintyyny yleismalli,https://tarvike.com/product/gka-istuintyyny-yleismalli-79948,https://media.tarvike.com/product/images/79948/original/29343.jpg,54.0,Kiinnitettävissä ATV-kuljetuslaukkuihinMukana kiinikkeet,54.0,GKA,
4894145000,"Bronco kuljetuskori, taakse",https://tarvike.com/product/bronco-kuljetuskori-taakse-79385,https://media.tarvike.com/product/images/79385/original/28434.jpg,185.0,"Valmistettu jauhemaalatusta teräksestä, pohja ja sivut metalliverkkoa.Mitat: 104 x 70 x 14cmSis. kiinnityssarjan",185.0,Bronco,
4893748000,ITP mönkijän rengas Mud Lite 25x8.00-12 6-Ply,https://tarvike.com/product/itp-monkijan-rengas-mud-lite-25x800-12-6-ply-77627,https://media.tarvike.com/product/images/77627/original/27011.jpg,109.0,"Markkinoiden paras rengas. Ylivoimaisesti luokan kevyin rengas uskomattomalla pidolla. Yleisrengas, joka toimii erilaisilla alustoilla. Vahva rakenne, 6-kankainen.Koko: 25 x 8.00 - 12Harja: 19mmEteen ja taakse",109.0,ITP,
4893703000,ITP mönkijän rengas Mud Lite  XXL 30x10.00-14 6-PLY,https://tarvike.com/product/itp-monkijan-rengas-mud-lite-xxl-30x1000-14-6-ply-77640,https://media.tarvike.com/product/images/77640/original/27001.jpg,284.0,"Markkinoiden paras 30-tummainen rengas. Ylivoimaisesti luokan kevyin rengas uskomattomalla pidolla. Yleisrengas, joka toimii erilaisilla alustoilla. Vahva rakenne, 6-kankainen.Koko: 30 x 10.00 - 14Harja: 31mmEteen ja taakse",284.0,ITP,
399748002,JOURNEY Rengas P361 18 x 9.50 - 8 4-Ply TL E-hyv.,https://tarvike.com/product/journey-rengas-p361-18-x-950-8-4-ply-tl-e-hyv-130605,https://media.tarvike.com/product/images/130605/original/169787.jpg,62.8,"Journey on valmistanut 30-vuoden kokemuksella laadukkaita ATV ja moottoripyörä renkaita seuraten ydin arvoja ” innovatiivisuutta, laatua, vastuuta ja määrätietoisuutta.” Journey on sertifioitu laatu ja ilmasto standardeilla ISO 9001, ISO 16949 ja ISO14001",62.8,Journey,
20112973002,GKA Kuljetuslaukku 145L Polaris Sportsman 450/570,https://tarvike.com/product/gka-kuljetuslaukku-145l-polaris-sportsman-450570-127466,https://media.tarvike.com/product/images/127466/original/166290.jpg,403.0,GKA Kuljetuslaukku Polaris Sportsman 450/570 mönkijään.,403.0,GKA,
19140360002,Camso vaihtopyörä 134mm,https://tarvike.com/product/camso-vaihtopyora-134mm-79026,https://media.tarvike.com/product/images/79026/original/27888.jpg,59.0,Camso telasarjoihin yhteensopiva vaihtopyörä.,59.0,Camso,
19140239002,Bronco V-Aura 160-E,https://tarvike.com/product/bronco-v-aura-160-e-79378,https://media.tarvike.com/product/images/79378/original/28430.jpg,3188.1,"Uusi Broncon laadukas V-Aura, joka sopii vaativampaankin käyttöön. Kumipäällysteinen kulutusterä vakiovarusteena tasaiseen ja hiljaiseen auraukseen soralla, mukulakivellä ja muilla herkillä pinnoilla. Aurauskulma säädetään kahden tehokkaan 12 V, IP65-luokan toimilaitteen avulla, joita käytetään myös kaivosteollisuudessa. Jokainen toimilaite liikkuu n. 225 kg liikkeessä ja pitää asemansa 1,1 tonnin kuormituksella.Joustavat kulutusterät vääntöelementillä.Säädettävät liukupalatSäädettävät kengät.",3188.1,Bronco,
19140208002,Kimpex Click N Go 2 Puskulevy 167x43cm,https://tarvike.com/product/kimpex-click-n-go-2-puskulevy-167x43cm-79346,https://media.tarvike.com/product/images/79346/original/28365.jpg,363.4,Kimpec Click N Go2 puskulevy. Puskulevyyn tarvitset työvälinerungon sekä merkkikohtaisen kiinnityssarjan.,363.4,Kimpex,
19140206002,Kimpex Click N Go 2 Kiinnikesarja ATV,https://tarvike.com/product/kimpex-click-n-go-2-kiinnikesarja-atv-79344,https://media.tarvike.com/product/images/79344/original/28381.jpg,120.5,Kiinnikesarja puskulevylle. Tarkista sopivuus laitteeseen Tiedostot- osiosta.,120.5,Kimpex,
19140065002,Bronco vinssin kiinnikesarja taakse Polaris,https://tarvike.com/product/bronco-vinssin-kiinnikesarja-taakse-polaris-77532,https://media.tarvike.com/product/images/77532/original/26825.jpg,176.0,"Bronco vinssin kiinnikesarja taakse Polaris Ranger 900 XP, 1000 DIESEL",176.0,Bronco,
18339497001,Bronco Nostopuomin Runko,https://tarvike.com/product/bronco-nostopuomin-runko-79408,https://media.tarvike.com/product/images/79408/original/28474.jpg,115.8,Varaosat ja lisävarusteet.,115.8,Bronco,
17318890001,Bronco peräkoukun pidennyssarja Yamaha 2016-,https://tarvike.com/product/bronco-perakoukun-pidennyssarja-yamaha-2016--77546,https://media.tarvike.com/product/images/77546/original/26837.jpg,133.9,"Bronco peräkoukun pidennyssarja Yamaha Grizzly 700 2016- , Kodiak 700",133.9,Bronco,
17318886001,Bronco peräkoukun pidennyssarja Polaris,https://tarvike.com/product/bronco-perakoukun-pidennyssarja-polaris-77542,https://media.tarvike.com/product/images/77542/original/26844.jpg,239.0,Bronco peräkoukun pidennyssarja Polaris Sportsman/Ace/Scrambler,239.0,Bronco,
17318885001,Bronco peräkoukun pidennyssarja Honda,https://tarvike.com/product/bronco-perakoukun-pidennyssarja-honda-77541,https://media.tarvike.com/product/images/77541/original/26840.jpg,181.0,"Bronco peräkoukun pidennyssarja, sopii Honda TRX 420 FA ja TRX 500 FA -malleihin",181.0,Bronco,
972410002,Linhai Landforce 1000L EPS T3b traktorimönkijä,https://tarvike.com/product/linhai-landforce-1000l-eps-t3b-black-matt-46384,https://media.tarvike.com/product/images/46384/original/205187.png,10490.0,"Landforce‑malliston suorituskyvyn ja teknisen viimeistelyn huipentuma. Nestejäähdytetty kaksisylinterinen moottori tuottaa 93 hv ja tarjoaa tasaisen, mutta tarvittaessa aggressiivisen voiman koko kierrosalueella. Valittava 2×4 / 4×4 ‑vetotapa tasauspyörästön lukoilla varmistaa optimaalisen pidon kaikissa olosuhteissa. Erillisjousitus täysin säädettävillä iskunvaimentimilla, järeä runkorakenne ja sähköinen ohjaustehostin tuovat vakautta, tarkkaa hallittavuutta ja erinomaista kestävyyttä vaativassa maastossa.",10490.0,Linhai,
6048001,Iron Baltic Vinssin asennussarja Honda TRX,https://tarvike.com/product/iron-baltic-vinssin-asennussarja-honda-trx-145716,https://media.tarvike.com/product/images/145716/original/179709.jpg,100.4,"Etuvinssin kiinnityssarja WARN-, COMEUP- tai BRONCO-vinsseille, joiden kiinnityspulttien jako on 76x124mm (3""x4,87"") ja 76 x 167,6mm (3x6,6“)",100.4,Iron Baltic,
6041001,"Iron Baltic Työvälineruko, etukiinnitys (kapea)",https://tarvike.com/product/iron-baltic-tyovalineruko-etukiinnitys-kapea-145800,https://media.tarvike.com/product/images/145800/original/178929.jpg,439.5,"Etukiinnitys, pikakiinnitys, kapea kiinnitys. Tarkoitettu IB G2 V-Plow 1500 puskulevylle.",439.5,Iron Baltic,
5941457002,2025 Kawasaki Brute Force 450 traktorimönkijä puskulevyllä,https://tarvike.com/product/2025-kawasaki-brute-force-450-bright-white-32931,https://media.tarvike.com/product/images/32931/original/173448.png,7990.0,"Uusi Kawasaki Brute Force 450 (2025) yhdistää tehokkuuden, kestävyyden ja käyttömukavuuden. Tänä vuonna siihen sisältyy myös eurooppalainen T3b-sertifiointi, joka mahdollistaa rekisteröinnin tieliikennekäyttöön.
PUSKULEVYSARJA JA VINSSI KAUPANPÄÄLLE!",7990.0,Kawasaki,
5454081000,SHARK Apukäynnistin & varavirtalähde EPS-400,https://tarvike.com/product/shark-apukaynnistin-varavirtalahde-eps-400-127266,https://media.tarvike.com/product/images/127266/original/162311.png,115.0,"Uusi, monitoiminen apukäynnistin / varavirtalähde, 12,000mAh. Moottorin apukäynnistys, tällä voi ladata esim. kannettavan tietokoneen, matkapuhelimen yms.",115.0,Shark,
5454076000,SHARK 4ZONE LOCK-ON ATV Kahvanlämmittimet + Peukalon- ja penkinlämmitin,https://tarvike.com/product/shark-4zone-lock-on-atv-kahvanlammittimet-peukalon-ja-penkinlammitin-127242,https://media.tarvike.com/product/images/127242/original/162187.png,159.0,SHARK Lock-On ATV Kahvanlämmittimet + peukalon- ja penkinlämmitin integroiduilla katkasijoilla.,159.0,Shark,
5454074000,SHARK Penkinlämmitin 35 W,https://tarvike.com/product/shark-penkinlammitin-35-w-127240,https://media.tarvike.com/product/images/127240/original/162179.png,59.9,"Mönkijöiden, skoottereiden ja moottorikelkkojen yleismallinen sähköinen istuinlämmitin.",59.9,Shark,
5454058000,"SHARK LED-valopalkki OSRAM 105W 21,5"" (52 cm) Combo",https://tarvike.com/product/shark-led-valopalkki-osram-105w-215-52-cm-combo-127274,https://media.tarvike.com/product/images/127274/original/162382.png,239.0,Uuden sukupolven erittäin kirkas LED-valopalkki. 21 edistynyttä OSRAM-LED-moduulia alhaisella virrankulutuksella.,239.0,Shark,
5454053000,SHARK Garden 150 ATV Kärry Musta,https://tarvike.com/product/shark-garden-150-atv-karry-musta-127271,https://media.tarvike.com/product/images/127271/original/162362.png,269.0,"Kaksi kärryä yhdessä. Tätä monikäyttöistä kärryä voidaan vetää mönkijällä, mutta sitä voidaan käyttää myös kottikärrynä, koska siinä on kippirunko ja kolmas pyörä taitettavassa vetoaisassa.",269.0,Shark,
5246001,Iron Baltic Puskulevyn asennussarja Honda,https://tarvike.com/product/iron-baltic-puskulevyn-asennussarja-honda-145806,https://media.tarvike.com/product/images/145806/original/179334.jpg,100.4,Mallikohtainen kiinnityssarja keskikiinnityksellä varustettuun puskulevyyn.,100.4,Iron Baltic,
5244001,Iron Balctic etukiinnitteinen asennussarja Polaris 1000,https://tarvike.com/product/iron-balctic-etukiinnitteinen-asennussarja-polaris-1000-145805,https://media.tarvike.com/product/images/145805/original/178922.jpg,194.52,Mallikohtainen kiinnityssarja etukiinnitteiselle auralle ja kuormaajan kauhalle.,194.52,Iron Baltic,
5114000,"Iron Baltic puskulevyn asennussarja, Polaris",https://tarvike.com/product/iron-baltic-puskulevyn-asennussarja-polaris-145786,https://media.tarvike.com/product/images/145786/original/179876.jpg,150.6,"Mallikohtainen kiinnityssarja etukiinnityksellä varustettuun aurajärjestelmään. Sopii vuosimallin 2017+ koneisiin, joissa on korkea maavara, kaksoiskaarevat A-tukivarret.",150.6,Iron Baltic,
5048000,Iron Baltic Työvälinerungon säätimet,https://tarvike.com/product/iron-baltic-tyovalinerungon-saatimet-145813,https://media.tarvike.com/product/images/145813/original/178924.jpg,31.4,"Auran työvälinerungon säätimet, sopivat: 20.6200 / 20.6400 ja 04.200 / 04.700 työntöputkiin.",31.4,Iron Baltic,
5036001,"Iron Baltic Työvälinerunko, keskikiinnitys, pitkä",https://tarvike.com/product/iron-baltic-tyovalinerunko-keskikiinnitys-pitka-145735,https://media.tarvike.com/product/images/145735/original/178879.jpg,439.5,"Pidempi työvälinerunko G2 V-auroille, ajoneuvoasennukseen vaaditaan keskikiinnityssovitin.",439.5,Iron Baltic,
4990129000,Bronco vinssin kiinnityssarja Honda,https://tarvike.com/product/bronco-vinssin-kiinnityssarja-honda-77496,https://media.tarvike.com/product/images/77496/original/26764.jpg,83.0,Bronco vinssin kiinnityssarja Honda mönkijään. Katso sopivuus tarkemmin teknisistä tiedoista. Kuva suuntaa antava yleiskuva.,83.0,Bronco,
4923002,Iron Baltic Jousi( 7x50x200x16z ),https://tarvike.com/product/iron-baltic-jousi-7x50x200x16z-145774,https://media.tarvike.com/product/images/145774/original/178905.jpg,13.0,"Iron Baltic auran jousi, vaaditaan 2kpl vakioauralle.",13.0,Iron Baltic,
4894135000,StrongLine Kuormaverkko venyvä max 200 x 300cm,https://tarvike.com/product/strongline-kuormaverkko-venyva-max-200-x-300cm-44679,https://media.tarvike.com/product/images/44679/original/17260.jpg,19.9,"StrongLine Kuormaverkolla sidot esim. puutarhajätteet ja kevyet rakennustarvikkeetVerkko on valmistettu kokonaan joustavasta kumiköydestäKoko 125 x 210 cm, venytettynä jopa 200 x 300 cmSilmäkoko 45 x 45 mm",19.9,StrongLine,
4893907000,ITP Delta teräsvanne 12x7 4/110 5+2 musta,https://tarvike.com/product/itp-delta-terasvanne-12x7-4110-52-musta-77718,https://media.tarvike.com/product/images/77718/original/27108.jpg,112.0,"Sopivuus: CFMoto, Honda, Kawasaki, Suzuki, YamahaKoko: 12""Pulttijako 4/110Offset 5+2Eteen ja taakse",112.0,ITP,
4893826000,Sunf nastoitettu mönkijän rengas A-033 26x9.00-12 6-Ply,https://tarvike.com/product/sunf-nastoitettu-monkijan-rengas-a-033-26x900-12-6-ply-77674,https://media.tarvike.com/product/images/77674/original/27052.jpg,211.6,Nastoitettu 6-kankainen all-round rengas. Nastoja 90kpl.Koko: 26 x 9.00 - 12Eteen ja taakseE-tieliikennehyväksytty,211.6,Sunf,
4857002,"Iron Baltic Työlaiterunko, sähköhydraulinen",https://tarvike.com/product/iron-baltic-tyolaiterunko-sahkohydraulinen-145758,https://media.tarvike.com/product/images/145758/original/178887.jpg,1035.0,"Vastaanotinkiinnitysjärjestelmä on 2 tuuman vastaanottimeen kiinnitettävä laite, johon voidaan kiinnittää erilaisia työlaitteita maanmuokkausta, puhdistusta tai maisemointitöitä varten.",1035.0,Iron Baltic,
4852002,Iron Baltic Kauhan muutossarja 1500mm,https://tarvike.com/product/iron-baltic-kauhan-muutossarja-1500mm-145729,https://media.tarvike.com/product/images/145729/original/178873.jpg,314.0,Helppo asenteinen UTV-kauhan muunnossarja.,314.0,Iron Baltic,
4849002,Iron Baltic Muovinen puskulevy 1520mm,https://tarvike.com/product/iron-baltic-muovinen-puskulevy-1520mm-145731,https://media.tarvike.com/product/images/145731/original/178863.jpg,521.0,"Kestävästä HD-muovista valmistettu teräsosilla varustettu puskulevy, sopii lumen auraukseen tai hiekan, mullan, soran jne. työntämiseen.",521.0,Iron Baltic,
4845002,Iron Baltic Pohjapanssari Polaris ETX / 450 / 570 Sportsman,https://tarvike.com/product/iron-baltic-pohjapanssari-polaris-etx-450-570-sportsman-145693,https://media.tarvike.com/product/images/145693/original/178841.jpg,539.5,Iron Baltic Pohjapanssari on täydellinen suoja mönkijän pohjalle ja etuosalle.,539.5,Iron Baltic,
4047002,Iron Baltic Pohjapanssari Honda TRX 500FE (2014+),https://tarvike.com/product/iron-baltic-pohjapanssari-honda-trx-500fe-2014-145802,https://media.tarvike.com/product/images/145802/original/178923.jpg,539.5,"Iron Baltic Pohjapanssarilla saat täydellisen suojan mönkijän pohjaan ja etuosaan. Valmiiksi leikatut sektorit valinnaisten, uritettujen reikien viimeistelyyn mudan tyhjennystä varten.",539.5,Iron Baltic,
3949002,Iron Baltic Vinssin asennussarja taakse,https://tarvike.com/product/iron-baltic-vinssin-asennussarja-taakse-145809,https://media.tarvike.com/product/images/145809/original/179328.jpg,138.05,"Takavinssin kiinnityssarja Warn-, ComeU- tai Bronco-vinsseille, joiden kiinnityspulttien jako on 76x124 mm (3""x4,87""). Sarja sisältää myös takavetokoukun jatkeen-",138.05,Iron Baltic,
3529000,Iron Baltic Puskulevy 180cm,https://tarvike.com/product/iron-baltic-puskulevy-180cm-145808,https://media.tarvike.com/product/images/145808/original/178926.jpg,565.0,"Kestävä teräsrakenne, sopii lumen auraukseen tai hiekan, mullan, soran jne. työntämiseen. Kaareva muotoilu, joka tarjoaa paremman lumen/lian vierimisen pois missä tahansa kulmassa. Työskentelykorkeuden säätö liukujalkojen avulla.",565.0,Iron Baltic,
35235861000,"Bronco Vinssin kiinnitysarja Yamaha  Grizzly 350, 450",https://tarvike.com/product/bronco-vinssin-kiinnitysarja-yamaha-grizzly-350-450-209266,https://media.tarvike.com/product/images/209266/original/206784.png,42.5,"Bronco Vinssin kiinnitysarja Yamaha  Grizzly 350, 450.",42.5,Bronco,
33521053000,Linhai Landforce 650L EPS T3b 60km/h Traktorimönkijä,https://tarvike.com/product/linhai-landforce-650l-eps-t3b-60kmh-traktorimonkija-168629,https://media.tarvike.com/product/images/168629/original/190361.png,7390.0,"Landforce 650 on Linhain uusin sukupolvi työkäyttöön suunnitelluista mönkijöistä. Tyylikäs ja käyttäjäystävällinen mönkijä selviytyy vaativasta työstä yhtä hyvin kuin rennosta retkestä kahdestaan. Se tarjoaa luotettavaa tekniikkaa, pidennetyn alustan, ohjaustehostimen (EPS), erinomaiset ajo-ominaisuudet ja vakuuttaa myös houkuttelevalla muotoilullaan.",7390.0,Linhai,
2316049002,Iron Baltic Pohjapanssari Honda TRX 500 FA ( IRS ) / 520,https://tarvike.com/product/iron-baltic-pohjapanssari-honda-trx-500-fa-irs-520-145696,https://media.tarvike.com/product/images/145696/original/178853.jpg,539.5,Iron Baltic Pohjapanssari tarjoaa täyden suojan mönkijän pohjalle ja etuosalle.,539.5,Iron Baltic,
2303500002,"Shark ATV, MOTO Alumiini rampit",https://tarvike.com/product/shark-atv-moto-alumiini-rampit-126905,https://media.tarvike.com/product/images/126905/original/161324.jpg,248.0,"Sarja kahdesta laadukkaasta, kestävästä, kevyestä, lujasta ja taitettavasta alumiiniramppista.",248.0,Shark,
19737528002,SHARK Quick attach pikakiinnikesarja Can-Am 4kpl,https://tarvike.com/product/shark-quick-attach-pikakiinnikesarja-can-am-4kpl-127252,https://media.tarvike.com/product/images/127252/original/162240.png,43.9,"Quick attach pikakiinnikesarja UTV kuljetuslaatikoiden ja muiden lisävarusteiden nopeaan asennukseen. 4 kpl:een sarja, sopii Can-Am tavaratelineeseen.",43.9,Shark,
19733780002,Shark Polttoainesäiliö 10L for AX115,https://tarvike.com/product/shark-polttoainesailio-10l-for-ax115-126911,https://media.tarvike.com/product/images/126911/original/161337.png,109.0,"Muovinen polttoainekanisteri uudella muotoilulla, tilavuus 10 litraa, täyttökorkin vakiohalkaisija. Korkealaatuisesta iskunkestävästä polyeteenistä, Sisältää metallikiinnikkeen ja asennussarjan.",109.0,Shark,
19733779002,Shark Polttoainesäiliö 15L UX140:lle,https://tarvike.com/product/shark-polttoainesailio-15l-ux140lle-126910,https://media.tarvike.com/product/images/126910/original/161335.png,129.0,"Muovinen polttoainekanisteri uudella muotoilulla, tilavuus 15 litraa, täyttökorkin vakiohalkaisija. Korkealaatuisesta iskunkestävästä polyeteenistä, sisältää metallikiinnikkeen ja asennussarjan.",129.0,Shark,
19733778002,Shark Polttoainesäiliö 10L for AX130,https://tarvike.com/product/shark-polttoainesailio-10l-for-ax130-126900,https://media.tarvike.com/product/images/126900/original/161317.jpg,109.0,"Muovinen polttoainekanisteri uudella muotoilulla, tilavuus 10 litraa, täyttökorkin vakiohalkaisija. Korkealaatuisesta iskunkestävästä polyeteenistä, Sisältää metallikiinnikkeen ja asennussarjan.",109.0,Shark,
19477603002,Shark ATV takalaatikko AX165 for Segway AT5/AT6,https://tarvike.com/product/shark-atv-takalaatikko-ax165-for-segway-at5at6-126898,https://media.tarvike.com/product/images/126898/original/161287.jpg,369.0,"Erittäin tilava kuivasäilytysmönkijälaatikko kielekkeellä ja urakansijärjestelmällä mönkijöille. Laatikko on valmistettu korkealaatuisesta iskunkestävästä High Density Polyeteenistä, ja siinä on kaikki mitä tarvitset matkustamiseen, työskentelyyn, kalastukseen tai metsästykseen. Kansi on suljettu kahdella lukittavalla salvalla.",369.0,Shark,
19477600002,"Shark ATV laatikko 8030, 98 x 55 x 43 cm",https://tarvike.com/product/shark-atv-laatikko-8030-98-x-55-x-43-cm-126918,https://media.tarvike.com/product/images/126918/original/161351.jpg,339.0,"Suuren kapasiteetin kuivasäilytys ATV-boksi kielekkeellä ja uralla varustettu kansijärjestelmä. Tämä laatikko on valmistettu korkealaatuisesta iskunkestävästä polyeteenistä, ja siinä on kaikki mitä tarvitset matkustamiseen, työskentelyyn, kalastukseen tai metsästykseen. Kansi on suljettu kahdella lukittavalla salvalla. Musta vaahtomuovi selkänoja lisää mukavuutta.",339.0,Shark,
19216205002,Vinssin liina 50mm x 7m koukulla,https://tarvike.com/product/vinssin-liina-50mm-x-7m-koukulla-44685,https://media.tarvike.com/product/images/44685/original/17270.jpg,10.9,Liina käsikäyttöisiin vinsseihin50 mm liinaPituus 7 mPäässä valmis teräskoukku,10.9,IKH,
19140214002,"Kimpex Click N Go 2 Kiinnikesarja, ATV Polaris",https://tarvike.com/product/kimpex-click-n-go-2-kiinnikesarja-atv-polaris-79353,https://media.tarvike.com/product/images/79353/original/28372.jpg,160.9,Kimpex Click N Go2 puskulevyn kiinnikesarja Polaris ATV-mönkijöihin. Tarkista sopivuus laitteeseen Tiedostot- osiosta.,160.9,Kimpex,
19140157002,"Bronco puskulevy, 136x40cm",https://tarvike.com/product/bronco-puskulevy-136x40cm-79296,https://media.tarvike.com/product/images/79296/original/28283.jpg,201.5,Broncon puskulevy 1136x40cm. Kiinnitykseen tarvitset merkkikohtaisen Broncon kiinnityssarjan.,201.5,Bronco,
19140100002,Iron Baltic Vinssin asennussarja taakse Segway Snarler,https://tarvike.com/product/iron-baltic-vinssin-asennussarja-taakse-segway-snarler-99544,https://media.tarvike.com/product/images/99544/original/113454.jpg,100.4,"Mallikohtainen takavinssin kiinnityssarja ATV-vinsseille, joissa on kiinnityspulttikuvio 76x124mm (3""x4,87"") asennettavaksi Segway Snarler AT6 S / AT6 L.",100.4,Iron Baltic,
19140046002,Bronco vinssin kiinnityssarja taakse Polaris 800,https://tarvike.com/product/bronco-vinssin-kiinnityssarja-taakse-polaris-800-77521,https://media.tarvike.com/product/images/77521/original/26795.jpg,108.3,Varaosat ja lisävarusteet.,108.3,Bronco,
18340634001,StrongLine Rullaohjain 2500/3500,https://tarvike.com/product/strongline-rullaohjain-25003500-44411,https://media.tarvike.com/product/images/44411/original/16950.jpg,19.9,Ø 9 mm asennusreikien väli 124 mmA 63 mmB 15 mmMitat K 73 x L 160 x S 59 mm,19.9,StrongLine,
18340624001,StrongLine sähkövinssi M3500 / 3500 lb,https://tarvike.com/product/strongline-sahkovinssi-m3500-3500-lb-44405,https://media.tarvike.com/product/images/44405/original/16912.jpg,245.0,"StrongLine sähkövinssi M3500 vetokyky on jopa 1590 kg (3500 lb)Moottori 0,8 kW / 1,1 hv / 12VVaihteisto: 3-vaiheinen planeettapyörästöVälityssuhde 136:1Vapautus manuaalinenJarru: automaattinen kuormanpitojarruKöyden mitat: 4,8 mm x 15,2 mRummun halkaisija: 52 mmRummun pituus: 74 mmKöyden ohjain: alumiininen liukuohjainKoukun koko: 1/4""Ohjain: ohjaustangon ohjain + langaton ohjainAkun suositus: 450 CCASähkökaapelit: 16 mm²Akkukaapelien pituus: 1,8 mVinssin mitat: 334 x 118 x 115 mmPaino: 10,5 kgVaijerin kapasiteetti/nopeus-taulukko liitteenä",245.0,StrongLine,
18340616001,Mönkijän suojapeite mitat P 251 x L 125 x K 85 cm,https://tarvike.com/product/monkijan-suojapeite-mitat-p-251-x-l-125-x-k-85-cm-44401,https://media.tarvike.com/product/images/44401/original/16913.jpg,48.0,"Mönkijän yleismallin kokopeite, koko MSuojaa mönkijää sateelta, lumelta, auringon UV-säteilyltä, lialta ja pölyltäAlareunan resori ja pikalukitus pitää peitteen tiiviisti mönkijän ympärillä ja on nopeasti asennettavissaMateriaali 300D pakkasenkestävää PU-laminoitua polyesteriäKaksoisommellut saumatSoveltuu säilytyskäyttöön, kuljetettaessa viima voi hangata kangasta mönkijän maalipintaanSisältää säilytyspussinKuivaa märkä peite ennen säilytystä kuivassa paikassaVoi vahingoittaa tuoretta maalipintaaMitat mitat P 251 x L 125 x K 85 cm",48.0,IKH,
18339860001,Linhai Landforce 550L T3b 60km/h Traktorimönkijä,https://tarvike.com/product/linhai-landforce-550l-t3b-60kmh-black-39746,https://media.tarvike.com/product/images/39746/original/190427.png,5690.0,"Kestävä ja luotettava työajoneuvo, jolla hoituu niin päivittäiset tehtävät kuin viikonloppuretketkin. Pidennetyn alustan ansiosta tilaa on hyvin kahdelle henkilölle, ja pitkä joustovara, korkea maavara sekä erillisjousitus takaavat mukavat ajo-ominaisuudet myös vaativassa maastossa. Landforce 550L yhdistää kestävyyden, mukavuuden ja modernit varusteet, joihin voit luottaa kaikissa tilanteissa.",5690.0,Linhai,
18339787001,2025 Yamaha Grizzly 700 EPS SE traktorimönkijä,https://tarvike.com/product/grizzly-700-eps-al-xt-r-tb-my25-29103,https://media.tarvike.com/product/images/29103/original/161360.jpg,13340.0,"Grizzly 700 EPS SE on Special Editon-malli maastoajoharrastajille, jotka arvostavat väkivahvaa ja kompaktia ATV-ajoneuvoa, joka kulkee tehokkaasti minne kuljettaja haluaa. Grizzlyn sitkeävetoinen ja väkivahva, 686-kuutioinen nelitahtimoottori ja vankka alusta varmistavat sujuvan etenemisen niin poluilla, mäkisessä maastossa kuin syvällä metsän siimeksessä.",13340.0,Yamaha,
18339734001,Mönkijän tukkikärryn nostopuomi max 200kg,https://tarvike.com/product/monkijan-tukkikarryn-nostopuomi-max-200kg-226562,https://media.tarvike.com/product/images/226562/original/208868.webp,185.0,Soveltuu käytettäväksi mönkijän tukkikärryn ATV20 ja ATV21 kanssa.,185.0,IKH,
18339644001,SHARK LED-valo Side Shooter 45W / 2 kpl,https://tarvike.com/product/shark-led-valo-side-shooter-45w-2-kpl-127281,https://media.tarvike.com/product/images/127281/original/162403.png,134.0,"Monipuolinen LED-valo mönkijöihin, maastoajoneuvoihin, veneisiin, työkoneisiin, traktoreihin ja muihin ajoneuvoihin. Hyväksytty tieliikennekäyttöön.",134.0,Shark,
18339643001,"SHARK LED-valopalkki OSRAM 60W 12"" (33,2 CM)",https://tarvike.com/product/shark-led-valopalkki-osram-60w-12-332-cm-127279,https://media.tarvike.com/product/images/127279/original/162395.png,149.0,"Kirkas LED-valo mönkijöihin, maastoajoneuvoihin, veneisiin, työkoneisiin, traktoreihin ja muihin ajoneuvoihin. Hyväksytty tieliikennekäyttöön.",149.0,Shark,
18339642001,SHARK RGB LED Valosarja Rock Light 4x 9W Moniväri / BT Ohjaus,https://tarvike.com/product/shark-rgb-led-valosarja-rock-light-4x-9w-monivari-bt-ohjaus-127276,https://media.tarvike.com/product/images/127276/original/162389.png,149.0,"RGB LED valosarja Rock Light, 16 miljoonaa väriä ja Bluetooth ohjus aplikaation kautta, kivenkova rakenne, sopii mönkijöihin, maastoajoneuvoihin, työkoneisiin, traktoreihin ja muihin ajoneuvoihin. Sarjassa 4 valoa.",149.0,Shark,
18339639001,"SHARK AX90 ATV Kuljetuslaatikko, taka 90 L",https://tarvike.com/product/shark-ax90-atv-kuljetuslaatikko-taka-90-l-127262,https://media.tarvike.com/product/images/127262/original/162291.png,329.0,"Tilava ATV kuljetuslaatikko taakse, lukitus kahdella lukolla metallisoljilla. Valmistettu korkealaatuisesta iskunkestävästä polyeteenistä, vesi- ja pölytiivis. Kaksi takaheijastinta, Quick attach pikakiinnikkeet, tilavuus 90 litraa.",329.0,Shark,
18339634001,"SHARK AX115 ATV Kuljetuslaatikko, taka 115 L",https://tarvike.com/product/shark-ax115-atv-kuljetuslaatikko-taka-115-l-127259,https://media.tarvike.com/product/images/127259/original/162256.png,339.0,"Erittäin tilava ATV kuljetuslaatikko taakse, lukitus kahdella lukolla metallisoljilla. Valmistettu korkealaatuisesta iskunkestävästä polyeteenistä, vesi- ja pölytiivis. Kaksi takaheijastinta, Quick attach pikakiinnikkeet, tilavuus 115 litraa. Ilman polttoainesäiliötä.",339.0,Shark,
18339632001,SHARK Lisälaidat WOOD 550 ATV Kärryyn,https://tarvike.com/product/shark-lisalaidat-wood-550-atv-karryyn-127247,https://media.tarvike.com/product/images/127247/original/162224.png,159.0,"Irrotettavan lisälaidan avulla voit lisätä WOOD 550 kärryysi huomattavasti kuljetuskapasiteettia tai kuljettaa epätavallisen kokoisia kuormia helposti. Tukeva musta jauhemaalattu teräsrakenne, takapaneeli on helppo irrottaa pikakiinnikkeillä",159.0,Shark,
17912363001,SHARK Quick attach pikakiinnikesarja TGB,https://tarvike.com/product/shark-quick-attach-pikakiinnikesarja-tgb-127253,https://media.tarvike.com/product/images/127253/original/162239.png,21.9,"Quick attach pikakiinnikesarja ATV kuljetuslaatikoiden ja muiden lisävarusteiden nopeaan asennukseen. 4 kpl:een sarja, sopii TGB tavaratelineeseen.",21.9,Shark,
17912361001,SHARK Quick attach pikakiinnikesarja Polaris,https://tarvike.com/product/shark-quick-attach-pikakiinnikesarja-polaris-127249,https://media.tarvike.com/product/images/127249/original/162237.png,27.9,"Quick attach pikakiinnikesarja ATV kuljetuslaatikoiden ja muiden lisävarusteiden nopeaan asennukseen. Pituus 30 mm, kumin halkaisija 24 mm, 4 kpl:een sarja, sopii Polaris tavaratelineeseen.",27.9,Shark,
17418668001,Linhai ATV 110 Lasten Mönkijä,https://tarvike.com/product/linhai-atv-110-monkija-white-39719,https://media.tarvike.com/product/images/39719/original/192540.png,2190.0,"ATV 110 Junior on täydellinen valinta nuorille innokkaille kuljettajille, jotka kaipaavat vauhdikasta ja hauskaa ajokokemusta. Tämän näyttävän ja dynaamisen ajoneuvon ohjaimissa kuljettaja saa nauttia adrenaliinista ja seikkailusta, kun taas vanhemmat arvostavat sen huippuluokan turvallisuusominaisuuksia. Kehittyneen teknologian ja älykkään rakenteen ansiosta tämä ajoneuvo on monin tavoin poikkeuksellinen ja asettaa uuden standardin junioriluokan koneille.",2190.0,Linhai,
17315786001,"Alatukivarsisuojat, Grizzly 700, pitkät tukivarret",https://tarvike.com/product/alatukivarsisuojat-grizzly-700-pitkat-tukivarret-97765,https://media.tarvike.com/product/images/97765/original/106652.jpg,275.0,,275.0,Yamaha,
17315781001,"Kirkas tuulilasi, Kodiak",https://tarvike.com/product/kirkas-tuulilasi-kodiak-96340,https://media.tarvike.com/product/images/96340/original/103394.jpg,502.0,"Kirkas tuulilasi suojaa kuljettajan käsiä, ylävartaloa ja päätä tuulelta ja roskilta parantaen kuljettajan ajomukavuutta erityisesti huonoissa sääoloissa. Lasissa on aukko ajovaloille ja siinä on säädettävä kallistuskulma. Lasi on helppo irrottaa ensiasennuksen jälkeen. Materiaali sitkeää ja vankkaa polykarbonaattia, joka ei pirstoudu.",502.0,Yamaha,
17315738001,Polaris Lavan kansi (Cargo Bed) Ranger XP 1000 / Diesel 1000,https://tarvike.com/product/polaris-lavan-kansi-cargo-bed-ranger-xp-1000-diesel-1000-93755,https://media.tarvike.com/product/images/93755/original/58890.png,1204.0,Polaris Ranger XP 1000 / Diesel takalavan kansi.,1204.0,{},
17315737001,Lavakate ikkunoilla ja lukittavalla takaluukulla Polaris Ranger 1000 / Diesel,https://tarvike.com/product/lavakate-ikkunoilla-ja-lukittavalla-takaluukulla-polaris-ranger-1000-diesel-93754,https://media.tarvike.com/product/images/93754/original/58895.jpg,2014.0,Tyylikäs lavakate Polaris Ranger 1000 ja Diesel malleihin. Lavakatteen sisällä säilytät työkalut/tarvikkeet aina lukitussa tilassa. Lavakate antaa säältä suojattua lisätilaa kuljetustarpeisiin. Takaluukussa myös lukot.,2014.0,{},
17315734001,Kimpex Gen II kiinnityssarja CFMoto,https://tarvike.com/product/kimpex-gen-ii-kiinnityssarja-cfmoto-79405,https://media.tarvike.com/product/images/79405/original/28473.jpg,53.7,Kimpexin CFMoto kiinnittyssarja tuulilaseihin: 76-479800 ja 76-579800,53.7,Kimpex,
13239407000,Tieterä hammas 12/1697/305 linko,https://tarvike.com/product/tietera-hammas-121697305-linko-150020,https://media.tarvike.com/product/images/150020/original/188550.webp,159.0,Sopii lumilinkoon tai lanaan.,159.0,IKH,
13239405000,Tieterä tasa/hammas 12/1697/305 linko,https://tarvike.com/product/tietera-tasahammas-121697305-linko-150021,https://media.tarvike.com/product/images/150021/original/188549.webp,155.0,Sopii lumilinkoon tai lanaan.,155.0,IKH,
7755793002,Bronco vinssin kiinnikesarja Kawasaki Brute Force 450 2025-,https://tarvike.com/product/bronco-vinssin-kiinnikesarja-kawasaki-brute-force-450-2025--137672,https://media.tarvike.com/product/images/137672/original/189768.png,89.0,,89.0,Bronco,
7755786002,"Kimpex Synteettinen Köysi 5.0mm x 15,0m Harmaa/Musta",https://tarvike.com/product/kimpex-synteettinen-koysi-50mm-x-150m-harmaamusta-130597,https://media.tarvike.com/product/images/130597/original/169778.jpg,83.0,,83.0,Kimpex,
759839001,Kinwons Johtosarja DRL/3 Max 300W yhdelle valolle,https://tarvike.com/product/kinwons-johtosarja-drl3-max-300w-yhdelle-valolle-131725,https://media.tarvike.com/product/images/131725/original/170650.png,31.3,,31.3,{},
759836001,Kinwons Led Työvalo 18w,https://tarvike.com/product/kinwons-led-tyovalo-18w-131721,https://media.tarvike.com/product/images/131721/original/170651.jpg,15.0,,15.0,Kinwons,
759835001,Kinwons Led Valosarja Sideshooter Tieliikenne Hyv. 48W,https://tarvike.com/product/kinwons-led-valosarja-sideshooter-tieliikenne-hyv-48w-131720,https://media.tarvike.com/product/images/131720/original/170648.jpg,108.0,,108.0,Kinwons,
4990138000,Bronco vinssin kiinnikesarja Honda,https://tarvike.com/product/bronco-vinssin-kiinnikesarja-honda-77505,https://media.tarvike.com/product/images/77505/original/26781.jpg,83.0,Bronco vinssin kiinnikesarja Hondan Foreman mönkijöihin. Katso sopivuus tarkemmin teknisistä tiedoista.,83.0,Bronco,
4990132000,Bronco vinssin kiinnityssarja Yamaha Grizzly 550/700,https://tarvike.com/product/bronco-vinssin-kiinnityssarja-yamaha-grizzly-550700-77499,https://media.tarvike.com/product/images/77499/original/26748.jpg,83.0,Bronco vinssin kiinnityssarja Yamaha Grizzly 550 ja 700 mönkijöihin. Katso sopivuus tarkemmin teknisistä tiedoista. Kuva on suuntaa antava yleiskuva.,83.0,Bronco,
4894202000,GKA kuljetuslaukku mini plus,https://tarvike.com/product/gka-kuljetuslaukku-mini-plus-79949,https://media.tarvike.com/product/images/79949/original/29348.jpg,139.0,"YleismalliValmistettu tukevasta polyeteenistäVesitiivisLukittavissaMitat: 196 x 494 x 285mmPaino: 3,15kgTilavuus: 22 litraa",139.0,GKA,
4894197000,Tesseract kuljetuslaukku Polaris RZR 1000,https://tarvike.com/product/tesseract-kuljetuslaukku-polaris-rzr-1000-79946,https://media.tarvike.com/product/images/79946/original/29331.jpg,385.0,Sopivuus Polaris RZR 1000Vankkaa materiaaliaVesitiivisLukittavissaTilavuus: 140L,385.0,TESSERACT,
4894183000,GKA Kuljetuslaukku C401,https://tarvike.com/product/gka-kuljetuslaukku-c401-79939,https://media.tarvike.com/product/images/79939/original/29295.jpg,303.0,"Valmistettu tukevasta polyeteenistäLukittavissaKiinnitys: D-PulttisarjaMitat: 700 x 933 x 433mmPaino: 9,95 kgTilavuus: 75 litraa",303.0,GKA,
4894163000,GKA Moose kuljetuslaukku ATV,https://tarvike.com/product/gka-moose-kuljetuslaukku-atv-79929,https://media.tarvike.com/product/images/79929/original/29243.jpg,339.0,Valmistettu tukevasta polyeteenistäLukittavissaKiinnitys: U-PulttisarjaMitat: 441 x 481 x 1038mmPaino: 11KgTilavuus: 200 Litraa,339.0,GKA,
4894153000,"Bronco pehmeä kuljetuslaukku, taakse",https://tarvike.com/product/bronco-pehmea-kuljetuslaukku-taakse-79391,https://media.tarvike.com/product/images/79391/original/28453.jpg,80.0,Kätevä takalaukku mönkijän takatavaratelineeseen.600 D PolyesterMitat: 84 x 40 x 23cm,80.0,Bronco,
4893936000,"CST mönkijän rengas CU06 Wild Thang 27x11,00-12 6Pr 74J",https://tarvike.com/product/cst-monkijan-rengas-cu06-wild-thang-27x1100-12-6pr-74j-77801,https://media.tarvike.com/product/images/77801/original/27199.jpg,190.3,Wild Thangin kevyt ja kestävä rakenne mahdollistaa erinomaisen ajotuntuman ja pidon kaikilla alustoilla.Koko: 27 x 11.00 - 12Harja: 30mmTaakseE-tieliikennehyväksytty,190.3,CST,
3094830001,Bronco levikepalat 1 4/136,https://tarvike.com/product/bronco-levikepalat-1-4136-77697,https://media.tarvike.com/product/images/77697/original/27097.jpg,62.8,"Can-AmMyydään pareittain, sisältää mutterit ja pultit",62.8,Bronco,
3094827001,Bronco levikepalat 2 4/110,https://tarvike.com/product/bronco-levikepalat-2-4110-77694,https://media.tarvike.com/product/images/77694/original/27086.jpg,89.1,"Honda, Suzuki YamahaMyydään pareittain, sisältää mutterit ja pultit",89.1,Bronco,
1920540000,JOURNEY Mönkijän Rengas P361 145/70-6 4-Ply TL E-hyv.,https://tarvike.com/product/journey-monkijan-rengas-p361-14570-6-4-ply-tl-e-hyv-119242,https://media.tarvike.com/product/images/119242/original/167418.jpg,29.4,- ATV- Koko 145/60 - 6- Tubeless.- 4 pr kankainen.- Kuvion korkeus 6mm,29.4,Journey,
19140566002,Camso X4S mönkijän telarungot ATV/UTV,https://tarvike.com/product/camso-x4s-monkijan-telarungot-atvutv-79241,https://media.tarvike.com/product/images/79241/original/28225.jpg,5995.0,"Uusi Camso  X4S on seuraavan sukupolven telarunko, joka tarjoaa erinomaista monipuolisuutta ja vakautta kaikenlaisessa maastossa vuoden ympäri. X4S telarunko täyttää kaikki valikoivan ATV-/UTV kuljettajien vaatimukset. Huolteton ratkaisu parasta suorituskykyä varten mönkijällä.Mallikohtaisen kiinnityssarjan sopivuus löytyy kiinnityssarjojen lisätiedoista.",5995.0,Camso,
19140541002,Camso Stearing Limitor cable,https://tarvike.com/product/camso-stearing-limitor-cable-79216,https://media.tarvike.com/product/images/79216/original/28200.jpg,213.0,Varaosat ja lisävarusteet.,213.0,Camso,
19140522002,Camso/TJD mönkijän telasarjan kiinnityssarja,https://tarvike.com/product/camsotjd-monkijan-telasarjan-kiinnityssarja-79189,https://media.tarvike.com/product/images/79189/original/28159.jpg,570.0,Mönkijöiden kiinnityssarjat Camso X4S ATV/UTV ja  R4S ATV telarunkoihin. Sopivuustaulukko alla tiedostossa.,570.0,Camso,
19140417002,Camso/TJD mönkijän telasarjan kiinnityssarja,https://tarvike.com/product/camsotjd-monkijan-telasarjan-kiinnityssarja-79083,https://media.tarvike.com/product/images/79083/original/27976.jpg,570.0,Mönkijöiden kiinnityssarjat Camso X4S ATV/UTV ja  R4S ATV telarunkoihin. Sopivuustaulukko alla tiedostossa.,570.0,Camso,
19140359002,Camso vetopyörän rattaat 18 hammasta,https://tarvike.com/product/camso-vetopyoran-rattaat-18-hammasta-79025,https://media.tarvike.com/product/images/79025/original/27884.jpg,146.0,"Camso vetopyörän rattaat, jossa 18 hammastaPultti  3/8-16 x 1 1/4",146.0,Camso,
19140358002,Camso vetopyörän rattaat 17 hammasta,https://tarvike.com/product/camso-vetopyoran-rattaat-17-hammasta-79024,https://media.tarvike.com/product/images/79024/original/27881.jpg,146.0,"Camso vetopyörän rattaat, jossa 17 hammastaPultti 3/8-16 x 1 1/4",146.0,Camso,
19140204002,"Kimpex Click N Go 2 Kiinnikesarja, ATV Polaris",https://tarvike.com/product/kimpex-click-n-go-2-kiinnikesarja-atv-polaris-79352,https://media.tarvike.com/product/images/79352/original/28366.jpg,140.7,Kimpex Click N Go2 puskulevyn kiinnikesarja Polaris ATV-mönkijöihin. Tarkempi sopivuus teknisissä tiedoissa.,140.7,Kimpex,
19140164002,Bronco työvälinerungon ruuvisarja,https://tarvike.com/product/bronco-tyovalinerungon-ruuvisarja-79303,https://media.tarvike.com/product/images/79303/original/28294.jpg,50.1,Ruuvi- ja tarvikesarja työvälinerungolle.,50.1,Bronco,
19140063002,Bronco vinssin kiinnikesarja taakse Honda,https://tarvike.com/product/bronco-vinssin-kiinnikesarja-taakse-honda-77530,https://media.tarvike.com/product/images/77530/original/26809.jpg,385.0,"Bronco vinssin kiinnikesarja taakse Honda TRX 420 FA, TRX 500 FA -malleihin.Sisältää peräkoukun ja pidennyssarjan.",385.0,Bronco,
19140052002,Bronco vinssin kiinnikesarja taakse Can-am G2,https://tarvike.com/product/bronco-vinssin-kiinnikesarja-taakse-can-am-g2-77527,https://media.tarvike.com/product/images/77527/original/26822.jpg,127.5,Bronco vinssin kiinnikesarja taakse Can-am G2 Outlander 1000 2015 sekä Outlander 650 XP 2015 -malleihin.,127.5,Bronco,
18339494001,Kimpex Click N Go 2 Puskulevy 152x43cm,https://tarvike.com/product/kimpex-click-n-go-2-puskulevy-152x43cm-79345,https://media.tarvike.com/product/images/79345/original/28379.jpg,322.9,"Kimpex Click N Go 2 mönkijän puskulevyn avulla teet työstäsi hauskempaa, työskentelyleveys on 152 cm.Tarvitset merkkikohtaisen työvälinerungon sekä kiinnityssarjan.Kiinnityssarjan sopivuuden näet kiinnittyssarjan tiedostoista.Videolta voit katsoa kuinka helppoa asennus on.",322.9,Kimpex,
17318904001,Ultratec yleislavakärry Terrain Pro 1200,https://tarvike.com/product/ultratec-yleislavakarry-terrain-pro-1200-79423,https://media.tarvike.com/product/images/79423/original/28514.jpg,2195.0,"Ultratec yleislavakärry Terrain Pro 1200 mönkijän peräkärry yleiskäyttöön, suunniteltu irtotavaroiden, mullan ja muiden maa-ainesten kuljettamiseen. Irrotettavien päätyjen ja telin ansiosta metsätyöt onnistuvat myös.Suunniteltu käytettäväksi keskikokoisten mönkijöiden kanssa.Kippilavalla tyhjennät kuorman nopeasti. Lavan saranointi on lähes keskellä joten kippaus onnistuu kevyesti myös käsin.Kaasujouset pitävät lavan pystyssä kun otat lavalta esim lehtiä tai muuta maa-aineksia. Avattavat päädyt mahdollistavat pitkänkin tavaran kuljettamisen, esim. laudat.",2195.0,Ultratec,
17318877001,Bronco peräkoukun pidennyssarja Can-am,https://tarvike.com/product/bronco-perakoukun-pidennyssarja-can-am-77533,https://media.tarvike.com/product/images/77533/original/26835.jpg,131.3,Varaosat ja lisävarusteet.,131.3,Bronco,
17297306001,"Bronco V-Cut mönkijän nastat 4,76mm x 15,9 mm",https://tarvike.com/product/bronco-v-cut-monkijan-nastat-476mm-x-159-mm-77773,https://media.tarvike.com/product/images/77773/original/27173.jpg,44.6,"4,76mm x 15,88 mm250kpl",44.6,Bronco,
17297304001,"Bronco V-Cut mönkijän nastat 4,76mm x 19,05mm",https://tarvike.com/product/bronco-v-cut-monkijan-nastat-476mm-x-1905mm-77771,https://media.tarvike.com/product/images/77771/original/27160.jpg,46.6,"4,76mm x 19,05mm250 kpl",46.6,Bronco,
1649550000,Bronco Vanteen Pultit 3/8-24x2.68 (4kpl) Polaris,https://tarvike.com/product/bronco-vanteen-pultit-38-24x268-4kpl-polaris-130610,https://media.tarvike.com/product/images/130610/original/173385.png,10.2,Bronco Vanteen Pultit 3/8-24x2.68 (4kpl) Polaris,10.2,Bronco,
1649549000,Bronco Vanteen Pultit 3/8-24x1.73 (4kpl) Polaris,https://tarvike.com/product/bronco-vanteen-pultit-38-24x173-4kpl-polaris-130609,https://media.tarvike.com/product/images/130609/original/169797.jpg,9.1,Bronco Vanteen Pultit 3/8-24x1.73 (4kpl) Polaris,9.1,Bronco,
1568820000,Rival Tukijalka 75-1275,https://tarvike.com/product/rival-tukijalka-75-1275-130622,https://media.tarvike.com/product/images/130622/original/169801.jpg,34.5,Rival Tukijalka 75-12750 Puskulevyyn. Myydään pareittain.,34.5,Rival,
15154313000,Ultratec Pyörivä vetopää,https://tarvike.com/product/ultratec-pyoriva-vetopaa-134948,https://media.tarvike.com/product/images/134948/original/171951.jpg,87.9,"Pyörivä vetopää, helppo kiinnitys kahdella pultilla.Sähkösinkitty.
Sopii 60mm tai 80mm putkeen.",87.9,Ultratec,
15154311000,Ultratec Lisäpankko 80 mm aisa,https://tarvike.com/product/ultratec-lisapankko-80-mm-aisa-134952,https://media.tarvike.com/product/images/134952/original/173390.jpg,154.0,Ultratec Lisäpankko 80 mm aisa,154.0,Ultratec,
15154309000,Vetokuula 50mm,https://tarvike.com/product/vetokuula-50mm-130632,https://media.tarvike.com/product/images/130632/original/169800.jpg,17.2,Vetokuula 50mm,17.2,Bronco,
13852519001,"Bronco Vailjeriohjain,alumiininen musta",https://tarvike.com/product/bronco-vailjeriohjainalumiininen-musta-137699,https://media.tarvike.com/product/images/137699/original/189792.png,31.9,,31.9,Bronco,
4990136000,Bronco vinssin kiinnikesarja CF-Moto Z6,https://tarvike.com/product/bronco-vinssin-kiinnikesarja-cf-moto-z6-77503,https://media.tarvike.com/product/images/77503/original/26766.jpg,55.7,Bronco vinssin kiinnikesarja CF-moto Z6 mönkijään. Kuva on suuntaa antava yleiskuva.,55.7,Bronco,
4894221000,Tesseract Kuljetuslaukku BRP Maverick Sport/Trail,https://tarvike.com/product/tesseract-kuljetuslaukku-brp-maverick-sporttrail-79958,https://media.tarvike.com/product/images/79958/original/29362.jpg,428.0,"Sopivuus: Can-Am Sport Trail, Maverick Sport, Maverick TrailValmistettu erittäin tukevasta polyeteenistäVesitiivisLukittavissaPikakiinnikeMitat: 1135 x 590 x 325mmPaino 11kg155 L",428.0,TESSERACT,
4894205000,GKA kuljetuslaukku 100L,https://tarvike.com/product/gka-kuljetuslaukku-100l-79950,https://media.tarvike.com/product/images/79950/original/29345.jpg,265.0,"Valmistettu tukevasta polyeteenistäYleismalliLukittavissaMitat: 400 x 700 x 400mmPaino 7,8kgTilavuus: 100 litraa",265.0,GKA,
4894165000,GKA 8050 kuljetuslaukku ATV,https://tarvike.com/product/gka-8050-kuljetuslaukku-atv-79930,https://media.tarvike.com/product/images/79930/original/29249.jpg,302.9,"Valmistettu tukevasta polyeteenistäVesitiivisLukittavissaKiinnitys: D-PulttisarjaMitat: 588 x 1108 x 382 mmPaino: 7,95kgTilavuus: 75 Litraa",302.9,GKA,
4893912000,"ITP Delta vanne 12x7 4/137 4+3, musta",https://tarvike.com/product/itp-delta-vanne-12x7-4137-43-musta-77720,https://media.tarvike.com/product/images/77720/original/27115.jpg,112.0,"Koko: 12""Pulttijako: 4/137Offset: 4+3Etu- ja takavanne",112.0,ITP,
3094850001,"ITP Kapselisarja Delta Musta 4/110, 4/115",https://tarvike.com/product/itp-kapselisarja-delta-musta-4110-4115-77732,https://media.tarvike.com/product/images/77732/original/27129.jpg,16.0,Pakkaus sisältää neljä kapselia,16.0,ITP,
3094839001,ITP Mutterisarja 10mm 60° kartio musta,https://tarvike.com/product/itp-mutterisarja-10mm-60-kartio-musta-77716,https://media.tarvike.com/product/images/77716/original/27100.jpg,32.9,Varaosat ja lisävarusteet.,32.9,ITP,
19140489002,Camso/TJD mönkijän telasarjan kiinnityssarja,https://tarvike.com/product/camsotjd-monkijan-telasarjan-kiinnityssarja-79172,https://media.tarvike.com/product/images/79172/original/28139.jpg,570.0,Mönkijöiden kiinnityssarjat Camso X4S ATV/UTV ja  R4S ATV telarunkoihin. Sopivuustaulukko alla tiedostossa.,570.0,Camso,
19140240002,Bronco V-aura sovitinlevy,https://tarvike.com/product/bronco-v-aura-sovitinlevy-79379,https://media.tarvike.com/product/images/79379/original/28432.jpg,83.0,Sovitin Kimpex Click n´Go ja Bronco Push -putkelle.,83.0,Bronco,
19140228002,"Kimpex Click N Go 2 Kiinnikesarja, UTV Polaris RZR",https://tarvike.com/product/kimpex-click-n-go-2-kiinnikesarja-utv-polaris-rzr-79367,https://media.tarvike.com/product/images/79367/original/28407.jpg,293.5,Kimpex Click N Go2 puskulevyn kiinnikesarja Polaris UTV-mönkijöihin. Tarkista sopivuus laitteeseen Tiedostot- osiosta.,293.5,Kimpex,
19140181002,"Bronco puskulevyn kiinnikesarja, Honda",https://tarvike.com/product/bronco-puskulevyn-kiinnikesarja-honda-79320,https://media.tarvike.com/product/images/79320/original/28325.jpg,68.9,Bronco puskulevyn kiinnityssarja Honda mönkijöihin. Tarkempi sopivuus teknisissä tiedoissa.,68.9,Bronco,
19140173002,"Bronco puskulevyn kiinnikesarja, Can-Am G1",https://tarvike.com/product/bronco-puskulevyn-kiinnikesarja-can-am-g1-79312,https://media.tarvike.com/product/images/79312/original/28309.jpg,69.0,Bronco puskulevyn kiinnityssarja Can-Am mönkijöhin. Tarkempi sopivuus teknisissä tiedoissa.,69.0,Bronco,
19140161002,Bronco Kulutusterä suora,https://tarvike.com/product/bronco-kulutustera-suora-79300,https://media.tarvike.com/product/images/79300/original/28298.jpg,57.7,Suora Bronco kulutusterä.Sopii Bronco-puskulevyihin 136/145/152/165 ja Kimpex-puskulevyihin 137/152/168. Pultit ja mutterit eivät sisälly pakkaukseen.Pituus 167 cm ja paksuus 5 mm.Huom! Tuotekuva viitteellinen. Hammastetun terän sijaan tämä terä on suora.,57.7,Bronco,
19140072002,Bronco vinssin pikajohtosarja,https://tarvike.com/product/bronco-vinssin-pikajohtosarja-77554,https://media.tarvike.com/product/images/77554/original/26859.jpg,75.1,Johtosarja vinssin asennukseen esim. tukkikärryyn. Sisältää: sähköjohdot 122cm sekä pikaliittimet.,75.1,Bronco,
19140069002,Kimpex vinssin kiinnikesarja Arctic Cat,https://tarvike.com/product/kimpex-vinssin-kiinnikesarja-arctic-cat-77551,https://media.tarvike.com/product/images/77551/original/26858.jpg,77.0,"Vinssin kiinnikesarja eteen. Sopii Arctic Cat 400, 450, 500 ,550 ja 700 mönkijöihin. Tarkemmat tiedot sopivuudesta teknisissä tiedoissa.",77.0,Kimpex,
1772067000,GKA Jerrykannun Kiinnike Powerstand,https://tarvike.com/product/gka-jerrykannun-kiinnike-powerstand-135107,https://media.tarvike.com/product/images/135107/original/172005.jpg,58.0,"Paino: 1,2 KG",58.0,GKA,
17318916001,Ultratec Maansiirtolavavarustus tukkikärryyn,https://tarvike.com/product/ultratec-maansiirtolavavarustus-tukkikarryyn-79436,https://media.tarvike.com/product/images/79436/original/28591.jpg,1535.0,Maansiirtolavavarustus Ultratecin tukkikärryyn. Avattavat päädyt mahdollistavat myös pidemmän tavaran ajamiseen. Kippilava mahdollistaa nopean kuorman purkamisen.,1535.0,Ultratec,
17318900001,ATV-tukkikärryn vetopää,https://tarvike.com/product/atv-tukkikarryn-vetopaa-79411,https://media.tarvike.com/product/images/79411/original/28481.jpg,38.0,Varaosat ja lisävarusteet.,38.0,Bronco,
17318898001,Bronco Nostopuomin päätyrissa täydellinen,https://tarvike.com/product/bronco-nostopuomin-paatyrissa-taydellinen-79409,https://media.tarvike.com/product/images/79409/original/28478.jpg,69.9,Varaosat ja lisävarusteet.,69.9,Bronco,
17318882001,Bronco peräkoukun pidennyssarja Can-Am,https://tarvike.com/product/bronco-perakoukun-pidennyssarja-can-am-77538,https://media.tarvike.com/product/images/77538/original/26839.jpg,176.0,Bronco peräkoukun pidennyssarja Can-Am Outlander/Renegade G2,176.0,Bronco,
17318881001,Bronco peräkoukun adapterisarja Honda TRX 420,https://tarvike.com/product/bronco-perakoukun-adapterisarja-honda-trx-420-77537,https://media.tarvike.com/product/images/77537/original/26836.jpg,118.9,Bronco peräkoukun adapterisarja Honda TRX 420 mönkijään,118.9,Bronco,
17318879001,Bronco peräkoukun pidennyssarja Polaris XP,https://tarvike.com/product/bronco-perakoukun-pidennyssarja-polaris-xp-77535,https://media.tarvike.com/product/images/77535/original/26828.jpg,80.0,Bronco peräkoukun pidennyssarja Polaris XP,80.0,Bronco,
17315733001,Kimpex Flare Gen II tuulisuojan kiinnityssarja honda,https://tarvike.com/product/kimpex-flare-gen-ii-tuulisuojan-kiinnityssarja-honda-79404,https://media.tarvike.com/product/images/79404/original/28472.jpg,29.9,Kimpexin Honda kiinnittyssarja tuulilaseihin: 76-479803 ja 76-479200Sopivuus HondaSopivuustaulukko lisätiedoissa,29.9,Kimpex,
1649553000,"Bronco Levikepalat UTV 1,5"" 4/137 M12 X 1.25mm pari",https://tarvike.com/product/bronco-levikepalat-utv-15-4137-m12-x-125mm-pari-130613,https://media.tarvike.com/product/images/130613/original/169799.jpg,97.2,"Bronco Levikepalat UTV 1,5"" 4/137 M12 X 1.25mm pari",97.2,Bronco,
1568821000,Click N Go 2 Kiinnikesarja ATV CF-Moto Polaris,https://tarvike.com/product/click-n-go-2-kiinnikesarja-atv-cf-moto-polaris-130623,https://media.tarvike.com/product/images/130623/original/173387.png,181.2,Click N Go 2 Kiinnikesarja ATV CF-Moto Polaris,181.2,Bronco,
9439056000,Iron Baltic Monikiinnitteinen vinssi,https://tarvike.com/product/iron-baltic-monikiinnitteinen-vinssi-145722,https://media.tarvike.com/product/images/145722/original/178847.jpg,470.63,Kompakti yleiskäyttöinen sähkövinssisarja asennettavaksi 2 tuuman (neliöputki) vastaanottimiin tai kiinnitettäväksi mihin tahansa muuhun sopivaan paikkaan ajoneuvossa U-kiinnikkeillä. Nopea ja helppo siirtää / jakaa eri ajoneuvojen välillä. Sarja sisältää sähkövinssin X2500S.,470.63,Iron Baltic,
9439054000,Iron BalticHydraulinen kippisarja kauhalle,https://tarvike.com/product/iron-baltichydraulinen-kippisarja-kauhalle-145748,https://media.tarvike.com/product/images/145748/original/178890.jpg,251.0,Hydraulinen kallistussarja 1280 mm:n tai 1500 mm:n kauhan muunnossarjoille / aurauskauhasarjoille.,251.0,Iron Baltic,
9439053000,Iron Baltic Hydrauliletkune jatkoletku,https://tarvike.com/product/iron-baltic-hydrauliletkune-jatkoletku-145746,https://media.tarvike.com/product/images/145746/original/178882.jpg,125.5,Iron Baltic Hydrauliletkune jatkoletku.,125.5,Iron Baltic,
9439052000,Iron Baltic Hydrauliyksikkö,https://tarvike.com/product/iron-baltic-hydrauliyksikko-145745,https://media.tarvike.com/product/images/145745/original/178876.jpg,1995.45,"Sähkökäyttöinen hydrauliyksikkö, yleiskäyttöinen ja kompakti muotoilu sopii useimpiin mönkijöihin ja UTV-ajoneuvoihin työlaitteiden nostamiseen, kallistamiseen, kääntämiseen tai työasennon säätöön hydraulisylintereiden avulla.",1995.45,Iron Baltic,
9439049000,Iron Baltic Kytkentäsarja 2-sylinterin säätö,https://tarvike.com/product/iron-baltic-kytkentasarja-2-sylinterin-saato-145742,https://media.tarvike.com/product/images/145742/original/178864.jpg,175.7,"Iron Baltic Kytkentäsarja, 2-sylinterin säätö.",175.7,Iron Baltic,
9439047000,Iron Baltic Väkipyörä,https://tarvike.com/product/iron-baltic-vakipyora-145720,https://media.tarvike.com/product/images/145720/original/178843.jpg,43.93,Iron Baltic Väkipyörä mahdollistaa auran suuremman noston.,43.93,Iron Baltic,
9438838000,Iron Baltic vetokoukun kiinnityssarja Yamaha 700 2016+ /,https://tarvike.com/product/iron-baltic-vetokoukun-kiinnityssarja-yamaha-700-2016-145725,https://media.tarvike.com/product/images/145725/original/178859.jpg,100.4,"Yamaha Grizzly 700 (2016+) sekä Kodiak 700 sopiva vetokoukku. Sovitin pidentää vetokoukun kuulaniveltä kauemmas rungosta, jotta perävaunulla on enemmän liikkumatilaa.",100.4,Iron Baltic,
8841133002,2025 Yamaha Kodiak 450 EPS Diff Lock traktorimönkijä,https://tarvike.com/product/2025-yamaha-kodiak-450-eps-diff-lock-traktorimonkija-97490,https://media.tarvike.com/product/images/97490/original/198202.jpg,8990.0,"Ketterässä ja tehokkaassa Kodiak 450:ssä on monia ominaisuuksia, joita ei ehkä odottaisi olevan näin edullisessa ATV:ssa – Ultramatic®-automaattivaihteisto, On-Command® 2WD/4WD ja polttoainesuihkutus. Kodiak 450 on tehty heille jotka arvostavat erinomaista hinta-laatusuhdetta.",8990.0,Yamaha,
8793039002,Segway Snarler Etukaide,https://tarvike.com/product/segway-snarler-etukaide-168861,https://media.tarvike.com/product/images/168861/original/190446.jpg,69.0,"Etutavaran kaide Segway Snarler AT5/AT6 -mönkijöihin, täydellinen yhteensopivuus telineen kanssa, helppo asentaa.",69.0,Segway,
8793037002,Takalaukku Snarler mönkijään,https://tarvike.com/product/takalaukku-snarler-monkijaan-168858,https://media.tarvike.com/product/images/168858/original/190444.jpg,333.0,Takalaukku Segway Snarler mönkijään,333.0,Segway,
8793036002,AT5 Korkeampi Etupuskuri,https://tarvike.com/product/at5-korkeampi-etupuskuri-168862,https://media.tarvike.com/product/images/168862/original/190441.jpg,199.0,Korkeampi etupuskuri Segway AT5 -malleihin,199.0,Segway,
8792982002,Honda Puskulevysarja,https://tarvike.com/product/honda-puskulevysarja-167758,https://media.tarvike.com/product/images/167758/original/189701.jpg,906.0,Puskulevysarja Hondan mönkijöihin joissa on Iron Baltic asennussarja. Sarja sisältää Puskulevyn 150cm sekä kiinnikerungon.,906.0,Honda,
8544395001,Iron Baltic Yamaha Kodiak 450 Puskulevysarja,https://tarvike.com/product/iron-baltic-yamaha-kodiak-450-puskulevysarja-147800,https://media.tarvike.com/product/images/147800/original/180297.jpg,1041.65,"Iron Baltic Yamaha Kodiak 450 mönkijöiden puskulevysarja. Sarja sisältää Puskulevyn 150cm, kiinnikerungon sekä kiinnikeadapterin.",1041.65,Iron Baltic,
8543379001,Iron Baltic Ilmaaja 125cm,https://tarvike.com/product/iron-baltic-ilmaaja-125cm-145763,https://media.tarvike.com/product/images/145763/original/178885.jpg,407.88,Kestävät galvanoidut ilmastusveitset käytettäväksi Iron Balticin kiinnitysjärjestelmän kanssa (osanumero 84.1000 tai 84.1050).,407.88,Iron Baltic,
8543378001,Iron Baltic Hydraulisylinteri( G2 1500 ),https://tarvike.com/product/iron-baltic-hydraulisylinteri-g2-1500-145747,https://media.tarvike.com/product/images/145747/original/178886.jpg,251.0,Hydraulisylinteri Iron Baltic G2 1500 mm V-auran kääntämiseen.,251.0,Iron Baltic,
8543375001,Iron Baltic Vinssin asennussarja taakse Polaris,https://tarvike.com/product/iron-baltic-vinssin-asennussarja-taakse-polaris-145718,https://media.tarvike.com/product/images/145718/original/179693.jpg,201.0,"Takavinssin asennussarja mönkijävinsseille, kiinnityspulttien jako 76x124 mm (3""x4,87"").",201.0,Iron Baltic,
8543374001,"Iron Baltic Etukiinnitteinen asennussarja, CFMoto",https://tarvike.com/product/iron-baltic-etukiinnitteinen-asennussarja-cfmoto-145710,https://media.tarvike.com/product/images/145710/original/179959.jpg,163.15,Mallikohtainen kiinnityssarja CFMoto CForce 850- ja 1000-mallien etukiinnityksellä varustettuun puskulevyyn (...-2023),163.15,Iron Baltic,
8543373001,"Iron Baltic etukiinnitteinen asennussarja, Polaris General",https://tarvike.com/product/iron-baltic-etukiinnitteinen-asennussarja-polaris-general-145709,https://media.tarvike.com/product/images/145709/original/179962.jpg,207.0,Polaris General 1000 ja RZR 900S / RZR 1000S -mallikohtainen kiinnityssarja UTV-aurajärjestelmälle.,207.0,Iron Baltic,
8537617001,"Iron Baltic Etukiinnitteinen asennussarja, Ranger",https://tarvike.com/product/iron-baltic-etukiinnitteinen-asennussarja-ranger-145712,https://media.tarvike.com/product/images/145712/original/179952.jpg,188.25,Polaris Ranger XP 1000 ja Polaris Diesel Ranger 1000 (vuosimalli 2019+) mallikohtainen kiinnityssarja.,188.25,Iron Baltic,
8537616001,"Iron Baltic Etukiinnitteinen asennussarja, Yamaha Kodiak",https://tarvike.com/product/iron-baltic-etukiinnitteinen-asennussarja-yamaha-kodiak-145711,https://media.tarvike.com/product/images/145711/original/179956.jpg,163.15,Asennussarja etukiinnitteiselle työvälinerungolle + asennussovitin Yamahan alkuperäiselle / tehdasasenteiselle vinssille (Warn Vantage 2000).,163.15,Iron Baltic,
8537614001,Iron Baltic Etukiinnitteinen asennussarja CFmoto,https://tarvike.com/product/iron-baltic-etukiinnitteinen-asennussarja-cfmoto-145706,https://media.tarvike.com/product/images/145706/original/179970.jpg,163.15,"Etukiinnitysjärjestelmän asennussarja+ kiinnityssovitin eteen asennettaville ""Warn""- tai ""Bronco""-mönkijävinsseille, joiden kiinnityspulttien jako on 76x124 mm (3""x4,87"").",163.15,Iron Baltic,
8537612001,Iron Baltic Etukiinnitteinen asennussarja Polaris Ranger,https://tarvike.com/product/iron-baltic-etukiinnitteinen-asennussarja-polaris-ranger-145704,https://media.tarvike.com/product/images/145704/original/178846.jpg,138.05,"Iron Baltic Etukiinnitteinen asennussarja Polari Ranger 570 Nordic Pro, vuosimallit 2022+ (käytä osanumeroa 03.7000 vanhemmille malleille).",138.05,Iron Baltic,
8537611001,Iron Baltic Etukiinnitteinen asennussarja CFmoto,https://tarvike.com/product/iron-baltic-etukiinnitteinen-asennussarja-cfmoto-145703,https://media.tarvike.com/product/images/145703/original/178842.jpg,138.05,CFMoto UForce 600 -mallikohtainen asennussarja UTV:n työvälinerungolle.,138.05,Iron Baltic,
8537609001,Iron Baltic Etukiinnitteinen asennussarja CFMoto,https://tarvike.com/product/iron-baltic-etukiinnitteinen-asennussarja-cfmoto-145701,https://media.tarvike.com/product/images/145701/original/178852.jpg,238.45,"Asennussarja on yhteensopiva mönkijöiden kanssa, joissa on tehdasasenteinen kallistuksenvakaaja. Tehdasasenteinen etummaisen alemman muovinen nokkaosa on vaihdettava Iron Balticin muoviosaan, joka sisältyy Iron Balticin asennussovitinsarjaan.",238.45,Iron Baltic,
8537608001,Iron Baltic Etukiinnitteinen asennussarja CFmoto,https://tarvike.com/product/iron-baltic-etukiinnitteinen-asennussarja-cfmoto-145700,https://media.tarvike.com/product/images/145700/original/178848.jpg,138.05,CFMoto Uforce 1000 -mallikohtainen kiinnityssarjae UTV:n työvälinerungolle.,138.05,Iron Baltic,
768993001,Segway Snarler AT6 S EPS Full Version Traktorimönkijä,https://tarvike.com/product/segway-snarler-at6-s-eps-full-version-t3-grayblack-33901,https://media.tarvike.com/product/images/33901/original/176190.jpg,8690.0,"Lyhyt kaksipaikkainen Snarler parhaalla Full Version -varustelutasolla, ohjaustehostimella ja sitkeällä 44-hevosvoimaisella moottorilla.",8690.0,Segway,
7261267002,"Honda puskulevy 150 cm, suora",https://tarvike.com/product/honda-puskulevy-150-cm-suora-61120,https://media.tarvike.com/product/images/61120/original/17870.jpg,481.0,"Isojen alueiden lumitöihin, kuten parkkipaikkojen ja taloyhtiöiden pihatöihin. Työleveys on 150 cm.",481.0,Honda,
712134001,Segway Snarler AT6 L EPS Standard Traktorimönkijä,https://tarvike.com/product/segway-snarler-at6-l-eps-standard-t3-grayblack-33907,https://media.tarvike.com/product/images/33907/original/176228.jpg,7990.0,"Pitkä kaksipaikkainen Snarler Standard-varustelutasolla, ohjaustehostimella ja sitkeällä 44-hevosvoimaisella moottorilla.",7990.0,Segway,
6641842002,Trapper 450L Guardian EPS T3b,https://tarvike.com/product/trapper-450l-guardian-eps-t3b-musta-39928,https://media.tarvike.com/product/images/39928/original/201152.webp,6390.0,"Trapper Guardian 450L on erinomainen valinta monipuoliseen käyttöön. Tämä malli tarjoaa erinomaisen suorituskyvyn ja mukavuuden, mikä tekee siitä ihanteellisen sekä työ- että vapaa-ajan käyttöön.",6390.0,Trapper,
6641840002,Trapper 450L Guardian T3b,https://tarvike.com/product/trapper-450l-guardian-t3b-keltainen-39926,https://media.tarvike.com/product/images/39926/original/201151.webp,5990.0,"Trapper Guardian 450L on erinomainen valinta monipuoliseen käyttöön. Tämä malli tarjoaa erinomaisen suorituskyvyn ja mukavuuden, mikä tekee siitä ihanteellisen sekä työ- että vapaa-ajan käyttöön.",5990.0,Trapper,
6068001,Iron Baltic Hara pintamuokkaukseen 145cm,https://tarvike.com/product/iron-baltic-hara-pintamuokkaukseen-145cm-145767,https://media.tarvike.com/product/images/145767/original/178902.jpg,251.0,"Maisema-/pintaharava maanmuokkaustöihin, pintatasaukseen tai peltojen huoltoon/puhdistukseen.",251.0,Iron Baltic,
6067001,Iron Baltic Tieharja 150cm,https://tarvike.com/product/iron-baltic-tieharja-150cm-145760,https://media.tarvike.com/product/images/145760/original/178895.jpg,407.88,"Työnnä harja puhdistaaksesi ajotiet, jalkakäytävät, pysäköintialueet, torit, varastot, navetat jne. jätteistä, lehdistä, lumesta jne. Työskentelykorkeus 250 mm",407.88,Iron Baltic,
6066001,Iron Baltic Työntöharja 1500mm,https://tarvike.com/product/iron-baltic-tyontoharja-1500mm-145726,https://media.tarvike.com/product/images/145726/original/178861.jpg,596.0,"Iron Baltic työntöharja on täydellinen kovien polkujen, jalkakäytävien, ajoväylien kunnossapitoon sekä varastojen tai pylväsrakennusten lakaisuun.",596.0,Iron Baltic,
6054001,Iron Baltic Vinssin asennussarja taakse RZR 570,https://tarvike.com/product/iron-baltic-vinssin-asennussarja-taakse-rzr-570-145790,https://media.tarvike.com/product/images/145790/original/179684.jpg,100.4,"Takavinssin kiinnityssarja WARN-, COMEUP- tai BRONCO-vinsseille, joiden kiinnityspulttien jako on 76x124 mm (3""x4,87"").",100.4,Iron Baltic,
6053001,Iron Baltic Vinssin asennussarja taakse Honda,https://tarvike.com/product/iron-baltic-vinssin-asennussarja-taakse-honda-145789,https://media.tarvike.com/product/images/145789/original/179687.jpg,288.5,"Takavinssin kiinnityssarja WARN-, COMEUP- tai BRONCO-vinsseille, joiden kiinnityspulttien jako on 76x124 mm (3""x4,87"").",288.5,Iron Baltic,
6051001,Iron Baltic Vinssin asennussarja Polaris RZR 570 / 800,https://tarvike.com/product/iron-baltic-vinssin-asennussarja-polaris-rzr-570-800-145787,https://media.tarvike.com/product/images/145787/original/178919.jpg,100.4,"Etuvinssin kiinnityssarja WARN-, COMEUP- tai BRONCO-vinsseille, joiden kiinnityspulttien jako on 76x124 mm (3""x4,87"").",100.4,Iron Baltic,
6050001,Iron Baltic Sähkövinssisarja,https://tarvike.com/product/iron-baltic-sahkovinssisarja-145719,https://media.tarvike.com/product/images/145719/original/178858.jpg,407.88,Iron Baltic Sähkövinssisarja.,407.88,Iron Baltic,
6049001,Iron Baltic Vinssin asennussarja Polaris RZR,https://tarvike.com/product/iron-baltic-vinssin-asennussarja-polaris-rzr-145717,https://media.tarvike.com/product/images/145717/original/179707.jpg,100.4,"Etuvinssin kiinnityssarja WARN-, COMEUP- tai BRONCO-vinsseille, joiden kiinnityspulttien jako on 76x124mm (3""x4,87"") ja 76 x 167,6mm (3x6,6“)",100.4,Iron Baltic,
5454087000,SHARK Yleismallisen työvälinerungon kiinnike,https://tarvike.com/product/shark-yleismallisen-tyovalinerungon-kiinnike-127236,https://media.tarvike.com/product/images/127236/original/162160.png,125.0,"Yleismallisen työvälinerungon (1303-UNI.ADA) kiinnike Shark harjakoneeseen, helppo asennus, sisältää asennustarvikkeet.",125.0,Shark,
5454078000,SHARK Akkulaturi CN-4000,https://tarvike.com/product/shark-akkulaturi-cn-4000-127245,https://media.tarvike.com/product/images/127245/original/162204.png,44.9,"Tämä tehokas, automaattinen 12V / 6V älylaturi lataa luotettavasti kaiken tyyppiset moottoripyörä-, mönkijä- ja autoakut, joiden kapasiteetti on 1,2 - 130 Ah.",44.9,Shark,
5454064000,"SHARK LED-valopalkki OSRAM 108W 22"" (58,4 cm)",https://tarvike.com/product/shark-led-valopalkki-osram-108w-22-584-cm-127280,https://media.tarvike.com/product/images/127280/original/162399.png,199.0,"Monipuolinen LED-valo mönkijöihin, maastoajoneuvoihin, veneisiin, työkoneisiin, traktoreihin ja muihin ajoneuvoihin. Hyväksytty tieliikennekäyttöön.",199.0,Shark,
5454062000,SHARK LED Ajovalosarja Polaris 2x 36W,https://tarvike.com/product/shark-led-ajovalosarja-polaris-2x-36w-127278,https://media.tarvike.com/product/images/127278/original/162394.png,229.0,"Jälkimarkkina LED ajovalosarja (kauko- ja lähivalot) Polaris mönkijöihin. Iskunkestävä ja vedenpitävä rakenne, erittäin kirkas LED-siru. Paksu alumiinikuori takaa hyvän lämmönpoiston ja suojaa ulkoisilta vaurioilta.",229.0,Shark,
5454059000,"SHARK LED-valopalkki 80W 17"" (43 cm) Halo Renkailla (""Angel Eyes"")",https://tarvike.com/product/shark-led-valopalkki-80w-17-43-cm-halo-renkailla-angel-eyes-127275,https://media.tarvike.com/product/images/127275/original/162386.png,159.0,"Suuritehoinen LED-valopalkki, ""Angel Eyes"" Halo renkailla. Kolme valaistustilaa: vain ""Angel Eyes"" / vain päävalot / kaikki LEDit päällä.",159.0,Shark,
5454056000,"SHARK ATV Niittyleikkuri 120 cm, Kohler moottori",https://tarvike.com/product/shark-atv-niittyleikkuri-120-cm-kohler-moottori-127282,https://media.tarvike.com/product/images/127282/original/162407.png,3990.0,"Ammattikäyttöön soveltuva niittyleikkuri, 4-tahti Kohler moottorilla (14 hv). Ruohon ja heinän leikkaamiseen/silppuamiseen.",3990.0,Shark,
5454051000,SHARK WOOD 1500 4Wheel ATV Kärry,https://tarvike.com/product/shark-wood-1500-4wheel-atv-karry-127269,https://media.tarvike.com/product/images/127269/original/162345.png,2090.0,"Ammattimainen ATV yhdistelmäkärry isolla kippilavalla, nostopuomilla ja tukijaloilla.",2090.0,Shark,
5454048000,SHARK Ruohonleikkuri 117cm,https://tarvike.com/product/shark-ruohonleikkuri-117cm-127239,https://media.tarvike.com/product/images/127239/original/162174.png,3390.0,"Tehokas, ammattimainen Shark ATV ruohonleikkuri, erillinen 16 hv:n 4-tahti bensiinimoottori sähkökäynnistyksellä. Työleveys 117 cm, leikkuukorkeus säädettävissä 2,5-25 cm, paino 183 kg.",3390.0,Shark,
5454047000,SHARK Levitin 160kg,https://tarvike.com/product/shark-levitin-160kg-127238,https://media.tarvike.com/product/images/127238/original/162168.png,899.0,"Ammattimainen kuiva-aineiden levitin sopii erinomaisesti nurmikoille ja juuri muokatuille maille. Levittää tehokkaasti siemeniä, lannoitteita, hiekkaa ja suolaa. Loistava myös teiden hoitoon talvella. Levitysleveys jopa 3 m.",899.0,Shark,
5296001,Iron Baltic Nostin IB 1200,https://tarvike.com/product/iron-baltic-nostin-ib-1200-145732,https://media.tarvike.com/product/images/145732/original/178867.jpg,753.0,"Iron Baltic nostin IB 1200 Tukkikärryyn. Nosturi käyttää sähkövinssiä - ei sisälly toimitukseen, saatavilla erillisenä osana nro 06.000",753.0,Iron Baltic,
5211804000,SHARK Universaali adapteri ATV / UTV Lakaisuharjoille,https://tarvike.com/product/shark-universaali-adapteri-atv-utv-lakaisuharjoille-126901,https://media.tarvike.com/product/images/126901/original/161318.jpg,269.0,"Universaali adapteri ATV / UTV Lakaisuharjoille. Vankka rakenne, nopea kokoaminen ja purkaminen.",269.0,Shark,
5211803000,Shark Ammattimaiset lakaisuharjat  ATV - UTV mönkijöille,https://tarvike.com/product/shark-ammattimaiset-lakaisuharjat-atv-utv-monkijoille-126896,https://media.tarvike.com/product/images/126896/original/161284.jpg,3490.0,"Keräin ammattimaiset ATV / UTV Lakaisuharjat HONDA-moottorilla, kestävä teräskotelo, pikalukituskansi, tilavuus 130 litraa.",3490.0,Shark,
5211802000,SHARK ATV-etusilppuri 100 Honda GX 270 -moottorilla,https://tarvike.com/product/shark-atv-etusilppuri-100-honda-gx-270-moottorilla-126902,https://media.tarvike.com/product/images/126902/original/161319.jpg,3990.0,"Tehokas ruohosilppuri on suunniteltu tehokkaaseen ja vaivattomasti hoidettujen tai hoitamattomien nurmikoiden, niittyjen, tienvarsien jne. leikkaamiseen. Erillisen HONDA-bensiinimoottorin ansiosta silppurin kierrosluku voidaan sovittaa helposti ajoneuvon nopeuteen. Etukiinnityksen ansiosta silppurit mahdollistavat helpon ja yksinkertaisen käsittelyn aidoilla, puissa, kulmissa ja erilaisissa esteissä. Hinattaviin silppuriin verrattuna voit helposti välttää esteen, nähdä paremmin leikatun pinnan ja reagoida nopeasti leikattavaan maastoon. Silppuamisterät on suunniteltu erityisesti hoitamattomien tai säännöllisesti huollettujen ruohoalueiden leikkaamiseen.",3990.0,Shark,
5211797000,"Shark ATV, MOTO Aluminum rampit  (2pcs) load capacity max. 680 kg",https://tarvike.com/product/shark-atv-moto-aluminum-rampit-2pcs-load-capacity-max-680-kg-126917,https://media.tarvike.com/product/images/126917/original/161349.jpg,249.0,"Kahden korkealaatuisen kevyen, kestävän taitettavan alumiiniramppisarja.",249.0,Shark,
5211795000,"Shark UTV, MOTO Alumiini rampit",https://tarvike.com/product/shark-utv-moto-alumiini-rampit-126892,https://media.tarvike.com/product/images/126892/original/161274.jpg,259.0,Heavy Duty UTV taitettavat kaksoisrunkoiset alumiiniset ATV-rampit,259.0,Shark,
5109000,Iron Baltic etu A-tukivarren suojat CanAm Renegade / Outlander,https://tarvike.com/product/iron-baltic-etu-a-tukivarren-suojat-canam-renegade-outlander-145780,https://media.tarvike.com/product/images/145780/original/178907.jpg,94.1,"Iron Baltic etu A-tukivarren suojat (pari) enintään vuoden 2018 G2-ajoneuvomalleihin. Etutukivarren suojat, pari sisältyy G2 CanAm ATV:n pohjapanssarisarjoihin.",94.1,Iron Baltic,
5108000,Iron Baltic Taka A-tukivarren suojat CanAm Outlander/Renegade,https://tarvike.com/product/iron-baltic-taka-a-tukivarren-suojat-canam-outlanderrenegade-145776,https://media.tarvike.com/product/images/145776/original/178909.jpg,119.22,Iron Baltic Taka A-tukivarren suojat Can Am mönkijöihin.,119.22,Iron Baltic,
5050000,Iron Baltic Terät ( V-Plow G2 1500 ),https://tarvike.com/product/iron-baltic-terat-v-plow-g2-1500-145815,https://media.tarvike.com/product/images/145815/original/178932.jpg,75.3,Iron Baltic Terät 1500 mm G2 V-auroille.,75.3,Iron Baltic,
5049000,"Iron Baltic Lukot, pari",https://tarvike.com/product/iron-baltic-lukot-pari-145814,https://media.tarvike.com/product/images/145814/original/178928.jpg,94.1,Lukkosarja 20.7400 UTV / HD etukiinnitteisille työvälinerungolle.,94.1,Iron Baltic,
5045000,Iron Baltic Etuakseliston suojat Polaris Sportsman 570,https://tarvike.com/product/iron-baltic-etuakseliston-suojat-polaris-sportsman-570-145804,https://media.tarvike.com/product/images/145804/original/178931.jpg,125.5,"Tuote sopii Polaris Sportsman 570 SP (2021+), Sportsman 570 Trail (2021+), Sportsman 570 X2 Nordic Pro, 6x6 BigBoss 570 (2024+) -malleihin.",125.5,Iron Baltic,
5034001,Iron Baltic Nivelaura G2 1800,https://tarvike.com/product/iron-baltic-nivelaura-g2-1800-145736,https://media.tarvike.com/product/images/145736/original/178862.jpg,1130.0,Iron Baltic Nivelaura G2 1800mm. Asennetaan mönkijöiden Iron Balticin keskiasenteisen G2 V-Plow -kiinnikesarjan (34.2200 tai 34.2900) tai etuasenteisen kiinnikesarjan(34.4000) avulla.,1130.0,Iron Baltic,
5017919002,Mönkijän pöyrä 22X11-8,https://tarvike.com/product/monkijan-poyra-22x11-8-148971,https://media.tarvike.com/product/images/148971/original/180753.webp,77.0,"Täydellinen pyörä, soveltuu esim. mönkijöiden peräkärryihin. Ei tieliikennehyväksyntää.",77.0,IKH,
4990135000,Bronco vinssin kiinnikesarja CF-Moto 500,https://tarvike.com/product/bronco-vinssin-kiinnikesarja-cf-moto-500-77502,https://media.tarvike.com/product/images/77502/original/26762.jpg,86.0,Bronco vinssin kiinnikesarja CF-moto 500 mönkijään. Katso sopivuus tarkemmin teknisistä tiedoista. Kuva on suuntaa antava yleiskuva.,86.0,Bronco,
4963002,"Iron Baltic Työvälinerunko, keskiasennus",https://tarvike.com/product/iron-baltic-tyovalinerunko-keskiasennus-145734,https://media.tarvike.com/product/images/145734/original/178875.jpg,376.5,"Työvälinerunko G2 V-auroille, ajoneuvoasennukseen vaaditaan keskikiinnityssovitin.",376.5,Iron Baltic,
4924002,Iron Baltic Perunannostokone,https://tarvike.com/product/iron-baltic-perunannostokone-145759,https://media.tarvike.com/product/images/145759/original/178891.jpg,87.9,"Perunannostokone perunoiden kaivamiseen. Perunannostokoneessa on metallitangot, joiden läpi maa kulkee perunoiden pysyessä pinnalla.",87.9,Iron Baltic,
4921002,Iron Baltic Lavan sivukaiteet,https://tarvike.com/product/iron-baltic-lavan-sivukaiteet-145773,https://media.tarvike.com/product/images/145773/original/178901.jpg,439.25,Iron Baltic irrotettavat lavan sivukaiteet.,439.25,Iron Baltic,
4917002,Iron Baltic Maajyrä 135cm,https://tarvike.com/product/iron-baltic-maajyra-135cm-145762,https://media.tarvike.com/product/images/145762/original/178881.jpg,313.75,"Iron Baltic Maajyrä, työleveys 135cm. Tarvitset lisäksi kiinnitysadapterin(84.1000 tai 84.1050).",313.75,Iron Baltic,
4894326000,"Yamaha Kuljetuslaatikko eteen, Grizzly/Kodiak",https://tarvike.com/product/yamaha-kuljetuslaatikko-eteen-grizzlykodiak-96719,https://media.tarvike.com/product/images/96719/original/103630.jpg,453.95,"Kuljetuslaatikossa kuljetat kätevästi kaikki mönkijäajelulla tai työssä tarvitsemasi varusteet ja tavarat. Laatikko voidaan asentaa vakiomalliseen telineeseen, kiinnitysosat sisältyvät toimitukseen.Laatikossa on vesi- ja pölytiivis rakenne: kansien lukitukseen on käytetty kumisia kiinnityshihnoja. Ulkopuolella on 33 cc:n juomatölkin pidikkeet. Valmistettu kestävästä, laadukkaasta ja pienitiheyksisestä polyeteenistä. Tilavuus 37 litraa.Tarvitsetko vieläkin enemmän säilytystilaa? Lisää mönkijääsi myös takakuljetuslaatikko.",453.95,Yamaha,
4894318000,"Takatelineen jatkokappale, Grizzly/Kodiak",https://tarvike.com/product/takatelineen-jatkokappale-grizzlykodiak-96716,https://media.tarvike.com/product/images/96716/original/103617.jpg,226.95,"Vakiomallista takatelinettä pidentävä jatkokappale tavaroiden turvalliseen kuljetukseen. Valmistettu taivutetusta ja erittäin kestävästä teräsputkesta, pidentää takatelineen korkeuden 190 millimetriin. Teline on helppo asentaa vakiomallisiin telineisiin mukana toimitetuilla kiinnitysosilla ja se on yhteensopiva lisävarusteena saatavan asekotelon pidikkeen, kylmälaukkutelineen ja takalaukun kanssa.2016-2020 Grizzly& Kodiak 700 -malleihin",226.95,Yamaha,
4893896000,ITP Delta teräsvanne 12x7 4/110 5+2 hopea,https://tarvike.com/product/itp-delta-terasvanne-12x7-4110-52-hopea-77712,https://media.tarvike.com/product/images/77712/original/27106.jpg,111.3,"Sopivuus: CFMoto, Honda, Kawasaki, Suzuki, YamahaKoko: 12""Pulttijako: 4/110Etu/taka",111.3,ITP,
4893853000,Sunf mönkijän rengas A-040 26x11.00-12 6-Ply,https://tarvike.com/product/sunf-monkijan-rengas-a-040-26x1100-12-6-ply-77690,https://media.tarvike.com/product/images/77690/original/27078.jpg,181.2,Sun F. A-40 on monipuiolinen 6-kankainen all-round rengas.Koko: 26 x 11.00 - 12E-tieliikennehyväksyttyEteen ja taakse,181.2,Sunf,
4893761000,ITP mönkijän rengas Mud Lite 27x10.00-12 6-PLY,https://tarvike.com/product/itp-monkijan-rengas-mud-lite-27x1000-12-6-ply-77633,https://media.tarvike.com/product/images/77633/original/27015.jpg,144.7,"Markkinoiden paras rengas. Ylivoimaisesti luokan kevyin rengas uskomattomalla pidolla. Yleisrengas, joka toimii erilaisilla alustoilla. Vahva rakenne, 6-kankainen.Koko: 27 x 10.00 - 12Harja: 29mmEteen ja taakse",144.7,ITP,
4893621000,Deestone mönkijän rengas 27X10.00-12 6PR,https://tarvike.com/product/deestone-monkijan-rengas-27x1000-12-6pr-44724,https://media.tarvike.com/product/images/44724/original/17300.jpg,130.0,"Koko 27x10.00-12Tyyppi TLPR 6Kuvio D936 (Mud Crusher)Halkaisija Ø 686 mmRunkoleveys (SW) 254 mmPaino- ja nopeusluokka 54 LI, 212 kg, F SI, 80 km/hSuositeltu paine 7 psi / 0,5 barVannesuositus 8.00 / vannevaihtoehto 7.00",130.0,Deestone,
4893569000,"Maxxis mönkijän rengas MU02 Zilla 27 x 12,00 - 14 6Pr",https://tarvike.com/product/maxxis-monkijan-rengas-mu02-zilla-27-x-1200-14-6pr-77795,https://media.tarvike.com/product/images/77795/original/27212.jpg,161.9,Kevyt ja nopea Zilla™ takaa tasaisen ajotuntuman hyvinkin vaikeassa maastossa.Koko: 27 x 12.00 - 14Harja: 30mmEi tieliikennekäyttöön,161.9,Maxxis,
4855002,Iron Baltic Työlaiterunko (manuaalinen),https://tarvike.com/product/iron-baltic-tyolaiterunko-manuaalinen-145756,https://media.tarvike.com/product/images/145756/original/178883.jpg,408.0,Iron Baltic Työlaiterunko (manuaalinen).,408.0,Iron Baltic,
4847002,Iron Baltic Harjalaitteen keräyslaatikko,https://tarvike.com/product/iron-baltic-harjalaitteen-kerayslaatikko-145740,https://media.tarvike.com/product/images/145740/original/178878.jpg,1004.0,Iron Baltic Harjalaitteen keräyslaatikko. Sähköhydraulinen tyhjennysjärjestelmä.,1004.0,Iron Baltic,
4843002,Iron Baltic Taka-akseliston suojat Polaris,https://tarvike.com/product/iron-baltic-taka-akseliston-suojat-polaris-145803,https://media.tarvike.com/product/images/145803/original/178927.jpg,94.1,Iron Baltic Taka-akseliston suojat Polaris mönkijöihin.,94.1,Iron Baltic,
4582665000,Yamaha Sport YFZ 50 lasten mönkijä,https://tarvike.com/product/yamaha-yfz-50-racing-blue-lasten-monkija-27921,https://media.tarvike.com/product/images/27921/original/148539.jpg,2890.0,YFZ50 on helppo ja turvallinen tapa aloittaa ATV-harrastus. YFZ50 on 6–9-vuotiaille tarkoitettu helppokäyttöinen ja turvallinen mini- ATV.,2890.0,Yamaha,
4384000,Iron Baltic Tavaralaatikko/Dumpperilava (IB 1200),https://tarvike.com/product/iron-baltic-tavaralaatikkodumpperilava-ib-1200-145771,https://media.tarvike.com/product/images/145771/original/178914.jpg,1004.0,Iron Balctic dumpperilava IB 1200 kärryyn.,1004.0,Iron Baltic,
4134404002,Iron Baltic Iskunvaimentimen lukko,https://tarvike.com/product/iron-baltic-iskunvaimentimen-lukko-145724,https://media.tarvike.com/product/images/145724/original/178855.jpg,150.0,"Jousituksen (iskunvaimentimen) lukko työkäyttöön, kun käytetään raskaampia työkoneita etu- tai takakiinnitysjärjestelmien kautta ja alkuperäinen jousitus on liian pehmeä käsitellä.",150.0,Iron Baltic,
4046002,Iron Baltic Pohjapanssari Polaris Sportsman: 570 SP (2021+),https://tarvike.com/product/iron-baltic-pohjapanssari-polaris-sportsman-570-sp-2021-145778,https://media.tarvike.com/product/images/145778/original/178917.jpg,539.5,Iron Baltic Pohjapanssarilla suojaat mönkijän pohjaa sekä etuosaa.,539.5,Iron Baltic,
3861002,"Iron Baltic Harjakone B&S 6,5hp",https://tarvike.com/product/iron-baltic-harjakone-bs-65hp-145739,https://media.tarvike.com/product/images/145739/original/178874.jpg,3263.0,"Iron Baltic Harjakone pm Ihanteellinen teiden, aukioiden, katujen ja jalkakäytävien puhdistamiseen pudonneista lehdistä tai lumesta! Ajoneuvoon asentamiseen tarvitaan mallikohtainen tai yleismallin keskikiinnityssovitin. HUOM Kuvan keräyslaatikko myydään erikseen.",3263.0,Iron Baltic,
35387432000,Iron Baltic Vinssin asennussarja 550/850 XP,https://tarvike.com/product/iron-baltic-vinssin-asennussarja-550850-xp-145788,https://media.tarvike.com/product/images/145788/original/179690.jpg,100.4,"Etuvinssin kiinnityssarja WARN-, COMEUP- tai BRONCO-vinsseille, joiden kiinnityspulttien jako on 76x124 mm (3""x4,87"").",100.4,Iron Baltic,
35387431000,Iron Baltic Vinssin asennussarja: Polaris,https://tarvike.com/product/iron-baltic-vinssin-asennussarja-polaris-145713,https://media.tarvike.com/product/images/145713/original/178854.jpg,100.4,"Etuvinssin kiinnityssarja WARN-, COMEUP- tai BRONCO-vinsseille, joiden kiinnityspulttien jako on 76x124 mm (3""x4,87"").",100.4,Iron Baltic,
3532000,Iron Baltic Tukkikärry IB 1200,https://tarvike.com/product/iron-baltic-tukkikarry-ib-1200-145770,https://media.tarvike.com/product/images/145770/original/178910.jpg,1882.5,Iron Baltic Tukkikärry IB 1200. Kuvan nostopuomi myydään erikseen.,1882.5,Iron Baltic,
33565180000,Etukiinnitteinen puskulevyn asennussarja Segway Fugleman UT10,https://tarvike.com/product/etukiinnitteinen-puskulevyn-asennussarja-segway-fugleman-ut10-185707,https://media.tarvike.com/product/images/185707/original/205850.webp,195.0,Ajoneuvokohtainen kiinnityssarja Segway Fugleman UT10 -malliin raskaan UTV etukiinnitteistä auran kiinnitysjärjestelmää varten.,195.0,Iron Baltic,
30969591000,Segway Snarler AT10 Wide Mud Premium (T3b) Traktorimönkijä,https://tarvike.com/product/segway-snarler-at10-wide-mud-premium-t3b-traktorimonkija-209036,https://media.tarvike.com/product/images/209036/original/205232.webp,13990.0,"Röyhkeä Wide Mud malli, jossa jäätävät 30'' renkaat ja ilmanotto keulilla! Voimakas 97-hevosvoimainen moottori takaa vetovoiman vaativampiinkin työtehtäviin.",13990.0,Segway,
2944458002,Fimco Levitin yleismalli ATV-DMS 12V atv,https://tarvike.com/product/fimco-levitin-yleismalli-atv-dms-12v-atv-186133,https://media.tarvike.com/product/images/186133/original/205988.png,1007.0,"Universal levitin mönkijään. Helppo ja kätevä yleislevitin lannoitteiden, suolan, hiekan ym. levittämiseen. Säädettävä levitysalue 1,5m-13,m5. Säiliön tilavuus 63L.",1007.0,TARVIKE.COM,
27835314001,Trapper 750 Freelander T1b,https://tarvike.com/product/trapper-750-freelander-t1b-keltainen-39925,https://media.tarvike.com/product/images/39925/original/197342.webp,17490.0,"Trapper Freelander 750, vuoden 2025 uutuusmalliin, joka vie mönkijäkokemuksen täysin uudelle tasolle. Tämä mönkijä on suunniteltu vastaamaan vaativimpienkin käyttäjien tarpeisiin, olitpa sitten metsässä, maatilalla tai vapaa-ajan seikkailuissa.",17490.0,Trapper,
26218157001,Iron Baltic Hiekotin G2 Pro 500,https://tarvike.com/product/iron-baltic-hiekotin-g2-pro-500-180048,https://media.tarvike.com/product/images/180048/original/203719.jpg,1632.0,"hHinattava hiekan-/soranlevitin on erittäin kätevä ja taloudellinen lisälaite pihojen ja käytävien talvihoitoon. Se peittää vain mönkijän takana olevan jäljen eikä levitä sitä leveämmälle ojiin tai nurmikoille sivuille, mikä tekee siitä kätevän ja taloudellisen käyttää, koska pudotettua materiaalia ei mene hukkaan sinne, missä sitä ei tarvita.",1632.0,Iron Baltic,
2316109002,Iron Baltic Pohjapanssari CanAm Outlander 6x6 450 T,https://tarvike.com/product/iron-baltic-pohjapanssari-canam-outlander-6x6-450-t-145777,https://media.tarvike.com/product/images/145777/original/178913.jpg,640.0,"Iron Baltic Pohjapanssari suojaa koko rungon pohjaa ja etuosaa sekä etu-, keski- ja taka-A-tukivarsia. Suunniteltu ja rakennettu parasta mahdollista suojaa varten ja maksimaalisen maavaran säilyttämiseksi, pohjapanssari myötäilee rungon/korin muotoa parhaalla mahdollisella tavalla.",640.0,Iron Baltic,
2316074002,Iron Baltic Kääntösylöinterien asennussarja,https://tarvike.com/product/iron-baltic-kaantosylointerien-asennussarja-145751,https://media.tarvike.com/product/images/145751/original/178880.jpg,75.3,Kiinnityssarja tarvitaan sähköhydraulisten tai hydraulisten sylinterien käyttämiseen etu- ja keskiasenteisissa vakio- ja korkeaheittoisissa auroissa.,75.3,Iron Baltic,
2316073002,Iron Baltic Nosotsylinterin adapteri Polaris Ranger,https://tarvike.com/product/iron-baltic-nosotsylinterin-adapteri-polaris-ranger-145750,https://media.tarvike.com/product/images/145750/original/178898.jpg,125.5,Keskikiinnityksellä varustettujen aurojen ja V-aurojenn nostamiseen ja alas työntämiseen. Vaati toimiakseen hydraulisen voimayksikön.,125.5,Iron Baltic,
2316072002,"Iron Baltic Hydrauliyksikön teline, CFMoto",https://tarvike.com/product/iron-baltic-hydrauliyksikon-teline-cfmoto-145749,https://media.tarvike.com/product/images/145749/original/178894.jpg,56.48,Iron Baltic Hydrauliyksikön teline CFMoto mönkijöihin.,56.48,Iron Baltic,
2316070002,Iron Baltic Kytkin,https://tarvike.com/product/iron-baltic-kytkin-145799,https://media.tarvike.com/product/images/145799/original/178925.jpg,125.5,"Kytkinkokoonpano sopii pyöröharjoille, lumilinkoille ja ruohonleikkureille.",125.5,Iron Baltic,
2316069002,"Iron Baltic Nostosylinteri, Polaris Sportsman",https://tarvike.com/product/iron-baltic-nostosylinteri-polaris-sportsman-145755,https://media.tarvike.com/product/images/145755/original/178896.jpg,150.6,"Iron Baltic Nostosylinteri sopii Polaris Sportsman ETX/450/570/1000 -malleihin (kaikki tekniset tiedot - T3, L7, maasto). Sportsman-traktorimalleihin (T3) suositellaan osanumeroa 71.4000. Sarjan täydentämiseksi tarvitaan myös hydraulinen voimayksikkö (71.0000) hydraulisylinterillä (71.3100) tai Mini-Motion-paketti (70.1000).",150.6,Iron Baltic,
2316068002,"Iron Baltic Nostosylinterin adapteri, Polaris atv",https://tarvike.com/product/iron-baltic-nostosylinterin-adapteri-polaris-atv-145754,https://media.tarvike.com/product/images/145754/original/178892.jpg,138.05,"Yleiskäyttöinen rakenne, sarja sopii Polaris Sportsman -mönkijöihin, joissa on eteen asennettu vetokoukun vastaanotin. Sarjan täydentämiseen tarvitaan myös hydraulinen tehoyksikkö (71.0000) tai Mini-Motion-paketti (70.1000).",138.05,Iron Baltic,
2316067002,"Iron Baltic Nostossylinterin adapteri, Polaris",https://tarvike.com/product/iron-baltic-nostossylinterin-adapteri-polaris-145753,https://media.tarvike.com/product/images/145753/original/178888.jpg,125.5,Iron Baltic Nostossylinterin adapteri. Vaatii joko osanumeron 71.3100 (hydraulisylinteri letkuineen) ja osanumeron 71.0000 (hydrauliikka-asema) tai osanumerot 70.1000 ja 70.2000 (sähköhydraulinen MMP johdotussarjalla) sarjan täydentämiseksi.,125.5,Iron Baltic,
2316050002,Iron Baltic Pohjapanssari Yamaha Grizzly 700 (2016 +),https://tarvike.com/product/iron-baltic-pohjapanssari-yamaha-grizzly-700-2016-145697,https://media.tarvike.com/product/images/145697/original/178857.jpg,539.5,Iron Baltic Pohjapanssari tarjoaa täyden suojan mönkijän pohjalle ja etuosalle.,539.5,Iron Baltic,
2316048002,Iron Baltic Pohjapanssari Polaris Sportsman 570 X2 / Touring,https://tarvike.com/product/iron-baltic-pohjapanssari-polaris-sportsman-570-x2-touring-145695,https://media.tarvike.com/product/images/145695/original/178849.jpg,596.0,Iron Baltic Pohjapanssari tarjoaa täyden suojan mönkijän pohjalle ja etuosalle.,596.0,Iron Baltic,
2316047002,Iron Baltic Pohjapanssari Honda TRX 420 (2014+),https://tarvike.com/product/iron-baltic-pohjapanssari-honda-trx-420-2014-145694,https://media.tarvike.com/product/images/145694/original/178845.jpg,539.5,Iron Baltic Pohjapanssari tarjoaa täyden suojan mönkijän pohjalle ja etuosalle.,539.5,Iron Baltic,
2303484002,Duro DI2010 Buffalo mönkijän rengas 28X12-12 62N TL 6PLY,https://tarvike.com/product/duro-di2010-buffalo-monkijan-rengas-28x12-12-62n-tl-6ply-81564,https://media.tarvike.com/product/images/81564/original/31501.jpg,232.0,"DURO ATV-rengas karkeimmalla kuviolla, joka soveltuu sekä tieliikennekäyttöön että maastoon.Rengas kaikkeen käyttöön, kaikkiin olosuhteisiin.4-6-kankainen.Hyvät ajo-ominaisuudet myös kovalla alustalla.Harjan korkeus 31 mm",232.0,Duro,
19477596002,Shark ATV laatikko AX112 Polaris Sportsman Touring 1000,https://tarvike.com/product/shark-atv-laatikko-ax112-polaris-sportsman-touring-1000-126913,https://media.tarvike.com/product/images/126913/original/161341.jpg,349.0,"Erittäin tilava kuivasäilytysmönkijälaatikko kielekkeellä ja urakansijärjestelmällä hyötymönkijöille. Tämä laatikko on valmistettu korkealaatuisesta iskunkestävästä polyeteenistä, ja siinä on kaikki mitä tarvitset matkustamiseen, työskentelyyn, kalastukseen tai metsästykseen. Kansi on suljettu kahdella lukittavalla salvalla, kanisteri ostettava erikseen.
 
Kuvan punainen kanisteri myydään erikseen.",349.0,Shark,
19477595002,Shark ATV takalaatikko AX75,https://tarvike.com/product/shark-atv-takalaatikko-ax75-126909,https://media.tarvike.com/product/images/126909/original/161333.jpg,399.0,"Ylellinen erittäin suuri kuivasäilytys touring ATV-laatikko matkustajan istuimella. Tämä laatikko on valmistettu korkealaatuisesta iskunkestävästä polyeteenistä, ja siinä on kaikki mitä tarvitset matkustamiseen kaksin, työskentelyyn, kalastukseen tai metsästykseen. Pehmeä pehmustettu istuin, tartuntakahvat ja pehmustettu selkänoja maksimaalisen matkustajan mukavuuden takaamiseksi. Kieleke- ja urakansijärjestelmä. Kansi suljetaan kahdella salvalla ja yhdellä keskuslukolla.",399.0,Shark,
19179620002,Rammy 120 ATV Pro mönkijän lumilinko 420 cm3,https://tarvike.com/product/rammy-120-atv-pro-monkijan-lumilinko-420-cm3-61253,https://media.tarvike.com/product/images/61253/original/18153.jpg,5010.0,"Uusi tehokkaampi nelitahtinen Brigss&Stratton 2100 talvimoottori 420 cm³, jossa on sähköstartti sekä sähköiset ohjaustoiminnot, kulutus 1,5-2 l/h. Vääntömomentti 28,5 Nm.Säädettävän rungon avulla lumilinko sopii lähes kaikkiin 4×4 mönkijöihin, joissa on vinssi.Rammy Snowblower 120 ATV EC on ketterä ja tehokas lumilinko mönkijään, sillä teet lumityöt kertaheitolla. Lumilinko sopii niin pienille pihoille, kuin pitkille pihateillekin. Rammy mönkijän lumilinko on kevyt ja pienikokoinen, joten mönkijäsi ketteryys ja maastokelpoisuus säilyvät hyvänä.  Lumilinko toimii myös märässä lumessa.Tarvitset myös keskiasennussarjan, esimerkiksi 75-12507 sopii useimpiin mönkijöihin.",5010.0,Rammy,
19140289002,Iron Baltic Työvälinerunko,https://tarvike.com/product/iron-baltic-tyovalinerunko-99540,https://media.tarvike.com/product/images/99540/original/113441.png,376.5,"Puskulevyjen asennukseen, tarvitaan myös mallikohtainen asennussarja. 5 eri työkulma-asentoa (nopea ja helppo säätö). Iskuja vaimentavat jouset. Terän kulman säätö.",376.5,Iron Baltic,
19140276002,"Yamaha puskulevyn työvälinerunko, WARN®",https://tarvike.com/product/yamaha-puskulevyn-tyovalinerunko-warn-96352,https://media.tarvike.com/product/images/96352/original/103422.jpg,414.0,"Sarja sisältää puskuvarren, jolla käytetään lisävarusteena saatavaa 54"" / 137 cm WARN® Heavy Duty -puskulevyä.",414.0,Yamaha,
19140215002,"Kimpex Click N Go 2 Kiinnikesarja, ATV Polaris",https://tarvike.com/product/kimpex-click-n-go-2-kiinnikesarja-atv-polaris-79354,https://media.tarvike.com/product/images/79354/original/28382.jpg,167.0,"Kimpex Click N Go2 puskulevyn kiinnikesarja Polaris ATV-mönkijöihin. Tarkempi sopivuus teknisissä tiedoissa.Kiinnikesarja sopii Kimpexin 75-373993, 75-373953, 75-373954 ja 75-373994 puskulevyjen kanssa.",167.0,Kimpex,
19140186002,"Bronco puskulevyn kiinnikesarja, Yamaha 700 Rhino UTV",https://tarvike.com/product/bronco-puskulevyn-kiinnikesarja-yamaha-700-rhino-utv-79325,https://media.tarvike.com/product/images/79325/original/28333.jpg,108.3,Bronco puskulevyn kiinnityssarja Yamaha mönkijöihin. Tarkempi sopivuus teknisissä tiedoissa.,108.3,Bronco,
19140155002,Bronco puskulevyn merkkiantennit,https://tarvike.com/product/bronco-puskulevyn-merkkiantennit-79294,https://media.tarvike.com/product/images/79294/original/28271.jpg,46.6,"Puskulevy erottuu paremmin merkkiantenneilla, jotka ruuvataan kiinni puskulevyn yläkulmiin. Myydään pareittain. Reikiä voi joutua poraamaan.",46.6,Bronco,
19106935002,Honda TRX520 FPE T3b traktorimönkijä,https://tarvike.com/product/honda-trx520-fpe-t3b-traktorimonkija-61187,https://media.tarvike.com/product/images/61187/original/17985.jpg,12990.0,"Raskaan työn väsymätön raataja - TRX520FE2 on suunniteltu kovaan työhön vetämään raskaita kuormia, kuin leppoisampaankin puuhailuun mökkimaastoissa.",12990.0,Honda,
18341181001,K27 Ajoneuvoramppi 2kpl,https://tarvike.com/product/k27-ajoneuvoramppi-2kpl-43682,https://media.tarvike.com/product/images/43682/original/15225.jpg,116.4,"Materiaali 100% polypropeeni.Tuotteen mitat 905 (P) x 305 (L) x 215 mm (K)Suurin sallittu kuormitus 3000 kg/pariNettopaino/kpl 4,4 kg.905 x 305 x 215 mm",116.4,K27,
18340646001,DEFA säteilylämmitin Segway,https://tarvike.com/product/defa-sateilylammitin-segway-44421,https://media.tarvike.com/product/images/44421/original/16938.jpg,193.0,Defa säteilylämmitin Segway- mönkijöihin.,193.0,Defa,
18340644001,"Jäänasta 9x17,5/4 bestgrip 180kpl/pkt",https://tarvike.com/product/jaanasta-9x1754-bestgrip-180kplpkt-44418,https://media.tarvike.com/product/images/44418/original/16944.jpg,175.0,"Bestgrip nastat soveltuvat lähes kaikkiin uusiin tai käytettyihin renkaisiin.halkaisija: 9mmPituus 17,5mmNastan ulkonema 4 mm (osa, joka jää näkyviin kumista)Asennussyvyys 13,5 mm (osa, joka uppoaa kumiin)kärjen halkaisija 2,6 mmKärki karbidiaEi tieliikennekäyttöönEi tieliikennekäyttöönSisältää 1 kpl kiinnitysavaimia",175.0,IKH,
18340642001,"Jäänasta 9X12,6/1,9 bestgrip 100kpl/pkt",https://tarvike.com/product/jaanasta-9x12619-bestgrip-100kplpkt-44417,https://media.tarvike.com/product/images/44417/original/16940.jpg,100.0,"BestGrip-nastat soveltuvat lähes kaikkiin uusiin tai käytettyihin renkaisiin.Halkaisija 9 mmPituus 12,6 mmNastan ulkonema 1,9 mm (osa, joka jää näkyviin kumista)Asennussyvyys 10,7 mm (osa, joka uppoaa kumiin)Kärjen halkaisija 2,6 mmKärki karbidiaEi tieliikennekäyttöönSisältää 1 kpl kiinnitysavaimia",100.0,IKH,
18340640001,StrongLine vakipyörä 10-14mm vaijerille,https://tarvike.com/product/strongline-vakipyora-10-14mm-vaijerille-44415,https://media.tarvike.com/product/images/44415/original/16945.jpg,44.9,Max. 10000 kgSuositeltu vaijeri 10-14 mmMax. vaijeri 17 mm,44.9,StrongLine,
18340638001,StrongLine Vakipyörä 8-10mm vaijerille,https://tarvike.com/product/strongline-vakipyora-8-10mm-vaijerille-44414,https://media.tarvike.com/product/images/44414/original/16939.jpg,28.9,Max. 8000 kgSuositeltu vaijeri 8-10 mmMax. vaijeri 17 mm,28.9,StrongLine,
18340636001,StrongLine Vakipyörä 4-6mm vaijerille,https://tarvike.com/product/strongline-vakipyora-4-6mm-vaijerille-44413,https://media.tarvike.com/product/images/44413/original/16933.jpg,15.9,Max. 4000 kgSuositeltu vaijeri 4-6 mmMax. vaijeri 9 mm,15.9,StrongLine,
18340632001,StrongLine YSM-Aero vinssikyösi 10050LB/4800kg 12m,https://tarvike.com/product/strongline-ysm-aero-vinssikyosi-10050lb4800kg-12m-44410,https://media.tarvike.com/product/images/44410/original/16946.jpg,69.0,"Hollannissa valmistettu korkealaatuinen HMPE-köysi YSM-Areo.ISO 10325:2018Kelluu vedessäEi nostokäyttöönMitattu vetolujuus max. 10050 lb / 4800 kgØ 6,0 mmPituus 12 mPaino 23 g/m",69.0,StrongLine,
18340620001,Mönkinä Työkalupidikkeen kuminauhat,https://tarvike.com/product/monkina-tyokalupidikkeen-kuminauhat-44403,https://media.tarvike.com/product/images/44403/original/16931.jpg,8.9,Kuminauhat työkalupidikkeisiin,8.9,IKH,
18339859001,Linhai 1100 Diesel EPS (UTV) T1b 60km/h,https://tarvike.com/product/linhai-1100-diesel-eps-utv-t1b-60kmh-white-39726,https://media.tarvike.com/product/images/39726/original/190355.png,14990.0,"Linhai UTV1100 Diesel on suunniteltu vaativiin työtehtäviin. Luotettava japanilainen Kubota-dieselmoottori, suuri kippaava lava ja korkea vetokyky tekevät siitä erinomaisen kumppanin päivittäiseen käyttöön. Vankka rakenne, helppo ohjattavuus sähköisen ohjaustehostimen ansiosta ja monipuolinen käyttö tekevät siitä yhden luokkansa houkuttelevimmista vaihtoehdoista. Ajoneuvo soveltuu erinomaisesti maatalouteen, metsätöihin, rakennustyömaille, puistoihin ja puutarhoihin – kaikkialle, missä tarvitaan kuljettaa työkaluja tai materiaaleja ja vetää perävaunuja.",14990.0,Linhai,
18339828001,Segway Snarler AT10 Wide Premium (T3b) Traktorimönkijä,https://tarvike.com/product/segway-snarler-at10-wide-premium-t3b-matte-black-33885,https://media.tarvike.com/product/images/33885/original/176087.jpg,12790.0,"Uusi Premium-varusteltu AT10 suorituskykyisellä 97-hevosvoimaisella moottorilla. Leveämpi Wide-malli, jossa 30"" renkaat.",12790.0,Segway,
18339690001,Iron Baltic Harava 150cm,https://tarvike.com/product/iron-baltic-harava-150cm-145768,https://media.tarvike.com/product/images/145768/original/178906.jpg,407.88,"Harava maanpinnan tasoitukseen, maanmuokkaukseen, suurempien maapalojen tasoitukseen ja rikkomiseen sekä pinnan valmisteluun kylvöä varten. Työsyvyys 100mm.",407.88,Iron Baltic,
18339689001,Iron Baltic Hara 145cm,https://tarvike.com/product/iron-baltic-hara-145cm-145766,https://media.tarvike.com/product/images/145766/original/179803.jpg,251.0,Kultivaattori rikkaruohojen poistamiseen tai maan sekoittamiseen ennen istutusta.,251.0,Iron Baltic,
18339681001,Iron Baltic Lautasmuokkain 140cm,https://tarvike.com/product/iron-baltic-lautasmuokkain-140cm-145764,https://media.tarvike.com/product/images/145764/original/178889.jpg,564.75,"Lautasmuokkain kovan maan, kuivan ruohon ja nurmikon murskaamiseen, rikkaruohojen silppuamiseen tai muihin maanmuokkaustöihin.",564.75,Iron Baltic,
18339640001,SHARK Garden 680 4wheel ATV Kärry,https://tarvike.com/product/shark-garden-680-4wheel-atv-karry-127273,https://media.tarvike.com/product/images/127273/original/162375.png,1090.0,"Tukeva nelipyöräinen mönkijäkärry teliakselilla, jossa on erinomaiset maasto-ominaisuudet ja suuri 680 kg:n kantavuus. Iso, kestävä polyeteenilava, pulverimaalattu runko ja 18"" pintaystävälliset matalapainerenkaat.",1090.0,Shark,
18339636001,"SHARK AX120 ATV Kuljetuslaatikko, taka 120 L",https://tarvike.com/product/shark-ax120-atv-kuljetuslaatikko-taka-120-l-127260,https://media.tarvike.com/product/images/127260/original/162264.png,339.0,"Erittäin tilava ATV kuljetuslaatikko taakse, lukitus kahdella lukolla metallisoljilla. Valmistettu korkealaatuisesta iskunkestävästä polyeteenistä, vesi- ja pölytiivis. Kaksi takaheijastinta, Quick attach pikakiinnikkeet, tilavuus 120 litraa",339.0,Shark,
18339626001,Shark UTV takalaatikko UX140 for Polaris RZR 1000 Polaris RZR 1000,https://tarvike.com/product/shark-utv-takalaatikko-ux140-for-polaris-rzr-1000-polaris-rzr-1000-126915,https://media.tarvike.com/product/images/126915/original/161345.jpg,359.0,"Erittäin suurikapasiteettinen kuivasäilytys UTV/SXS-laatikko kielekkeellä ja urakansijärjestelmällä UTV/SXS:lle. Tämä laatikko on valmistettu korkealaatuisesta iskunkestävästä polyeteenistä, ja siinä on kaikki mitä tarvitset matkustamiseen, työskentelyyn, kalastukseen tai metsästykseen. Kansi on suljettu kahdella lukittavalla salvalla.",359.0,Shark,
18185286001,Yamaha Grizzly 700 EPS SE traktorimönkijä poromalli,https://tarvike.com/product/yamaha-grizzly-700-eps-se-traktorimonkija-poromalli-244855,https://media.tarvike.com/product/images/244855/original/208996.jpg,13490.0,Yamaha Grizzly 700 EPS SE traktorimönkijä nyt poromallina. Lisävarusteena pohjapanssari.,13490.0,Yamaha,
17318911001,Ultratec mönkijän maansiirtolavakärry takalaitahydrauliikalla,https://tarvike.com/product/ultratec-monkijan-maansiirtolavakarry-takalaitahydrauliikalla-79430,https://media.tarvike.com/product/images/79430/original/28573.jpg,4099.0,"Ultratecin monipuolinen maansiirtolavakärry takalaitahydrauliikalla. Kärryssä on liukas pohjavaneri ja 46° jyrkkä kippauskulma. Takalaita nousee ensin ylös ja sen jälkeen lava kippaa. Kätevät lapionkiinnikkeet sivulaidassa.Huom! Tämä kärry ei sisällä hydrauliikkayksikköä, vaan tarvitsee hydrauliikkayksikön toimiakseen.",4099.0,Ultratec,
17318908001,Ultratec mönkijän hydraulikärry,https://tarvike.com/product/ultratec-monkijan-hydraulikarry-79427,https://media.tarvike.com/product/images/79427/original/28545.jpg,5890.0,"Ultratecin monipuolinen maansiirtokärry, joka soveltuu myös pienen traktorin perään! Kärryssä on sähkömoottorilla toimiva hydraulikippaus, jossa oma akku ja laturi sen mukana. Sähköhydrauliikkaa on miellyttävä käyttää ja se on hiljainen. Hydraulikeskus on sivussa joten voit myös kuljettaa pidempää tavaraa.Kärryssä on liukas pohjavaneri ja 47° jyrkkä kippauskulma. Kätevät lapionkiinnikkeet sivulaidassa. Takalaita nousee ensin ylös ja sen jälkeen lava kippaa.",5890.0,Ultratec,
17318888001,Bronco peräkoukun pidennyssarja Polaris RZR 570,https://tarvike.com/product/bronco-perakoukun-pidennyssarja-polaris-rzr-570-77544,https://media.tarvike.com/product/images/77544/original/26831.jpg,108.3,Bronco peräkoukun pidennyssarja Polaris RZR 570,108.3,Bronco,
17318869001,Rammy niittyleikkurin vasaraterät,https://tarvike.com/product/rammy-niittyleikkurin-vasaraterat-61248,https://media.tarvike.com/product/images/61248/original/18125.jpg,335.0,"Rammy Flail mower 120 ATV on ketterä mönkijän niittyleikkuri heinän-, nurmen ja pienten puiden leikkaamiseen. Kun varustat niittyleikkurisi näillä lisävarusteena olevillä vasaraterillä, tulee leikkuristasi ruohonleikkuri joilla saat aikaan hienoa leikkaustulosta ja hoidat nurmialuettasi vaivattomasti Rammy etuleikkurilla saa ajettua tehokkaasti ja vaivattomasti nurmialueet.",335.0,Rammy,
17315784001,"Yamaha Heavy Duty -etupuskuri, Kodiak",https://tarvike.com/product/yamaha-heavy-duty-etupuskuri-kodiak-96720,https://media.tarvike.com/product/images/96720/original/103621.jpg,522.95,"Heavy Duty-etupuskuri suojaa Yamahasi keulaa, lokasuojia ja ajovaloja tehokkaasti.- Kestävä teräsputkirakenne- Integroitu rakenne sopii täydellisesti Yamahan muotoiluun- Ärhäkkä muotoilu- Asennetaan suoraan vakiomallisen etupuskurin tilalle vakiokiinnikkeillä ja -kiinnitysosillaHuom!Jos asennat 54 tuuman Heavy Duty -puskulevyn (valmistaja WARN®) Heavy Duty -etupuskurin ollessa asennettuna, älä säädä puskulevyä ääriasentoon vasemmalle tai oikealle. Tämä voi aiheuttaa kosmeettisia vaurioita Heavy Duty -etupuskuriin.",522.95,Yamaha,
17315779001,"Alatukivarsisuojat, Grizzly",https://tarvike.com/product/alatukivarsisuojat-grizzly-96146,https://media.tarvike.com/product/images/96146/original/103118.jpg,275.0,,275.0,{},
17297782001,"Mönkijän tavaratelineen lisäkaide, taakse",https://tarvike.com/product/monkijan-tavaratelineen-lisakaide-taakse-110798,https://media.tarvike.com/product/images/110798/original/155106.jpg,208.0,"Kestävä takatelineen teräskaide lisää Polaris-mönkijäsi kuljetuskapasitettia ja helpottaa tavaroiden kiinnitystä takatelineeseen. Kaiteen korkeus 3,75"", väri musta. Käy myös tavaralaatikon (2875176) kanssa.Soveltuu varauksin EUT-traktorimalleihin jos vakiovarusteinen selkänoja on kiinni (vaatii modifikaatioita takakiinnityspisteiden osalta).",208.0,Polaris,
16512632001,Linhai Landforce 650L Pro EPS T3b 60km/h Traktorimönkijä,https://tarvike.com/product/linhai-landforce-650l-pro-eps-t3b-60kmh-goldred-39721,https://media.tarvike.com/product/images/39721/original/206307.webp,7690.0,"Linhai Landforce 650L PRO on moderni ja monikäyttöinen työmönkijä, jossa yhdistyvät tehokas moottori ja näyttävä muotoilu. Se soveltuu vaativaan maastoon ja tarjoaa mukavat puitteet myös kahdestaan tehdyille retkille. Siinä on sähköinen ohjaustehostin, täysin säädettävä jousitus, jämerät lisäpuskurit edessä ja takana, 26” Bulldog-renkaat ja 14” Beadlock-vanteet.",7690.0,Linhai,
15312926000,Linhai 1100 Diesel EPS (UTV) Cabin T1b 60km/h Traktorimönkijä,https://tarvike.com/product/linhai-1100-diesel-eps-utv-cabin-t1b-60kmh-traktorimonkija-168644,https://media.tarvike.com/product/images/168644/original/192625.jpg,20990.0,"Luotettavalla japanilaisella Kubota-dieselmoottorilla, tilavalla tavaralavalla ja mukavalla lämpöhytillä varustettu, premium-luokan LINHAI 1100 Diesel CAB UTV tarjoaa kaiken, mitä ammattilainen tarvitsee. Sen vankka rakenne, erinomainen kestävyys ja helppo käsiteltävyys tehostetun ohjauksen ansiosta tekevät siitä väsymättömän kumppanin, jolla on valtava vetokyky ja monipuoliset käyttömahdollisuudet. UTV1100 Diesel CAB on ihanteellinen apuri maataloudessa, metsätöissä, rakennustyömailla, kunnallisissa palveluissa ja viherrakentamisessa – missä tahansa, missä raskaita kuormia täytyy siirtää, perävaunuja vetää, laitteita käyttää ja kovaa työtä tehdä. Kaikki tämä tulee houkuttelevaan hintaan, jota kilpailijoiden on vaikea päihittää.",20990.0,Linhai,
15237285000,Hiiliasetelma vinssiin AWD9500,https://tarvike.com/product/hiiliasetelma-vinssiin-awd9500-149022,https://media.tarvike.com/product/images/149022/original/188312.webp,22.0,,22.0,IKH,
13232102000,"Köysi, Polypro",https://tarvike.com/product/koysi-3mm-x-100m-max-150kg-39184,https://media.tarvike.com/product/images/39184/original/188480.webp,7.49,3mm x 100m.,7.49,PIIPPO,
12913853000,Mönkijän puskulevy 150CM,https://tarvike.com/product/monkijan-puskulevy-150cm-148970,https://media.tarvike.com/product/images/148970/original/188167.webp,319.0,"Yleismallin keskikiinnike, mukana 4 kpl U-pultteja, runsaasti eri kiinnitysvaihtoehtoja.
Työleveys 150cm, Levyosan korkeus 40cm ja terästerä 4mm.",319.0,IKH,
11622563000,"Jäänasta 9X23,3/6,8 Bestgrip 180Kpl/Pkt",https://tarvike.com/product/jaanasta-9x23368-bestgrip-180kplpkt-149031,https://media.tarvike.com/product/images/149031/original/185705.webp,185.0,"BestGrip-nastat soveltuvat lähes kaikkiin uusiin tai käytettyihin renkaisiin, kuvioihin tai kenkiin huolimatta siitä, onko asennuskohteessa olemassa nastanreiät vai ei",185.0,Bestgrip,
11622562000,"Jäänasta 6X8,5/2,3 40Kpl/Pkt",https://tarvike.com/product/jaanasta-6x8523-40kplpkt-149029,https://media.tarvike.com/product/images/149029/original/185707.webp,47.0,"BestGrip-nastat soveltuvat lähes kaikkiin uusiin tai käytettyihin renkaisiin, kuvioihin tai kenkiin huolimatta siitä, onko asennuskohteessa olemassa nastanreiät vai ei",47.0,Bestgrip,
11622559000,"Jäänasta7,9X9,8/1,9 Bestgrip 40Kpl/Pkt",https://tarvike.com/product/jaanasta79x9819-bestgrip-40kplpkt-149030,https://media.tarvike.com/product/images/149030/original/185706.webp,46.0,"BestGrip-nastat soveltuvat lähes kaikkiin uusiin tai käytettyihin renkaisiin, kuvioihin tai kenkiin huolimatta siitä, onko asennuskohteessa olemassa nastanreiät vai ei",46.0,Bestgrip,
10897755001,Vinssin Koukku 3/8 tuumaa,https://tarvike.com/product/vinssin-koukku-38-tuumaa-148978,https://media.tarvike.com/product/images/148978/original/188158.webp,14.5,Ei nostokäyttöön.,14.5,StrongLine,
10897714001,Alumiininen ohjain 4500,https://tarvike.com/product/alumiininen-ohjain-4500-148977,https://media.tarvike.com/product/images/148977/original/188160.webp,28.9,Asennusreikien väli 165 mm.,28.9,StrongLine,
10897713001,Alumiininen ohjain 2500/3500,https://tarvike.com/product/alumiininen-ohjain-25003500-148976,https://media.tarvike.com/product/images/148976/original/188161.webp,22.9,Asennusreikien väli 124 mm.,22.9,StrongLine,
10897712001,Alumiininen ohjain 2000,https://tarvike.com/product/alumiininen-ohjain-2000-148975,https://media.tarvike.com/product/images/148975/original/188162.webp,15.9,Asennusreikien väli 109 mm.,15.9,StrongLine,
8293700002,Tesseract Kuljetuslaukku CFMoto 520 2022-,https://tarvike.com/product/tesseract-kuljetuslaukku-cfmoto-520-2022--168899,https://media.tarvike.com/product/images/168899/original/190485.png,371.0,Takalaatikko on suunniteltu erityisesti CFMOTO Cforce 520 -mönkijälle ja sopii vain tähän malliin. Se sopii täydellisesti tavaratelineelle eikä häiritse matkustajaa eikä ulotu mönkijän mittojen ulkopuolelle. Se on ihanteellinen lisä mönkijääsi.,371.0,TESSERACT,
7755798002,Bronco vinssin kiinnikesarja taakse Yamaha,https://tarvike.com/product/bronco-vinssin-kiinnikesarja-taakse-yamaha-137677,https://media.tarvike.com/product/images/137677/original/189770.jpg,343.0,,343.0,Bronco,
7755796002,Bronco vinssin kiinnikesarja taakse Segway Snarler AT6 S L,https://tarvike.com/product/bronco-vinssin-kiinnikesarja-taakse-segway-snarler-at6-s-l-137675,https://media.tarvike.com/product/images/137675/original/189772.jpg,126.5,,126.5,Bronco,
7755795002,Bronco vinssin kiinnikesarja Kawasaki Mule Pro FX DX 2017-24,https://tarvike.com/product/bronco-vinssin-kiinnikesarja-kawasaki-mule-pro-fx-dx-2017-24-137674,https://media.tarvike.com/product/images/137674/original/189773.png,115.0,,115.0,Bronco,
7755794002,Bronco vinssin kiinnikesarja Kawasaki Mule SX 2017-24,https://tarvike.com/product/bronco-vinssin-kiinnikesarja-kawasaki-mule-sx-2017-24-137673,https://media.tarvike.com/product/images/137673/original/189767.png,108.3,,108.3,Bronco,
7755792002,Kimpex vinssin kiinnikesarja Yamaha Grizzly Kodiak 700 2016-,https://tarvike.com/product/kimpex-vinssin-kiinnikesarja-yamaha-grizzly-kodiak-700-2016--137670,https://media.tarvike.com/product/images/137670/original/189769.jpg,112.0,,112.0,Kimpex,
7755791002,"Bronco Synteettinen Köysi Vihreä 4.5mm x 15,3M",https://tarvike.com/product/bronco-synteettinen-koysi-vihrea-45mm-x-153m-137669,https://media.tarvike.com/product/images/137669/original/189766.jpg,45.6,,45.6,Bronco,
7755790002,Bronco Vinssin Katkaisija Gen II,https://tarvike.com/product/bronco-vinssin-katkaisija-gen-ii-137668,https://media.tarvike.com/product/images/137668/original/189765.jpg,38.6,,38.6,Bronco,
7755789002,Bronco Gen II Vinssi 2000 köydellä ja langaton säätimellä,https://tarvike.com/product/bronco-gen-ii-vinssi-2000-koydella-ja-langaton-saatimella-137665,https://media.tarvike.com/product/images/137665/original/189762.jpg,273.0,,273.0,Bronco,
7755788002,Bronco Gen II Winch 6000 Vaijeri,https://tarvike.com/product/bronco-gen-ii-winch-6000-vaijeri-137663,https://media.tarvike.com/product/images/137663/original/189763.jpg,474.7,,474.7,Bronco,
759837001,Kinwons Led Kaukovalopaneeli 10-30V 30W,https://tarvike.com/product/kinwons-led-kaukovalopaneeli-10-30v-30w-131722,https://media.tarvike.com/product/images/131722/original/170655.jpg,48.5,,48.5,Kinwons,
6641839002,Tesseract Asennussarja 60cm:n mattoisille mallille,https://tarvike.com/product/tesseract-asennussarja-60cmn-mattoisille-mallille-162361,https://media.tarvike.com/product/images/162361/original/196763.webp,49.9,,49.9,TESSERACT,
6641838002,Tesseract Jerrykannu 5L CFMoto X8 X10 850 1000 Gen 3 2024-,https://tarvike.com/product/tesseract-jerrykannu-5l-cfmoto-x8-x10-850-1000-gen-3-2024--147643,https://media.tarvike.com/product/images/147643/original/201157.jpg,93.0,,93.0,GKA,
6641837002,Tesseract Jerrykannu 5L Odes Patchcross 650-1000,https://tarvike.com/product/tesseract-jerrykannu-5l-odes-patchcross-650-1000-147642,https://media.tarvike.com/product/images/147642/original/196726.webp,93.0,,93.0,GKA,
6641835002,Tesseract Jerrykannu 5L CFMoto Cforce  500/600/850/1000 Gen 2,https://tarvike.com/product/tesseract-jerrykannu-5l-cfmoto-cforce-5006008501000-gen-2-147640,https://media.tarvike.com/product/images/147640/original/196717.webp,93.0,,93.0,GKA,
6641831002,Tesseract Kuljetuslaukku Loncin Xwolf 1000,https://tarvike.com/product/tesseract-kuljetuslaukku-loncin-xwolf-1000-147028,https://media.tarvike.com/product/images/147028/original/196770.webp,403.0,ATV BOX on suunniteltu huomioiden mönkijän takatavaratelineen rakenteelliset ominaisuudet. Se asennetaan takatelineeseen ja kiinnitetään tukevasti mukana toimitettavilla kiinnitysruuveilla.,403.0,TESSERACT,
6641829002,Tesseract Kuljetuslaukku Linhai 500 520,https://tarvike.com/product/tesseract-kuljetuslaukku-linhai-500-520-145447,https://media.tarvike.com/product/images/145447/original/196754.webp,403.0,"Luotettavat metallilukot eivät ulotu laatikon mittojen ulkopuolelle, ja ne lukitaan avaimella, mikä varmistaa tavaroidesi turvallisuuden. Tavaratilan kannen kumitiiviste suojaa sisältöä kosteudelta, lialta ja pölyltä myös kaikkein vaativimmissa käyttöolosuhteissa.",403.0,TESSERACT,
6641827002,Tesseract Kuljetuslaukku eteen Linhai 500 520,https://tarvike.com/product/tesseract-kuljetuslaukku-eteen-linhai-500-520-145440,https://media.tarvike.com/product/images/145440/original/196760.webp,336.0,"Matala kotelo ei estä kuljettajan näkyvyyttä, eikä sen kevyt paino häiritse mönkijän tasapainoa. Laatikko suljetaan kahdella sisäänrakennetulla kumisalvalla. Kannen reunaa kiertävä tiiviste suojaa sisältöä kosteudelta, lialta ja pölyltä jopa vaativimmissa käyttöolosuhteissa. Kompakti malli sopii erinomaisesti pienten tarvikkeiden säilyttämiseen ja kuljettamiseen.",336.0,TESSERACT,
5613280002,GKA Kuljetuslaukku Arctic Cat,https://tarvike.com/product/gka-kuljetuslaukku-arctic-cat-175795,https://media.tarvike.com/product/images/175795/original/198151.jpg,257.0,"Moottorikelkan laatikko on valmistettu pakkasenkestävästä, vahvistetusta polyeteenistä, joka kestää useita vuosia. Muotonsa ansiosta se on helppo sijoittaa tavalliseen paikkaan. Kumipäällysteiset lukot kestävät helposti pakkasia, lunta sekä jäätymistä. Käyttöön suositellaan BASIC-kiinnikettä.",257.0,GKA,
4990149000,"Bronco vinssin kiinnikesarja taakse Can-am Outlander G1, Renegade G1",https://tarvike.com/product/bronco-vinssin-kiinnikesarja-taakse-can-am-outlander-g1-renegade-g1-77516,https://media.tarvike.com/product/images/77516/original/26792.jpg,120.5,Varaosat ja lisävarusteet.,120.5,Bronco,
4990146000,Bronco vinssin kiinnikesarja Kawasaki Brute Force,https://tarvike.com/product/bronco-vinssin-kiinnikesarja-kawasaki-brute-force-77513,https://media.tarvike.com/product/images/77513/original/26796.jpg,127.5,Bronco vinssin kiinnikesarja Kawasaki Brute Force mönkijää. Katso sopivuus tarkemmin teknisistä tiedoista.,127.5,Bronco,
4990127000,Bronco Vinssin kiinnityssarja Can-Am Outlander,https://tarvike.com/product/bronco-vinssin-kiinnityssarja-can-am-outlander-77494,https://media.tarvike.com/product/images/77494/original/26751.jpg,83.0,Bronco vinssin kiinnityssarja Can-Am Outlander mönkijöihin. Katso sopivuus tarkemmin teknisistä tiedoista. Kuva suuntaa antava yleiskuva.,83.0,Bronco,
4894306000,Tesseract Kuljetuslaukku Eteen Segway Snarler,https://tarvike.com/product/tesseract-kuljetuslaukku-eteen-segway-snarler-79992,https://media.tarvike.com/product/images/79992/original/29474.png,307.0,Varaosat ja lisävarusteet.,307.0,TESSERACT,
4894294000,Tesseract Kattolaatikko BRP Maverick Trail,https://tarvike.com/product/tesseract-kattolaatikko-brp-maverick-trail-79986,https://media.tarvike.com/product/images/79986/original/29441.png,678.0,"Paino: 21kg / 46,29lbsMitat: 1240*1165*335mm / 48,81*45,86*13,18Tilavuus: 230l / 60,75",678.0,TESSERACT,
4894272000,Tesseract Kuljetuslaukku BRP Maverick X3,https://tarvike.com/product/tesseract-kuljetuslaukku-brp-maverick-x3-79974,https://media.tarvike.com/product/images/79974/original/29416.png,546.0,"Paino: 13kg / 28,66lbsMitat: 1100*840*510 mm / 43,31 *33,07 *20,08Tilavuus: 115l / 30,37gal",546.0,TESSERACT,
4894270000,Tesseract Kuljetuslaukku takaistuimelle CForce 850xc/X8/X10,https://tarvike.com/product/tesseract-kuljetuslaukku-takaistuimelle-cforce-850xcx8x10-79973,https://media.tarvike.com/product/images/79973/original/29428.png,296.0,"Mitat: 750*460*370mm / 29,53*18,11*14,57Tilavuus: 63l / 16.64gal",296.0,TESSERACT,
4894262000,Tesseract Kuljetuslaukku CFMoto Utv Zforce 950/1000,https://tarvike.com/product/tesseract-kuljetuslaukku-cfmoto-utv-zforce-9501000-79961,https://media.tarvike.com/product/images/79961/original/29387.jpg,485.0,Koko 1150x850x400cm,485.0,TESSERACT,
4894216000,Tesseract Kuljetuslaukku Can-Am Outlander 1000,https://tarvike.com/product/tesseract-kuljetuslaukku-can-am-outlander-1000-79956,https://media.tarvike.com/product/images/79956/original/29372.jpg,403.0,"Vankkaa materiaaliaVesitiivisLukittavissaMitat: 1180 x 710 x 405mmPaino 9,5kg130 L",403.0,TESSERACT,
4894212000,"Tesseract Kuljetuslaukku Eteen CFMoto X8/X10/Cforce850XC/Cforce1000,TGBBlade1000",https://tarvike.com/product/tesseract-kuljetuslaukku-eteen-cfmoto-x8x10cforce850xccforce1000tgbblade1000-79954,https://media.tarvike.com/product/images/79954/original/29360.jpg,307.0,Vankkaa materiaaliaVesitiivisLukittavissaMitat: 1090 x 520 x 250mmPaino 3.5kg42LSopivuus: CFMoto X8/X10/Cforce850XC/Cforce 1000,307.0,TESSERACT,
4894209000,Tesseract Kuljetuslaukku Polaris Touring 850 SP 1000 XP,https://tarvike.com/product/tesseract-kuljetuslaukku-polaris-touring-850-sp-1000-xp-79953,https://media.tarvike.com/product/images/79953/original/29356.jpg,364.0,"Valmistettu tukevasta muovistaVesitiivisLukittavissaMitat: 1280 x 580 x 380mmPaino: 9,3 KG112L",364.0,TESSERACT,
4894198000,GKA Kuljetuslaukku Polaris RZR 570,https://tarvike.com/product/gka-kuljetuslaukku-polaris-rzr-570-79947,https://media.tarvike.com/product/images/79947/original/29321.jpg,403.0,Sopivuus: Polaris RZR 570Vankkaa materiaaliaVesitiivisLukittavissaMitat: 1080 x 680 x 370mmPaino 10kgTilavuus 170L,403.0,GKA,
4894191000,GKA kuljetuslaukku ATV F103,https://tarvike.com/product/gka-kuljetuslaukku-atv-f103-79943,https://media.tarvike.com/product/images/79943/original/29300.jpg,229.0,Valmistettu tukevasta polyeteenistäVesitiivisLukittavissaKiinnitys: D-PulttisarjaPaino 6kgMitat 360 x 780 x 210mmTilavuus 45 L,229.0,GKA,
4894189000,Tesseract Kuljetuslaukku CFMoto Z8,https://tarvike.com/product/tesseract-kuljetuslaukku-cfmoto-z8-79942,https://media.tarvike.com/product/images/79942/original/29310.jpg,467.0,"Sopivuus Z Force 800 / 1000Vankka materiaaliVesitiivisLukittavissaKiinnitys: U-pulttisarjaMitat: 980 x 550 x 475mmPaino: 10,62kgTilavuus 177 L",467.0,TESSERACT,
4894179000,GKA Kuljetuslaukku 301 Smart,https://tarvike.com/product/gka-kuljetuslaukku-301-smart-79937,https://media.tarvike.com/product/images/79937/original/29275.jpg,271.0,"Valmistettu tukevasta polyeteenistäKiinnitys: U-PulttisarjaMitat: 520 x 850 x 370mmPaino: 8,25kgTilavuus: 80 litraa",271.0,GKA,
4894159000,Bronco muovinen kuljetuskori,https://tarvike.com/product/bronco-muovinen-kuljetuskori-79394,https://media.tarvike.com/product/images/79394/original/28450.jpg,191.3,Mitat: 108 x 84 x 18cmSis. kiinnityssarjan,191.3,Bronco,
4894155000,Bronco pehmeä kuljetuslaukku eteen,https://tarvike.com/product/bronco-pehmea-kuljetuslaukku-eteen-79392,https://media.tarvike.com/product/images/79392/original/28436.jpg,49.6,Kätevä takalaukku mönkijän etutavaratelineeseen.Mitat: 84x40x32cm600 D polyester,49.6,Bronco,
4894147000,Bronco kuljetuskori eteen,https://tarvike.com/product/bronco-kuljetuskori-eteen-79386,https://media.tarvike.com/product/images/79386/original/28442.jpg,165.0,"Valmistettu jauhemaalatusta teräksestä, pohja ja sivut metalliverkkoa.Mitat; 91 x 43 x 14cmSis. kiinnityssarjan",165.0,Bronco,
4894143000,Bronco kuljetuskori taakse,https://tarvike.com/product/bronco-kuljetuskori-taakse-79384,https://media.tarvike.com/product/images/79384/original/28446.jpg,245.0,"Valmistettu jauhemaalatusta teräksestä, sivut ja pohja tiheää metalliverkkoa.Mitat: 104 x 35 x 29cmSis. kiinnityssarjan",245.0,Bronco,
4894054000,CST mönkijän rengas Stryder CS06 26x11.00-12 6-Ply TL 58N,https://tarvike.com/product/cst-monkijan-rengas-stryder-cs06-26x1100-12-6-ply-tl-58n-77839,https://media.tarvike.com/product/images/77839/original/27250.png,152.0,CST Stryder CS06 rengas maantiekäyttöön.Koko: 26 x 11.00 - 12TaakseE-tieliikennehyväksytty,152.0,CST,
4894052000,CST mönkijän rengas Stryder CS05 26x9.00-12 6-Ply TL 52N,https://tarvike.com/product/cst-monkijan-rengas-stryder-cs05-26x900-12-6-ply-tl-52n-77838,https://media.tarvike.com/product/images/77838/original/27246.png,127.0,CST Stryder Cs05 rengas maantiekäyttöön.Koko: 26 x 9 - 12EteenE-tieliikennehyväksytty,127.0,CST,
4894050000,CST mönkijän rengas Stryder CS06 25x10.00-12 6-Ply TL 53N,https://tarvike.com/product/cst-monkijan-rengas-stryder-cs06-25x1000-12-6-ply-tl-53n-77837,https://media.tarvike.com/product/images/77837/original/27243.png,137.0,CST Stryder CS06 rengas maantiekäyttöön.Koko: 25 x 10.00 - 12TaakseE-tieliikennehyväksytty,137.0,CST,
4894049000,CST mönkijän rengas Stryder CS05 25x8.00-12 6-Ply TL 46N,https://tarvike.com/product/cst-monkijan-rengas-stryder-cs05-25x800-12-6-ply-tl-46n-77836,https://media.tarvike.com/product/images/77836/original/27241.png,113.0,CST Stryder Cs05 rengas maantiekäyttöön.Koko: 25 x 8 - 12EteenE-tieliikennehyväksytty,113.0,CST,
4894045000,CST Stryder mönkijän rengas CS05 17.5x7.50-10 6-Ply TL 35N,https://tarvike.com/product/cst-stryder-monkijan-rengas-cs05-175x750-10-6-ply-tl-35n-77834,https://media.tarvike.com/product/images/77834/original/27252.png,87.0,"CST Stryder Cs05 rengas maantiekäyttöön.Koko: 17,5 x 7,50 - 10EteenE-tieliikennehyväksytty",87.0,CST,
4894043000,CST  mönkijän rengas Behemoth CU08 28x10.00-R15 8-Ply M+S 58M,https://tarvike.com/product/cst-monkijan-rengas-behemoth-cu08-28x1000-r15-8-ply-ms-58m-77833,https://media.tarvike.com/product/images/77833/original/27245.png,232.0,"Radiaalirengas yleiskäyttöön. Pintakuvio antaa hyvän pidon vaihtelevilla alustoilla, mutta tarjoaa silti alhaisen vierintävastuksen. Vyörengasrakenne tarjoaa hyvän ajotuntuman suurillakin nopeuksilla.Koko: 28 x 10.00 - 15Harja 17mmEteen ja taakseE-tieliikennehyväksytty",232.0,CST,
4894039000,CST mönkijän rengas Behemoth CU08 27x11.00-R14 8-Ply M+S 60M,https://tarvike.com/product/cst-monkijan-rengas-behemoth-cu08-27x1100-r14-8-ply-ms-60m-77831,https://media.tarvike.com/product/images/77831/original/27251.png,235.0,"Radiaalirengas yleiskäyttöön. Pintakuvio antaa hyvän pidon vaihtelevilla alustoilla, mutta tarjoaa silti alhaisen vierintävastuksen. Vyörengasrakenne tarjoaa hyvän ajotuntuman suurillakin nopeuksilla.Koko: 27 x 11.00 - 14Harja 19mmTaakseE-tieliikennehyväksytty",235.0,CST,
4894037000,CST mönkijän rengas Behemoth CU07 27x9.00-R14 8-Ply M+S 53M,https://tarvike.com/product/cst-monkijan-rengas-behemoth-cu07-27x900-r14-8-ply-ms-53m-77830,https://media.tarvike.com/product/images/77830/original/27242.png,202.0,"Radiaalirengas yleiskäyttöön. Pintakuvio antaa hyvän pidon vaihtelevilla alustoilla, mutta tarjoaa silti alhaisen vierintävastuksen. Vyörengasrakenne tarjoaa hyvän ajotuntuman suurillakin nopeuksilla.Koko: 27 x 9.00  14Harja 19mmEteenE-tieliikennehyväksytty",202.0,CST,
4894036000,CST mönkijän rengas Behemoth CU08 26x11.00-R14 8-Ply M+S E-hyv. 58M,https://tarvike.com/product/cst-monkijan-rengas-behemoth-cu08-26x1100-r14-8-ply-ms-e-hyv-58m-77829,https://media.tarvike.com/product/images/77829/original/27254.png,227.0,"Radiaalirengas yleiskäyttöön. Pintakuvio antaa hyvän pidon vaihtelevilla alustoilla, mutta tarjoaa silti alhaisen vierintävastuksen. Vyörengasrakenne tarjoaa hyvän ajotuntuman suurillakin nopeuksilla.Koko: 26 x 9.00 - 12Harja 19mmTaakseE-tieliikennehyväksytty",227.0,CST,
4894031000,CST mönkijän rengas Behemoth CU08 27x11.00-R12 8-Ply M+S 61M,https://tarvike.com/product/cst-monkijan-rengas-behemoth-cu08-27x1100-r12-8-ply-ms-61m-77827,https://media.tarvike.com/product/images/77827/original/27238.png,227.0,"Radiaalirengas yleiskäyttöön. Pintakuvio antaa hyvän pidon vaihtelevilla alustoilla, mutta tarjoaa silti alhaisen vierintävastuksen. Vyörengasrakenne tarjoaa hyvän ajotuntuman suurillakin nopeuksilla.Koko: 27 x 11.00 - 12Harja 19mmTaakseE-tieliikennehyväksytty",227.0,CST,
4894029000,CST mönkijän rengas Behemoth CU07 27x9.00-R12 8-Ply M+S E-hyv. 55M,https://tarvike.com/product/cst-monkijan-rengas-behemoth-cu07-27x900-r12-8-ply-ms-e-hyv-55m-77826,https://media.tarvike.com/product/images/77826/original/27232.png,198.0,"Radiaalirengas yleiskäyttöön. Pintakuvio antaa hyvän pidon vaihtelevilla alustoilla, mutta tarjoaa silti alhaisen vierintävastuksen. Vyörengasrakenne tarjoaa hyvän ajotuntuman suurillakin nopeuksilla.Koko: 27 x 9.00 - 12Harja 19mmEteenE-tieliikennehyväksytty",198.0,CST,
4894025000,CST mönkijän rengas Behemoth CU07 26x9.00-R12 8-Ply M+S 52M,https://tarvike.com/product/cst-monkijan-rengas-behemoth-cu07-26x900-r12-8-ply-ms-52m-77824,https://media.tarvike.com/product/images/77824/original/27230.png,190.0,"Radiaalirengas yleiskäyttöön. Pintakuvio antaa hyvän pidon vaihtelevilla alustoilla, mutta tarjoaa silti alhaisen vierintävastuksen. Vyörengasrakenne tarjoaa hyvän ajotuntuman suurillakin nopeuksilla.Koko: 26 x 9.00 - 12Harja 19mmEteenE-tieliikennehyväksytty",190.0,CST,
4893977000,CST mönkijän rengas Stag CU58 27x11.00-14 8-Ply M+S 60M,https://tarvike.com/product/cst-monkijan-rengas-stag-cu58-27x1100-14-8-ply-ms-60m-77821,https://media.tarvike.com/product/images/77821/original/27220.jpg,229.0,Stag:in epäsymmetrisen ja koukunmuotoisen pintakuvion ansiosta renkaassa on erinomainen pito ja ajomukavuus. Pintakuvio ei mene helposti tukkoon pehmeässä maastossa. Rengas sopii niin metsäpoluille kun maantielleKoko: 27 x 11.00 - 14Harja: 20mmTaakseE-tieliikennehyväksytty,229.0,CST,
4893976000,CST mönkijän rengas Stag CU58 27x9.00-14 8-Ply M+S 53M,https://tarvike.com/product/cst-monkijan-rengas-stag-cu58-27x900-14-8-ply-ms-53m-77820,https://media.tarvike.com/product/images/77820/original/27236.jpg,196.0,Stag:in epäsymmetrisen ja koukunmuotoisen pintakuvion ansiosta renkaassa on erinomainen pito ja ajomukavuus. Pintakuvio ei mene helposti tukkoon pehmeässä maastossa. Rengas sopii niin metsäpoluille kun maantielleKoko: 27 x 9.00 - 14Harja: 20mmEteenE-tieliikennehyväksytty,196.0,CST,
4893974000,CST mönkijän rengas Stag CU58 26x11-14 8-Ply M+S 58M,https://tarvike.com/product/cst-monkijan-rengas-stag-cu58-26x11-14-8-ply-ms-58m-77819,https://media.tarvike.com/product/images/77819/original/27233.jpg,225.0,Stag:in epäsymmetrisen ja koukunmuotoisen pintakuvion ansiosta renkaassa on erinomainen pito ja ajomukavuus. Pintakuvio ei mene helposti tukkoon pehmeässä maastossa. Rengas sopii niin metsäpoluille kun maantielleKoko: 26 x 11.00 - 14Harja: 20mmTaakseE-tieliikennehyväksytty,225.0,CST,
4893972000,CST mönkijän rengas Stag CU58 26x9-14 8-Ply M+S 51M,https://tarvike.com/product/cst-monkijan-rengas-stag-cu58-26x9-14-8-ply-ms-51m-77818,https://media.tarvike.com/product/images/77818/original/27229.jpg,188.0,Stag:in epäsymmetrisen ja koukunmuotoisen pintakuvion ansiosta renkaassa on erinomainen pito ja ajomukavuus. Pintakuvio ei mene helposti tukkoon pehmeässä maastossa. Rengas sopii niin metsäpoluille kun maantielleKoko: 26 x 9.00 - 14Harja: 20mmEteenE-tieliikennehyväksytty,188.0,CST,
4893970000,CST mönkijän rengas Stag CU58 27x11.00-12 8-Ply M+S 61M,https://tarvike.com/product/cst-monkijan-rengas-stag-cu58-27x1100-12-8-ply-ms-61m-77817,https://media.tarvike.com/product/images/77817/original/27225.jpg,225.0,Stag:in epäsymmetrisen ja koukunmuotoisen pintakuvion ansiosta renkaassa on erinomainen pito ja ajomukavuus. Pintakuvio ei mene helposti tukkoon pehmeässä maastossa. Rengas sopii niin metsäpoluille kun maantielleKoko: 27 x 11.00 - 12Harja: 20mmTaakseE-tieliikennehyväksytty,225.0,CST,
4893968000,CST mönkijän rengas Stag CU58 27x9.00-12 8-Ply M+S 55M,https://tarvike.com/product/cst-monkijan-rengas-stag-cu58-27x900-12-8-ply-ms-55m-77816,https://media.tarvike.com/product/images/77816/original/27221.jpg,188.0,Stag:in epäsymmetrisen ja koukunmuotoisen pintakuvion ansiosta renkaassa on erinomainen pito ja ajomukavuus. Pintakuvio ei mene helposti tukkoon pehmeässä maastossa. Rengas sopii niin metsäpoluille kun maantielleKoko: 27 x 9.00 - 12Harja: 20mmEteenE-tieliikennehyväksytty,188.0,CST,
4893964000,CST mönkijän rengas Stag CU58 26x9.00-12 8-Ply M+S 52M,https://tarvike.com/product/cst-monkijan-rengas-stag-cu58-26x900-12-8-ply-ms-52m-77814,https://media.tarvike.com/product/images/77814/original/27231.jpg,186.0,Stag:in epäsymmetrisen ja koukunmuotoisen pintakuvion ansiosta renkaassa on erinomainen pito ja ajomukavuus. Pintakuvio ei mene helposti tukkoon pehmeässä maastossa. Rengas sopii niin metsäpoluille kun maantielleKoko: 26 x 9.00 - 12Harja: 20mmEteenE-tieliikennehyväksytty,186.0,CST,
4893953000,CST mönkijän rengas Wild Thang CU05 25x8.00-12 6-Ply M+S 60J,https://tarvike.com/product/cst-monkijan-rengas-wild-thang-cu05-25x800-12-6-ply-ms-60j-77810,https://media.tarvike.com/product/images/77810/original/27214.jpg,118.0,Wild Thangin kevyt ja kestävä rakenne mahdollistaa erinomaisen ajotuntuman ja pidon kaikilla alustoilla.Koko: 25 x 8.00 - 12Harja: 30mmE-tieliikennehyväksyttyEteen,118.0,CST,
4893948000,CST mönkijän rengas Wild Thang CU06 28x11.00-14 6-Ply M+S 75J,https://tarvike.com/product/cst-monkijan-rengas-wild-thang-cu06-28x1100-14-6-ply-ms-75j-77807,https://media.tarvike.com/product/images/77807/original/27204.jpg,214.0,Wild Thangin kevyt ja kestävä rakenne mahdollistaa erinomaisen ajotuntuman ja pidon kaikilla alustoilla.Koko: 28 x 11.00 - 14Harja: 30mmTaakseE-tieliikennehyväksytty,214.0,CST,
4893946000,CST mönkijän rengas Wild Thang CU05 28x9.00-14 6-Ply 69J,https://tarvike.com/product/cst-monkijan-rengas-wild-thang-cu05-28x900-14-6-ply-69j-77806,https://media.tarvike.com/product/images/77806/original/27200.jpg,186.0,Wild Thangin kevyt ja kestävä rakenne mahdollistaa erinomaisen ajotuntuman ja pidon kaikilla alustoilla.Koko: 28 x9.00 - 14Harja: 30mmE-tieliikennehyväksyttyEteen,186.0,CST,
4893938000,"CST mönkijän rengas CU05 Wild Thang 28 x 10,00 - 12 6Pr 73J",https://tarvike.com/product/cst-monkijan-rengas-cu05-wild-thang-28-x-1000-12-6pr-73j-77802,https://media.tarvike.com/product/images/77802/original/27203.jpg,194.0,Wild Thangin kevyt ja kestävä rakenne mahdollistaa erinomaisen ajotuntuman ja pidon kaikilla alustoilla.Koko: 28 x 10.00 - 12Harja: 30mmEteenE-tieliikennehyväksytty,194.0,CST,
4893910000,ITP Delta vanne black 12x7 4/110 2+5,https://tarvike.com/product/itp-delta-vanne-black-12x7-4110-25-77719,https://media.tarvike.com/product/images/77719/original/27112.jpg,112.0,"Sopivuus: Honda, Suzuki, YamahaKoko: 12""Pulttijako: 4/110Offset: 2+5Taakse",112.0,ITP,
4893893000,"ITP Delta vanne 14x7 4/156 4+3 Polaris, YXZ1000",https://tarvike.com/product/itp-delta-vanne-14x7-4156-43-polaris-yxz1000-77711,https://media.tarvike.com/product/images/77711/original/27101.png,127.0,Koko: 14Pulttijako 4/156Offset: 4+3Eteen ja taakseSopii myös Yamaha YXZ1000 vm. 2019 ja uudemmat,127.0,ITP,
4893891000,"ITP Delta 14x7 4/156 12mm 4+3, musta",https://tarvike.com/product/itp-delta-14x7-4156-12mm-43-musta-77710,https://media.tarvike.com/product/images/77710/original/27118.png,126.6,"Koko: 14""Pulttijako: 4/156Offset: 4+3Eteen ja taaksePolaris sekä Yamaha YXZ1000 vm. 2019 ja uudemmat",126.6,ITP,
4893888000,"ITP Delta vanne 14x7 4/137 12mm 4+3, musta",https://tarvike.com/product/itp-delta-vanne-14x7-4137-12mm-43-musta-77708,https://media.tarvike.com/product/images/77708/original/27111.png,127.0,"Sopivuus: Can-Am14""Pulttijako 4/137Offset: 4+3Eteen ja taakse",127.0,ITP,
4893822000,ITP mönkijän rengas Mud Lite XTR 26x11.00-12 6-Ply,https://tarvike.com/product/itp-monkijan-rengas-mud-lite-xtr-26x1100-12-6-ply-77672,https://media.tarvike.com/product/images/77672/original/27053.jpg,251.0,"Mud Lite Xtreme Trail on kevyt ja pitävin rengas vaativaan käyttöön. Radiaali-rengas agressiivisella kubiolla. Vahva rakenne, 6-kankainenKoko: 26 x 11.00 - 12Harja: 29mmEteen ja taakse",251.0,ITP,
4893820000,ITP mönkijän rengas Mud Lite XTR 26x9.00-12 6-Ply,https://tarvike.com/product/itp-monkijan-rengas-mud-lite-xtr-26x900-12-6-ply-77671,https://media.tarvike.com/product/images/77671/original/27050.jpg,229.0,"Mud Lite Xtreme Trail on kevyt ja pitävin rengas vaativaan käyttöön. Radiaali-rengas agressiivisella kubiolla. Vahva rakenne, 6-kankainenKoko: 26 x 9.00 - 12Harja: 29mmEteen ja taakse",229.0,ITP,
4893814000,ITP mönkijän rengas Blackwater Evolution 30x10.00-R15 8-Ply,https://tarvike.com/product/itp-monkijan-rengas-blackwater-evolution-30x1000-r15-8-ply-77668,https://media.tarvike.com/product/images/77668/original/27037.jpg,150.0,"Black Water Evolution on uudentyyppinen rengas, uusi pintakuvio ja ""Tough Tread""-kumiseos tuot erinomaisen pidon pitäen samalla ajon sulavana ja tasapainoisena. Reunat erikoisvahvistettu. 8-kankainen radiaalirengasKoko: 30 x 10.00 - 15Harja: 26mmEteen ja taakse",150.0,ITP,
4893808000,ITP mönkijän rengas Blackwater Evolution 25x9.00-R12 8-Ply,https://tarvike.com/product/itp-monkijan-rengas-blackwater-evolution-25x900-r12-8-ply-77665,https://media.tarvike.com/product/images/77665/original/27046.jpg,165.0,"Black Water Evolution on uudentyyppinen rengas, uusi pintakuvio ja ""Tough Tread""-kumiseos tuot erinomaisen pidon pitäen samalla ajon sulavana ja tasapainoisena. Reunat erikoisvahvistettu. 8-kankainen radiaalirengasKoko: 25 x 9.00 - 12Harja: 26mmEteen ja taakse",165.0,ITP,
4893806000,ITP mönkijän rengas Mega Mayhem 28x9.00-14 6-Ply,https://tarvike.com/product/itp-monkijan-rengas-mega-mayhem-28x900-14-6-ply-77664,https://media.tarvike.com/product/images/77664/original/27043.jpg,212.0,"Mega Mayhem soveltuu pitonsa ansiosta erinomaisesti maastoon. Renkaan kuvio käyttäytyy parhaiten kovillaa alustoilla. 6-kankaisuus tuo renkaalle poikkeuksellisen hyvän kiihtyvyyden , jarrutusominaisuudet ja tasapainon.Koko: 28 x 9.00 - 14Urasyvyys 38mmEteen ja taakse",212.0,ITP,
4893802000,ITP mönkijän rengas Mega Mayhem 27x9.00-14 6-Ply,https://tarvike.com/product/itp-monkijan-rengas-mega-mayhem-27x900-14-6-ply-77662,https://media.tarvike.com/product/images/77662/original/27036.jpg,196.0,"Mega Mayhem soveltuu pitonsa ansiosta erinomaisesti maastoon. Renkaan kuvio käyttäytyy parhaiten kovillaa alustoilla. 6-kankaisuus tuo renkaalle poikkeuksellisen hyvän kiihtyvyyden , jarrutusominaisuudet ja tasapainon.Koko 27 x 9,00 - 14Urasyvyys: 38mmEteen ja taakse",196.0,ITP,
4893800000,ITP mönkijän rengas Mega Mayhem 28x11.00-12 6-Ply,https://tarvike.com/product/itp-monkijan-rengas-mega-mayhem-28x1100-12-6-ply-77661,https://media.tarvike.com/product/images/77661/original/27032.jpg,255.0,"Mega Mayhem soveltuu pitonsa ansiosta erinomaisesti maastoon. Renkaan kuvio käyttäytyy parhaiten kovillaa alustoilla. 6-kankaisuus tuo renkaalle poikkeuksellisen hyvän kiihtyvyyden , jarrutusominaisuudet ja tasapainon.Koko: 28 x 11,00 - 12Urasyvyys: 38mmEteen ja taakse",255.0,ITP,
4893798000,ITP mönkijän rengas Mega Mayhem 28x9.00-12 6-Ply,https://tarvike.com/product/itp-monkijan-rengas-mega-mayhem-28x900-12-6-ply-77660,https://media.tarvike.com/product/images/77660/original/27029.jpg,252.0,"Mega Mayhem soveltuu pitonsa ansiosta erinomaisesti maastoon. Renkaan kuvio käyttäytyy parhaiten kovillaa alustoilla. 6-kankaisuus tuo renkaalle poikkeuksellisen hyvän kiihtyvyyden , jarrutusominaisuudet ja tasapainon.Koko: 28x 9,00- 12Urasyvyys: 38mmEteen ja taakse",252.0,ITP,
4893796000,ITP mönkijän rengas Mega Mayhem 27x11.00-12 6-Ply,https://tarvike.com/product/itp-monkijan-rengas-mega-mayhem-27x1100-12-6-ply-77659,https://media.tarvike.com/product/images/77659/original/27026.jpg,186.0,"Mega Mayhem soveltuu pitonsa ansiosta erinomaisesti maastoon. Renkaan kuvio käyttäytyy parhaiten kovillaa alustoilla. 6-kankaisuus tuo renkaalle poikkeuksellisen hyvän kiihtyvyyden , jarrutusominaisuudet ja tasapainon.27 x 11,00 - 12Urasyvyys: 38mm",186.0,ITP,
4893794000,ITP mönkijän rengas Mega Mayhem 27x9.00-12 6-Ply,https://tarvike.com/product/itp-monkijan-rengas-mega-mayhem-27x900-12-6-ply-77658,https://media.tarvike.com/product/images/77658/original/27022.jpg,174.0,"Mega Mayhem soveltuu pitonsa ansiosta erinomaisesti maastoon. Renkaan kuvio käyttäytyy parhaiten kovillaa alustoilla. 6-kankaisuus tuo renkaalle poikkeuksellisen hyvän kiihtyvyyden , jarrutusominaisuudet ja tasapainon.Koko: 27 x 9,00 - 12Urasyvyys: 38mEteen ja taakse",174.0,ITP,
4893792000,ITP mönkijän rengas Mud Lite XL 27x9.00-12 6-Ply,https://tarvike.com/product/itp-monkijan-rengas-mud-lite-xl-27x900-12-6-ply-77657,https://media.tarvike.com/product/images/77657/original/27035.jpg,168.0,"Markkinoiden paras rengas. Ylivoimaisesti luokan kevyin rengas uskomattomalla pidolla. Yleisrengas, joka toimii erilaisilla alustoilla. Vahva rakenne, 6-kankainen.Koko: 27 x 9.00 - 12Harja: 29mmEteen ja taakse",168.0,ITP,
4893790000,ITP mönkijän rengas Mud Lite XL 25x12.00-12,https://tarvike.com/product/itp-monkijan-rengas-mud-lite-xl-25x1200-12-77656,https://media.tarvike.com/product/images/77656/original/27033.jpg,172.0,"Markkinoiden paras rengas. Ylivoimaisesti luokan kevyin rengas uskomattomalla pidolla. Yleisrengas, joka toimii erilaisilla alustoilla. Vahva rakenne, 6-kankainen.Koko: 25 x 12.00 - 12Harja: 29mmEteen ja taakse",172.0,ITP,
4893788000,ITP mönkijän rengas Mud Lite XL 25x10.00-12,https://tarvike.com/product/itp-monkijan-rengas-mud-lite-xl-25x1000-12-77655,https://media.tarvike.com/product/images/77655/original/27028.jpg,166.0,"Markkinoiden paras rengas. Ylivoimaisesti luokan kevyin rengas uskomattomalla pidolla. Yleisrengas, joka toimii erilaisilla alustoilla. Vahva rakenne, 6-kankainen.Koko: 25 x 10.00 - 12Harja: 29mmEteen ja taakse",166.0,ITP,
4893787000,ITP mönkijän rengas Mud Lite AT 24x11-10,https://tarvike.com/product/itp-monkijan-rengas-mud-lite-at-24x11-10-77653,https://media.tarvike.com/product/images/77653/original/27019.jpg,119.0,"Markkinoiden paras rengas. Ylivoimaisesti luokan kevyin rengas uskomattomalla pidolla. Yleisrengas, joka toimii erilaisilla alustoilla. Vahva rakenne, 6-kankainen.Koko: 24 x 11 - 10Harja: 19mmEteen ja taakse",119.0,ITP,
4893771000,ITP mönkijän rengas Mud Lite XL 28x12.00-14,https://tarvike.com/product/itp-monkijan-rengas-mud-lite-xl-28x1200-14-77649,https://media.tarvike.com/product/images/77649/original/27017.jpg,213.0,"Markkinoiden paras rengas. Ylivoimaisesti luokan kevyin rengas uskomattomalla pidolla. Yleisrengas, joka toimii erilaisilla alustoilla. Vahva rakenne, 6-kankainen.Koko: 28 x 12.00 - 14Harja: 29mmEteen ja taakse",213.0,ITP,
4893769000,ITP mönkijän rengas Mud Lite XL 28x10.00-14,https://tarvike.com/product/itp-monkijan-rengas-mud-lite-xl-28x1000-14-77648,https://media.tarvike.com/product/images/77648/original/27034.jpg,206.0,"Markkinoiden paras rengas. Ylivoimaisesti luokan kevyin rengas uskomattomalla pidolla. Yleisrengas, joka toimii erilaisilla alustoilla. Vahva rakenne, 6-kankainen.Koko: 28 x 10.00 - 14Harja: 29mmEteen ja taakse",206.0,ITP,
4893767000,ITP mönkijän rengas Mud Lite XL 27x10.00-14,https://tarvike.com/product/itp-monkijan-rengas-mud-lite-xl-27x1000-14-77647,https://media.tarvike.com/product/images/77647/original/27030.jpg,185.0,"Markkinoiden paras rengas. Ylivoimaisesti luokan kevyin rengas uskomattomalla pidolla. Yleisrengas, joka toimii erilaisilla alustoilla. Vahva rakenne, 6-kankainen.Koko: 27 x 10.00 - 14Harja: 29mmEteen ja taakse",185.0,ITP,
4893763000,ITP mönkijän rengas Terracross 26x9R-12 6-Ply,https://tarvike.com/product/itp-monkijan-rengas-terracross-26x9r-12-6-ply-77645,https://media.tarvike.com/product/images/77645/original/27021.jpg,193.0,ITP Terracross R/T Radial on kestävä erinomaisilla ajo-ominaisuuksilla oleva rengas vaikkapa UTV-käyttöön. Vahva 6-kankainen rakenne. Reunat erikoisvahvistetut.Koko: 26 x 9R - 12Harja: 20mm,193.0,ITP,
4893746000,ITP mönkijän rengas Mud Lite 25x10.00-11 6-Ply,https://tarvike.com/product/itp-monkijan-rengas-mud-lite-25x1000-11-6-ply-77626,https://media.tarvike.com/product/images/77626/original/27007.jpg,132.0,"Markkinoiden paras rengas. Ylivoimaisesti luokan kevyin rengas uskomattomalla pidolla. Yleisrengas, joka toimii erilaisilla alustoilla. Vahva rakenne, 6-kankainen.Koko: 25 x 10.00 - 11Urasyvyys: 19mmEteen ja taakse",132.0,ITP,
4893744000,ITP mönkijän rengas Mud Lite 23x8.00-11 6-Ply,https://tarvike.com/product/itp-monkijan-rengas-mud-lite-23x800-11-6-ply-77624,https://media.tarvike.com/product/images/77624/original/27000.jpg,105.0,"Markkinoiden paras rengas. Ylivoimaisesti luokan kevyin rengas uskomattomalla pidolla. Yleisrengas, joka toimii erilaisilla alustoilla. Vahva rakenne, 6-kankainen.Koko: 23 x 8.00 - 11Urasyvyys: 19mmEteen ja taakse",105.0,ITP,
4893743000,ITP mönkijän rengas Mud Lite 22x8.00-10 6-PLY,https://tarvike.com/product/itp-monkijan-rengas-mud-lite-22x800-10-6-ply-77623,https://media.tarvike.com/product/images/77623/original/26993.jpg,99.0,"Markkinoiden paras rengas. Ylivoimaisesti luokan kevyin rengas uskomattomalla pidolla. Yleisrengas, joka toimii erilaisilla alustoilla. Vahva rakenne, 6-kankainen.Koko: 22 x 8.00 - 10Harja: 19mmEteen ja taakse",99.0,ITP,
4893738000,ITP mönkijän rengas Mud Lite 26x9.00-12 6-PLY,https://tarvike.com/product/itp-monkijan-rengas-mud-lite-26x900-12-6-ply-77620,https://media.tarvike.com/product/images/77620/original/26982.jpg,155.0,"Markkinoiden paras rengas. Ylivoimaisesti luokan kevyin rengas uskomattomalla pidolla. Yleisrengas, joka toimii erilaisilla alustoilla. Vahva rakenne, 6-kankainen.Koko: 26 x 9.00 - 12Harja: 29mmEteen ja taakse",155.0,ITP,
4893737000,ITP mönkijän rengas Mud Lite AT 24x10.00-11,https://tarvike.com/product/itp-monkijan-rengas-mud-lite-at-24x1000-11-77619,https://media.tarvike.com/product/images/77619/original/26979.jpg,127.0,"Markkinoiden paras rengas. Ylivoimaisesti luokan kevyin rengas uskomattomalla pidolla. Yleisrengas, joka toimii erilaisilla alustoilla. Vahva rakenne, 6-kankainen.Koko: 24 x 10.00 - 11Harja: 19mmEteen ja taakse",127.0,ITP,
4893732000,ITP mönkijän rengas Mud Lite AT 24x8.00-12,https://tarvike.com/product/itp-monkijan-rengas-mud-lite-at-24x800-12-77617,https://media.tarvike.com/product/images/77617/original/26991.jpg,111.0,"Markkinoiden paras rengas. Ylivoimaisesti luokan kevyin rengas uskomattomalla pidolla. Yleisrengas, joka toimii erilaisilla alustoilla. Vahva rakenne, 6-kankainen.Koko: 24 x 8.00 - 12Harja: 19mmEteen ja taakse",111.0,ITP,
4893730000,ITP Rengas Holeshot GNCC 21x7.00-10,https://tarvike.com/product/itp-rengas-holeshot-gncc-21x700-10-77616,https://media.tarvike.com/product/images/77616/original/26986.jpg,129.0,ITP Holeshot GNCC on suunniteltu erityisesti metsämaastoihin.Koko: 20 x 10.00 - 9,129.0,ITP,
4893728000,ITP Rengas Holeshot GNCC 20x10.00-9,https://tarvike.com/product/itp-rengas-holeshot-gncc-20x1000-9-77615,https://media.tarvike.com/product/images/77615/original/26983.jpg,153.0,Holeshot GNCC on erityisesti suunniteltu metsämaastoihin.Koko: 20 x 10.00 - 9,153.0,ITP,
4893726000,ITP Rengas Holeshot 21x7.00-10 2-Ply,https://tarvike.com/product/itp-rengas-holeshot-21x700-10-2-ply-77614,https://media.tarvike.com/product/images/77614/original/26978.jpg,105.0,ITP Holeshot STD rengas sopii erinomaisesti yleis/harrastus käyttöön.Koko: 21 x 7.00 - 10,105.0,ITP,
4893724000,ITP Rengas Holeshot 20x11.00-10 4-Ply,https://tarvike.com/product/itp-rengas-holeshot-20x1100-10-4-ply-77613,https://media.tarvike.com/product/images/77613/original/26992.jpg,125.0,ITP Holeshot STD rengas sopii erinomaisesti yleis/harrastus käyttöön.Koko: 20 x 11.00 - 10,125.0,ITP,
4893722000,ITP Rengas Holeshot 20x11.00-9 4-Ply,https://tarvike.com/product/itp-rengas-holeshot-20x1100-9-4-ply-77612,https://media.tarvike.com/product/images/77612/original/26988.jpg,125.0,ITP Holeshot STD rengas sopii erinomaisesti yleis/harrastus käyttöön.Koko: 20 x 11.00 - 9,125.0,ITP,
4893718000,ITP Rengas Holeshot MXR6 18x10.00-9,https://tarvike.com/product/itp-rengas-holeshot-mxr6-18x1000-9-77610,https://media.tarvike.com/product/images/77610/original/26981.jpg,117.0,"TP Holeshot MXR6 on vahvistettu, hiotulla tuntumalla varustettu rengas.Koko: 18 x 10.00 - 9",117.0,ITP,
4893711000,ITP mönkijän rengas Terracross 25x10R-12 6-Ply,https://tarvike.com/product/itp-monkijan-rengas-terracross-25x10r-12-6-ply-77644,https://media.tarvike.com/product/images/77644/original/27018.jpg,167.0,ITP Terracross R/T Radial on kestävä erinomaisilla ajo-ominaisuuksilla oleva rengas vaikkapa UTV-käyttöön. Vahva 6-kankainen rakenne. Reunat erikoisvahvistetut.Koko: 25 x 10R - 12Harja: 20mmE-tieliikennehyväksytty,167.0,ITP,
4893709000,ITP mönkijän rengas Mud Lite XTR 27x11.00-12 6-PLY,https://tarvike.com/product/itp-monkijan-rengas-mud-lite-xtr-27x1100-12-6-ply-77643,https://media.tarvike.com/product/images/77643/original/27014.jpg,271.0,"Mud Lite Xtreme Trail on kevyt ja pitävin rengas vaativaan käyttöön. Radiaali-rengas agressiivisella kubiolla. Vahva rakenne, 6-kankainenKoko: 27 x 11.00 - 12Harja: 29mmEteen ja taakse",271.0,ITP,
4893707000,ITP mönkijän rengas Mud Lite XTR 27x9.00-12 6-PLY,https://tarvike.com/product/itp-monkijan-rengas-mud-lite-xtr-27x900-12-6-ply-77642,https://media.tarvike.com/product/images/77642/original/27010.jpg,249.0,"Mud Lite Xtreme Trail on kevyt ja pitävin rengas vaativaan käyttöön. Radiaali-rengas agressiivisella kubiolla. Vahva rakenne, 6-kankainenKoko: 27 x 9.00 - 12Harja: 29mmEteen ja taakse",249.0,ITP,
4893695000,ITP mönkijän rengas Mud Lite XTR 27x9.00-14 6-Ply,https://tarvike.com/product/itp-monkijan-rengas-mud-lite-xtr-27x900-14-6-ply-77636,https://media.tarvike.com/product/images/77636/original/27008.jpg,256.0,"Mud Lite Xtreme Trail on kevyt ja pitävin rengas vaativaan käyttöön. Radiaali-rengas agressiivisella kubiolla. Vahva rakenne, 6-kankainenKoko: 27 x 9.00 - 14Harja: 29mmEteen ja taakse",256.0,ITP,
4893689000,ITP Hurricane vanne 14x7 4/156 5+2 pronssi,https://tarvike.com/product/itp-hurricane-vanne-14x7-4156-52-pronssi-77606,https://media.tarvike.com/product/images/77606/original/26990.jpg,212.0,Koko: 14Pulttijako 4/156Offset: 5+2Eteen ja taakse,212.0,ITP,
4893686000,ITP Hurricane vanne 14x7 4/137 4+3 pronssi,https://tarvike.com/product/itp-hurricane-vanne-14x7-4137-43-pronssi-77605,https://media.tarvike.com/product/images/77605/original/26985.jpg,212.0,Sopivuus: Can-AmKoko: 14Pulttijako 4/137Offset: 4+3Eteen ja taakse,212.0,ITP,
4893684000,"ITP Hurricane vanne 14x7 4/110 5+2, pronssi",https://tarvike.com/product/itp-hurricane-vanne-14x7-4110-52-pronssi-77604,https://media.tarvike.com/product/images/77604/original/26980.jpg,212.0,"Sopivuus: CFMoto, Honda, Kawasaki, Suzuki, YamahaKoko: 14Pulttijako 4/110Offset: 5+2Eteen ja taakse",212.0,ITP,
4893656000,"ITP Tornado vanne 15x7 4/156 4+3, mattamusta milled",https://tarvike.com/product/itp-tornado-vanne-15x7-4156-43-mattamusta-milled-77592,https://media.tarvike.com/product/images/77592/original/26970.jpg,229.0,"Tuuma: 15""Pulttijako: 4/156Vanne eteen ja taakseYamaha YXZ1000 vm. 2019 ja uudemmat, mutterisarjalla 74-079",229.0,ITP,
4893649000,"ITP Tornado vanne 15x7 4/137 5+2, mattamusta jyrisitty",https://tarvike.com/product/itp-tornado-vanne-15x7-4137-52-mattamusta-jyrisitty-77591,https://media.tarvike.com/product/images/77591/original/26965.jpg,229.0,"Sopivuus: Can-AmTuuma: 15""Pulttijako: 4/137Offset: 5+2Vanne eteen ja taakse",229.0,ITP,
4893647000,"ITP Tornado vanne 15x7 4/110 5+2, mattamusta jyrsitty",https://tarvike.com/product/itp-tornado-vanne-15x7-4110-52-mattamusta-jyrsitty-77590,https://media.tarvike.com/product/images/77590/original/26957.jpg,229.0,"Sopivuus: CFMoto, Honda, Kawasaki, Suzuki, YamahaTuuma: 15""Pulttijako: 4/110Offset: 5+2Vanne eteen ja taakse",229.0,ITP,
4893645000,"ITP Tornado vanne 14x7 4/156 4+3, mattamusta milled",https://tarvike.com/product/itp-tornado-vanne-14x7-4156-43-mattamusta-milled-77589,https://media.tarvike.com/product/images/77589/original/26954.jpg,198.0,"Tuuma: 14""Pulttijako 4/156Vanne eteen ja taaksePolaris Mutterisarja: 74-086Yamaha YXZ1000 vm. 2019 ja uudemmat, mutterisarjalla 74-079",198.0,ITP,
4893643000,"ITP Tornado vanne 14x7 4/137 5+2, mattamusta jyrsitty",https://tarvike.com/product/itp-tornado-vanne-14x7-4137-52-mattamusta-jyrsitty-77588,https://media.tarvike.com/product/images/77588/original/26950.jpg,198.0,"Sopivuus: Can-AmTuuma: 14""Pulttijako 4/137Offset: 5+2Vanne eteen ja taakse",198.0,ITP,
4893641000,"ITP Tornado vanne 14x7 4/110 5+2, mattamusta jyrsitty",https://tarvike.com/product/itp-tornado-vanne-14x7-4110-52-mattamusta-jyrsitty-77587,https://media.tarvike.com/product/images/77587/original/26946.jpg,198.0,"Sopivuus: CFMoto, Honda, Kawasaki, Suzuki, YamahaTuuma: 14""Pulttijako: 4/110Offset: 5+2Eteen ja taakse",198.0,ITP,
4893584000,"Maxxis Sisärengas 20 x 7,00/9,00 - 8 TR13",https://tarvike.com/product/maxxis-sisarengas-20-x-700900-8-tr13-77844,https://media.tarvike.com/product/images/77844/original/27273.jpg,19.8,"20 x 7,00/9,00-8TR13",19.8,Maxxis,
4893577000,Maxxis Sisärengas 145/70 - 6 TR13,https://tarvike.com/product/maxxis-sisarengas-14570-6-tr13-77842,https://media.tarvike.com/product/images/77842/original/27266.jpg,11.7,145/70-TR13,11.7,Maxxis,
4893572000,CST mönkijän rengas Stryder CS05 26x9.00-14 6-Ply TL 51N,https://tarvike.com/product/cst-monkijan-rengas-stryder-cs05-26x900-14-6-ply-tl-51n-77840,https://media.tarvike.com/product/images/77840/original/27253.png,134.0,CST Stryder Cs05 rengas maantiekäyttöön.Koko: 26 x 9 - 14EteenE-tieliikennehyväksytty,134.0,CST,
4893548000,CST mönkijän rengas C-829 145/70-6,https://tarvike.com/product/cst-monkijan-rengas-c-829-14570-6-77786,https://media.tarvike.com/product/images/77786/original/27186.jpg,31.9,Koko: 145 / 70 - 6Harja 5.5mm2 PREteen ja taakseE-tieliikennehyväksytty,31.9,CST,
4893540000,"ITP Hurricane vanne 15x7 4/110 5+2, mattamusta",https://tarvike.com/product/itp-hurricane-vanne-15x7-4110-52-mattamusta-77763,https://media.tarvike.com/product/images/77763/original/27162.jpg,216.0,"Sopivuus: CFMoto, Honda, Kawasaki, Suzuki, YamahaTuuma: 15""Pulttijako 4/110Offset: 5+2Vanne eteen ja taakse",216.0,ITP,
4893532000,"ITP Hurricane vanne 12x7 4/156 4+3, mattamusta",https://tarvike.com/product/itp-hurricane-vanne-12x7-4156-43-mattamusta-77759,https://media.tarvike.com/product/images/77759/original/27150.jpg,159.0,"Tuuma: 12""Pulttijako: 4/156Vanne eteen ja taakseMutterisarja 74-086PolarisYamaha YXZ1000 vm. 2019 ja uudemmat, mutterisarjalla 74-079",159.0,ITP,
4893524000,"SS Alloy vanne 312 12x7 4+3 4/156, mattamusta machined",https://tarvike.com/product/ss-alloy-vanne-312-12x7-43-4156-mattamusta-machined-77754,https://media.tarvike.com/product/images/77754/original/27145.jpg,154.0,"Koko: 12""Pulttijako: 4/156Vanne eteen ja taakseYamaha YXZ1000 vm. 2019 ja uudemmat, mutterisarjalla 74-079",154.0,ITP,
4893522000,"ITP SS312 vanne 12x7 5+2 4/137, mattamusta koneistettu",https://tarvike.com/product/itp-ss312-vanne-12x7-52-4137-mattamusta-koneistettu-77753,https://media.tarvike.com/product/images/77753/original/27141.jpg,154.0,"Sopivuus: Can-AmKoko: 12""Pulttijako: 4//137Offset: 5+2Vanne eteen ja taakse",154.0,ITP,
4893513000,ITP SS212 vanne 12x7 4/156 4+3 musta,https://tarvike.com/product/itp-ss212-vanne-12x7-4156-43-musta-77746,https://media.tarvike.com/product/images/77746/original/27149.jpg,166.0,"Koko: 12""Pulttijako 4/156Vanne eteen ja taakse",166.0,ITP,
4893512000,"ITP SS212 vanne 12x7 4/137 5+2 , mattamusta",https://tarvike.com/product/itp-ss212-vanne-12x7-4137-52-mattamusta-77745,https://media.tarvike.com/product/images/77745/original/27147.jpg,166.0,"Sopivuus: Can-AmKoko: 12""Pulttijako: 4/137Offset: 2+5Vanne eteen ja taakse",166.0,ITP,
4893511000,"ITP SS212 vanne 12x7 4/110 2+5,mattamusta",https://tarvike.com/product/itp-ss212-vanne-12x7-4110-25mattamusta-77744,https://media.tarvike.com/product/images/77744/original/27144.jpg,166.0,"Koko: 12""Pulttijako: 4/110TakavanneMutterisarja: 74-082",166.0,ITP,
4893510000,"ITP SS212 vanne 12x7 4/110 5+2, mattamusta",https://tarvike.com/product/itp-ss212-vanne-12x7-4110-52-mattamusta-77743,https://media.tarvike.com/product/images/77743/original/27140.jpg,166.0,"Sopivuus: CFMoto, Honda, Kawasaki, Suzuki, YamahaKoko: 12""Pulttijako: 4/110Offset: 2+5Etu- ja takavanne",166.0,ITP,
4893508000,"ITP SS212 vanne 12x7 4/156 4+3, musta koneistettu",https://tarvike.com/product/itp-ss212-vanne-12x7-4156-43-musta-koneistettu-77742,https://media.tarvike.com/product/images/77742/original/27134.jpg,166.0,"Koko: 12""Pulttijako: 4/156Offset: 4+3Vanne eteen ja taaksePolarisYamaha YXZ1000 vm. 2019 ja uudemmat, mutterisarjalla 74-079",166.0,ITP,
482117001,ITP Rengas Mud Lite II 27x9.00-12 nhs,https://tarvike.com/product/itp-rengas-mud-lite-ii-27x900-12-nhs-130603,https://media.tarvike.com/product/images/130603/original/173639.jpg,172.0,Mud Lite II klassikkorengas uudella kuviolla ITP:ltä. Paranettu ajotuntumaa sekä pitoa.,172.0,ITP,
482115001,JOURNEY Rengas P376 28 x 10.00 - 12 6-Ply TL,https://tarvike.com/product/journey-rengas-p376-28-x-1000-12-6-ply-tl-130606,https://media.tarvike.com/product/images/130606/original/169791.jpg,194.4,Joyrneyn 6-kankainen 28x10 -12 mönkijän rengas,194.4,Journey,
399751002,ITP Rengas Mud Lite II 27x11.00-12 nhs,https://tarvike.com/product/itp-rengas-mud-lite-ii-27x1100-12-nhs-130604,https://media.tarvike.com/product/images/130604/original/173638.jpg,185.0,Mud Lite II klassikkorengas uudella kuviolla ITP:ltä. Paranettu ajotuntumaa sekä pitoa.,185.0,ITP,
399750002,JOURNEY Nastoitettu rengas P350 25 x 8.00 - 12 6-Ply TL E-hyv.,https://tarvike.com/product/journey-nastoitettu-rengas-p350-25-x-800-12-6-ply-tl-e-hyv-130600,https://media.tarvike.com/product/images/130600/original/169784.jpg,184.2,Journeyn 6-kankainen 25-8.00 -12 nastarengas.,184.2,Journey,
34782407000,AXP Adventure Pohjapanssari HDPE 8mm Black CFMOTO 800MT-X 25,https://tarvike.com/product/axp-adventure-pohjapanssari-hdpe-8mm-black-cfmoto-800mt-x-25-163863,https://media.tarvike.com/product/images/163863/original/196482.webp,428.9,,428.9,AXP Racing,
34566213000,Camso Vakaajanvarsi,https://tarvike.com/product/camso-vakaajanvarsi-172524,https://media.tarvike.com/product/images/172524/original/196680.webp,228.0,,228.0,Camso,
34566210000,Camso/TJD Telasarjan kiinnityssarja,https://tarvike.com/product/camsotjd-telasarjan-kiinnityssarja-167870,https://media.tarvike.com/product/images/167870/original/196692.webp,570.0,,570.0,Camso,
34566209000,Camso UTV 4S1 Telarungot,https://tarvike.com/product/camso-utv-4s1-telarungot-162349,https://media.tarvike.com/product/images/162349/original/196677.webp,7425.0,,7425.0,Camso,
3094877001,"Bronco Levikepalat ATV 1,5"" (38mm)  4/156 M10 X 1.25mm pari Black",https://tarvike.com/product/bronco-levikepalat-atv-15-38mm-4156-m10-x-125mm-pari-black-128932,https://media.tarvike.com/product/placeholders/productImageComingSoong.jpg,84.6,ATV Levikepalat,84.6,Bronco,
3094873001,"Bronco Levikepalat ATV 1"" 4/156 M10 X 1.25mm pari Musta",https://tarvike.com/product/bronco-levikepalat-atv-1-4156-m10-x-125mm-pari-musta-128928,https://media.tarvike.com/product/images/128928/original/167945.jpg,72.0,ATV Levikepalat,72.0,Bronco,
3094864001,"Bronco Levikepalat UTV 2"" 4/156 M12 X 1.25mm pari Musta",https://tarvike.com/product/bronco-levikepalat-utv-2-4156-m12-x-125mm-pari-musta-128936,https://media.tarvike.com/product/images/128936/original/167945.jpg,107.3,UTV Levikepalat,107.3,Bronco,
3094858001,"Bronco Levikepalat ATV 1,5"" (38mm)  4/156 M10 X 1.25mm pari",https://tarvike.com/product/bronco-levikepalat-atv-15-38mm-4156-m10-x-125mm-pari-128933,https://media.tarvike.com/product/images/128933/original/167949.jpg,87.1,ATV Levikepalat,87.1,Bronco,
3094856001,"ITP Kapselisarja SS Alloy  4/110, 4/115",https://tarvike.com/product/itp-kapselisarja-ss-alloy-4110-4115-77738,https://media.tarvike.com/product/images/77738/original/27120.jpg,24.3,"4/110, 4/115Pakkaus sisältää neljä kapselia",24.3,ITP,
3094855001,ITP Kapseli SS Alloy 4/156,https://tarvike.com/product/itp-kapseli-ss-alloy-4156-77737,https://media.tarvike.com/product/images/77737/original/27138.jpg,12.1,"4/110, 4/115 mustaPakkaus sisältää yhden kapselin",12.1,ITP,
3094854001,ITP Kapseli SS Alloy 4/137,https://tarvike.com/product/itp-kapseli-ss-alloy-4137-77736,https://media.tarvike.com/product/images/77736/original/27137.jpg,7.6,Pakkaus sisältää yhden kapselin,7.6,ITP,
3094831001,Bronco levikepalat 2 4/136,https://tarvike.com/product/bronco-levikepalat-2-4136-77698,https://media.tarvike.com/product/images/77698/original/27082.jpg,97.2,"Can-AmMyydään pareittain, sisältää mutterit ja pultit",97.2,Bronco,
3094828001,Bronco levikepalat 1 4/115,https://tarvike.com/product/bronco-levikepalat-1-4115-77695,https://media.tarvike.com/product/images/77695/original/27089.jpg,69.9,"Arctic CatMyydään pareittain, sisältää mutterit ja pultit",69.9,Bronco,
28458995001,Bronco Adapteri V-auralle 75-804800 Can-Am OEM puskulevyrunkoon,https://tarvike.com/product/bronco-adapteri-v-auralle-75-804800-can-am-oem-puskulevyrunkoon-166501,https://media.tarvike.com/product/images/166501/original/196679.webp,191.0,,191.0,Bronco,
28458993001,Bronco Adapteri V-auralle 75-804800 Polaris OEM puskulevyrunkoon,https://tarvike.com/product/bronco-adapteri-v-auralle-75-804800-polaris-oem-puskulevyrunkoon-166496,https://media.tarvike.com/product/images/166496/original/196683.webp,215.0,,215.0,Bronco,
28063128001,Bronco Vailjeriohjain CC 152.4mm,https://tarvike.com/product/bronco-vailjeriohjain-cc-1524mm-169404,https://media.tarvike.com/product/images/169404/original/204454.jpg,38.5,,38.5,Bronco,
28063126001,"Bronco Vailjeriohjain,alumiininen musta CC 152.4mm",https://tarvike.com/product/bronco-vailjeriohjainalumiininen-musta-cc-1524mm-169392,https://media.tarvike.com/product/images/169392/original/204488.jpg,31.9,,31.9,Bronco,
28062943001,Bronco Adapteri V-auralle 75-135130 Yamaha Lejab puskulevyrunkoon,https://tarvike.com/product/bronco-adapteri-v-auralle-75-135130-yamaha-lejab-puskulevyrunkoon-173518,https://media.tarvike.com/product/images/173518/original/196690.webp,335.0,Bronco Adapteri V-auralle 75-135130 Yamaha Lejab puskulevyrunkoon.,335.0,Bronco,
28062942001,"Bronco Adapteri V-auralle 75-135130 Bronco, Kimpex puskulevyrunkoon",https://tarvike.com/product/bronco-adapteri-v-auralle-75-135130-bronco-kimpex-puskulevyrunkoon-173517,https://media.tarvike.com/product/images/173517/original/196678.webp,155.0,"Bronco Adapteri V-auralle 75-135130 Bronco, Kimpex puskulevyrunkoon.",155.0,Bronco,
28062941001,Bronco V-Aura SVP150 Manuaalinen,https://tarvike.com/product/bronco-v-aura-svp150-manuaalinen-173502,https://media.tarvike.com/product/images/173502/original/196681.webp,1325.0,"Etsitkö luotettavaa lumiauraa, joka kestää ankarat talviolosuhteet ilman, että laadusta joudutaan tinkimään? Silloin tämä Ruotsissa valmistettu lumiaura on selvä valinta. Vankalla rakenteellaan ja huolellisesti suunnitelluilla yksityiskohdillaan se sopii täydellisesti mönkijääsi.",1325.0,Bronco,
27979850001,"Rival Etupuskuri Teräs TGB 1000 (2020-2023, 2023-)",https://tarvike.com/product/rival-etupuskuri-teras-tgb-1000-2020-2023-2023--169396,https://media.tarvike.com/product/images/169396/original/196662.webp,149.0,,149.0,Rival,
27979848001,Rival Etupuskuri Teräs Aodes Pathcross 525L 2025-,https://tarvike.com/product/rival-etupuskuri-teras-aodes-pathcross-525l-2025--165655,https://media.tarvike.com/product/images/165655/original/204433.jpg,245.0,,245.0,Rival,
27979844001,Rival Etupuskuri Teräs Loncin XWolf 700 S/L 2023-,https://tarvike.com/product/rival-etupuskuri-teras-loncin-xwolf-700-sl-2023--147649,https://media.tarvike.com/product/images/147649/original/196664.webp,237.0,"Suojaa mönkijäsi Rivalin etu- ja takapuskureilla. Olipa kyseessä sitten ajaminen polulla tai maastossa, odottamattomia tapahtumia sattuu, joten sinun on pidettävä koneesi suojattuna. Nämä teräsputkesta valmistetut Rival-puskurit on CNC-taivutettu parhaan mahdollisen istuvuuden ja helpon asennuksen varmistamiseksi. Ne sopivat täydellisesti koneesi ulkonäköön, sillä ne on pulverimaalattu näyttämään aivan kuin tehdasosa, ja niiden istuvuus ja viimeistely näyttävät hämmästyttäviltä.",237.0,Rival,
27979842001,Rival Etupuskuri Teräs Loncin XWolf 1000 2025-,https://tarvike.com/product/rival-etupuskuri-teras-loncin-xwolf-1000-2025--147648,https://media.tarvike.com/product/images/147648/original/196652.webp,245.0,"Suojaa mönkijäsi Rivalin etu- ja takapuskureilla. Olipa kyseessä sitten ajaminen polulla tai maastossa, odottamattomia tapahtumia sattuu, joten sinun on pidettävä koneesi suojattuna. Nämä teräsputkesta valmistetut Rival-puskurit on CNC-taivutettu parhaan mahdollisen istuvuuden ja helpon asennuksen varmistamiseksi. Ne sopivat täydellisesti koneesiulkonäköön, sillä ne on pulverimaalattu näyttämään aivan kuin tehdasosa, ja niiden istuvuus ja viimeistely näyttävät hämmästyttäviltä.",245.0,Rival,
24331511000,"Kimpex Click N Go LT Kiinnikesarja, Arctic Cat",https://tarvike.com/product/kimpex-click-n-go-lt-kiinnikesarja-arctic-cat-171639,https://media.tarvike.com/product/images/171639/original/196696.webp,189.0,Sopivuudet löytyy Tekniset tiedot- kohdasta.,189.0,Kimpex,
24331508000,"Kimpex Click N Go LT Kiinnikesarja, Kawasaki",https://tarvike.com/product/kimpex-click-n-go-lt-kiinnikesarja-kawasaki-138204,https://media.tarvike.com/product/images/138204/original/196711.webp,189.0,Sopivuudet löytyy Tekniset tiedot- kohdasta.,189.0,Kimpex,
24331507000,"Kimpex Click N Go LT Kiinnikesarja, Honda",https://tarvike.com/product/kimpex-click-n-go-lt-kiinnikesarja-honda-138202,https://media.tarvike.com/product/images/138202/original/196707.webp,189.0,Sopivuudet löytyy Tekniset tiedot- kohdasta.,189.0,Kimpex,
24331506000,"Kimpex Click N Go LT Kiinnikesarja, Kawasaki",https://tarvike.com/product/kimpex-click-n-go-lt-kiinnikesarja-kawasaki-138201,https://media.tarvike.com/product/images/138201/original/196699.webp,189.0,Sopivuudet löytyy Tekniset tiedot- kohdasta.,189.0,Kimpex,
24331505000,Kimpex Click N Go LT Kiinnikesarja Yamaha Kodiak 450 2018-2025,https://tarvike.com/product/kimpex-click-n-go-lt-kiinnikesarja-yamaha-kodiak-450-2018-2025-138199,https://media.tarvike.com/product/images/138199/original/196695.webp,189.0,Sopivuudet löytyy Tekniset tiedot- kohdasta.,189.0,Kimpex,
24331504000,"Kimpex Click N Go LT Kiinnikesarja, Suzuki",https://tarvike.com/product/kimpex-click-n-go-lt-kiinnikesarja-suzuki-171642,https://media.tarvike.com/product/images/171642/original/196687.webp,189.0,Sopivuudet löytyy Tekniset tiedot- kohdasta.,189.0,Kimpex,
23599076001,Tesseract Kuljetuslaukku takaistuimelle CForce 1000 MV Gen III 2024-,https://tarvike.com/product/tesseract-kuljetuslaukku-takaistuimelle-cforce-1000-mv-gen-iii-2024--167098,https://media.tarvike.com/product/images/167098/original/196767.webp,196.0,,196.0,TESSERACT,
22331647000,"Bronco Satulanpäällinen, Polaris",https://tarvike.com/product/bronco-satulanpaallinen-polaris-130629,https://media.tarvike.com/product/images/130629/original/169792.jpg,50.6,,50.6,Bronco,
22331645000,"Bronco Satulanpäällinen, Honda",https://tarvike.com/product/bronco-satulanpaallinen-honda-130628,https://media.tarvike.com/product/images/130628/original/169792.jpg,50.6,,50.6,Bronco,
2167643001,ITP Rengas Terra Hook 255/75R15 M/C MST (30x10.00R15) 71M 8PR TL E-hyv.,https://tarvike.com/product/itp-rengas-terra-hook-25575r15-mc-mst-30x1000r15-71m-8pr-tl-e-hyv-127677,https://media.tarvike.com/product/images/127677/original/167398.jpg,232.0,255/75R15 M/C MST (30x10.00R15) 71M 8PR TL E-hyv.,232.0,ITP,
2167642001,CST Mönkijän Rengas Apache CU-AT 30 x 10.00 - R15 8-Ply M+S E-hyv.,https://tarvike.com/product/cst-monkijan-rengas-apache-cu-at-30-x-1000-r15-8-ply-ms-e-hyv-127673,https://media.tarvike.com/product/images/127673/original/167402.png,246.0,30 x 10.00 - R15 8-Ply M+S E-hyv.,246.0,CST,
2167641001,ITP Mönkijän Rengas Versa Cross V3 225/75R15 M/C MST (30X10.00R15) 66M 8PR TL E-hyv.,https://tarvike.com/product/itp-monkijan-rengas-versa-cross-v3-22575r15-mc-mst-30x1000r15-66m-8pr-tl-e-hyv-127671,https://media.tarvike.com/product/images/127671/original/167408.jpg,247.0,225/75R15 M/C MST (30X10.00R15) 66M 8PR TL E-hyv.,247.0,ITP,
2167640001,ITP Mönkijän Rengas Intersect 30x10.00R15 NHS 8PR TL,https://tarvike.com/product/itp-monkijan-rengas-intersect-30x1000r15-nhs-8pr-tl-127663,https://media.tarvike.com/product/images/127663/original/167409.jpg,271.0,30x10.00R15 NHS 8PR TL,271.0,ITP,
2167636001,ITP Rengas Terra Hook 230/75R12 MST (26x9.00R12) 61M 8PR TL E-hyv.,https://tarvike.com/product/itp-rengas-terra-hook-23075r12-mst-26x900r12-61m-8pr-tl-e-hyv-127684,https://media.tarvike.com/product/images/127684/original/167398.jpg,219.0,230/75R12 MST (26x9.00R12) 61M 8PR TL E-hyv.,219.0,ITP,
2167635001,ITP Rengas Terra Hook 280/65R12 MST (26x11.00R12) 68M 8PR TL E-hyv.,https://tarvike.com/product/itp-rengas-terra-hook-28065r12-mst-26x1100r12-68m-8pr-tl-e-hyv-127681,https://media.tarvike.com/product/images/127681/original/167398.jpg,224.0,280/65R12 MST (26x11.00R12) 68M 8PR TL E-hyv.,224.0,ITP,
2167632001,ITP Rengas Terra Hook 230/70R14 M/C MST (27x9.00R14) 61M 8PR TL E-hyv.,https://tarvike.com/product/itp-rengas-terra-hook-23070r14-mc-mst-27x900r14-61m-8pr-tl-e-hyv-127683,https://media.tarvike.com/product/images/127683/original/167398.jpg,221.0,230/70R14 M/C MST (27x9.00R14) 61M 8PR TL E-hyv.,221.0,ITP,
2167631001,ITP Rengas Terra Hook 230/80R14 M/C MST (28x9.00R14) 64M 8PR TL E-hyv.,https://tarvike.com/product/itp-rengas-terra-hook-23080r14-mc-mst-28x900r14-64m-8pr-tl-e-hyv-127676,https://media.tarvike.com/product/images/127676/original/167398.jpg,243.0,230/80R14 M/C MST (28x9.00R14) 64M 8PR TL E-hyv.,243.0,ITP,
2167630001,ITP Mönkijän Rengas Versa Cross V3 255/80R14 M/C MST (30x10.00R14) 67M 8PR TL E-hyv.,https://tarvike.com/product/itp-monkijan-rengas-versa-cross-v3-25580r14-mc-mst-30x1000r14-67m-8pr-tl-e-hyv-127675,https://media.tarvike.com/product/images/127675/original/167408.jpg,243.0,255/80R14 M/C MST (30x10.00R14) 67M 8PR TL E-hyv.,243.0,ITP,
2167628001,CST Mönkijän Rengas Apache CU-AT 30 x 10.00 - R14 8-Ply M+S E-hyv.,https://tarvike.com/product/cst-monkijan-rengas-apache-cu-at-30-x-1000-r14-8-ply-ms-e-hyv-127670,https://media.tarvike.com/product/images/127670/original/167402.png,248.0,CU-AT 30 x 10.00 - R14 8-Ply M+S E-hyv.,248.0,CST,
2167627001,ITP Mönkijän Rengas Terra Hook 255/80R14 M/C MST (30x10.00R14) 76M 8-Ply,https://tarvike.com/product/itp-monkijan-rengas-terra-hook-25580r14-mc-mst-30x1000r14-76m-8-ply-127669,https://media.tarvike.com/product/images/127669/original/167398.jpg,250.0,255/80R14 M/C MST (30x10.00R14) 76M 8-Ply,250.0,ITP,
2167626001,ITP Mönkijän Rengas Terra Hook 280/60R14 M/C MST (27x11.00R14) 69M 8PR TL E-hyv.,https://tarvike.com/product/itp-monkijan-rengas-terra-hook-28060r14-mc-mst-27x1100r14-69m-8pr-tl-e-hyv-127668,https://media.tarvike.com/product/images/127668/original/167398.jpg,254.0,280/60R14 M/C MST (27x11.00R14) 69M 8PR TL E-hyv.,254.0,ITP,
2167625001,ITP Mönkijän Rengas Terra Hook 255/90R14 M/C MST (32x10.00R14) 76M 8-Ply,https://tarvike.com/product/itp-monkijan-rengas-terra-hook-25590r14-mc-mst-32x1000r14-76m-8-ply-127666,https://media.tarvike.com/product/images/127666/original/167398.jpg,262.0,255/90R14 M/C MST (32x10.00R14) 76M 8-Ply,262.0,ITP,
2167624001,ITP Mönkijän Rengas Coyote 230/70R14 M/C MST (27x9.00R14) 64M 8PR TL E-hyv.,https://tarvike.com/product/itp-monkijan-rengas-coyote-23070r14-mc-mst-27x900r14-64m-8pr-tl-e-hyv-127665,https://media.tarvike.com/product/images/127665/original/167403.png,199.0,230/70R14 M/C MST (27x9.00R14) 64M 8PR TL E-hyv.,199.0,ITP,
2167621001,ITP Mönkijän Rengas Coyote 280/60R14 M/C MST (27x11.00R14) 70M 8PR TL E-hyv.,https://tarvike.com/product/itp-monkijan-rengas-coyote-28060r14-mc-mst-27x1100r14-70m-8pr-tl-e-hyv-127658,https://media.tarvike.com/product/images/127658/original/167403.png,219.0,280/60R14 M/C MST (27x11.00R14) 70M 8PR TL E-hyv.,219.0,ITP,
1920541000,JOURNEY Mönkijän Rengas P361 19 x 7.00 - 8 4-Ply TL E-hyv.,https://tarvike.com/product/journey-monkijan-rengas-p361-19-x-700-8-4-ply-tl-e-hyv-119243,https://media.tarvike.com/product/images/119243/original/167421.jpg,66.8,- ATV- Koko 19 x 7 - 8- Tubeless.- 4 pr kankainen.- Kuvion korkeus 10mm- Tieliikenne hyväksytty,66.8,Journey,
1920539000,JOURNEY Mönkijän Rengas P361 16 x 8.00 - 7 4-Ply TL E-hyv.,https://tarvike.com/product/journey-monkijan-rengas-p361-16-x-800-7-4-ply-tl-e-hyv-119241,https://media.tarvike.com/product/images/119241/original/167414.jpg,50.6,- ATV- Koko 16 x 8 - 7- Tubeless.- 4 pr kankainen.- Kuvion korkeus 10mm- Tieliikenne hyväksytty,50.6,Journey,
1920538000,JOURNEY Mönkijän Rengas P334 22 x 11.00 - 8 6-Ply TL,https://tarvike.com/product/journey-monkijan-rengas-p334-22-x-1100-8-6-ply-tl-118604,https://media.tarvike.com/product/images/118604/original/167420.jpg,88.1,"Suuntaa-antava kulutuspintakuvio. 
Poikkeuksellinen ajovakaus yhdistettynä loistavaan maastopitoon. 
Poikkeuksellinen valinta kaikentyyppisiin perävaunuihin 
Profiilin syvyys 15,5 (mm)
6-kerroksinen
Maksimikuorma 500 kg",88.1,Journey,
1920323000,JOURNEY Mönkijän Rengas P361 20 x 10.00 - 10 4-Ply TL E-hyv.,https://tarvike.com/product/journey-monkijan-rengas-p361-20-x-1000-10-4-ply-tl-e-hyv-119244,https://media.tarvike.com/product/images/119244/original/167423.jpg,88.1,- ATV- Koko 20 X 10 - 10\- Tubeless.- 4 pr kankainen.- Kuvion korkeus 10mm- Tieliikenne hyväksytty,88.1,Journey,
1920179000,ITP Rengas Mud Lite II 26x11.00-12 (280/65-12) E-hyv.,https://tarvike.com/product/itp-rengas-mud-lite-ii-26x1100-12-28065-12-e-hyv-127689,https://media.tarvike.com/product/images/127689/original/167404.jpg,200.0,Mud Lite II klassikkorengas uudella kuviolla ITP:ltä. Paranettu ajotuntumaa sekä pitoa.,200.0,ITP,
1920178000,JOURNEY Nastoitettu rengas P350 25 x 10.00 - 12 6-Ply TL E-hyv.,https://tarvike.com/product/journey-nastoitettu-rengas-p350-25-x-1000-12-6-ply-tl-e-hyv-127686,https://media.tarvike.com/product/images/127686/original/167400.jpg,204.5,P350 25 x 10.00 - 12 6-Ply TL E-hyv.,204.5,Journey,
1920177000,JOURNEY Nastoitettu rengas P350 26 x 11.00 - 12 6-Ply TL E-hyv.,https://tarvike.com/product/journey-nastoitettu-rengas-p350-26-x-1100-12-6-ply-tl-e-hyv-127679,https://media.tarvike.com/product/images/127679/original/167400.jpg,227.8,26 x 11.00 - 12 6-Ply TL E-hyv.,227.8,Journey,
1920176000,JOURNEY Mönkijän Rengas P375 27 x 9.00 - 12 6-Ply TL E-hyv.,https://tarvike.com/product/journey-monkijan-rengas-p375-27-x-900-12-6-ply-tl-e-hyv-119131,https://media.tarvike.com/product/images/119131/original/167417.jpg,125.5,ATV rengas avoimella kuvioinnilla- Koko 27 x 9 - 12- Tubeless.- 6 pr kankainen.- Kuvion korkeus 28mm- Tieliikenne hyväksytty,125.5,Journey,
1920175000,JOURNEY Mönkijän Rengas P375 27 x 12.00 - 12 6-Ply TL E-hyv.,https://tarvike.com/product/journey-monkijan-rengas-p375-27-x-1200-12-6-ply-tl-e-hyv-119130,https://media.tarvike.com/product/images/119130/original/167417.jpg,149.8,ATV rengas avoimella kuvioinnilla- Koko 27 x 12 - 12- Tubeless.- 6 pr kankainen.- Kuvion korkeus 28mm- Tieliikenne hyväksytty,149.8,Journey,
1920174000,JOURNEY Mönkijän Rengas P350 26 x 9.00 - 12 6-Ply TL E-hyv.,https://tarvike.com/product/journey-monkijan-rengas-p350-26-x-900-12-6-ply-tl-e-hyv-119128,https://media.tarvike.com/product/images/119128/original/167412.jpg,126.6,- ATV- Koko 26 x 9 - 12- Tubeless.- 6 pr kankainen.- Kuvion korkeus 20mm- Tieliikenne hyväksytty,126.6,Journey,
1920173000,JOURNEY Mönkijän Rengas P350 26 x 11.00 - 12 6-Ply TL E-hyv.,https://tarvike.com/product/journey-monkijan-rengas-p350-26-x-1100-12-6-ply-tl-e-hyv-119127,https://media.tarvike.com/product/images/119127/original/167412.jpg,160.0,- ATV- Koko 26 X 11 - 12- Tubeless.- 6 pr kankainen.- Kuvion korkeus 20 mm- Tieliikenne hyväksytty,160.0,Journey,
1920172000,JOURNEY Mönkijän Rengas P350 25 x 8.00 - 12 6-Ply TL E-hyv.,https://tarvike.com/product/journey-monkijan-rengas-p350-25-x-800-12-6-ply-tl-e-hyv-119126,https://media.tarvike.com/product/images/119126/original/167412.jpg,108.3,- ATV- Koko 25 x 8 - 12- Tubeless.- 6 pr kankainen.- Kuvion korkeus 19mm- Tieliikenne hyväksytty- 205/80-12,108.3,Journey,
1920171000,JOURNEY Mönkijän Rengas P375 25 x 10.00 - 12 6-Ply TL E-hyv.,https://tarvike.com/product/journey-monkijan-rengas-p375-25-x-1000-12-6-ply-tl-e-hyv-119125,https://media.tarvike.com/product/images/119125/original/167417.jpg,120.5,ATV rengas avoimella kuvioinnilla- Koko 25 x 10 - 12- Tubeless.- 6 pr kankainen.- Kuvion korkeus 26mm- Tieliikenne hyväksytty- 255/65-12,120.5,Journey,
1920170000,JOURNEY Mönkijän Rengas P350 25 x 10.00 - 12 6-Ply TL E-hyv.,https://tarvike.com/product/journey-monkijan-rengas-p350-25-x-1000-12-6-ply-tl-e-hyv-119124,https://media.tarvike.com/product/images/119124/original/167412.jpg,126.6,- ATV- Koko 25 x 10 - 12- Tubeless.- 6 pr kankainen.- Kuvion korkeus 19mm- Tieliikenne hyväksytty- 255/65-12,126.6,Journey,
1920169000,ITP Mönkijän Rengas Mud Lite II 26x9.00-12 (230/80-12) nhs E-Hyv.,https://tarvike.com/product/itp-monkijan-rengas-mud-lite-ii-26x900-12-23080-12-nhs-e-hyv-111726,https://media.tarvike.com/product/images/111726/original/167411.jpg,154.0,Mud Lite II klassikkorengas uudella kuviolla ITP:ltä. Paranettu ajotuntumaa sekä pitoa.,154.0,ITP,
1920168000,ITP Mönkijän Rengas Mud Lite II 25x10.00-12 (255/65-12) E-hyv.,https://tarvike.com/product/itp-monkijan-rengas-mud-lite-ii-25x1000-12-25565-12-e-hyv-111725,https://media.tarvike.com/product/images/111725/original/167411.jpg,158.0,Mud Lite II klassikkorengas uudella kuviolla ITP:ltä. Paranettu ajotuntumaa sekä pitoa.,158.0,ITP,
19140574002,Camso X4S mönkijän telarungot ATV/UTV,https://tarvike.com/product/camso-x4s-monkijan-telarungot-atvutv-79249,https://media.tarvike.com/product/images/79249/original/28242.jpg,5995.0,"Uusi Camso  X4S on seuraavan sukupolven telarunko, joka tarjoaa erinomaista monipuolisuutta ja vakautta kaikenlaisessa maastossa vuoden ympäri. X4S telarunko täyttää kaikki valikoivan ATV-/UTV kuljettajien vaatimukset. Huolteton ratkaisu parasta suorituskykyä varten mönkijällä.Asennussarjat myydään erikseen. Mallikohtaisen asennussarjan sopivuus löytyy asennussarjojen lisätiedoista.",5995.0,Camso,
19140572002,Camso X4S mönkijän telarungot ATV/UTV,https://tarvike.com/product/camso-x4s-monkijan-telarungot-atvutv-79247,https://media.tarvike.com/product/images/79247/original/28231.jpg,5995.0,"Uusi Camso  X4S on seuraavan sukupolven telarunko, joka tarjoaa erinomaista monipuolisuutta ja vakautta kaikenlaisessa maastossa vuoden ympäri. X4S telarunko täyttää kaikki valikoivan ATV-/UTV kuljettajien vaatimukset. Huolteton ratkaisu parasta suorituskykyä varten mönkijällä.Mallikohtaisen kiinnityssarjan sopivuus löytyy kiinnityssarjojen lisätiedoista.",5995.0,Camso,
19140564002,Camso X4S mönkijän telarungot ATV/UTV,https://tarvike.com/product/camso-x4s-monkijan-telarungot-atvutv-79239,https://media.tarvike.com/product/images/79239/original/28214.jpg,5995.0,"Uusi Camso  X4S on seuraavan sukupolven telarunko, joka tarjoaa erinomaista monipuolisuutta ja vakautta kaikenlaisessa maastossa vuoden ympäri. X4S telarunko täyttää kaikki valikoivan ATV-/UTV kuljettajien vaatimukset. Huolteton ratkaisu parasta suorituskykyä varten mönkijällä.Asennussarjat myydään erikseen. Mallikohtaisen asennussarjan sopivuus löytyy asennussarjojen lisätiedoista.",5995.0,Camso,
19140561002,Camso X4S mönkijän telarungot ATV/UTV,https://tarvike.com/product/camso-x4s-monkijan-telarungot-atvutv-79236,https://media.tarvike.com/product/images/79236/original/28219.jpg,5995.0,"Uusi Camso  X4S on seuraavan sukupolven telarunko, joka tarjoaa erinomaista monipuolisuutta ja vakautta kaikenlaisessa maastossa vuoden ympäri. X4S telarunko täyttää kaikki valikoivan ATV-/UTV kuljettajien vaatimukset. Huolteton ratkaisu parasta suorituskykyä varten mönkijällä.Asennussarjat myydään erikseen. Mallikohtaisen asennussarjan sopivuus löytyy asennussarjojen lisätiedoista.",5995.0,Camso,
19140550002,Camso  4S1 mönkijän telarungot UTV,https://tarvike.com/product/camso-4s1-monkijan-telarungot-utv-79225,https://media.tarvike.com/product/images/79225/original/28221.jpg,7425.0,"Uusi Camso 4S1 UTV telarungoissa riittää suorituskyky kaikissa olosuhteissa. Tämä telarunkosarja on yksinkertaisesti ainutlaatuinen ajamisen laadun, suorituskyvyn, kestävyyden ja helppokäyttöisyyden suhteen. Se on paras valinta kaikkeen käyttöön syvässä lumessa, soisessa maastossa, mudassa ja hetteikössä.Asennussarjat myydään erikseen. Mallikohtaisen asennussarjan sopivuus löytyy asennussarjojen lisätiedoista.",7425.0,Camso,
19140544002,Camso  4S1 mönkijän telarungot UTV,https://tarvike.com/product/camso-4s1-monkijan-telarungot-utv-79219,https://media.tarvike.com/product/images/79219/original/28192.jpg,7425.0,"Uusi Camso 4S1 UTV telarungoissa riittää suorituskyky kaikissa olosuhteissa. Tämä telarunkosarja on yksinkertaisesti ainutlaatuinen ajamisen laadun, suorituskyvyn, kestävyyden ja helppokäyttöisyyden suhteen. Se on paras valinta kaikkeen käyttöön syvässä lumessa, soisessa maastossa, mudassa ja hetteikössä.Asennussarjat myydään erikseen. Mallikohtaisen asennussarjan sopivuus löytyy asennussarjojen lisätiedoista.",7425.0,Camso,
19140540002,Camso Tatou 4S siirtosarja,https://tarvike.com/product/camso-tatou-4s-siirtosarja-79207,https://media.tarvike.com/product/images/79207/original/28206.jpg,305.0,Camso Tatou 4S siirtosarja (kaksiosaisesta jäykkään),305.0,Camso,
19140539002,Camso Tatou 4S siirtosarja,https://tarvike.com/product/camso-tatou-4s-siirtosarja-79206,https://media.tarvike.com/product/images/79206/original/28203.jpg,398.0,Camso Tatou 4S siirtosarja (jäykästä kaksiosaiseen),398.0,Camso,
19140536002,Camso/TJD mönkijän telasarjan kiinnityssarja,https://tarvike.com/product/camsotjd-monkijan-telasarjan-kiinnityssarja-79203,https://media.tarvike.com/product/images/79203/original/28189.jpg,570.0,Mönkijöiden kiinnityssarjat Camso X4S ATV/UTV ja  R4S ATV telarunkoihin. Sopivuustaulukko alla tiedostossa.,570.0,Camso,
19140531002,Camso/TJD mönkijän telasarjan kiinnityssarja,https://tarvike.com/product/camsotjd-monkijan-telasarjan-kiinnityssarja-79198,https://media.tarvike.com/product/images/79198/original/28176.jpg,570.0,Mönkijöiden kiinnityssarjat Camso X4S ATV/UTV ja  R4S ATV telarunkoihin. Sopivuustaulukko alla tiedostossa.,570.0,Camso,
19140530002,Camso/TJD mönkijän telasarjan kiinnityssarja,https://tarvike.com/product/camsotjd-monkijan-telasarjan-kiinnityssarja-79197,https://media.tarvike.com/product/images/79197/original/28172.jpg,570.0,Mönkijöiden kiinnityssarjat Camso X4S ATV/UTV ja  R4S ATV telarunkoihin. Sopivuustaulukko alla tiedostossa.,570.0,Camso,
19140527002,Camso/TJD mönkijän telasarjan kiinnityssarja,https://tarvike.com/product/camsotjd-monkijan-telasarjan-kiinnityssarja-79194,https://media.tarvike.com/product/images/79194/original/28178.jpg,570.0,Mönkijöiden kiinnityssarjat Camso X4S ATV/UTV ja  R4S ATV telarunkoihin. Sopivuustaulukko alla tiedostossa.,570.0,Camso,
19140526002,Camso/TJD mönkijän telasarjan kiinnityssarja,https://tarvike.com/product/camsotjd-monkijan-telasarjan-kiinnityssarja-79193,https://media.tarvike.com/product/images/79193/original/28171.jpg,570.0,Mönkijöiden kiinnityssarjat Camso X4S ATV/UTV ja  R4S ATV telarunkoihin. Sopivuustaulukko alla tiedostossa.,570.0,Camso,
19140525002,Camso/TJD mönkijän telasarjan kiinnityssarja,https://tarvike.com/product/camsotjd-monkijan-telasarjan-kiinnityssarja-79192,https://media.tarvike.com/product/images/79192/original/28180.jpg,570.0,Mönkijöiden kiinnityssarjat Camso X4S ATV/UTV ja  R4S ATV telarunkoihin. Sopivuustaulukko alla tiedostossa.,570.0,Camso,
19140520002,Camso/TJD mönkijän telasarjan kiinnityssarja,https://tarvike.com/product/camsotjd-monkijan-telasarjan-kiinnityssarja-79187,https://media.tarvike.com/product/images/79187/original/28166.jpg,570.0,Mönkijöiden kiinnityssarjat Camso X4S ATV/UTV ja  R4S ATV telarunkoihin. Sopivuustaulukko alla tiedostossa.,570.0,Camso,
19140519002,Camso/TJD mönkijän telasarjan kiinnityssarja,https://tarvike.com/product/camsotjd-monkijan-telasarjan-kiinnityssarja-79186,https://media.tarvike.com/product/images/79186/original/28165.jpg,570.0,Mönkijöiden kiinnityssarjat Camso X4S ATV/UTV ja  R4S ATV telarunkoihin. Sopivuustaulukko alla tiedostossa.,570.0,Camso,
19140508002,Camso/TJD mönkijän telasarjan kiinnityssarja,https://tarvike.com/product/camsotjd-monkijan-telasarjan-kiinnityssarja-79175,https://media.tarvike.com/product/images/79175/original/28138.jpg,570.0,Mönkijöiden kiinnityssarjat Camso X4S ATV/UTV ja  R4S ATV telarunkoihin. Sopivuustaulukko alla tiedostossa.,570.0,Camso,
19140506002,Camso/TJD mönkijän telasarjan kiinnityssarja,https://tarvike.com/product/camsotjd-monkijan-telasarjan-kiinnityssarja-79173,https://media.tarvike.com/product/images/79173/original/28135.jpg,570.0,Mönkijöiden kiinnityssarjat Camso X4S ATV/UTV ja  R4S ATV telarunkoihin. Sopivuustaulukko alla tiedostossa.,570.0,Camso,
19140500002,Camso/TJD mönkijän telasarjan kiinnityssarja,https://tarvike.com/product/camsotjd-monkijan-telasarjan-kiinnityssarja-79166,https://media.tarvike.com/product/images/79166/original/28130.jpg,570.0,Mönkijöiden kiinnityssarjat Camso X4S ATV/UTV ja  R4S ATV telarunkoihin. Sopivuustaulukko alla tiedostossa.,570.0,Camso,
19140496002,Camso/TJD mönkijän telasarjan kiinnityssarja,https://tarvike.com/product/camsotjd-monkijan-telasarjan-kiinnityssarja-79162,https://media.tarvike.com/product/images/79162/original/28121.jpg,570.0,Mönkijöiden kiinnityssarjat Camso X4S ATV/UTV ja  R4S ATV telarunkoihin. Sopivuustaulukko alla tiedostossa.,570.0,Camso,
19140494002,Camso/TJD mönkijän telasarjan kiinnityssarja,https://tarvike.com/product/camsotjd-monkijan-telasarjan-kiinnityssarja-79160,https://media.tarvike.com/product/images/79160/original/28106.jpg,570.0,Mönkijöiden kiinnityssarjat Camso X4S ATV/UTV ja  R4S ATV telarunkoihin. Sopivuustaulukko alla tiedostossa.,570.0,Camso,
19140476002,"Camso/TJD mönkijän telasarjan kiinnityssarja, Polaris",https://tarvike.com/product/camsotjd-monkijan-telasarjan-kiinnityssarja-polaris-79143,https://media.tarvike.com/product/images/79143/original/28089.jpg,570.0,Polaris mönkijöiden kiinnityssarja Camso X4S ATV/UTV ja 4s1 UTV telarunkoihin. Sopivuustaulukko alla tiedostossa.,570.0,Camso,
19140471002,"Camso/TJD mönkijän telasarjan kiinnityssarja, Polaris",https://tarvike.com/product/camsotjd-monkijan-telasarjan-kiinnityssarja-polaris-79138,https://media.tarvike.com/product/images/79138/original/28080.jpg,570.0,Polaris mönkijöiden kiinnityssarja Camso X4S ATV/UTV ja 4s1 UTV telarunkoihin. Sopivuustaulukko alla tiedostossa.,570.0,Camso,
19140461002,"Camso/TJD mönkijän telasarjan kiinnityssarja, Polaris",https://tarvike.com/product/camsotjd-monkijan-telasarjan-kiinnityssarja-polaris-79128,https://media.tarvike.com/product/images/79128/original/28065.jpg,570.0,Polaris mönkijöiden kiinnityssarja Camso X4S ATV/UTV ja 4s1 UTV telarunkoihin. Sopivuustaulukko alla tiedostossa.,570.0,Camso,
19140460002,"Camso/TJD mönkijän telasarjan kiinnityssarja, Polaris",https://tarvike.com/product/camsotjd-monkijan-telasarjan-kiinnityssarja-polaris-79127,https://media.tarvike.com/product/images/79127/original/28056.jpg,570.0,Polaris mönkijöiden kiinnityssarja Camso X4S ATV/UTV ja 4s1 UTV telarunkoihin. Sopivuustaulukko alla tiedostossa.,570.0,Camso,
19140458002,"Camso/TJD mönkijän telasarjan kiinnityssarja, Polaris",https://tarvike.com/product/camsotjd-monkijan-telasarjan-kiinnityssarja-polaris-79125,https://media.tarvike.com/product/images/79125/original/28059.jpg,570.0,Polaris mönkijöiden kiinnityssarja Camso X4S ATV/UTV ja 4s1 UTV telarunkoihin. Sopivuustaulukko alla tiedostossa.,570.0,Camso,
19140452002,"Camso/TJD mönkijän telasarjan kiinnityssarja, Polaris",https://tarvike.com/product/camsotjd-monkijan-telasarjan-kiinnityssarja-polaris-79119,https://media.tarvike.com/product/images/79119/original/28042.jpg,570.0,Polaris mönkijöiden kiinnityssarja Camso X4S ATV/UTV ja 4s1 UTV telarunkoihin. Sopivuustaulukko alla tiedostossa.,570.0,Camso,
19140450002,"Camso/TJD mönkijän telasarjan kiinnityssarja, Polaris",https://tarvike.com/product/camsotjd-monkijan-telasarjan-kiinnityssarja-polaris-79117,https://media.tarvike.com/product/images/79117/original/28038.jpg,570.0,Polaris mönkijöiden kiinnityssarja Camso X4S ATV/UTV ja 4s1 UTV telarunkoihin. Sopivuustaulukko alla tiedostossa.,570.0,Camso,
19140449002,"Camso/TJD mönkijän telasarjan kiinnityssarja, Polaris",https://tarvike.com/product/camsotjd-monkijan-telasarjan-kiinnityssarja-polaris-79116,https://media.tarvike.com/product/images/79116/original/28051.jpg,570.0,Polaris mönkijöiden kiinnityssarja Camso X4S ATV/UTV ja 4s1 UTV telarunkoihin. Sopivuustaulukko alla tiedostossa.,570.0,Camso,
19140439002,Camso/TJD mönkijän telasarjan kiinnityssarja,https://tarvike.com/product/camsotjd-monkijan-telasarjan-kiinnityssarja-79106,https://media.tarvike.com/product/images/79106/original/28027.jpg,570.0,Mönkijöiden kiinnityssarjat Camso X4S ATV/UTV ja  R4S ATV telarunkoihin. Sopivuustaulukko alla tiedostossa.,570.0,Camso,
19140418002,Camso/TJD mönkijän telasarjan kiinnityssarja,https://tarvike.com/product/camsotjd-monkijan-telasarjan-kiinnityssarja-79084,https://media.tarvike.com/product/images/79084/original/27986.jpg,570.0,Mönkijöiden kiinnityssarjat Camso X4S ATV/UTV ja  R4S ATV telarunkoihin. Sopivuustaulukko alla tiedostossa.,570.0,Camso,
19140414002,Camso/TJD mönkijän telasarjan kiinnityssarja,https://tarvike.com/product/camsotjd-monkijan-telasarjan-kiinnityssarja-79080,https://media.tarvike.com/product/images/79080/original/27989.jpg,570.0,Mönkijöiden kiinnityssarjat Camso X4S ATV/UTV ja  R4S ATV telarunkoihin. Sopivuustaulukko alla tiedostossa.,570.0,Camso,
19140411002,Camso/TJD mönkijän telasarjan kiinnityssarja,https://tarvike.com/product/camsotjd-monkijan-telasarjan-kiinnityssarja-79077,https://media.tarvike.com/product/images/79077/original/27973.jpg,570.0,Mönkijöiden kiinnityssarjat Camso X4S ATV/UTV ja  R4S ATV telarunkoihin. Sopivuustaulukko alla tiedostossa.,570.0,Camso,
19140410002,Camso/TJD mönkijän telasarjan kiinnityssarja,https://tarvike.com/product/camsotjd-monkijan-telasarjan-kiinnityssarja-79076,https://media.tarvike.com/product/images/79076/original/27966.jpg,570.0,Mönkijöiden kiinnityssarjat Camso X4S ATV/UTV ja  R4S ATV telarunkoihin. Sopivuustaulukko alla tiedostossa.,570.0,Camso,
19140405002,Camso/TJD mönkijän telasarjan kiinnityssarja,https://tarvike.com/product/camsotjd-monkijan-telasarjan-kiinnityssarja-79066,https://media.tarvike.com/product/images/79066/original/27956.jpg,570.0,Mönkijöiden kiinnityssarjat Camso X4S ATV/UTV ja  R4S ATV telarunkoihin. Sopivuustaulukko alla tiedostossa.,570.0,Camso,
19140404002,Camso/TJD mönkijän telasarjan kiinnityssarja,https://tarvike.com/product/camsotjd-monkijan-telasarjan-kiinnityssarja-79065,https://media.tarvike.com/product/images/79065/original/27946.jpg,570.0,Mönkijöiden kiinnityssarjat Camso X4S ATV/UTV ja  R4S ATV telarunkoihin. Sopivuustaulukko alla tiedostossa.,570.0,Camso,
19140394002,Camso/TJD mönkijän telasarjan kiinnityssarja,https://tarvike.com/product/camsotjd-monkijan-telasarjan-kiinnityssarja-79055,https://media.tarvike.com/product/images/79055/original/27926.jpg,570.0,Mönkijöiden kiinnityssarjat Camso X4S ATV/UTV ja  R4S ATV telarunkoihin. Sopivuustaulukko alla tiedostossa.,570.0,Camso,
19140374002,Camso/TJD mönkijän telasarjan kiinnityssarja,https://tarvike.com/product/camsotjd-monkijan-telasarjan-kiinnityssarja-79068,https://media.tarvike.com/product/images/79068/original/27951.jpg,570.0,Mönkijöiden kiinnityssarjat Camso X4S ATV/UTV ja  R4S ATV telarunkoihin. Sopivuustaulukko alla tiedostossa.,570.0,Camso,
19140372002,Camso/TJD mönkijän telasarjan kiinnityssarja,https://tarvike.com/product/camsotjd-monkijan-telasarjan-kiinnityssarja-79038,https://media.tarvike.com/product/images/79038/original/27899.jpg,570.0,Mönkijöiden kiinnityssarjat Camso X4S ATV/UTV ja  R4S ATV telarunkoihin. Sopivuustaulukko alla tiedostossa.,570.0,Camso,
19140357002,Camso vetopyörän rattaat 16 hammasta,https://tarvike.com/product/camso-vetopyoran-rattaat-16-hammasta-79023,https://media.tarvike.com/product/images/79023/original/27875.jpg,146.0,"Camso vetopyörän rattaat, jossa 16 hammastaPultti 3/8-16 x 1 1/4",146.0,Camso,
19140238002,Kimpex Click N Go 2 Sähkötoiminen Kääntösylinterisarja UTV,https://tarvike.com/product/kimpex-click-n-go-2-sahkotoiminen-kaantosylinterisarja-utv-79377,https://media.tarvike.com/product/images/79377/original/28428.jpg,1027.3,Varaosat ja lisävarusteet.,1027.3,Kimpex,
19140237002,Kimpex Click N Go työvälinerunko UTV,https://tarvike.com/product/kimpex-click-n-go-tyovalinerunko-utv-79376,https://media.tarvike.com/product/images/79376/original/28416.jpg,926.1,Kimpex Click N GO2 työvälinerungon 2-osainen varsi mahdollistaa 75% lisää nosto-varaa ja helpottaa näin käyttöä. Lisäksi jalkapainikkeiden avulla voi kätevästi säätää työvälineen kulmaa.Työvälinerunko on yhteensopiva Kimpex Click N GO2 UTV puskulevyjen kanssa.,926.1,Kimpex,
19140234002,Kimpex Click N Go 2 Kiinnikesarja UTV CFMoto Z-Force 1000,https://tarvike.com/product/kimpex-click-n-go-2-kiinnikesarja-utv-cfmoto-z-force-1000-79373,https://media.tarvike.com/product/images/79373/original/28418.jfif,252.1,Kiinnikesarja puskulevylle. Tarkista sopivuus laitteeseen Tiedostot- osiosta.,252.1,Kimpex,
19140231002,"Kimpex Click N Go 2 Kiinnikesarja, UTV Polaris",https://tarvike.com/product/kimpex-click-n-go-2-kiinnikesarja-utv-polaris-79370,https://media.tarvike.com/product/images/79370/original/28405.jpg,235.9,Kimpex Click N Go2 puskulevyn kiinnikesarja Polaris UTV-mönkijöihin. Tarkista sopivuus laitteeseen Tiedostot- osiosta.,235.9,Kimpex,
19140217002,Kimpex Click N Go 2 Kiinnikesarja UTV Can-am Maverick 2018-21,https://tarvike.com/product/kimpex-click-n-go-2-kiinnikesarja-utv-can-am-maverick-2018-21-79356,https://media.tarvike.com/product/images/79356/original/28396.jpg,293.5,Kiinnityssarja puskulevylle. Tarkista sopivuus laitteeseen Tiedostot- osiosta.,293.5,Kimpex,
19140216002,Kimpex Click N Go 2 Kiinnikesarja UTV Can-am,https://tarvike.com/product/kimpex-click-n-go-2-kiinnikesarja-utv-can-am-79355,https://media.tarvike.com/product/images/79355/original/28390.jpg,149.0,Kiinnikesarja puskulevylle. Tarkista sopivuus laitteeseen Tiedostot- osiosta.,149.0,Kimpex,
19140213002,Kimpex Click N Go 2 Poljinsarja,https://tarvike.com/product/kimpex-click-n-go-2-poljinsarja-79351,https://media.tarvike.com/product/images/79351/original/28380.jpg,79.0,Kimpex Click N Go 2 poljinsarja Kimpex puskulevyyn.,79.0,Kimpex,
19140203002,Kimpex Click N Go 2 Kiinnikesarja UTV CF MOTO 800,https://tarvike.com/product/kimpex-click-n-go-2-kiinnikesarja-utv-cf-moto-800-79339,https://media.tarvike.com/product/images/79339/original/28362.jpg,219.0,Kiinnikesarja puskulevylle. Tarkista sopivuus laitteeseen Tiedostot- osiosta.,219.0,Kimpex,
19140202002,Kimpex Click N Go 2 Kiinnikesarja ATV Can-am 2019-,https://tarvike.com/product/kimpex-click-n-go-2-kiinnikesarja-atv-can-am-2019--79338,https://media.tarvike.com/product/images/79338/original/28358.jpg,205.5,Kiinnikesarja puskulevylle. Tarkista sopivuus laitteeseen Tiedostot- osiosta.,205.5,Kimpex,
19140193002,Kimpex Click N Go 2 Jousisarja,https://tarvike.com/product/kimpex-click-n-go-2-jousisarja-79340,https://media.tarvike.com/product/images/79340/original/28350.jpg,40.0,"Jousisarja työvälinerunkoon 75-373950, 3kpl jousia.",40.0,Kimpex,
19140192002,Bronco puskulevyn kiinnikesarja CF Moto,https://tarvike.com/product/bronco-puskulevyn-kiinnikesarja-cf-moto-79331,https://media.tarvike.com/product/images/79331/original/28335.jpg,127.5,Broncon kiinnityssarja CF Moto mönkijään. Tarkista sopivuus tarkemmin teknisistä tiedoista.,127.5,Bronco,
19140191002,"Bronco puskulevyn kiinnikesarja, Arctic Cat",https://tarvike.com/product/bronco-puskulevyn-kiinnikesarja-arctic-cat-79330,https://media.tarvike.com/product/images/79330/original/28327.jpg,69.0,Bronco puskulevyn kiinnityssarja Arctic Cat mönkijöihin. Tarkempi sopivuus teknisissä tiedoissa.,69.0,Bronco,
19140188002,"Bronco puskulevyn kiinnikesarja Can-am Max 400,500",https://tarvike.com/product/bronco-puskulevyn-kiinnikesarja-can-am-max-400500-79327,https://media.tarvike.com/product/images/79327/original/28339.jpg,127.5,Broncon puskulevyn kiinnikesarja Can-Am Max 400 ja 500 mönkijöihin.,127.5,Bronco,
19140179002,"Bronco puskulevyn kiinnikesarja, Can-Am G2",https://tarvike.com/product/bronco-puskulevyn-kiinnikesarja-can-am-g2-79318,https://media.tarvike.com/product/images/79318/original/28311.jpg,127.5,Bronco puskulevyn kiinnityssarja Can-Am moottorikelkkoihin. Tarkempi sopivuus teknisissä tiedoissa.,127.5,Bronco,
19140167002,Bronco työvälinerungon pikakiinnikesarja,https://tarvike.com/product/bronco-tyovalinerungon-pikakiinnikesarja-79306,https://media.tarvike.com/product/images/79306/original/28286.jpg,88.7,Kätevä pikakiinnikesarja Bronco työvälinerunkoon.,88.7,Bronco,
19140162002,"Bronco työvälinerunko, pitkä malli +7,5 cm",https://tarvike.com/product/bronco-tyovalinerunko-pitka-malli-75-cm-79301,https://media.tarvike.com/product/images/79301/original/28287.jpg,252.1,Perinteinen hyvin toimiva työvälinerunko.,252.1,Bronco,
19140156002,"Bronco puskulevy, 152x40cm",https://tarvike.com/product/bronco-puskulevy-152x40cm-79295,https://media.tarvike.com/product/images/79295/original/28273.jpg,333.0,Broncon puskulevy 152 x 40cm. Kiinnitykseen tarvitset merkkikohtaisen Broncon kiinnityssarjan.,333.0,Bronco,
19140154002,"Bronco puskulevy, 165x45cm",https://tarvike.com/product/bronco-puskulevy-165x45cm-79293,https://media.tarvike.com/product/images/79293/original/28280.jpg,505.1,Broncon puskulevy 165cm x 45c. Sisältää merkkiantennit. Kiinnitykseen tarvitset merkkikohtaisen Broncon kiinnityssarjan. Leveyden ansiosta puskulevy sopii myös UTV mönkijöihin.,505.1,Bronco,
19140087002,Bronco vinssin suojapussi,https://tarvike.com/product/bronco-vinssin-suojapussi-77569,https://media.tarvike.com/product/images/77569/original/26872.jpg,18.3,Suojaa vinssiä likaantumiseltaMateriaali: 300d polyesterSopii broncon vinsseihin 2500 ja 3500,18.3,Bronco,
19140073002,"Bronco Synteettinen vinssin köysi 15,3m x 5mm",https://tarvike.com/product/bronco-synteettinen-vinssin-koysi-153m-x-5mm-77555,https://media.tarvike.com/product/images/77555/original/26866.jpg,84.0,"Pituus 15,3Paksuus 5mmSuurin kuorma 1900kgVäri: Sininen",84.0,Bronco,
19140071002,Bronco vinssin tarvikelaukku,https://tarvike.com/product/bronco-vinssin-tarvikelaukku-77553,https://media.tarvike.com/product/images/77553/original/26850.jpg,72.9,"Sisältää: hihnat, lukot ym.",72.9,Bronco,
19140066002,Bronco Vinssin kiinnityssarja tukkikärryyn,https://tarvike.com/product/bronco-vinssin-kiinnityssarja-tukkikarryyn-77548,https://media.tarvike.com/product/images/77548/original/26851.jpg,100.2,HUOM! Vinssivaihtoehdot löydät vinssisivuilta.,100.2,Bronco,
19140060002,Bronco GEN II Vinssi 4500 Wire,https://tarvike.com/product/bronco-gen-ii-vinssi-4500-wire-77575,https://media.tarvike.com/product/images/77575/original/26908.jpg,391.7,"- CE-hyväksytty- Vetokyky: 2040kg- 15mm x 5,5mm vaijeri- Langaton kauko-ohjain + ohjaustankoon- Sijoitettava kytkin- Vesitiivis- Tehdastakuu: 2 vuotta",391.7,Bronco,
19140049002,Bronco vinssin kiinnikesarja taakse Suzuki,https://tarvike.com/product/bronco-vinssin-kiinnikesarja-taakse-suzuki-77524,https://media.tarvike.com/product/images/77524/original/26816.jpg,100.2,Varaosat ja lisävarusteet.,100.2,Bronco,
18339498001,Ultratec mönkijän maansiirtolavakärry,https://tarvike.com/product/ultratec-monkijan-maansiirtolavakarry-79428,https://media.tarvike.com/product/images/79428/original/28534.jpg,2549.0,"Ultratec mönkijän maansiirtokärryllä onnistuu polttopuiden, hiekan ja mullan ajaminen kätevästi. Kuorman purku käy nopeasti, kun kärry on varustettu kaasujousilla ja takalaita on saranoitu. Avattavat päädyt mahdollistavat pitkän tavaran kuljettamisen.",2549.0,Ultratec,
1772865000,Rival Jousi puskulevylle,https://tarvike.com/product/rival-jousi-puskulevylle-145360,https://media.tarvike.com/product/images/145360/original/176880.png,32.4,Rival Jousi puskulevylle. Sopii puskulevyille 75-12750 sekä 75-12751.,32.4,Rival,
1772862000,Rival Kulutusterä 150cm,https://tarvike.com/product/rival-kulutustera-150cm-145358,https://media.tarvike.com/product/images/145358/original/176878.jpg,42.5,"Rival Kulutusterä 150cm puskulevylle 75-12750, 75-12751",42.5,Rival,
17318915001,Ultratec Vaijerinostin,https://tarvike.com/product/ultratec-vaijerinostin-79435,https://media.tarvike.com/product/images/79435/original/28585.jpg,760.0,"Tukkikärryn vaijerinostin mahdollistaa puiden juontamisen haastavista paikoista.Paketti sisältää Vaijerinostimen kaikki osat mutta ei Sermiä, vinssiä, vinssinsuojaa eikä tukkisaksia. Nämä saa meiltä lisävarusteina.Mahdollista juontaa puut haastavistapaikoista. Mahdollistaa lavan kippauksenvinssillä. Suosittelemme langattomalla ohjauksellasähkövinssiä. Vaijerinostintarvitsee sermin toimiakseen.Tukijalka laitetaan aina sille puolelle mistä nostetaan.Puomin liike on estetty silloin kääntymästä toiselle puolelle joten kuorma ei pääse kaatumaan.Mikäli tilaat lavakärryyn vaijerinostimen, tarvitset kärrymallistasi riippuen myös jatkoaisan.",760.0,Ultratec,
17318913001,Ultratec mökkikärry LITE,https://tarvike.com/product/ultratec-mokkikarry-lite-79432,https://media.tarvike.com/product/images/79432/original/28563.jpg,1290.0,Tyylikäs kärry moneen harrastukseenUltratecin mönkijän mökkikärry on kevyt ja ketterä yleiskärry monipuoliseen käyttöön.Kun polttopuun keräämistä on pienissä määrin niin tämä kärry on oiva apurenki sermillä varustettuna.Lavan saranointi on lähes keskellä joten aisapaino rasita mönkijää.Avattavat päädyt mahdollistavat jopa 3m pitkän tavaran ajamiseen.Monipuolisilla lisävarusteilla lisäät kärryn käytettävyyttä.Lisävarusteet:- Kippilukko- Sermi- Vaijerinostin- Kaasujousi- Tukijalka- Nostotappi,1290.0,Ultratec,
17318906001,Ultratec mönkijän tukkikärry,https://tarvike.com/product/ultratec-monkijan-tukkikarry-79425,https://media.tarvike.com/product/images/79425/original/28527.jpg,1859.9,Ultratecin kestävä ja kevyt tukkikärry! Suomalainen laatutuote joka on merkitty avainlippu-tunnuksella.Laadukkaista ja kestävistä materiaaleista valmistettu putkirunkoinen rankakärry. Keveytensä ansiosta haet isonkin kuorman vaikeasta maastosta.,1859.9,Ultratec,
17318891001,Bronco Vetokuulan lukkotappi pidennyssarjalle,https://tarvike.com/product/bronco-vetokuulan-lukkotappi-pidennyssarjalle-77547,https://media.tarvike.com/product/images/77547/original/26846.jpg,19.0,Varaosat ja lisävarusteet.,19.0,Bronco,
17318884001,Bronco peräkoukun pidennyssarja CF MOTO,https://tarvike.com/product/bronco-perakoukun-pidennyssarja-cf-moto-77540,https://media.tarvike.com/product/images/77540/original/26833.jpg,127.5,"Sopii: CF Moto UFORCE 550 , UFORCE 800",127.5,Bronco,
17318878001,Bronco peräkoukun pidennyssarja CF moto,https://tarvike.com/product/bronco-perakoukun-pidennyssarja-cf-moto-77534,https://media.tarvike.com/product/images/77534/original/26838.jpg,64.0,Varaosat ja lisävarusteet.,64.0,Bronco,
17315799001,Bronco Tuulisuoja ATV,https://tarvike.com/product/bronco-tuulisuoja-atv-116636,https://media.tarvike.com/product/images/116636/original/160605.jpg,187.0,"Bronco Tuulilasi mönkijöihi.

Korkeus 51cm
Leveys 91cm
Ei sovi Can-Am mönkijöihin",187.0,Bronco,
17315736001,Tesseract Ovipari CFMoto Zforce 1000 Sport,https://tarvike.com/product/tesseract-ovipari-cfmoto-zforce-1000-sport-79980,https://media.tarvike.com/product/images/79980/original/29427.jpg,371.0,"Kahden sivuoven sarja CFmoto Z1000 UTV:lle. Ovet on valmistettu korkealaatuisesta kestävästä muovista. Jäykisteet mahdollistavat kuorman jakautumisen törmäyksen sattuessa.Ovet tarjoavat mukavuutta ja turvallisuutta kuljettajalle ja matkustajalle, ne estävät lian, hiekan, kivien ja oksien pääsyn UTV:n sisään. Tesseract-ovien ansiosta mikään ei estä sinua nauttimasta seikkailumatkoistasi!Ovet asennetaan asennuslevyillä ja pulteilla.Täysi setti:Oikea ovi; Vasen ovi; 2 pientä asennuslevyä; 2 isoa asennuslevyä; 6 pulttia.Paino: 4kgKoko: 1070 x 570 x 210mm",371.0,TESSERACT,
17297308001,"Bronco V-cut mönkijän nastat 4,76mm x 12,7mm",https://tarvike.com/product/bronco-v-cut-monkijan-nastat-476mm-x-127mm-77775,https://media.tarvike.com/product/images/77775/original/27159.jpg,153.9,"4,76mm x 12,7mm1000kpl",153.9,Bronco,
17297300001,Maxi Grip asennustyökalu HM 15/18/25,https://tarvike.com/product/maxi-grip-asennustyokalu-hm-151825-77767,https://media.tarvike.com/product/images/77767/original/27177.jpg,12.2,"Maxi Grip asennustyökalu HM 15/18/25 nastoille - crossipyörät, mönkijät, pikkutraktorit, moottorikelkat, traktorit, trukit ja kuormaajat.",12.2,Maxi Grip,
1521420002,ITP Mönkijän Rengas MT911 32x10.00-15 NHS 8PR TL,https://tarvike.com/product/itp-monkijan-rengas-mt911-32x1000-15-nhs-8pr-tl-127667,https://media.tarvike.com/product/images/127667/original/167401.png,260.0,32x10.00-15 NHS 8PR TL,260.0,ITP,
1521419002,ITP Mönkijän Rengas MT911 30x10.00-15 NHS 8PR TL,https://tarvike.com/product/itp-monkijan-rengas-mt911-30x1000-15-nhs-8pr-tl-127657,https://media.tarvike.com/product/images/127657/original/167401.png,292.0,30x10.00-15 NHS 8PR TL,292.0,ITP,
1521417002,JOURNEY Rengas P3501 30 x 11.00 - 14 8-Ply TL E-hyv.,https://tarvike.com/product/journey-rengas-p3501-30-x-1100-14-8-ply-tl-e-hyv-127690,https://media.tarvike.com/product/images/127690/original/167407.jpg,199.0,30 x 11.00 - 14 8-Ply TL E-hyv.,199.0,Journey,
1521416002,ITP Rengas Mud Lite II 30x11.00-14 nhs,https://tarvike.com/product/itp-rengas-mud-lite-ii-30x1100-14-nhs-127688,https://media.tarvike.com/product/images/127688/original/167404.jpg,201.4,Mud Lite II klassikkorengas uudella kuviolla ITP:ltä. Paranettu ajotuntumaa sekä pitoa.,201.4,ITP,
1521415002,JOURNEY Nastoitettu rengas P350 27 x 9.00 - 14 6-Ply TL E-hyv.,https://tarvike.com/product/journey-nastoitettu-rengas-p350-27-x-900-14-6-ply-tl-e-hyv-127687,https://media.tarvike.com/product/images/127687/original/167400.jpg,204.5,P350 27 x 9.00 - 14 6-Ply TL E-hyv.,204.5,Journey,
1521414002,ITP Rengas Mud Lite II 28x11.00-14 (280/65-14) nhs E-Hyv.,https://tarvike.com/product/itp-rengas-mud-lite-ii-28x1100-14-28065-14-nhs-e-hyv-127685,https://media.tarvike.com/product/images/127685/original/167404.jpg,211.0,Mud Lite II klassikkorengas uudella kuviolla ITP:ltä. Paranettu ajotuntumaa sekä pitoa.,211.0,ITP,
1521413002,ITP Rengas Mud Lite II 27x11.00-14 (280/60-14) E-hyv.,https://tarvike.com/product/itp-rengas-mud-lite-ii-27x1100-14-28060-14-e-hyv-127682,https://media.tarvike.com/product/images/127682/original/167404.jpg,223.0,27x11.00-14 (280/60-14) E-hyv.,223.0,ITP,
1521412002,JOURNEY Nastoitettu rengas P350 27 x 11.00 - 14 6-Ply TL E-hyv.,https://tarvike.com/product/journey-nastoitettu-rengas-p350-27-x-1100-14-6-ply-tl-e-hyv-127680,https://media.tarvike.com/product/images/127680/original/167400.jpg,224.7,P350 27 x 11.00 - 14 6-Ply TL E-hyv.,224.7,Journey,
1521411002,ITP Mönkijän Rengas Cryptid 28x10.00-14 85D 6-Ply,https://tarvike.com/product/itp-monkijan-rengas-cryptid-28x1000-14-85d-6-ply-127674,https://media.tarvike.com/product/images/127674/original/167399.jpg,243.0,28x10.00-14 85D 6-Ply,243.0,ITP,
1521409002,ITP Mönkijän Rengas MT911 30x10.00-14 NHS 8PR TL,https://tarvike.com/product/itp-monkijan-rengas-mt911-30x1000-14-nhs-8pr-tl-127662,https://media.tarvike.com/product/images/127662/original/167401.png,274.0,30x10.00-14 NHS 8PR TL,274.0,ITP,
1521408002,ITP Mönkijän Rengas Cryptid 30x9.00-14,https://tarvike.com/product/itp-monkijan-rengas-cryptid-30x900-14-127659,https://media.tarvike.com/product/images/127659/original/167399.jpg,279.0,30x9.00-14,279.0,ITP,
1521406002,ITP Mönkijän Rengas Cryptid 27x10.00-14 83D 6-Ply,https://tarvike.com/product/itp-monkijan-rengas-cryptid-27x1000-14-83d-6-ply-127650,https://media.tarvike.com/product/images/127650/original/167399.jpg,337.0,27x10.00-14 83D 6-Ply,337.0,ITP,
1521403002,ITP Mönkijän Rengas Cryptid 30x10.00-14,https://tarvike.com/product/itp-monkijan-rengas-cryptid-30x1000-14-115781,https://media.tarvike.com/product/images/115781/original/167413.jpg,292.0,"Uusi, agressiivinen rengas, joka on varustettuerikoiskorkealla harjalla (38mm keskellä ja50mm reunoilla). Vahva rakenne Tough Treadkumi seoksella. Kestävyys omaa luokkaansa.6-kankainen. Valmistettu USA:ssa.",292.0,ITP,
1521401002,ITP Mönkijän Rengas Mega Mayhem 28x11.00-14 6-Ply 38mm,https://tarvike.com/product/itp-monkijan-rengas-mega-mayhem-28x1100-14-6-ply-38mm-112500,https://media.tarvike.com/product/images/112500/original/167415.jpg,214.0,"Mega Mayhem on pikkuveljeään ITP Mayhemia vielä ärhäkkäämpi. Urasyyvyys on 38mm eli rengas pureutuu maastoon erittäin hyvällä pidolla. Renkaan kuvio käyttäytyy parhaiten kovilla alustoilla. 6-kankaisuus tuo renkaalle poikkeuksellisen hyvän kiihtyvyyden, jarrutusominaisuudet ja tasapainon.Kestävyys omaa luokkaansa. Valmistettu USA:ssa.",214.0,ITP,
1521400002,ITP Mönkijän Rengas Mud Lite II 28x9.00-14 nhs,https://tarvike.com/product/itp-monkijan-rengas-mud-lite-ii-28x900-14-nhs-111732,https://media.tarvike.com/product/images/111732/original/167411.jpg,189.0,Yleistuote,189.0,ITP,
15154315000,Ultratec Lisäakun teline,https://tarvike.com/product/ultratec-lisaakun-teline-134950,https://media.tarvike.com/product/images/134950/original/173389.jpg,117.8,Ultratec Lisäakun teline,117.8,Ultratec,
15154308000,Bronco Tukijalka tukkikärrylle 77-12177. 77-12180,https://tarvike.com/product/bronco-tukijalka-tukkikarrylle-77-12177-77-12180-130592,https://media.tarvike.com/product/images/130592/original/169781.jpg,150.8,Käännettävissä 180 astetta. Toimii myös seisontatukena.,150.8,Bronco,
13852528001,Bronco Vinssin Vaijeri,https://tarvike.com/product/bronco-vinssin-vaijeri-152m-x-55mm-39655,https://media.tarvike.com/product/images/39655/original/189764.jpg,32.4,,32.4,Bronco,
13852524001,Soft Shackle red 2t,https://tarvike.com/product/soft-shackle-red-2t-137704,https://media.tarvike.com/product/images/137704/original/189795.jpg,23.0,"Jalusten, nostimien, blokkien yms. kiinnitykseen – LIROS XTR Soft Shackle on ratkaisu! 100 % valmistettu erittäin lujasta materiaalista Dyneema® SK78, korvaa teräksiset sakkelit veneen kannella. Helppo ja nopea avata sinisen \LIROS-nauhan\ ansiosta murtolujuustiedolla.",23.0,{},
13852523001,Soft Shackle blue 4t,https://tarvike.com/product/soft-shackle-blue-4t-137703,https://media.tarvike.com/product/images/137703/original/189796.jpg,30.9,"Jalusten, nostimien, blokkien yms. kiinnitykseen – LIROS XTR Soft Shackle on ratkaisu! 100 % valmistettu erittäin lujasta materiaalista Dyneema® SK78, korvaa teräksiset sakkelit veneen kannella. Helppo ja nopea avata sinisen \LIROS-nauhan\ ansiosta murtolujuustiedolla.",30.9,{},
13852522001,Soft Shackle yellow 6t,https://tarvike.com/product/soft-shackle-yellow-6t-137702,https://media.tarvike.com/product/images/137702/original/189797.jpg,45.0,"Jalusten, nostimien, blokkien yms. kiinnitykseen – LIROS XTR Soft Shackle on ratkaisu! 100 % valmistettu erittäin lujasta materiaalista Dyneema® SK78, korvaa teräksiset sakkelit veneen kannella. Helppo ja nopea avata sinisen \LIROS-nauhan\ ansiosta murtolujuustiedolla.",45.0,{},
13852521001,"Soft Shackle black 1,5t",https://tarvike.com/product/soft-shackle-black-15t-137701,https://media.tarvike.com/product/images/137701/original/189798.jpg,20.0,"Jalusten, nostimien, blokkien yms. kiinnitykseen – LIROS XTR Soft Shackle on ratkaisu! 100 % valmistettu erittäin lujasta materiaalista Dyneema® SK78, korvaa teräksiset sakkelit veneen kannella. Helppo ja nopea avata sinisen \LIROS-nauhan\ ansiosta murtolujuustiedolla.",20.0,{},
13852518001,Bronco vinssin kiinnikesarja Can-am Renegade G2,https://tarvike.com/product/bronco-vinssin-kiinnikesarja-can-am-renegade-g2-137698,https://media.tarvike.com/product/images/137698/original/189793.jpg,157.0,,157.0,Bronco,
13852517001,Bronco vinssin kiinnikesarja Polaris,https://tarvike.com/product/bronco-vinssin-kiinnikesarja-polaris-137697,https://media.tarvike.com/product/images/137697/original/189794.jpg,140.3,,140.3,Bronco,
13852515001,Bronco vinssin kiinnikesarja Polaris Ranger 570 Nordic 2022-,https://tarvike.com/product/bronco-vinssin-kiinnikesarja-polaris-ranger-570-nordic-2022--137695,https://media.tarvike.com/product/images/137695/original/189789.jpg,127.5,,127.5,Bronco,
13852514001,Bronco vinssin kiinnikesarja Yamaha Grizzly Kodiak 700 2016-,https://tarvike.com/product/bronco-vinssin-kiinnikesarja-yamaha-grizzly-kodiak-700-2016--137694,https://media.tarvike.com/product/images/137694/original/189788.jpg,127.5,,127.5,Bronco,
13852513001,Bronco vinssin kiinnikesarja taakse sis. peräkoukun pidennyssarja Kawasaki,https://tarvike.com/product/bronco-vinssin-kiinnikesarja-taakse-sis-perakoukun-pidennyssarja-kawasaki-137693,https://media.tarvike.com/product/images/137693/original/189787.png,269.0,,269.0,Bronco,
13852509001,Bronco vinssin kiinnikesarja taakse CF Moto CForce 800 850 1000,https://tarvike.com/product/bronco-vinssin-kiinnikesarja-taakse-cf-moto-cforce-800-850-1000-137688,https://media.tarvike.com/product/images/137688/original/189783.jpg,181.0,,181.0,Bronco,
13852508001,Bronco vinssin kiinnikesarja taakse CF Moto ZForce 950 1000,https://tarvike.com/product/bronco-vinssin-kiinnikesarja-taakse-cf-moto-zforce-950-1000-137687,https://media.tarvike.com/product/images/137687/original/189782.jpg,127.5,,127.5,Bronco,
13852507001,Bronco vinssin kiinnikesarja taakse CF Moto CForce 600 625 2020-,https://tarvike.com/product/bronco-vinssin-kiinnikesarja-taakse-cf-moto-cforce-600-625-2020--137685,https://media.tarvike.com/product/images/137685/original/189781.jpg,127.5,,127.5,Bronco,
13852504001,Bronco vinssin kiinnikesarja taakse sis. peräkoukun pidennyssarja Can-Am Defende,https://tarvike.com/product/bronco-vinssin-kiinnikesarja-taakse-sis-perakoukun-pidennyssarja-can-am-defende-137682,https://media.tarvike.com/product/images/137682/original/189775.jpg,378.0,,378.0,Bronco,
13852501001,Bronco vinssin kiinnikesarja taakse CF Moto CFORCE 450 520 2023-,https://tarvike.com/product/bronco-vinssin-kiinnikesarja-taakse-cf-moto-cforce-450-520-2023--137678,https://media.tarvike.com/product/images/137678/original/189778.jpg,307.0,,307.0,Bronco,
11093310002,"ATV Metsäkärry 450-II Hydraulisella vedolla, vinsillä ja aisan käännöllä",https://tarvike.com/product/atv-metsakarry-450-ii-hydraulisella-vedolla-vinsilla-ja-aisan-kaannolla-173038,https://media.tarvike.com/product/images/173038/original/196702.webp,12250.0,"Bronco Metsäkärry 450-II ATV:lle. Voimapaketissa hydraulinen nosturi, pyöräveto, aisankääntö hydraulinen vinssi ja oma hydraulijärjestelmä. Lavan toimituskulut lisätään hintaan. Asennusta tarvitaan.",12250.0,Bronco,
759838001,Kinwons Led Kaukovalopaneeli 10-30V 50W,https://tarvike.com/product/kinwons-led-kaukovalopaneeli-10-30v-50w-131723,https://media.tarvike.com/product/images/131723/original/170659.jpg,69.9,,69.9,Kinwons,
5613281002,GKA U-pulttisarja 4kpl,https://tarvike.com/product/gka-u-pulttisarja-4kpl-175796,https://media.tarvike.com/product/images/175796/original/198152.jpg,18.0,GKA U-pulttisarja 4kpl.,18.0,GKA,
4990151000,Bronco vinssin kiinnikesarja taakse Dinli,https://tarvike.com/product/bronco-vinssin-kiinnikesarja-taakse-dinli-77518,https://media.tarvike.com/product/images/77518/original/26799.jpg,30.4,Varaosat ja lisävarusteet.,30.4,Bronco,
4990150000,Bronco vinssin kiinnikesarja taakse CF-Moto,https://tarvike.com/product/bronco-vinssin-kiinnikesarja-taakse-cf-moto-77517,https://media.tarvike.com/product/images/77517/original/26800.jpg,89.6,Varaosat ja lisävarusteet.,89.6,Bronco,
4990147000,Bronco vinssin kiinnityssarja Polaris 400/ACE/EFX,https://tarvike.com/product/bronco-vinssin-kiinnityssarja-polaris-400aceefx-77514,https://media.tarvike.com/product/images/77514/original/26804.jpg,83.0,Bronco vinssin kiinnityssarja Polaris 400/ACE/EFX mänkijöihin. Katso sopivuus tarkemmin teknisistä tiedoista.,83.0,Bronco,
4920250000,Tesseract Sand Track Ramppi pitkä,https://tarvike.com/product/tesseract-sand-track-ramppi-pitka-79999,https://media.tarvike.com/product/images/79999/original/29481.png,147.0,"Olipa kyseessä hiekka, lumi, suo tai epävakaa maaperä, mönkijän kuljettajien täytyy laittaa jotain pyörien alle selviytyäkseen vaikeasta osuudesta. Tällaisia tilanteita varten on kehitetty erikoislaitteita  Sand track. Ne estävät renkaan luistamisen ja helpottavat liikkumista vakavassa maastossa, ja niitä voidaan käyttää myös kapeiden ojien ylittämiseen.TESSERACT-Sand track ominaisuudet ja edut:- Sand track on valmistettu tukevasta muovista, joka antaa tuotteelle keveyttä, mutta samalla kestävyyttä.Mitat: 1210 x 320 x 80mm",147.0,TESSERACT,
4920249000,Tesseract Sand Track Ramppi lyhyt,https://tarvike.com/product/tesseract-sand-track-ramppi-lyhyt-79998,https://media.tarvike.com/product/images/79998/original/29473.png,75.0,"Olipa kyseessä hiekka, lumi, suo tai epävakaa maaperä, mönkijän kuljettajien täytyy laittaa jotain pyörien alle selviytyäkseen vaikeasta osuudesta. Tällaisia tilanteita varten on kehitetty erikoislaitteita  Sand track. Ne estävät renkaan luistamisen ja helpottavat liikkumista vakavassa maastossa, ja niitä voidaan käyttää myös kapeiden ojien ylittämiseen.TESSERACT-Sand track ominaisuudet ja edut: - Sand track on valmistettu tukevasta muovista, joka antaa tuotteelle keveyttä, mutta samalla kestävyyttä.Mitat: 75032080 mm",75.0,TESSERACT,
4920246000,Caliber Moto Pro Ramppi,https://tarvike.com/product/caliber-moto-pro-ramppi-79913,https://media.tarvike.com/product/images/79913/original/29224.jpg,525.3,Erittäin hyvä Snowbikes ja MX/Enduro moottoripyörien kuormaamiseen. Universal saranajärjestelmän avulla voit lastata monia eri laitteita. Mukana yksi itsekiinnittyvä hihna helpottamaan asentamista kulkuneuvoosi. Innovative Low Pro -muotoilu tarjoaa erinomaisen pidon kaikentyyppisille renkaille ja telakoille. Taitettava keskeltä helpottamaan säilytystä.Pituus 229 cmLeveys 102 cm,525.3,{},
4920242000,Kimpex mönkijän suojapeite XXL,https://tarvike.com/product/kimpex-monkijan-suojapeite-xxl-79399,https://media.tarvike.com/product/images/79399/original/28467.jpg,197.4,Valmistettu vahvasta polyesteristäElastinen helmaSisäpuolen kumipinnoitettu polyesterikudos varmistaa vedenpitävyydenMitat: 238 x 122 x 127cmMateriaali: 150D polyester,197.4,Kimpex,
4920238000,Bronco suojapeite Camo,https://tarvike.com/product/bronco-suojapeite-camo-79397,https://media.tarvike.com/product/images/79397/original/28454.jpg,100.2,"Vahvaa 600D polyesteriäErittäin iskunkestävä peite, joka suojaa säältä ja tuuleltaSopii useimpiin 500 cc ja suurempiin mönkijöihin, ei jatkettuihin ATV-malleihin.Kiristyshihnat alareunassaVäri: CamoMitat XL: 210 x 112 x 100 cm",100.2,Bronco,
4894302000,Tesseract Kuljetuslaukku Polaris Ranger XP 1000 Large,https://tarvike.com/product/tesseract-kuljetuslaukku-polaris-ranger-xp-1000-large-79990,https://media.tarvike.com/product/images/79990/original/29461.png,549.0,Varaosat ja lisävarusteet.,549.0,TESSERACT,
4894300000,Tesseract Kattolaatikko BRP Traxter,https://tarvike.com/product/tesseract-kattolaatikko-brp-traxter-79988,https://media.tarvike.com/product/images/79988/original/29450.png,713.0,Mitat: 1450*1060*320 mmTilavuus: 235 l,713.0,TESSERACT,
4894298000,Tesseract Kuljetuslaukku BRP Traxter/Defender,https://tarvike.com/product/tesseract-kuljetuslaukku-brp-traxterdefender-79987,https://media.tarvike.com/product/images/79987/original/29435.png,546.0,Tilavuus: 195 lMitat: 1400*500*400 mm,546.0,TESSERACT,
4894290000,Tesseract Kuljetuslaukku Polaris General,https://tarvike.com/product/tesseract-kuljetuslaukku-polaris-general-79984,https://media.tarvike.com/product/images/79984/original/29440.png,549.0,"Paino: 13kg / 12,66lbs Mitat: 1320*500*540mm/ 51,96*19,68*21,25 TIlavuus: 216l / 57,06 gal",549.0,TESSERACT,
4894289000,Tesseract Kuljetuslaukku Polaris ACE 900,https://tarvike.com/product/tesseract-kuljetuslaukku-polaris-ace-900-79983,https://media.tarvike.com/product/images/79983/original/29447.jpg,403.0,"Paino: 8kg / 17,63lbsMitat: 1250*580*470mm / 49,21*22,83*18,5Tilavuus: 100l / 26,4gal",403.0,TESSERACT,
4894287000,Tesseract Kattolaatikko Polaris RZR 1000 PRO,https://tarvike.com/product/tesseract-kattolaatikko-polaris-rzr-1000-pro-79982,https://media.tarvike.com/product/images/79982/original/29445.png,621.0,Ekslusiivinen Tesseract-tuote Polaris RZR 1000 varten yhdistää katon ja tilavan UTV-laatikon toiminnot. Se tarjoaa suojaa sateelta sekä auringonvalolta ja tarjoaa mahdollisuuden varusteiden sekä henkilökohtaisten tavaroiden säilytykseen.,621.0,TESSERACT,
4894285000,Tesseract Kattolaatikko CFMoto Uforce 1000,https://tarvike.com/product/tesseract-kattolaatikko-cfmoto-uforce-1000-79981,https://media.tarvike.com/product/images/79981/original/29436.png,510.0,Paino 18kgMitat: 1550*890*260mmTilavuus: 180l,510.0,TESSERACT,
4894282000,Tesseract Kuljetuslaukku Lyhyt CFMoto Uforce 1000,https://tarvike.com/product/tesseract-kuljetuslaukku-lyhyt-cfmoto-uforce-1000-79979,https://media.tarvike.com/product/images/79979/original/29419.png,464.0,Paino: 11kgKoko: 770 x 650 x 480mmTilavuus: 140l,464.0,TESSERACT,
4894280000,Tesseract Kuljetuslaukku Pitkä CFMoto Uforce 1000,https://tarvike.com/product/tesseract-kuljetuslaukku-pitka-cfmoto-uforce-1000-79978,https://media.tarvike.com/product/images/79978/original/29433.png,503.0,Pitkänomaisen suorakaiteen muotoinen modulaarinen malli voidaan sisällyttää Cfmoto U1000:n UTV-laatikoiden sarjaan. Moduulit voidaan sijoittaa takatasolle erikseen tai yhdessä. Tesseract-tuotteiden toimivuus on harkittu pienintä yksityiskohtaa myöten. Laukku toimitetaan asennussarjan kanssa. Sen avulla voit asentaa tai muuttaa laatikoiden ulkoasua helposti ja nopeasti ilman erikoistyökaluja.,503.0,TESSERACT,
4894278000,Tesseract Kattolaatikko CFMoto Zforce 1000 Sport,https://tarvike.com/product/tesseract-kattolaatikko-cfmoto-zforce-1000-sport-79977,https://media.tarvike.com/product/images/79977/original/29424.png,585.0,"Paino: 21,5kg / 47,4lbsMitat: 1255 * 965 * 300mm / 49,41 * 37,99 * 11,81Tilavuus: 120l / 31,7gal",585.0,TESSERACT,
4894276000,Tesseract Kuljetuslaukku TGB Blade 1000 LT EPS,https://tarvike.com/product/tesseract-kuljetuslaukku-tgb-blade-1000-lt-eps-79976,https://media.tarvike.com/product/images/79976/original/29432.jpg,350.0,4 pikakiinnitystä2 metallilukkoa avaimillaPaino: 10kgMitat 1220*580*350mmTilavuus: 120l,350.0,TESSERACT,
4894274000,Tesseract Kuljetuslaukku Kymco MXU 550 700,https://tarvike.com/product/tesseract-kuljetuslaukku-kymco-mxu-550-700-79975,https://media.tarvike.com/product/images/79975/original/29425.jpg,336.0,"Paino: 7,5 kg / 16,53 paunaaMitat: 1200*580*350mm / 47,24 *22,83*13,78Tilavuus: 115l / 30,4gal",336.0,TESSERACT,
4894263000,Tesseract Rengasteline CFMoto Utv Zforce 950/1000,https://tarvike.com/product/tesseract-rengasteline-cfmoto-utv-zforce-9501000-79962,https://media.tarvike.com/product/images/79962/original/29374.jpg,467.0,Vankka rakenteinen teline vararenkaille tai polttoainekanistereille.Suojaa myös mönkijän koko takaosan tavaratilan yläpuolelta törmäyksen tai onnettomuuden sattuessa.,467.0,TESSERACT,
4894225000,Tesseract Kuljetuslaukku Eteen CFMoto Cforce X6/625,https://tarvike.com/product/tesseract-kuljetuslaukku-eteen-cfmoto-cforce-x6625-79960,https://media.tarvike.com/product/images/79960/original/29378.jpg,307.0,Sopivuus:CFMoto Cforce X6 / 625Paino 7kgMitat: 1055 x 510 x 210mmTilavuus 42 L,307.0,TESSERACT,
4894223000,Tesseract Kuljetuslaukku CFMoto,https://tarvike.com/product/tesseract-kuljetuslaukku-cfmoto-79959,https://media.tarvike.com/product/images/79959/original/29390.jpg,371.0,Sopivuus CFMoto Cforce X6 / 625Paino 8kgMitat: 1110 x 605 x 360mmTilavuus: 90L,371.0,TESSERACT,
4894219000,Tesseract Kuljetuslaukku Can-Am,https://tarvike.com/product/tesseract-kuljetuslaukku-can-am-79957,https://media.tarvike.com/product/images/79957/original/29369.jpg,403.0,Sopivuus: Can-Am Outlander 450/570Valmistettu erittäin tukevasta polyeteenistäVesitiivisLukittavissaPikakiinnikeMitat: 1135х590х325 mmPaino: 8 kgTilavuus:80 l,403.0,TESSERACT,
4894193000,Tesseract Kuljetuslaukku CFMoto X8,https://tarvike.com/product/tesseract-kuljetuslaukku-cfmoto-x8-79944,https://media.tarvike.com/product/images/79944/original/29314.jpg,371.0,"Sopivuus CF Moto X8Vankkaa materiaaliaLukittavissaKiinnitys: U-pulttisarjaMitat: 1068 x 614 x 364Paino: 9,5kgTilavuus 100 litraa",371.0,TESSERACT,
4894187000,GKA tavareteline laukulle 304,https://tarvike.com/product/gka-tavareteline-laukulle-304-79941,https://media.tarvike.com/product/images/79941/original/29301.jpg,42.5,GKA teline laukulle 304,42.5,GKA,
4894181000,GKA Kuljetuslaukku R 302 taakse,https://tarvike.com/product/gka-kuljetuslaukku-r-302-taakse-79938,https://media.tarvike.com/product/images/79938/original/29276.jpg,303.0,"Valmistettu tukevasta polyeteenistäLukittavissaMitat: 390 c 969 x 543cmPaino: 8,4kgTilavuus: 80L",303.0,GKA,
4894041000,CST mönkijän rengas Behemoth CU08 28x10.00-R14 8-Ply M+S 59M,https://tarvike.com/product/cst-monkijan-rengas-behemoth-cu08-28x1000-r14-8-ply-ms-59m-77832,https://media.tarvike.com/product/images/77832/original/27258.png,112.5,"Radiaalirengas yleiskäyttöön. Pintakuvio antaa hyvän pidon vaihtelevilla alustoilla, mutta tarjoaa silti alhaisen vierintävastuksen. Vyörengasrakenne tarjoaa hyvän ajotuntuman suurillakin nopeuksilla.Koko: 28 x 10.00 - 14Harja 17mmEteen ja taakseE-tieliikennehyväksytty",112.5,CST,
4894023000,CST mönkijän rengas Stag CU58 29x11.00-14 8-Ply M+S 64M,https://tarvike.com/product/cst-monkijan-rengas-stag-cu58-29x1100-14-8-ply-ms-64m-77823,https://media.tarvike.com/product/images/77823/original/27227.jpg,246.5,Stag:in epäsymmetrisen ja koukunmuotoisen pintakuvion ansiosta renkaassa on erinomainen pito ja ajomukavuus. Pintakuvio ei mene helposti tukkoon pehmeässä maastossa. Rengas sopii niin metsäpoluille kun maantielleKoko: 29 x 11.00 - 14Harja: 20mmTaakseE-tieliikennehyväksytty,246.5,CST,
4893978000,CST mönkijän rengas Stag CU58 29x9.00-14 8-Ply M+S 58M,https://tarvike.com/product/cst-monkijan-rengas-stag-cu58-29x900-14-8-ply-ms-58m-77822,https://media.tarvike.com/product/images/77822/original/27224.jpg,211.6,Stag:in epäsymmetrisen ja koukunmuotoisen pintakuvion ansiosta renkaassa on erinomainen pito ja ajomukavuus. Pintakuvio ei mene helposti tukkoon pehmeässä maastossa. Rengas sopii niin metsäpoluille kun maantielleKoko: 29 x 9.00 - 14Harja: 20mmEteenE-tieliikennehyväksytty,211.6,CST,
4893950000,CST mönkijän rengas Wild Thang CU05 30x9.00-14 6-Ply 74J,https://tarvike.com/product/cst-monkijan-rengas-wild-thang-cu05-30x900-14-6-ply-74j-77808,https://media.tarvike.com/product/images/77808/original/27207.jpg,210.0,Wild Thangin kevyt ja kestävä rakenne mahdollistaa erinomaisen ajotuntuman ja pidon kaikilla alustoilla.Koko: 30 x 9.00 - 14Harja: 30mmE-tieliikennehyväksyttyEteen,210.0,CST,
4893914000,"ITP Delta vanne 12x7 4/156 4+3, musta",https://tarvike.com/product/itp-delta-vanne-12x7-4156-43-musta-77721,https://media.tarvike.com/product/images/77721/original/27099.jpg,112.0,"Koko: 12""Pulttijako: 4/156Offset: 4+3Polaris sekä Yamaha YXZ1000 vm. 2019 ja uudemmat",112.0,ITP,
4893905000,"ITP Delta teräsvanne, musta 12x7 4/110 4+3",https://tarvike.com/product/itp-delta-terasvanne-musta-12x7-4110-43-77717,https://media.tarvike.com/product/images/77717/original/27104.jpg,112.0,"Sopivuus: Yamaha GrizzlyKoko: 12""Pulttijako: 4/110Offset: 4+3Yamaha Grizzly",112.0,ITP,
4893890000,"ITP Delta vanne 14x7 4/137 4+3, musta",https://tarvike.com/product/itp-delta-vanne-14x7-4137-43-musta-77709,https://media.tarvike.com/product/images/77709/original/27117.png,127.0,"Sopivuus: Can-AmKoko: 14""Pulttijako 4/137Offset: 4+3Eteen ja taakse",127.0,ITP,
4893847000,Sunf mönkijän rengas A-043 26x11.00-R14 6-Ply,https://tarvike.com/product/sunf-monkijan-rengas-a-043-26x1100-r14-6-ply-77686,https://media.tarvike.com/product/images/77686/original/27066.jpg,99.0,"Sunf F. A-43 Radial käy kaikkeen käyttöön, kaikkiin olosuhteisiin. Hyvät ajo-ominaisuudet erityisesti kovalla alustalla. 6-kankainen. Harjakorkeus 18mm.Koko: 26 x 11.00 - 14E-tieliikennehyväksyttyEteen ja taakse",99.0,Sunf,
4893804000,ITP mönkijän rengas Mega Mayhem 27x11.00-14 6-Ply,https://tarvike.com/product/itp-monkijan-rengas-mega-mayhem-27x1100-14-6-ply-77663,https://media.tarvike.com/product/images/77663/original/27039.jpg,198.0,"Mega Mayhem soveltuu pitonsa ansiosta erinomaisesti maastoon. Renkaan kuvio käyttäytyy parhaiten kovillaa alustoilla. 6-kankaisuus tuo renkaalle poikkeuksellisen hyvän kiihtyvyyden , jarrutusominaisuudet ja tasapainon.Koko: 27 x 11,00 - 14Eteen ja taakse",198.0,ITP,
4893785000,ITP mönkijän rengas Mud Lite AT 25x11-10,https://tarvike.com/product/itp-monkijan-rengas-mud-lite-at-25x11-10-77654,https://media.tarvike.com/product/images/77654/original/27023.jpg,129.0,"Markkinoiden paras rengas. Ylivoimaisesti luokan kevyin rengas uskomattomalla pidolla. Yleisrengas, joka toimii erilaisilla alustoilla. Vahva rakenne, 6-kankainen.Koko: 25 x 11.00 - 10Harja: 19mmEteen ja taakse",129.0,ITP,
4893780000,ITP mönkijän rengas Mud Lite AT 23x8.00-10 6-Ply,https://tarvike.com/product/itp-monkijan-rengas-mud-lite-at-23x800-10-6-ply-77651,https://media.tarvike.com/product/images/77651/original/27024.jpg,99.0,"Markkinoiden paras rengas. Ylivoimaisesti luokan kevyin rengas uskomattomalla pidolla. Yleisrengas, joka toimii erilaisilla alustoilla. Vahva rakenne, 6-kankainen.Koko: 23 x 8.00 - 10 Harja: 19mmEteen ja taakse",99.0,ITP,
4893778000,ITP mönkijän rengas Mud Lite AT 22x11-10,https://tarvike.com/product/itp-monkijan-rengas-mud-lite-at-22x11-10-77650,https://media.tarvike.com/product/images/77650/original/27020.jpg,127.0,"Markkinoiden paras rengas. Ylivoimaisesti luokan kevyin rengas uskomattomalla pidolla. Yleisrengas, joka toimii erilaisilla alustoilla. Vahva rakenne, 6-kankainen.Koko: 22 x 11 - 10Harja: 19mmEteen ja taakse",127.0,ITP,
4893765000,ITP mönkijän rengas Terracross 26x11.00-R12 6-Ply,https://tarvike.com/product/itp-monkijan-rengas-terracross-26x1100-r12-6-ply-77646,https://media.tarvike.com/product/images/77646/original/27025.jpg,209.0,ITP Terracross R/T Radial on kestävä erinomaisilla ajo-ominaisuuksilla oleva rengas vaikkapa UTV-käyttöön. Vahva 6-kankainen rakenne. Reunat erikoisvahvistetut.Koko: 26 x 11R - 12Harja: 20mm,209.0,ITP,
4893745000,ITP mönkijän rengas Mud Lite  24x9.00-11 6-PLY,https://tarvike.com/product/itp-monkijan-rengas-mud-lite-24x900-11-6-ply-77625,https://media.tarvike.com/product/images/77625/original/27002.jpg,117.0,"Markkinoiden paras rengas. Ylivoimaisesti luokan kevyin rengas uskomattomalla pidolla. Yleisrengas, joka toimii erilaisilla alustoilla. Vahva rakenne, 6-kankainen.Koko: 24 x 9.00 - 16Harja: 19mmEteen ja taakse",117.0,ITP,
4893741000,ITP mönkijän rengas Mud Lite 25x12.00-9 6-PLY,https://tarvike.com/product/itp-monkijan-rengas-mud-lite-25x1200-9-6-ply-77622,https://media.tarvike.com/product/images/77622/original/26989.jpg,136.0,"Markkinoiden paras rengas. Ylivoimaisesti luokan kevyin rengas uskomattomalla pidolla. Yleisrengas, joka toimii erilaisilla alustoilla. Vahva rakenne, 6-kankainen.Koko: 25 x 12.00 - 9Harja: 19mmEteen ja taakse",136.0,ITP,
4893720000,ITP rengas Holeshot 20x11.00-8 4-PLY,https://tarvike.com/product/itp-rengas-holeshot-20x1100-8-4-ply-77611,https://media.tarvike.com/product/images/77611/original/26984.jpg,125.0,ITP Holeshot STD rengas sopii erinomaisesti yleis/harrastus käyttöön.Koko: 20 x 11.00 - 8,125.0,ITP,
4893714000,ITP Rengas Holeshot MXR6 20x6.00-10,https://tarvike.com/product/itp-rengas-holeshot-mxr6-20x600-10-77608,https://media.tarvike.com/product/images/77608/original/26996.jpg,110.4,"TP Holeshot MXR6 on vahvistettu, hiotulla tuntumalla varustettu rengas.Koko: 20 x 6.00 - 10",110.4,ITP,
4893697000,ITP mönkijän rengas Mud Lite XTR 27x11.00-14 6-Ply,https://tarvike.com/product/itp-monkijan-rengas-mud-lite-xtr-27x1100-14-6-ply-77637,https://media.tarvike.com/product/images/77637/original/27012.jpg,263.0,"Mud Lite Xtreme Trail on kevyt ja pitävin rengas vaativaan käyttöön. Radiaali-rengas agressiivisella kubiolla. Vahva rakenne, 6-kankainenKoko: 27 x 11.00 - 14Harja: 29mmEteen ja taakse",263.0,ITP,
4893678000,ITP vanne Inertia Beadlock 14x7 4/156 5+2,https://tarvike.com/product/itp-vanne-inertia-beadlock-14x7-4156-52-77603,https://media.tarvike.com/product/images/77603/original/26975.png,169.0,Varaosat ja lisävarusteet.,169.0,ITP,
4893676000,ITP vanne Inertia Beadlock 14x7 4/137 5+2,https://tarvike.com/product/itp-vanne-inertia-beadlock-14x7-4137-52-77602,https://media.tarvike.com/product/images/77602/original/26973.png,246.0,Sopivuus Can-AmKoko: 14Pulttijako 4/137Offset: 5+2Eteen ja taakse,246.0,ITP,
4893674000,"ITP Cyclone vanne 15x7 4/156 5+2 Polaris, YXZ1000",https://tarvike.com/product/itp-cyclone-vanne-15x7-4156-52-polaris-yxz1000-77601,https://media.tarvike.com/product/images/77601/original/26964.png,179.0,"Koko: 15Pulttijako 4/156Offset: 5+2Eteen ja taakseYamaha YXZ1000 vm. 2019 ja uudemmat, mutterisarjalla 74-079",179.0,ITP,
4893672000,ITP Cyclone vanne 15x7 4/137 5+2,https://tarvike.com/product/itp-cyclone-vanne-15x7-4137-52-77600,https://media.tarvike.com/product/images/77600/original/26971.png,217.6,"Sopivuus: Can-AmKoko: 15""Pulttijako: 4/137Offset: 5+2Eteen ja taakse",217.6,ITP,
4893658000,"ITP Tornado vanne 17x7 4/110 5+2, mattamusta jyrsitty",https://tarvike.com/product/itp-tornado-vanne-17x7-4110-52-mattamusta-jyrsitty-77593,https://media.tarvike.com/product/images/77593/original/26974.jpg,199.0,"Sopivuus: CFMoto, Honda, Kawasaki, Suzuki, YamahaKoko: 17Pulttijako 4/110Offset 5+2Eteen ja taakseMattamusta, jyrsitty",199.0,ITP,
4893574000,CST mönkijän rengas Stryder CS06 26x11.00-14 6-Ply TL 57N,https://tarvike.com/product/cst-monkijan-rengas-stryder-cs06-26x1100-14-6-ply-tl-57n-77841,https://media.tarvike.com/product/images/77841/original/27261.png,162.0,CST Stryder CS06 rengas maantiekäyttöön.Koko: 26 x 10.00 - 14TaakseE-tieliikennehyväksytty,162.0,CST,
4893550000,CST C-829 mönkijän rengas 16x8.00-7,https://tarvike.com/product/cst-c-829-monkijan-rengas-16x800-7-77787,https://media.tarvike.com/product/images/77787/original/27193.jpg,44.1,Koko: 16 x 8.00 - 7Harja 10mm2 PREteen ja taakseE-tieliikennehyväksytty,44.1,CST,
4893534000,"ITP Hurricane vanne 14x7 4/110 5+2, mattamusta",https://tarvike.com/product/itp-hurricane-vanne-14x7-4110-52-mattamusta-77760,https://media.tarvike.com/product/images/77760/original/27155.jpg,189.0,"Sopivuus: CFMoto, Honda, Kawasaki, Suzuki, YamahaTuuma: 14""Pulttijako: 4/110Offset: 5+2Vanne eteen ja taakse",189.0,ITP,
4893527000,"ITP Hurricane vanne 12x7 4/110 5+2, mattamusta",https://tarvike.com/product/itp-hurricane-vanne-12x7-4110-52-mattamusta-77756,https://media.tarvike.com/product/images/77756/original/27154.jpg,159.0,"Sopivuus: CFMoto, Honda, Kawasaki, Suzuki, YamahaTuuma: 12""Pulttijako 4/110Offset: 5+2Eteen ja taakse",159.0,ITP,
4893521000,"ITP SS Alloy vanne 312 12x7 2+5 4/110, mattamusta machined",https://tarvike.com/product/itp-ss-alloy-vanne-312-12x7-25-4110-mattamusta-machined-77752,https://media.tarvike.com/product/images/77752/original/27152.jpg,154.0,"Koko: 12""Pulttijako: 4/110Takavanne",154.0,ITP,
4893502000,"ITP SS212 vanne 12x7 4/110 5+2, musta",https://tarvike.com/product/itp-ss212-vanne-12x7-4110-52-musta-77739,https://media.tarvike.com/product/images/77739/original/27123.jpg,166.0,"Sopivuus: CFMoto, Honda, Kawasaki, Suzuki, YamahaKoko: 12""Pulttijako 4/110Offset: 5+2Etu- ja takavanneKoneistettu, musta",166.0,ITP,
482114001,JOURNEY Rengas P376 28 x 12.00 - 12 6-Ply TL,https://tarvike.com/product/journey-rengas-p376-28-x-1200-12-6-ply-tl-130607,https://media.tarvike.com/product/images/130607/original/169791.jpg,194.4,6-kankainen mönkijän rengas 28x12 -12,194.4,Journey,
399749002,JOURNEY Nastoitettu rengas P350 26 x 9.00 - 12 6-Ply TL E-hyv.,https://tarvike.com/product/journey-nastoitettu-rengas-p350-26-x-900-12-6-ply-tl-e-hyv-130601,https://media.tarvike.com/product/images/130601/original/169784.jpg,181.2,Journeyn 6-kankainen 26x9 -12 mönkijän nastarengas.,181.2,Journey,
34566212000,Camso Pyörän ulosvetäjän työntöruuvin holkki,https://tarvike.com/product/camso-pyoran-ulosvetajan-tyontoruuvin-holkki-171619,https://media.tarvike.com/product/images/171619/original/196688.webp,83.0,,83.0,Camso,
34566211000,Camso Pyörän ulosvetäjän työntöruuvin holkki,https://tarvike.com/product/camso-pyoran-ulosvetajan-tyontoruuvin-holkki-171613,https://media.tarvike.com/product/images/171613/original/196684.webp,55.0,,55.0,Camso,
3094871001,"Bronco Levikepalat ATV 1"" 4/136,5 M10 X 1.25mm pari Musta",https://tarvike.com/product/bronco-levikepalat-atv-1-41365-m10-x-125mm-pari-musta-128926,https://media.tarvike.com/product/images/128926/original/167945.jpg,66.8,ATV Levikepalat,66.8,Bronco,
3094868001,"BSK Pyöränmutterisarja 3/8""-24 60° kartio",https://tarvike.com/product/bsk-pyoranmutterisarja-38-24-60-kartio-128923,https://media.tarvike.com/product/images/128923/original/167946.jpg,15.9,Pyöränmutterisarja 16kpl,15.9,{},
3094867001,"BSK Pyöränmutterisarja 12mm 60° kartio 1,50mm",https://tarvike.com/product/bsk-pyoranmutterisarja-12mm-60-kartio-150mm-128922,https://media.tarvike.com/product/images/128922/original/167946.jpg,19.5,Pyöränmutterisarja 16kpl,19.5,{},
3094865001,GKA Sand Mud Snow Levikepyörä (1kpl),https://tarvike.com/product/gka-sand-mud-snow-levikepyora-1kpl-79972,https://media.tarvike.com/product/images/79972/original/29426.jpg,193.0,"Jatkoelementit vanteelle. Näiden avulla mönkijän kantavuus parantuu pehmeissä ja upottavissa maastoissa. Nopea asennus, sisältää monipuoliset kiinnikkeet.",193.0,GKA,
3094863001,ITP Vanteen kapseli Hurricane,https://tarvike.com/product/itp-vanteen-kapseli-hurricane-77750,https://media.tarvike.com/product/images/77750/original/27146.jpg,7.0,"4/110, 4/115, 4/137, 4/156Pakkaus sisältää yhden kapselin",7.0,ITP,
3094862001,"Bronco Levikepalat UTV 2"" 4/137 M12 X 1.25mm pari Musta",https://tarvike.com/product/bronco-levikepalat-utv-2-4137-m12-x-125mm-pari-musta-128935,https://media.tarvike.com/product/images/128935/original/167945.jpg,107.3,UTV Levikepalat,107.3,Bronco,
3094861001,ITP Kapseli SS Alloy 312 4/156,https://tarvike.com/product/itp-kapseli-ss-alloy-312-4156-77749,https://media.tarvike.com/product/images/77749/original/27143.jpg,7.6,4/156Pakkaus sisältää yhden kapselin,7.6,ITP,
3094857001,"ITP Kapseli SS Alloy 312 4/110,4/115",https://tarvike.com/product/itp-kapseli-ss-alloy-312-41104115-77747,https://media.tarvike.com/product/images/77747/original/27153.jpg,7.6,"4/110,4/115Pakkaus sisältää yhden kapselin",7.6,ITP,
3094853001,"ITP Kapseli SS Alloy 4/110, 4/115",https://tarvike.com/product/itp-kapseli-ss-alloy-4110-4115-77735,https://media.tarvike.com/product/images/77735/original/27136.jpg,7.6,Pakaus sisältää yhden kapselin,7.6,ITP,
3094849001,"ITP Kapselisarja Delta kromattu 4/110, 4/115 4kpl",https://tarvike.com/product/itp-kapselisarja-delta-kromattu-4110-4115-4kpl-77731,https://media.tarvike.com/product/images/77731/original/27125.jpg,25.0,Varaosat ja lisävarusteet.,25.0,ITP,
3094846001,"ITP Kapselisarja 4/110, 4/115",https://tarvike.com/product/itp-kapselisarja-4110-4115-77728,https://media.tarvike.com/product/images/77728/original/27135.jpg,8.0,"C-5, C-6, C-74/110, 4/115Pakkaus sisältää neljä kapselia",8.0,ITP,
3094829001,Bronco levikepalat 2 4/115,https://tarvike.com/product/bronco-levikepalat-2-4115-77696,https://media.tarvike.com/product/images/77696/original/27093.jpg,89.1,"Arctic CatMyydään pareittain, sisältää mutterit ja pultit",89.1,Bronco,
22379891001,ITP Rengas Duracity 255/65R12 (25x10.00-12) 50N 6-Ply E TL,https://tarvike.com/product/itp-rengas-duracity-25565r12-25x1000-12-50n-6-ply-e-tl-162337,https://media.tarvike.com/product/images/162337/original/196673.webp,144.0,,144.0,ITP,
22379890001,ITP Rengas Duracity 205/80R12 (25x8.00-12) 43N 6-Ply E TL,https://tarvike.com/product/itp-rengas-duracity-20580r12-25x800-12-43n-6-ply-e-tl-162323,https://media.tarvike.com/product/images/162323/original/196673.webp,124.0,,124.0,ITP,
22331649000,"Bronco Satulanpäällinen, Suzuki",https://tarvike.com/product/bronco-satulanpaallinen-suzuki-130630,https://media.tarvike.com/product/images/130630/original/169792.jpg,50.6,,50.6,Bronco,
22331644000,"Bronco Satulanpäällinen, Honda",https://tarvike.com/product/bronco-satulanpaallinen-honda-130627,https://media.tarvike.com/product/images/130627/original/169792.jpg,59.8,,59.8,Bronco,
2167639001,ITP Mönkijän Rengas Intersect 32x10.00R15 NHS 8PR TL,https://tarvike.com/product/itp-monkijan-rengas-intersect-32x1000r15-nhs-8pr-tl-127653,https://media.tarvike.com/product/images/127653/original/167409.jpg,309.0,32x10.00R15 NHS 8PR TL,309.0,ITP,
2167638001,ITP Mönkijän Rengas Coyote 255/85R15 M/C MST (32x10.00R15) 81M 8PR TL E-hyv.,https://tarvike.com/product/itp-monkijan-rengas-coyote-25585r15-mc-mst-32x1000r15-81m-8pr-tl-e-hyv-127652,https://media.tarvike.com/product/images/127652/original/167403.png,239.0,255/85R15 M/C MST (32x10.00R15) 81M 8PR TL E-hyv.,239.0,ITP,
2167637001,ITP Mönkijän Rengas Coyote 255/90R15 M/C MST (33x10.00R15) 79M 8PR TL E-hyv.,https://tarvike.com/product/itp-monkijan-rengas-coyote-25590r15-mc-mst-33x1000r15-79m-8pr-tl-e-hyv-127651,https://media.tarvike.com/product/images/127651/original/167403.png,249.0,255/90R15 M/C MST (33x10.00R15) 79M 8PR TL E-hyv.,249.0,ITP,
2167634001,ITP Rengas Blackwater Evolution 25x11.00-R12 8-Ply,https://tarvike.com/product/itp-rengas-blackwater-evolution-25x1100-r12-8-ply-127678,https://media.tarvike.com/product/images/127678/original/167406.jpg,228.0,"Black Water Evolution on aivan uudentyyppinen rengas, asettaen uudet standardit jatkuvasti kasvavalle UTV-segmentille. Harja 26mm. 8-kankainen. Uudentyyppinen pinta kuvioineen ja ”Tough Tread” -kumiseos tuo erinomaisen pidon pitäen samalla ajon sulavana ja tasapainoisena. Reunat erikoisvahvistettu. Valmistettu USA:ssa.",228.0,ITP,
2167633001,CST Mönkijän Rengas CU98 Sludge Hammer 30 x 10.00 - R12 6-Ply M+S E-hyv. 85F,https://tarvike.com/product/cst-monkijan-rengas-cu98-sludge-hammer-30-x-1000-r12-6-ply-ms-e-hyv-85f-115982,https://media.tarvike.com/product/images/115982/original/167416.jpg,316.7,CSTSludge Hammer mutarengas on suunniteltu äärimmäisiin maasto-olosuhteisiin.Korkeat nappulat takaa erinomaisen suorituskyvyn mudassa.,316.7,CST,
2167629001,ITP Mönkijän Rengas Terra Hook 280/65R14 M/C MST (28x11.00R14) 71M 8PR TL E-hyv.,https://tarvike.com/product/itp-monkijan-rengas-terra-hook-28065r14-mc-mst-28x1100r14-71m-8pr-tl-e-hyv-127672,https://media.tarvike.com/product/images/127672/original/167398.jpg,247.0,280/65R14 M/C MST (28x11.00R14) 71M 8PR TL E-hyv.,247.0,ITP,
2167623001,ITP Mönkijän Rengas Versa Cross V3 255/70R14 M/C MST (28x10.00R14) 63M 8PR TL E-hyv.,https://tarvike.com/product/itp-monkijan-rengas-versa-cross-v3-25570r14-mc-mst-28x1000r14-63m-8pr-tl-e-hyv-127661,https://media.tarvike.com/product/images/127661/original/167408.jpg,274.0,V3 255/70R14 M/C MST (28x10.00R14) 63M 8PR TL E-hyv.,274.0,ITP,
2167622001,CST Mönkijän Rengas CU98 Sludge Hammer 32 x 10.00 - R14 6-Ply M+S E-hyv. 88F,https://tarvike.com/product/cst-monkijan-rengas-cu98-sludge-hammer-32-x-1000-r14-6-ply-ms-e-hyv-88f-127660,https://media.tarvike.com/product/images/127660/original/167405.jpg,140.0,CSTSludge Hammer mutarengas on suunniteltu äärimmäisiin maasto-olosuhteisiin.Korkeat nappulat takaa erinomaisen suorituskyvyn mudassa.,140.0,CST,
2167620001,ITP Mönkijän Rengas Intersect 30x10.00R14 NHS 8PR TL,https://tarvike.com/product/itp-monkijan-rengas-intersect-30x1000r14-nhs-8pr-tl-127656,https://media.tarvike.com/product/images/127656/original/167409.jpg,295.0,30x10.00R14 NHS 8PR TL,295.0,ITP,
2167619001,CST Mönkijän Rengas CU98 Sludge Hammer 30 x 10.00 - R14 6-Ply M+S E-hyv. 84F,https://tarvike.com/product/cst-monkijan-rengas-cu98-sludge-hammer-30-x-1000-r14-6-ply-ms-e-hyv-84f-115983,https://media.tarvike.com/product/images/115983/original/167416.jpg,320.4,CSTSludge Hammer mutarengas on suunniteltu äärimmäisiin maasto-olosuhteisiin.Korkeat nappulat takaa erinomaisen suorituskyvyn mudassa.,320.4,CST,
19733767002,GKA Jerrykannu 20L Punainen Polaris RZR Pro,https://tarvike.com/product/gka-jerrykannu-20l-punainen-polaris-rzr-pro-79964,https://media.tarvike.com/product/images/79964/original/29412.jpg,118.0,"Paino: 2,8kg / 6,17lbsMitat: 765 x 390 x 220mm / 30,12*15,35*8,66Tilavuus 20l / 5,28gal",118.0,GKA,
1920322000,JOURNEY Mönkijän Rengas P361 22 x 10.00 - 10 4-Ply TL E-hyv.,https://tarvike.com/product/journey-monkijan-rengas-p361-22-x-1000-10-4-ply-tl-e-hyv-119234,https://media.tarvike.com/product/images/119234/original/167422.jpg,85.1,- ATV- Koko 22 X 10 - 10- Tubeless.- 4 pr kankainen.- Kuvion korkeus 10mm- Tieliikenne hyväksytty,85.1,Journey,
19140576002,Camso X4S mönkijän telarungot ATV/UTV,https://tarvike.com/product/camso-x4s-monkijan-telarungot-atvutv-79251,https://media.tarvike.com/product/images/79251/original/28247.jpg,5995.0,"Uusi Camso  X4S on seuraavan sukupolven telarunko, joka tarjoaa erinomaista monipuolisuutta ja vakautta kaikenlaisessa maastossa vuoden ympäri. X4S telarunko täyttää kaikki valikoivan ATV-/UTV kuljettajien vaatimukset. Huolteton ratkaisu parasta suorituskykyä varten mönkijällä.Asennussarjat myydään erikseen. Mallikohtaisen asennussarjan sopivuus löytyy asennussarjojen lisätiedoista.",5995.0,Camso,
19140575002,Camso X4S mönkijän telarungot ATV/UTV,https://tarvike.com/product/camso-x4s-monkijan-telarungot-atvutv-79250,https://media.tarvike.com/product/images/79250/original/28245.jpg,5995.0,"Uusi Camso  X4S on seuraavan sukupolven telarunko, joka tarjoaa erinomaista monipuolisuutta ja vakautta kaikenlaisessa maastossa vuoden ympäri. X4S telarunko täyttää kaikki valikoivan ATV-/UTV kuljettajien vaatimukset. Huolteton ratkaisu parasta suorituskykyä varten mönkijällä.Asennussarjat myydään erikseen. Mallikohtaisen asennussarjan sopivuus löytyy asennussarjojen lisätiedoista.",5995.0,Camso,
19140573002,Camso X4S mönkijän telarungot ATV/UTV,https://tarvike.com/product/camso-x4s-monkijan-telarungot-atvutv-79248,https://media.tarvike.com/product/images/79248/original/28237.jpg,5995.0,"Uusi Camso  X4S on seuraavan sukupolven telarunko, joka tarjoaa erinomaista monipuolisuutta ja vakautta kaikenlaisessa maastossa vuoden ympäri. X4S telarunko täyttää kaikki valikoivan ATV-/UTV kuljettajien vaatimukset. Huolteton ratkaisu parasta suorituskykyä varten mönkijällä.Asennussarjat myydään erikseen. Mallikohtaisen asennussarjan sopivuus löytyy asennussarjojen lisätiedoista.",5995.0,Camso,
19140571002,Camso X4S mönkijän telarungot ATV/UTV,https://tarvike.com/product/camso-x4s-monkijan-telarungot-atvutv-79246,https://media.tarvike.com/product/images/79246/original/28246.jpg,5995.0,"Uusi Camso  X4S on seuraavan sukupolven telarunko, joka tarjoaa erinomaista monipuolisuutta ja vakautta kaikenlaisessa maastossa vuoden ympäri. X4S telarunko täyttää kaikki valikoivan ATV-/UTV kuljettajien vaatimukset. Huolteton ratkaisu parasta suorituskykyä varten mönkijällä.Asennussarjat myydään erikseen. Mallikohtaisen asennussarjan sopivuus löytyy asennussarjojen lisätiedoista.",5995.0,Camso,
19140570002,Camso X4S mönkijän telarungot ATV/UTV,https://tarvike.com/product/camso-x4s-monkijan-telarungot-atvutv-79245,https://media.tarvike.com/product/images/79245/original/28241.jpg,5995.0,"Uusi Camso  X4S on seuraavan sukupolven telarunko, joka tarjoaa erinomaista monipuolisuutta ja vakautta kaikenlaisessa maastossa vuoden ympäri. X4S telarunko täyttää kaikki valikoivan ATV-/UTV kuljettajien vaatimukset. Huolteton ratkaisu parasta suorituskykyä varten mönkijällä.Asennussarjat myydään erikseen. Mallikohtaisen asennussarjan sopivuus löytyy asennussarjojen lisätiedoista.",5995.0,Camso,
19140569002,Camso X4S mönkijän telarungot ATV/UTV,https://tarvike.com/product/camso-x4s-monkijan-telarungot-atvutv-79244,https://media.tarvike.com/product/images/79244/original/28238.jpg,5995.0,"Uusi Camso  X4S on seuraavan sukupolven telarunko, joka tarjoaa erinomaista monipuolisuutta ja vakautta kaikenlaisessa maastossa vuoden ympäri. X4S telarunko täyttää kaikki valikoivan ATV-/UTV kuljettajien vaatimukset. Huolteton ratkaisu parasta suorituskykyä varten mönkijällä.Asennussarjat myydään erikseen. Mallikohtaisen asennussarjan sopivuus löytyy asennussarjojen lisätiedoista.",5995.0,Camso,
19140568002,Camso X4S mönkijän telarungot ATV/UTV,https://tarvike.com/product/camso-x4s-monkijan-telarungot-atvutv-79243,https://media.tarvike.com/product/images/79243/original/28234.jpg,5995.0,"Uusi Camso  X4S on seuraavan sukupolven telarunko, joka tarjoaa erinomaista monipuolisuutta ja vakautta kaikenlaisessa maastossa vuoden ympäri. X4S telarunko täyttää kaikki valikoivan ATV-/UTV kuljettajien vaatimukset. Huolteton ratkaisu parasta suorituskykyä varten mönkijällä.Asennussarjat myydään erikseen. Mallikohtaisen asennussarjan sopivuus löytyy asennussarjojen lisätiedoista.",5995.0,Camso,
19140567002,Camso X4S mönkijän telarungot ATV/UTV,https://tarvike.com/product/camso-x4s-monkijan-telarungot-atvutv-79242,https://media.tarvike.com/product/images/79242/original/28230.jpg,5995.0,"Uusi Camso  X4S on seuraavan sukupolven telarunko, joka tarjoaa erinomaista monipuolisuutta ja vakautta kaikenlaisessa maastossa vuoden ympäri. X4S telarunko täyttää kaikki valikoivan ATV-/UTV kuljettajien vaatimukset. Huolteton ratkaisu parasta suorituskykyä varten mönkijällä.Asennussarjat myydään erikseen. Mallikohtaisen asennussarjan sopivuus löytyy asennussarjojen lisätiedoista.",5995.0,Camso,
19140565002,Camso X4S mönkijän telarungot ATV/UTV,https://tarvike.com/product/camso-x4s-monkijan-telarungot-atvutv-79240,https://media.tarvike.com/product/images/79240/original/28217.jpg,5995.0,"Uusi Camso  X4S on seuraavan sukupolven telarunko, joka tarjoaa erinomaista monipuolisuutta ja vakautta kaikenlaisessa maastossa vuoden ympäri. X4S telarunko täyttää kaikki valikoivan ATV-/UTV kuljettajien vaatimukset. Huolteton ratkaisu parasta suorituskykyä varten mönkijällä.Mallikohtaisen kiinnityssarjan sopivuus löytyy kiinnityssarjojen lisätiedoista.",5995.0,Camso,
19140563002,Camso X4S mönkijän telarungot ATV/UTV,https://tarvike.com/product/camso-x4s-monkijan-telarungot-atvutv-79238,https://media.tarvike.com/product/images/79238/original/28211.jpg,5995.0,"Uusi Camso  X4S on seuraavan sukupolven telarunko, joka tarjoaa erinomaista monipuolisuutta ja vakautta kaikenlaisessa maastossa vuoden ympäri. X4S telarunko täyttää kaikki valikoivan ATV-/UTV kuljettajien vaatimukset. Huolteton ratkaisu parasta suorituskykyä varten mönkijällä.Asennussarjat myydään erikseen. Mallikohtaisen asennussarjan sopivuus löytyy asennussarjojen lisätiedoista.",5995.0,Camso,
19140562002,Camso X4S mönkijän telarungot ATV/UTV,https://tarvike.com/product/camso-x4s-monkijan-telarungot-atvutv-79237,https://media.tarvike.com/product/images/79237/original/28222.jpg,5995.0,"Uusi Camso  X4S on seuraavan sukupolven telarunko, joka tarjoaa erinomaista monipuolisuutta ja vakautta kaikenlaisessa maastossa vuoden ympäri. X4S telarunko täyttää kaikki valikoivan ATV-/UTV kuljettajien vaatimukset. Huolteton ratkaisu parasta suorituskykyä varten mönkijällä.Asennussarjat myydään erikseen. Mallikohtaisen asennussarjan sopivuus löytyy asennussarjojen lisätiedoista.",5995.0,Camso,
19140560002,Camso X4S mönkijän telarungot ATV/UTV,https://tarvike.com/product/camso-x4s-monkijan-telarungot-atvutv-79235,https://media.tarvike.com/product/images/79235/original/28216.jpg,5995.0,"Uusi Camso  X4S on seuraavan sukupolven telarunko, joka tarjoaa erinomaista monipuolisuutta ja vakautta kaikenlaisessa maastossa vuoden ympäri. X4S telarunko täyttää kaikki valikoivan ATV-/UTV kuljettajien vaatimukset. Huolteton ratkaisu parasta suorituskykyä varten mönkijällä.Asennussarjat myydään erikseen. Mallikohtaisen asennussarjan sopivuus löytyy asennussarjojen lisätiedoista.",5995.0,Camso,
19140559002,Camso X4S mönkijän telarungot ATV/UTV,https://tarvike.com/product/camso-x4s-monkijan-telarungot-atvutv-79234,https://media.tarvike.com/product/images/79234/original/28212.jpg,5995.0,"Uusi Camso  X4S on seuraavan sukupolven telarunko, joka tarjoaa erinomaista monipuolisuutta ja vakautta kaikenlaisessa maastossa vuoden ympäri. X4S telarunko täyttää kaikki valikoivan ATV-/UTV kuljettajien vaatimukset. Huolteton ratkaisu parasta suorituskykyä varten mönkijällä.Asennussarjat myydään erikseen. Mallikohtaisen asennussarjan sopivuus löytyy asennussarjojen lisätiedoista.",5995.0,Camso,
19140558002,Camso X4S mönkijän telarungot ATV/UTV,https://tarvike.com/product/camso-x4s-monkijan-telarungot-atvutv-79233,https://media.tarvike.com/product/images/79233/original/28208.jpg,5995.0,"Uusi Camso  X4S on seuraavan sukupolven telarunko, joka tarjoaa erinomaista monipuolisuutta ja vakautta kaikenlaisessa maastossa vuoden ympäri. X4S telarunko täyttää kaikki valikoivan ATV-/UTV kuljettajien vaatimukset. Huolteton ratkaisu parasta suorituskykyä varten mönkijällä.Asennussarjat myydään erikseen. Mallikohtaisen asennussarjan sopivuus löytyy asennussarjojen lisätiedoista.",5995.0,Camso,
19140557002,Camso  4S1 mönkijän telarungot UTV,https://tarvike.com/product/camso-4s1-monkijan-telarungot-utv-79232,https://media.tarvike.com/product/images/79232/original/28227.jpg,7425.0,"Uusi Camso 4S1 UTV telarungoissa riittää suorituskyky kaikissa olosuhteissa. Tämä telarunkosarja on yksinkertaisesti ainutlaatuinen ajamisen laadun, suorituskyvyn, kestävyyden ja helppokäyttöisyyden suhteen. Se on paras valinta kaikkeen käyttöön syvässä lumessa, soisessa maastossa, mudassa ja hetteikössä.Asennussarjat myydään erikseen. Mallikohtaisen asennussarjan sopivuus löytyy asennussarjojen lisätiedoista.",7425.0,Camso,
19140556002,Camso  4S1 mönkijän telarungot UTV,https://tarvike.com/product/camso-4s1-monkijan-telarungot-utv-79231,https://media.tarvike.com/product/images/79231/original/28223.jpg,7425.0,"Uusi Camso 4S1 UTV telarungoissa riittää suorituskyky kaikissa olosuhteissa. Tämä telarunkosarja on yksinkertaisesti ainutlaatuinen ajamisen laadun, suorituskyvyn, kestävyyden ja helppokäyttöisyyden suhteen. Se on paras valinta kaikkeen käyttöön syvässä lumessa, soisessa maastossa, mudassa ja hetteikössä.Asennussarjat myydään erikseen. Mallikohtaisen asennussarjan sopivuus löytyy asennussarjojen lisätiedoista.",7425.0,Camso,
19140555002,Camso  4S1 mönkijän telarungot UTV,https://tarvike.com/product/camso-4s1-monkijan-telarungot-utv-79230,https://media.tarvike.com/product/images/79230/original/28218.jpg,7425.0,"Uusi Camso 4S1 UTV telarungoissa riittää suorituskyky kaikissa olosuhteissa. Tämä telarunkosarja on yksinkertaisesti ainutlaatuinen ajamisen laadun, suorituskyvyn, kestävyyden ja helppokäyttöisyyden suhteen. Se on paras valinta kaikkeen käyttöön syvässä lumessa, soisessa maastossa, mudassa ja hetteikössä.Asennussarjat myydään erikseen. Mallikohtaisen asennussarjan sopivuus löytyy asennussarjojen lisätiedoista.",7425.0,Camso,
19140554002,Camso  4S1 mönkijän telarungot UTV,https://tarvike.com/product/camso-4s1-monkijan-telarungot-utv-79229,https://media.tarvike.com/product/images/79229/original/28213.jpg,7425.0,"Uusi Camso 4S1 UTV telarungoissa riittää suorituskyky kaikissa olosuhteissa. Tämä telarunkosarja on yksinkertaisesti ainutlaatuinen ajamisen laadun, suorituskyvyn, kestävyyden ja helppokäyttöisyyden suhteen. Se on paras valinta kaikkeen käyttöön syvässä lumessa, soisessa maastossa, mudassa ja hetteikössä.Asennussarjat myydään erikseen. Mallikohtaisen asennussarjan sopivuus löytyy asennussarjojen lisätiedoista.",7425.0,Camso,
19140553002,Camso  4S1 mönkijän telarungot UTV,https://tarvike.com/product/camso-4s1-monkijan-telarungot-utv-79228,https://media.tarvike.com/product/images/79228/original/28209.jpg,7425.0,"Uusi Camso 4S1 UTV telarungoissa riittää suorituskyky kaikissa olosuhteissa. Tämä telarunkosarja on yksinkertaisesti ainutlaatuinen ajamisen laadun, suorituskyvyn, kestävyyden ja helppokäyttöisyyden suhteen. Se on paras valinta kaikkeen käyttöön syvässä lumessa, soisessa maastossa, mudassa ja hetteikössä.Asennussarjat myydään erikseen. Mallikohtaisen asennussarjan sopivuus löytyy asennussarjojen lisätiedoista.",7425.0,Camso,
19140552002,Camso  4S1 mönkijän telarungot UTV,https://tarvike.com/product/camso-4s1-monkijan-telarungot-utv-79227,https://media.tarvike.com/product/images/79227/original/28226.jpg,7425.0,"Uusi Camso 4S1 UTV telarungoissa riittää suorituskyky kaikissa olosuhteissa. Tämä telarunkosarja on yksinkertaisesti ainutlaatuinen ajamisen laadun, suorituskyvyn, kestävyyden ja helppokäyttöisyyden suhteen. Se on paras valinta kaikkeen käyttöön syvässä lumessa, soisessa maastossa, mudassa ja hetteikössä.Asennussarjat myydään erikseen. Mallikohtaisen asennussarjan sopivuus löytyy asennussarjojen lisätiedoista.",7425.0,Camso,
19140551002,Camso  4S1 mönkijän telarungot UTV,https://tarvike.com/product/camso-4s1-monkijan-telarungot-utv-79226,https://media.tarvike.com/product/images/79226/original/28224.jpg,7425.0,"Uusi Camso 4S1 UTV telarungoissa riittää suorituskyky kaikissa olosuhteissa. Tämä telarunkosarja on yksinkertaisesti ainutlaatuinen ajamisen laadun, suorituskyvyn, kestävyyden ja helppokäyttöisyyden suhteen. Se on paras valinta kaikkeen käyttöön syvässä lumessa, soisessa maastossa, mudassa ja hetteikössä.Asennussarjat myydään erikseen. Mallikohtaisen asennussarjan sopivuus löytyy asennussarjojen lisätiedoista.",7425.0,Camso,
19140549002,Camso  4S1 mönkijän telarungot UTV,https://tarvike.com/product/camso-4s1-monkijan-telarungot-utv-79224,https://media.tarvike.com/product/images/79224/original/28215.jpg,7425.0,"Uusi Camso 4S1 UTV telarungoissa riittää suorituskyky kaikissa olosuhteissa. Tämä telarunkosarja on yksinkertaisesti ainutlaatuinen ajamisen laadun, suorituskyvyn, kestävyyden ja helppokäyttöisyyden suhteen. Se on paras valinta kaikkeen käyttöön syvässä lumessa, soisessa maastossa, mudassa ja hetteikössä.Asennussarjat myydään erikseen. Mallikohtaisen asennussarjan sopivuus löytyy asennussarjojen lisätiedoista.",7425.0,Camso,
19140548002,Camso  4S1 mönkijän telarungot UTV,https://tarvike.com/product/camso-4s1-monkijan-telarungot-utv-79223,https://media.tarvike.com/product/images/79223/original/28210.jpg,7425.0,"Uusi Camso 4S1 UTV telarungoissa riittää suorituskyky kaikissa olosuhteissa. Tämä telarunkosarja on yksinkertaisesti ainutlaatuinen ajamisen laadun, suorituskyvyn, kestävyyden ja helppokäyttöisyyden suhteen. Se on paras valinta kaikkeen käyttöön syvässä lumessa, soisessa maastossa, mudassa ja hetteikössä.Asennussarjat myydään erikseen. Mallikohtaisen asennussarjan sopivuus löytyy asennussarjojen lisätiedoista.",7425.0,Camso,
19140547002,Camso  4S1 mönkijän telarungot UTV,https://tarvike.com/product/camso-4s1-monkijan-telarungot-utv-79222,https://media.tarvike.com/product/images/79222/original/28205.jpg,7425.0,"Uusi Camso 4S1 UTV telarungoissa riittää suorituskyky kaikissa olosuhteissa. Tämä telarunkosarja on yksinkertaisesti ainutlaatuinen ajamisen laadun, suorituskyvyn, kestävyyden ja helppokäyttöisyyden suhteen. Se on paras valinta kaikkeen käyttöön syvässä lumessa, soisessa maastossa, mudassa ja hetteikössä.Asennussarjat myydään erikseen. Mallikohtaisen asennussarjan sopivuus löytyy asennussarjojen lisätiedoista.",7425.0,Camso,
19140546002,Camso  4S1 mönkijän telarungot UTV,https://tarvike.com/product/camso-4s1-monkijan-telarungot-utv-79221,https://media.tarvike.com/product/images/79221/original/28202.jpg,7425.0,"Uusi Camso 4S1 UTV telarungoissa riittää suorituskyky kaikissa olosuhteissa. Tämä telarunkosarja on yksinkertaisesti ainutlaatuinen ajamisen laadun, suorituskyvyn, kestävyyden ja helppokäyttöisyyden suhteen. Se on paras valinta kaikkeen käyttöön syvässä lumessa, soisessa maastossa, mudassa ja hetteikössä.Asennussarjat myydään erikseen. Mallikohtaisen asennussarjan sopivuus löytyy asennussarjojen lisätiedoista.",7425.0,Camso,
19140545002,Camso  4S1 mönkijän telarungot UTV,https://tarvike.com/product/camso-4s1-monkijan-telarungot-utv-79220,https://media.tarvike.com/product/images/79220/original/28197.jpg,7425.0,"Uusi Camso 4S1 UTV telarungoissa riittää suorituskyky kaikissa olosuhteissa. Tämä telarunkosarja on yksinkertaisesti ainutlaatuinen ajamisen laadun, suorituskyvyn, kestävyyden ja helppokäyttöisyyden suhteen. Se on paras valinta kaikkeen käyttöön syvässä lumessa, soisessa maastossa, mudassa ja hetteikössä.Asennussarjat myydään erikseen. Mallikohtaisen asennussarjan sopivuus löytyy asennussarjojen lisätiedoista.",7425.0,Camso,
19140543002,Camso  4S1 mönkijän telarungot UTV,https://tarvike.com/product/camso-4s1-monkijan-telarungot-utv-79218,https://media.tarvike.com/product/images/79218/original/28188.jpg,7425.0,"Uusi Camso 4S1 UTV telarungoissa riittää suorituskyky kaikissa olosuhteissa. Tämä telarunkosarja on yksinkertaisesti ainutlaatuinen ajamisen laadun, suorituskyvyn, kestävyyden ja helppokäyttöisyyden suhteen. Se on paras valinta kaikkeen käyttöön syvässä lumessa, soisessa maastossa, mudassa ja hetteikössä.Asennussarjat myydään erikseen. Mallikohtaisen asennussarjan sopivuus löytyy asennussarjojen lisätiedoista.",7425.0,Camso,
19140542002,Camso  4S1 mönkijän telarungot UTV,https://tarvike.com/product/camso-4s1-monkijan-telarungot-utv-79217,https://media.tarvike.com/product/images/79217/original/28204.jpg,7425.0,"Uusi Camso 4S1 UTV telarungoissa riittää suorituskyky kaikissa olosuhteissa. Tämä telarunkosarja on yksinkertaisesti ainutlaatuinen ajamisen laadun, suorituskyvyn, kestävyyden ja helppokäyttöisyyden suhteen. Se on paras valinta kaikkeen käyttöön syvässä lumessa, soisessa maastossa, mudassa ja hetteikössä.Asennussarjat myydään erikseen. Mallikohtaisen asennussarjan sopivuus löytyy asennussarjojen lisätiedoista.",7425.0,Camso,
19140538002,Camso/TJD mönkijän telasarjan kiinnityssarja,https://tarvike.com/product/camsotjd-monkijan-telasarjan-kiinnityssarja-79205,https://media.tarvike.com/product/images/79205/original/28199.jpg,570.0,Mönkijöiden kiinnityssarjat Camso X4S ATV/UTV ja  R4S ATV telarunkoihin. Sopivuustaulukko alla tiedostossa.,570.0,Camso,
19140537002,Camso/TJD mönkijän telasarjan kiinnityssarja,https://tarvike.com/product/camsotjd-monkijan-telasarjan-kiinnityssarja-79204,https://media.tarvike.com/product/images/79204/original/28194.jpg,570.0,Mönkijöiden kiinnityssarjat Camso X4S ATV/UTV ja  R4S ATV telarunkoihin. Sopivuustaulukko alla tiedostossa.,570.0,Camso,
19140535002,Camso/TJD mönkijän telasarjan kiinnityssarja,https://tarvike.com/product/camsotjd-monkijan-telasarjan-kiinnityssarja-79202,https://media.tarvike.com/product/images/79202/original/28185.jpg,570.0,Mönkijöiden kiinnityssarjat Camso X4S ATV/UTV ja  R4S ATV telarunkoihin. Sopivuustaulukko alla tiedostossa.,570.0,Camso,
19140534002,Camso/TJD mönkijän telasarjan kiinnityssarja,https://tarvike.com/product/camsotjd-monkijan-telasarjan-kiinnityssarja-79201,https://media.tarvike.com/product/images/79201/original/28173.jpg,570.0,Mönkijöiden kiinnityssarjat Camso X4S ATV/UTV ja  R4S ATV telarunkoihin. Sopivuustaulukko alla tiedostossa.,570.0,Camso,
19140533002,Camso/TJD mönkijän telasarjan kiinnityssarja,https://tarvike.com/product/camsotjd-monkijan-telasarjan-kiinnityssarja-79200,https://media.tarvike.com/product/images/79200/original/28170.jpg,570.0,Mönkijöiden kiinnityssarjat Camso X4S ATV/UTV ja  R4S ATV telarunkoihin. Sopivuustaulukko alla tiedostossa.,570.0,Camso,
19140532002,Camso/TJD mönkijän telasarjan kiinnityssarja,https://tarvike.com/product/camsotjd-monkijan-telasarjan-kiinnityssarja-79199,https://media.tarvike.com/product/images/79199/original/28179.jpg,570.0,Mönkijöiden kiinnityssarjat Camso X4S ATV/UTV ja  R4S ATV telarunkoihin. Sopivuustaulukko alla tiedostossa.,570.0,Camso,
19140528002,Camso/TJD mönkijän telasarjan kiinnityssarja,https://tarvike.com/product/camsotjd-monkijan-telasarjan-kiinnityssarja-79195,https://media.tarvike.com/product/images/79195/original/28182.jpg,570.0,Mönkijöiden kiinnityssarjat Camso X4S ATV/UTV ja  R4S ATV telarunkoihin. Sopivuustaulukko alla tiedostossa.,570.0,Camso,
19140524002,Camso/TJD mönkijän telasarjan kiinnityssarja,https://tarvike.com/product/camsotjd-monkijan-telasarjan-kiinnityssarja-79191,https://media.tarvike.com/product/images/79191/original/28177.jpg,570.0,Mönkijöiden kiinnityssarjat Camso X4S ATV/UTV ja  R4S ATV telarunkoihin. Sopivuustaulukko alla tiedostossa.,570.0,Camso,
19140523002,Camso/TJD mönkijän telasarjan kiinnityssarja,https://tarvike.com/product/camsotjd-monkijan-telasarjan-kiinnityssarja-79190,https://media.tarvike.com/product/images/79190/original/28169.jpg,570.0,Mönkijöiden kiinnityssarjat Camso X4S ATV/UTV ja  R4S ATV telarunkoihin. Sopivuustaulukko alla tiedostossa.,570.0,Camso,
19140518002,Camso/TJD mönkijän telasarjan kiinnityssarja,https://tarvike.com/product/camsotjd-monkijan-telasarjan-kiinnityssarja-79185,https://media.tarvike.com/product/images/79185/original/28153.jpg,570.0,Mönkijöiden kiinnityssarjat Camso X4S ATV/UTV ja  R4S ATV telarunkoihin. Sopivuustaulukko alla tiedostossa.,570.0,Camso,
19140517002,Camso/TJD mönkijän telasarjan kiinnityssarja,https://tarvike.com/product/camsotjd-monkijan-telasarjan-kiinnityssarja-79184,https://media.tarvike.com/product/images/79184/original/28150.jpg,570.0,Mönkijöiden kiinnityssarjat Camso X4S ATV/UTV ja  R4S ATV telarunkoihin. Sopivuustaulukko alla tiedostossa.,570.0,Camso,
19140516002,Camso/TJD mönkijän telasarjan kiinnityssarja,https://tarvike.com/product/camsotjd-monkijan-telasarjan-kiinnityssarja-79183,https://media.tarvike.com/product/images/79183/original/28162.jpg,570.0,Mönkijöiden kiinnityssarjat Camso X4S ATV/UTV ja  R4S ATV telarunkoihin. Sopivuustaulukko alla tiedostossa.,570.0,Camso,
19140515002,Camso/TJD mönkijän telasarjan kiinnityssarja,https://tarvike.com/product/camsotjd-monkijan-telasarjan-kiinnityssarja-79182,https://media.tarvike.com/product/images/79182/original/28157.jpg,570.0,Mönkijöiden kiinnityssarjat Camso X4S ATV/UTV ja  R4S ATV telarunkoihin. Sopivuustaulukko alla tiedostossa.,570.0,Camso,
19140514002,Camso/TJD mönkijän telasarjan kiinnityssarja,https://tarvike.com/product/camsotjd-monkijan-telasarjan-kiinnityssarja-79181,https://media.tarvike.com/product/images/79181/original/28161.jpg,570.0,Mönkijöiden kiinnityssarjat Camso X4S ATV/UTV ja  R4S ATV telarunkoihin. Sopivuustaulukko alla tiedostossa.,570.0,Camso,
19140513002,Camso/TJD mönkijän telasarjan kiinnityssarja,https://tarvike.com/product/camsotjd-monkijan-telasarjan-kiinnityssarja-79180,https://media.tarvike.com/product/images/79180/original/28155.jpg,570.0,Mönkijöiden kiinnityssarjat Camso X4S ATV/UTV ja  R4S ATV telarunkoihin. Sopivuustaulukko alla tiedostossa.,570.0,Camso,
19140512002,Camso/TJD mönkijän telasarjan kiinnityssarja,https://tarvike.com/product/camsotjd-monkijan-telasarjan-kiinnityssarja-79179,https://media.tarvike.com/product/images/79179/original/28148.jpg,570.0,Mönkijöiden kiinnityssarjat Camso X4S ATV/UTV ja  R4S ATV telarunkoihin. Sopivuustaulukko alla tiedostossa.,570.0,Camso,
19140511002,Camso/TJD mönkijän telasarjan kiinnityssarja,https://tarvike.com/product/camsotjd-monkijan-telasarjan-kiinnityssarja-79178,https://media.tarvike.com/product/images/79178/original/28147.jpg,570.0,Mönkijöiden kiinnityssarjat Camso X4S ATV/UTV ja  R4S ATV telarunkoihin. Sopivuustaulukko alla tiedostossa.,570.0,Camso,
19140510002,Camso/TJD mönkijän telasarjan kiinnityssarja,https://tarvike.com/product/camsotjd-monkijan-telasarjan-kiinnityssarja-79177,https://media.tarvike.com/product/images/79177/original/28137.jpg,570.0,Mönkijöiden kiinnityssarjat Camso X4S ATV/UTV ja  R4S ATV telarunkoihin. Sopivuustaulukko alla tiedostossa.,570.0,Camso,
19140509002,Camso/TJD mönkijän telasarjan kiinnityssarja,https://tarvike.com/product/camsotjd-monkijan-telasarjan-kiinnityssarja-79176,https://media.tarvike.com/product/images/79176/original/28141.jpg,570.0,Mönkijöiden kiinnityssarjat Camso X4S ATV/UTV ja  R4S ATV telarunkoihin. Sopivuustaulukko alla tiedostossa.,570.0,Camso,
19140507002,Camso/TJD mönkijän telasarjan kiinnityssarja,https://tarvike.com/product/camsotjd-monkijan-telasarjan-kiinnityssarja-79174,https://media.tarvike.com/product/images/79174/original/28143.jpg,570.0,Mönkijöiden kiinnityssarjat Camso X4S ATV/UTV ja  R4S ATV telarunkoihin. Sopivuustaulukko alla tiedostossa.,570.0,Camso,
19140505002,Camso/TJD mönkijän telasarjan kiinnityssarja,https://tarvike.com/product/camsotjd-monkijan-telasarjan-kiinnityssarja-79171,https://media.tarvike.com/product/images/79171/original/28132.jpg,570.0,Mönkijöiden kiinnityssarjat Camso X4S ATV/UTV ja  R4S ATV telarunkoihin. Sopivuustaulukko alla tiedostossa.,570.0,Camso,
19140504002,Camso/TJD mönkijän telasarjan kiinnityssarja,https://tarvike.com/product/camsotjd-monkijan-telasarjan-kiinnityssarja-79170,https://media.tarvike.com/product/images/79170/original/28125.jpg,570.0,Mönkijöiden kiinnityssarjat Camso X4S ATV/UTV ja  R4S ATV telarunkoihin. Sopivuustaulukko alla tiedostossa.,570.0,Camso,
19140503002,Camso/TJD mönkijän telasarjan kiinnityssarja,https://tarvike.com/product/camsotjd-monkijan-telasarjan-kiinnityssarja-79169,https://media.tarvike.com/product/images/79169/original/28116.jpg,570.0,Mönkijöiden kiinnityssarjat Camso X4S ATV/UTV ja  R4S ATV telarunkoihin. Sopivuustaulukko alla tiedostossa.,570.0,Camso,
19140502002,Camso/TJD mönkijän telasarjan kiinnityssarja,https://tarvike.com/product/camsotjd-monkijan-telasarjan-kiinnityssarja-79168,https://media.tarvike.com/product/images/79168/original/28128.jpg,570.0,Mönkijöiden kiinnityssarjat Camso X4S ATV/UTV ja  R4S ATV telarunkoihin. Sopivuustaulukko alla tiedostossa.,570.0,Camso,
19140501002,Camso/TJD mönkijän telasarjan kiinnityssarja,https://tarvike.com/product/camsotjd-monkijan-telasarjan-kiinnityssarja-79167,https://media.tarvike.com/product/images/79167/original/28119.jpg,570.0,Mönkijöiden kiinnityssarjat Camso X4S ATV/UTV ja  R4S ATV telarunkoihin. Sopivuustaulukko alla tiedostossa.,570.0,Camso,
19140499002,Camso/TJD mönkijän telasarjan kiinnityssarja,https://tarvike.com/product/camsotjd-monkijan-telasarjan-kiinnityssarja-79165,https://media.tarvike.com/product/images/79165/original/28124.jpg,570.0,Mönkijöiden kiinnityssarjat Camso X4S ATV/UTV ja  R4S ATV telarunkoihin. Sopivuustaulukko alla tiedostossa.,570.0,Camso,
19140498002,Camso/TJD mönkijän telasarjan kiinnityssarja,https://tarvike.com/product/camsotjd-monkijan-telasarjan-kiinnityssarja-79164,https://media.tarvike.com/product/images/79164/original/28115.jpg,570.0,Mönkijöiden kiinnityssarjat Camso X4S ATV/UTV ja  R4S ATV telarunkoihin. Sopivuustaulukko alla tiedostossa.,570.0,Camso,
19140495002,Camso/TJD mönkijän telasarjan kiinnityssarja,https://tarvike.com/product/camsotjd-monkijan-telasarjan-kiinnityssarja-79161,https://media.tarvike.com/product/images/79161/original/28112.jpg,570.0,Mönkijöiden kiinnityssarjat Camso X4S ATV/UTV ja  R4S ATV telarunkoihin. Sopivuustaulukko alla tiedostossa.,570.0,Camso,
19140493002,Camso/TJD mönkijän telasarjan kiinnityssarja,https://tarvike.com/product/camsotjd-monkijan-telasarjan-kiinnityssarja-79159,https://media.tarvike.com/product/images/79159/original/28101.jpg,570.0,Mönkijöiden kiinnityssarjat Camso X4S ATV/UTV ja  R4S ATV telarunkoihin. Sopivuustaulukko alla tiedostossa.,570.0,Camso,
19140492002,Camso/TJD mönkijän telasarjan kiinnityssarja,https://tarvike.com/product/camsotjd-monkijan-telasarjan-kiinnityssarja-79158,https://media.tarvike.com/product/images/79158/original/28098.jpg,570.0,Mönkijöiden kiinnityssarjat Camso X4S ATV/UTV ja  R4S ATV telarunkoihin. Sopivuustaulukko alla tiedostossa.,570.0,Camso,
19140491002,Camso/TJD mönkijän telasarjan kiinnityssarja,https://tarvike.com/product/camsotjd-monkijan-telasarjan-kiinnityssarja-79157,https://media.tarvike.com/product/images/79157/original/28113.jpg,570.0,Mönkijöiden kiinnityssarjat Camso X4S ATV/UTV ja  R4S ATV telarunkoihin. Sopivuustaulukko alla tiedostossa.,570.0,Camso,
19140490002,Camso/TJD mönkijän telasarjan kiinnityssarja,https://tarvike.com/product/camsotjd-monkijan-telasarjan-kiinnityssarja-79156,https://media.tarvike.com/product/images/79156/original/28102.jpg,570.0,Mönkijöiden kiinnityssarjat Camso X4S ATV/UTV ja  R4S ATV telarunkoihin. Sopivuustaulukko alla tiedostossa.,570.0,Camso,
19140487002,Camso/TJD mönkijän telasarjan kiinnityssarja,https://tarvike.com/product/camsotjd-monkijan-telasarjan-kiinnityssarja-79154,https://media.tarvike.com/product/images/79154/original/28105.jpg,570.0,Mönkijöiden kiinnityssarjat Camso X4S ATV/UTV ja  R4S ATV telarunkoihin. Sopivuustaulukko alla tiedostossa.,570.0,Camso,
19140486002,Camso/TJD mönkijän telasarjan kiinnityssarja,https://tarvike.com/product/camsotjd-monkijan-telasarjan-kiinnityssarja-79153,https://media.tarvike.com/product/images/79153/original/28099.jpg,570.0,Mönkijöiden kiinnityssarjat Camso X4S ATV/UTV ja  R4S ATV telarunkoihin. Sopivuustaulukko alla tiedostossa.,570.0,Camso,
19140485002,Camso/TJD mönkijän telasarjan kiinnityssarja,https://tarvike.com/product/camsotjd-monkijan-telasarjan-kiinnityssarja-79152,https://media.tarvike.com/product/images/79152/original/28111.jpg,570.0,Mönkijöiden kiinnityssarjat Camso X4S ATV/UTV ja  R4S ATV telarunkoihin. Sopivuustaulukko alla tiedostossa.,570.0,Camso,
19140484002,Camso/TJD mönkijän telasarjan kiinnityssarja,https://tarvike.com/product/camsotjd-monkijan-telasarjan-kiinnityssarja-79151,https://media.tarvike.com/product/images/79151/original/28104.jpg,570.0,Mönkijöiden kiinnityssarjat Camso X4S ATV/UTV ja  R4S ATV telarunkoihin. Sopivuustaulukko alla tiedostossa.,570.0,Camso,
19140483002,Camso/TJD mönkijän telasarjan kiinnityssarja,https://tarvike.com/product/camsotjd-monkijan-telasarjan-kiinnityssarja-79150,https://media.tarvike.com/product/images/79150/original/28095.jpg,570.0,Mönkijöiden kiinnityssarjat Camso X4S ATV/UTV ja  R4S ATV telarunkoihin. Sopivuustaulukko alla tiedostossa.,570.0,Camso,
19140482002,"Camso/TJD mönkijän telasarjan kiinnityssarja, Polaris",https://tarvike.com/product/camsotjd-monkijan-telasarjan-kiinnityssarja-polaris-79149,https://media.tarvike.com/product/images/79149/original/28090.jpg,570.0,Polaris mönkijöiden kiinnityssarja Camso X4S ATV/UTV ja 4s1 UTV telarunkoihin. Sopivuustaulukko alla tiedostossa.,570.0,Camso,
19140481002,"Camso/TJD mönkijän telasarjan kiinnityssarja, Polaris",https://tarvike.com/product/camsotjd-monkijan-telasarjan-kiinnityssarja-polaris-79148,https://media.tarvike.com/product/images/79148/original/28083.jpg,570.0,Polaris mönkijöiden kiinnityssarja Camso X4S ATV/UTV ja 4s1 UTV telarunkoihin. Sopivuustaulukko alla tiedostossa.,570.0,Camso,
19140480002,"Camso/TJD mönkijän telasarjan kiinnityssarja, Polaris",https://tarvike.com/product/camsotjd-monkijan-telasarjan-kiinnityssarja-polaris-79147,https://media.tarvike.com/product/images/79147/original/28087.jpg,570.0,Polaris mönkijöiden kiinnityssarja Camso X4S ATV/UTV ja 4s1 UTV telarunkoihin. Sopivuustaulukko alla tiedostossa.,570.0,Camso,
19140479002,"Camso/TJD mönkijän telasarjan kiinnityssarja, Polaris",https://tarvike.com/product/camsotjd-monkijan-telasarjan-kiinnityssarja-polaris-79146,https://media.tarvike.com/product/images/79146/original/28082.jpg,570.0,Polaris mönkijöiden kiinnityssarja Camso X4S ATV/UTV ja 4s1 UTV telarunkoihin. Sopivuustaulukko alla tiedostossa.,570.0,Camso,
19140478002,"Camso/TJD mönkijän telasarjan kiinnityssarja, Polaris",https://tarvike.com/product/camsotjd-monkijan-telasarjan-kiinnityssarja-polaris-79145,https://media.tarvike.com/product/images/79145/original/28075.jpg,570.0,Polaris mönkijöiden kiinnityssarja Camso X4S ATV/UTV ja 4s1 UTV telarunkoihin. Sopivuustaulukko alla tiedostossa.,570.0,Camso,
19140477002,"Camso/TJD mönkijän telasarjan kiinnityssarja, Polaris",https://tarvike.com/product/camsotjd-monkijan-telasarjan-kiinnityssarja-polaris-79144,https://media.tarvike.com/product/images/79144/original/28092.jpg,570.0,Polaris mönkijöiden kiinnityssarja Camso X4S ATV/UTV ja 4s1 UTV telarunkoihin. Sopivuustaulukko alla tiedostossa.,570.0,Camso,
19140475002,"Camso/TJD mönkijän telasarjan kiinnityssarja, Polaris",https://tarvike.com/product/camsotjd-monkijan-telasarjan-kiinnityssarja-polaris-79142,https://media.tarvike.com/product/images/79142/original/28085.jpg,570.0,Polaris mönkijöiden kiinnityssarja Camso X4S ATV/UTV ja 4s1 UTV telarunkoihin. Sopivuustaulukko alla tiedostossa.,570.0,Camso,
19140474002,"Camso/TJD mönkijän telasarjan kiinnityssarja, Polaris",https://tarvike.com/product/camsotjd-monkijan-telasarjan-kiinnityssarja-polaris-79141,https://media.tarvike.com/product/images/79141/original/28077.jpg,569.9,Polaris mönkijöiden kiinnityssarja Camso X4S ATV/UTV ja 4s1 UTV telarunkoihin. Sopivuustaulukko alla tiedostossa.,569.9,Camso,
19140473002,"Camso/TJD mönkijän telasarjan kiinnityssarja, Polaris",https://tarvike.com/product/camsotjd-monkijan-telasarjan-kiinnityssarja-polaris-79140,https://media.tarvike.com/product/images/79140/original/28094.jpg,570.0,Polaris mönkijöiden kiinnityssarja Camso X4S ATV/UTV ja 4s1 UTV telarunkoihin. Sopivuustaulukko alla tiedostossa.,570.0,Camso,
19140470002,"Camso/TJD mönkijän telasarjan kiinnityssarja, Polaris",https://tarvike.com/product/camsotjd-monkijan-telasarjan-kiinnityssarja-polaris-79137,https://media.tarvike.com/product/images/79137/original/28076.jpg,570.0,Polaris mönkijöiden kiinnityssarja Camso X4S ATV/UTV ja 4s1 UTV telarunkoihin. Sopivuustaulukko alla tiedostossa.,570.0,Camso,
19140469002,"Camso/TJD mönkijän telasarjan kiinnityssarja, Polaris",https://tarvike.com/product/camsotjd-monkijan-telasarjan-kiinnityssarja-polaris-79136,https://media.tarvike.com/product/images/79136/original/28070.jpg,570.0,Polaris mönkijöiden kiinnityssarja Camso X4S ATV/UTV ja 4s1 UTV telarunkoihin. Sopivuustaulukko alla tiedostossa.,570.0,Camso,
19140468002,"Camso/TJD mönkijän telasarjan kiinnityssarja, Polaris",https://tarvike.com/product/camsotjd-monkijan-telasarjan-kiinnityssarja-polaris-79135,https://media.tarvike.com/product/images/79135/original/28061.jpg,570.0,Polaris mönkijöiden kiinnityssarja Camso X4S ATV/UTV ja 4s1 UTV telarunkoihin. Sopivuustaulukko alla tiedostossa.,570.0,Camso,
19140467002,"Camso/TJD mönkijän telasarjan kiinnityssarja, Polaris",https://tarvike.com/product/camsotjd-monkijan-telasarjan-kiinnityssarja-polaris-79134,https://media.tarvike.com/product/images/79134/original/28071.jpg,570.0,Polaris mönkijöiden kiinnityssarja Camso X4S ATV/UTV ja 4s1 UTV telarunkoihin. Sopivuustaulukko alla tiedostossa.,570.0,Camso,
19140466002,"Camso/TJD mönkijän telasarjan kiinnityssarja, Polaris",https://tarvike.com/product/camsotjd-monkijan-telasarjan-kiinnityssarja-polaris-79133,https://media.tarvike.com/product/images/79133/original/28068.jpg,570.0,Polaris mönkijöiden kiinnityssarja Camso X4S ATV/UTV ja 4s1 UTV telarunkoihin. Sopivuustaulukko alla tiedostossa.,570.0,Camso,
19140465002,"Camso/TJD mönkijän telasarjan kiinnityssarja, Polaris",https://tarvike.com/product/camsotjd-monkijan-telasarjan-kiinnityssarja-polaris-79132,https://media.tarvike.com/product/images/79132/original/28063.jpg,570.0,Polaris mönkijöiden kiinnityssarja Camso X4S ATV/UTV ja 4s1 UTV telarunkoihin. Sopivuustaulukko alla tiedostossa.,570.0,Camso,
19140464002,"Camso/TJD mönkijän telasarjan kiinnityssarja, Polaris",https://tarvike.com/product/camsotjd-monkijan-telasarjan-kiinnityssarja-polaris-79131,https://media.tarvike.com/product/images/79131/original/28055.jpg,570.0,Polaris mönkijöiden kiinnityssarja Camso X4S ATV/UTV ja 4s1 UTV telarunkoihin. Sopivuustaulukko alla tiedostossa.,570.0,Camso,
19140463002,"Camso/TJD mönkijän telasarjan kiinnityssarja, Polaris",https://tarvike.com/product/camsotjd-monkijan-telasarjan-kiinnityssarja-polaris-79130,https://media.tarvike.com/product/images/79130/original/28073.jpg,570.0,Polaris mönkijöiden kiinnityssarja Camso X4S ATV/UTV ja 4s1 UTV telarunkoihin. Sopivuustaulukko alla tiedostossa.,570.0,Camso,
19140462002,"Camso/TJD mönkijän telasarjan kiinnityssarja, Polaris",https://tarvike.com/product/camsotjd-monkijan-telasarjan-kiinnityssarja-polaris-79129,https://media.tarvike.com/product/images/79129/original/28069.jpg,570.0,Polaris mönkijöiden kiinnityssarja Camso X4S ATV/UTV ja 4s1 UTV telarunkoihin. Sopivuustaulukko alla tiedostossa.,570.0,Camso,
19140459002,"Camso/TJD mönkijän telasarjan kiinnityssarja, Polaris",https://tarvike.com/product/camsotjd-monkijan-telasarjan-kiinnityssarja-polaris-79126,https://media.tarvike.com/product/images/79126/original/28067.jpg,570.0,Polaris mönkijöiden kiinnityssarja Camso X4S ATV/UTV ja 4s1 UTV telarunkoihin. Sopivuustaulukko alla tiedostossa.,570.0,Camso,
19140456002,"Camso/TJD mönkijän telasarjan kiinnityssarja, Polaris",https://tarvike.com/product/camsotjd-monkijan-telasarjan-kiinnityssarja-polaris-79123,https://media.tarvike.com/product/images/79123/original/28047.jpg,570.0,Polaris mönkijöiden kiinnityssarja Camso X4S ATV/UTV ja 4s1 UTV telarunkoihin. Sopivuustaulukko alla tiedostossa.,570.0,Camso,
19140455002,"Camso/TJD mönkijän telasarjan kiinnityssarja, Polaris",https://tarvike.com/product/camsotjd-monkijan-telasarjan-kiinnityssarja-polaris-79122,https://media.tarvike.com/product/images/79122/original/28039.jpg,570.0,Polaris mönkijöiden kiinnityssarja Camso X4S ATV/UTV ja 4s1 UTV telarunkoihin. Sopivuustaulukko alla tiedostossa.,570.0,Camso,
19140454002,"Camso/TJD mönkijän telasarjan kiinnityssarja, Polaris",https://tarvike.com/product/camsotjd-monkijan-telasarjan-kiinnityssarja-polaris-79121,https://media.tarvike.com/product/images/79121/original/28054.jpg,570.0,Polaris mönkijöiden kiinnityssarja Camso X4S ATV/UTV ja 4s1 UTV telarunkoihin. Sopivuustaulukko alla tiedostossa.,570.0,Camso,
19140453002,"Camso/TJD mönkijän telasarjan kiinnityssarja, Polaris",https://tarvike.com/product/camsotjd-monkijan-telasarjan-kiinnityssarja-polaris-79120,https://media.tarvike.com/product/images/79120/original/28048.jpg,570.0,Polaris mönkijöiden kiinnityssarja Camso X4S ATV/UTV ja 4s1 UTV telarunkoihin. Sopivuustaulukko alla tiedostossa.,570.0,Camso,
19140451002,"Camso/TJD mönkijän telasarjan kiinnityssarja, Polaris",https://tarvike.com/product/camsotjd-monkijan-telasarjan-kiinnityssarja-polaris-79118,https://media.tarvike.com/product/images/79118/original/28044.jpg,570.0,Polaris mönkijöiden kiinnityssarja Camso X4S ATV/UTV ja 4s1 UTV telarunkoihin. Sopivuustaulukko alla tiedostossa.,570.0,Camso,
19140448002,"Camso/TJD mönkijän telasarjan kiinnityssarja, Polaris",https://tarvike.com/product/camsotjd-monkijan-telasarjan-kiinnityssarja-polaris-79115,https://media.tarvike.com/product/images/79115/original/28049.jpg,570.0,Polaris mönkijöiden kiinnityssarja Camso X4S ATV/UTV ja 4s1 UTV telarunkoihin. Sopivuustaulukko alla tiedostossa.,570.0,Camso,
19140447002,Camso/TJD mönkijän telasarjan kiinnityssarja,https://tarvike.com/product/camsotjd-monkijan-telasarjan-kiinnityssarja-79114,https://media.tarvike.com/product/images/79114/original/28040.jpg,570.0,Mönkijöiden kiinnityssarjat Camso X4S ATV/UTV ja  R4S ATV telarunkoihin. Sopivuustaulukko alla tiedostossa.,570.0,Camso,
19140446002,Camso/TJD mönkijän telasarjan kiinnityssarja,https://tarvike.com/product/camsotjd-monkijan-telasarjan-kiinnityssarja-79113,https://media.tarvike.com/product/images/79113/original/28034.jpg,570.0,Mönkijöiden kiinnityssarjat Camso X4S ATV/UTV ja  R4S ATV telarunkoihin. Sopivuustaulukko alla tiedostossa.,570.0,Camso,
19140445002,Camso/TJD mönkijän telasarjan kiinnityssarja,https://tarvike.com/product/camsotjd-monkijan-telasarjan-kiinnityssarja-79112,https://media.tarvike.com/product/images/79112/original/28025.jpg,570.0,Mönkijöiden kiinnityssarjat Camso X4S ATV/UTV ja  R4S ATV telarunkoihin. Sopivuustaulukko alla tiedostossa.,570.0,Camso,
19140444002,Camso/TJD mönkijän telasarjan kiinnityssarja,https://tarvike.com/product/camsotjd-monkijan-telasarjan-kiinnityssarja-79111,https://media.tarvike.com/product/images/79111/original/28022.jpg,570.0,Mönkijöiden kiinnityssarjat Camso X4S ATV/UTV ja  R4S ATV telarunkoihin. Sopivuustaulukko alla tiedostossa.,570.0,Camso,
19140443002,Camso/TJD mönkijän telasarjan kiinnityssarja,https://tarvike.com/product/camsotjd-monkijan-telasarjan-kiinnityssarja-79110,https://media.tarvike.com/product/images/79110/original/28017.jpg,570.0,Mönkijöiden kiinnityssarjat Camso X4S ATV/UTV ja  R4S ATV telarunkoihin. Sopivuustaulukko alla tiedostossa.,570.0,Camso,
19140442002,Camso/TJD mönkijän telasarjan kiinnityssarja,https://tarvike.com/product/camsotjd-monkijan-telasarjan-kiinnityssarja-79109,https://media.tarvike.com/product/images/79109/original/28032.jpg,570.0,Mönkijöiden kiinnityssarjat Camso X4S ATV/UTV ja  R4S ATV telarunkoihin. Sopivuustaulukko alla tiedostossa.,570.0,Camso,
19140441002,Camso/TJD mönkijän telasarjan kiinnityssarja,https://tarvike.com/product/camsotjd-monkijan-telasarjan-kiinnityssarja-79108,https://media.tarvike.com/product/images/79108/original/28023.jpg,570.0,Mönkijöiden kiinnityssarjat Camso X4S ATV/UTV ja  R4S ATV telarunkoihin. Sopivuustaulukko alla tiedostossa.,570.0,Camso,
19140440002,Camso/TJD mönkijän telasarjan kiinnityssarja,https://tarvike.com/product/camsotjd-monkijan-telasarjan-kiinnityssarja-79107,https://media.tarvike.com/product/images/79107/original/28015.jpg,570.0,Mönkijöiden kiinnityssarjat Camso X4S ATV/UTV ja  R4S ATV telarunkoihin. Sopivuustaulukko alla tiedostossa.,570.0,Camso,
19140437002,Camso/TJD mönkijän telasarjan kiinnityssarja,https://tarvike.com/product/camsotjd-monkijan-telasarjan-kiinnityssarja-79104,https://media.tarvike.com/product/images/79104/original/28018.jpg,551.5,Mönkijöiden kiinnityssarjat Camso X4S ATV/UTV ja  R4S ATV telarunkoihin. Sopivuustaulukko alla tiedostossa.,551.5,Camso,
19140435002,Camso/TJD mönkijän telasarjan kiinnityssarja,https://tarvike.com/product/camsotjd-monkijan-telasarjan-kiinnityssarja-79102,https://media.tarvike.com/product/images/79102/original/28024.jpg,570.0,Mönkijöiden kiinnityssarjat Camso X4S ATV/UTV ja  R4S ATV telarunkoihin. Sopivuustaulukko alla tiedostossa.,570.0,Camso,
19140434002,Camso/TJD mönkijän telasarjan kiinnityssarja,https://tarvike.com/product/camsotjd-monkijan-telasarjan-kiinnityssarja-79101,https://media.tarvike.com/product/images/79101/original/28016.jpg,570.0,Mönkijöiden kiinnityssarjat Camso X4S ATV/UTV ja  R4S ATV telarunkoihin. Sopivuustaulukko alla tiedostossa.,570.0,Camso,
19140433002,Camso/TJD mönkijän telasarjan kiinnityssarja,https://tarvike.com/product/camsotjd-monkijan-telasarjan-kiinnityssarja-79100,https://media.tarvike.com/product/images/79100/original/28010.jpg,570.0,Mönkijöiden kiinnityssarjat Camso X4S ATV/UTV ja  R4S ATV telarunkoihin. Sopivuustaulukko alla tiedostossa.,570.0,Camso,
19140432002,Camso/TJD mönkijän telasarjan kiinnityssarja,https://tarvike.com/product/camsotjd-monkijan-telasarjan-kiinnityssarja-79099,https://media.tarvike.com/product/images/79099/original/28002.jpg,570.0,Mönkijöiden kiinnityssarjat Camso X4S ATV/UTV ja  R4S ATV telarunkoihin. Sopivuustaulukko alla tiedostossa.,570.0,Camso,
19140431002,Camso/TJD mönkijän telasarjan kiinnityssarja,https://tarvike.com/product/camsotjd-monkijan-telasarjan-kiinnityssarja-79098,https://media.tarvike.com/product/images/79098/original/28012.jpg,570.0,Mönkijöiden kiinnityssarjat Camso X4S ATV/UTV ja  R4S ATV telarunkoihin. Sopivuustaulukko alla tiedostossa.,570.0,Camso,
19140430002,Camso/TJD mönkijän telasarjan kiinnityssarja,https://tarvike.com/product/camsotjd-monkijan-telasarjan-kiinnityssarja-79097,https://media.tarvike.com/product/images/79097/original/28005.jpg,570.0,Mönkijöiden kiinnityssarjat Camso X4S ATV/UTV ja  R4S ATV telarunkoihin. Sopivuustaulukko alla tiedostossa.,570.0,Camso,
19140429002,Camso/TJD mönkijän telasarjan kiinnityssarja,https://tarvike.com/product/camsotjd-monkijan-telasarjan-kiinnityssarja-79096,https://media.tarvike.com/product/images/79096/original/27995.jpg,570.0,Mönkijöiden kiinnityssarjat Camso X4S ATV/UTV ja  R4S ATV telarunkoihin. Sopivuustaulukko alla tiedostossa.,570.0,Camso,
19140428002,Camso/TJD mönkijän telasarjan kiinnityssarja,https://tarvike.com/product/camsotjd-monkijan-telasarjan-kiinnityssarja-79095,https://media.tarvike.com/product/images/79095/original/28006.jpg,570.0,Mönkijöiden kiinnityssarjat Camso X4S ATV/UTV ja  R4S ATV telarunkoihin. Sopivuustaulukko alla tiedostossa.,570.0,Camso,
19140427002,Camso/TJD mönkijän telasarjan kiinnityssarja,https://tarvike.com/product/camsotjd-monkijan-telasarjan-kiinnityssarja-79094,https://media.tarvike.com/product/images/79094/original/27999.jpg,570.0,Mönkijöiden kiinnityssarjat Camso X4S ATV/UTV ja  R4S ATV telarunkoihin. Sopivuustaulukko alla tiedostossa.,570.0,Camso,
19140426002,Camso/TJD mönkijän telasarjan kiinnityssarja,https://tarvike.com/product/camsotjd-monkijan-telasarjan-kiinnityssarja-79093,https://media.tarvike.com/product/images/79093/original/28013.jpg,570.0,Mönkijöiden kiinnityssarjat Camso X4S ATV/UTV ja  R4S ATV telarunkoihin. Sopivuustaulukko alla tiedostossa.,570.0,Camso,
19140425002,Camso/TJD mönkijän telasarjan kiinnityssarja,https://tarvike.com/product/camsotjd-monkijan-telasarjan-kiinnityssarja-79092,https://media.tarvike.com/product/images/79092/original/28004.jpg,570.0,Mönkijöiden kiinnityssarjat Camso X4S ATV/UTV ja  R4S ATV telarunkoihin. Sopivuustaulukko alla tiedostossa.,570.0,Camso,
19140424002,Camso/TJD mönkijän telasarjan kiinnityssarja,https://tarvike.com/product/camsotjd-monkijan-telasarjan-kiinnityssarja-79091,https://media.tarvike.com/product/images/79091/original/27996.jpg,570.0,Mönkijöiden kiinnityssarjat Camso X4S ATV/UTV ja  R4S ATV telarunkoihin. Sopivuustaulukko alla tiedostossa.,570.0,Camso,
19140423002,Camso/TJD mönkijän telasarjan kiinnityssarja,https://tarvike.com/product/camsotjd-monkijan-telasarjan-kiinnityssarja-79089,https://media.tarvike.com/product/images/79089/original/27993.jpg,570.0,Mönkijöiden kiinnityssarjat Camso X4S ATV/UTV ja  R4S ATV telarunkoihin. Sopivuustaulukko alla tiedostossa.,570.0,Camso,
19140422002,Camso/TJD mönkijän telasarjan kiinnityssarja,https://tarvike.com/product/camsotjd-monkijan-telasarjan-kiinnityssarja-79088,https://media.tarvike.com/product/images/79088/original/27988.jpg,570.0,Mönkijöiden kiinnityssarjat Camso X4S ATV/UTV ja  R4S ATV telarunkoihin. Sopivuustaulukko alla tiedostossa.,570.0,Camso,
19140421002,Camso/TJD mönkijän telasarjan kiinnityssarja,https://tarvike.com/product/camsotjd-monkijan-telasarjan-kiinnityssarja-79087,https://media.tarvike.com/product/images/79087/original/27983.jpg,570.0,Mönkijöiden kiinnityssarjat Camso X4S ATV/UTV ja  R4S ATV telarunkoihin. Sopivuustaulukko alla tiedostossa.,570.0,Camso,
19140420002,Camso/TJD mönkijän telasarjan kiinnityssarja,https://tarvike.com/product/camsotjd-monkijan-telasarjan-kiinnityssarja-79086,https://media.tarvike.com/product/images/79086/original/27981.jpg,570.0,Mönkijöiden kiinnityssarjat Camso X4S ATV/UTV ja  R4S ATV telarunkoihin. Sopivuustaulukko alla tiedostossa.,570.0,Camso,
19140419002,Camso/TJD mönkijän telasarjan kiinnityssarja,https://tarvike.com/product/camsotjd-monkijan-telasarjan-kiinnityssarja-79085,https://media.tarvike.com/product/images/79085/original/27992.jpg,570.0,Mönkijöiden kiinnityssarjat Camso X4S ATV/UTV ja  R4S ATV telarunkoihin. Sopivuustaulukko alla tiedostossa.,570.0,Camso,
19140416002,Camso/TJD mönkijän telasarjan kiinnityssarja,https://tarvike.com/product/camsotjd-monkijan-telasarjan-kiinnityssarja-79082,https://media.tarvike.com/product/images/79082/original/27991.jpg,551.5,Mönkijöiden kiinnityssarjat Camso X4S ATV/UTV ja  R4S ATV telarunkoihin. Sopivuustaulukko alla tiedostossa.,551.5,Camso,
19140415002,Camso/TJD mönkijän telasarjan kiinnityssarja,https://tarvike.com/product/camsotjd-monkijan-telasarjan-kiinnityssarja-79081,https://media.tarvike.com/product/images/79081/original/27979.jpg,570.0,Mönkijöiden kiinnityssarjat Camso X4S ATV/UTV ja  R4S ATV telarunkoihin. Sopivuustaulukko alla tiedostossa.,570.0,Camso,
19140412002,Camso/TJD mönkijän telasarjan kiinnityssarja,https://tarvike.com/product/camsotjd-monkijan-telasarjan-kiinnityssarja-79078,https://media.tarvike.com/product/images/79078/original/27975.jpg,570.0,Mönkijöiden kiinnityssarjat Camso X4S ATV/UTV ja  R4S ATV telarunkoihin. Sopivuustaulukko alla tiedostossa.,570.0,Camso,
19140409002,Camso/TJD mönkijän telasarjan kiinnityssarja,https://tarvike.com/product/camsotjd-monkijan-telasarjan-kiinnityssarja-79075,https://media.tarvike.com/product/images/79075/original/27972.jpg,570.0,Mönkijöiden kiinnityssarjat Camso X4S ATV/UTV ja  R4S ATV telarunkoihin. Sopivuustaulukko alla tiedostossa.,570.0,Camso,
19140406002,Camso/TJD mönkijän telasarjan kiinnityssarja,https://tarvike.com/product/camsotjd-monkijan-telasarjan-kiinnityssarja-79067,https://media.tarvike.com/product/images/79067/original/27964.jpg,570.0,Mönkijöiden kiinnityssarjat Camso X4S ATV/UTV ja  R4S ATV telarunkoihin. Sopivuustaulukko alla tiedostossa.,570.0,Camso,
19140402002,Camso/TJD mönkijän telasarjan kiinnityssarja,https://tarvike.com/product/camsotjd-monkijan-telasarjan-kiinnityssarja-79063,https://media.tarvike.com/product/images/79063/original/27949.jpg,570.0,Mönkijöiden kiinnityssarjat Camso X4S ATV/UTV ja  R4S ATV telarunkoihin. Sopivuustaulukko alla tiedostossa.,570.0,Camso,
19140401002,Camso/TJD mönkijän telasarjan kiinnityssarja,https://tarvike.com/product/camsotjd-monkijan-telasarjan-kiinnityssarja-79062,https://media.tarvike.com/product/images/79062/original/27963.jpg,570.0,Mönkijöiden kiinnityssarjat Camso X4S ATV/UTV ja  R4S ATV telarunkoihin. Sopivuustaulukko alla tiedostossa.,570.0,Camso,
19140400002,Camso/TJD mönkijän telasarjan kiinnityssarja,https://tarvike.com/product/camsotjd-monkijan-telasarjan-kiinnityssarja-79061,https://media.tarvike.com/product/images/79061/original/27955.jpg,570.0,Mönkijöiden kiinnityssarjat Camso X4S ATV/UTV ja  R4S ATV telarunkoihin. Sopivuustaulukko alla tiedostossa.,570.0,Camso,
19140399002,Camso/TJD mönkijän telasarjan kiinnityssarja,https://tarvike.com/product/camsotjd-monkijan-telasarjan-kiinnityssarja-79060,https://media.tarvike.com/product/images/79060/original/27945.jpg,570.0,Mönkijöiden kiinnityssarjat Camso X4S ATV/UTV ja  R4S ATV telarunkoihin. Sopivuustaulukko alla tiedostossa.,570.0,Camso,
19140398002,Camso/TJD mönkijän telasarjan kiinnityssarja,https://tarvike.com/product/camsotjd-monkijan-telasarjan-kiinnityssarja-79059,https://media.tarvike.com/product/images/79059/original/27940.jpg,570.0,Mönkijöiden kiinnityssarjat Camso X4S ATV/UTV ja  R4S ATV telarunkoihin. Sopivuustaulukko alla tiedostossa.,570.0,Camso,
19140397002,Camso/TJD mönkijän telasarjan kiinnityssarja,https://tarvike.com/product/camsotjd-monkijan-telasarjan-kiinnityssarja-79058,https://media.tarvike.com/product/images/79058/original/27932.jpg,570.0,Mönkijöiden kiinnityssarjat Camso X4S ATV/UTV ja  R4S ATV telarunkoihin. Sopivuustaulukko alla tiedostossa.,570.0,Camso,
19140396002,Camso/TJD mönkijän telasarjan kiinnityssarja,https://tarvike.com/product/camsotjd-monkijan-telasarjan-kiinnityssarja-79057,https://media.tarvike.com/product/images/79057/original/27941.jpg,570.0,Mönkijöiden kiinnityssarjat Camso X4S ATV/UTV ja  R4S ATV telarunkoihin. Sopivuustaulukko alla tiedostossa.,570.0,Camso,
19140395002,Camso/TJD mönkijän telasarjan kiinnityssarja,https://tarvike.com/product/camsotjd-monkijan-telasarjan-kiinnityssarja-79056,https://media.tarvike.com/product/images/79056/original/27934.jpg,570.0,Mönkijöiden kiinnityssarjat Camso X4S ATV/UTV ja  R4S ATV telarunkoihin. Sopivuustaulukko alla tiedostossa.,570.0,Camso,
19140393002,Camso/TJD mönkijän telasarjan kiinnityssarja,https://tarvike.com/product/camsotjd-monkijan-telasarjan-kiinnityssarja-79054,https://media.tarvike.com/product/images/79054/original/27937.jpg,570.0,Mönkijöiden kiinnityssarjat Camso X4S ATV/UTV ja  R4S ATV telarunkoihin. Sopivuustaulukko alla tiedostossa.,570.0,Camso,
19140392002,Camso/TJD mönkijän telasarjan kiinnityssarja,https://tarvike.com/product/camsotjd-monkijan-telasarjan-kiinnityssarja-79053,https://media.tarvike.com/product/images/79053/original/27929.jpg,570.0,Mönkijöiden kiinnityssarjat Camso X4S ATV/UTV ja  R4S ATV telarunkoihin. Sopivuustaulukko alla tiedostossa.,570.0,Camso,
19140391002,Camso/TJD mönkijän telasarjan kiinnityssarja,https://tarvike.com/product/camsotjd-monkijan-telasarjan-kiinnityssarja-79052,https://media.tarvike.com/product/images/79052/original/27942.jpg,570.0,Mönkijöiden kiinnityssarjat Camso X4S ATV/UTV ja  R4S ATV telarunkoihin. Sopivuustaulukko alla tiedostossa.,570.0,Camso,
19140390002,Camso/TJD mönkijän telasarjan kiinnityssarja,https://tarvike.com/product/camsotjd-monkijan-telasarjan-kiinnityssarja-79051,https://media.tarvike.com/product/images/79051/original/27935.jpg,570.0,Mönkijöiden kiinnityssarjat Camso X4S ATV/UTV ja  R4S ATV telarunkoihin. Sopivuustaulukko alla tiedostossa.,570.0,Camso,
19140389002,Camso/TJD mönkijän telasarjan kiinnityssarja,https://tarvike.com/product/camsotjd-monkijan-telasarjan-kiinnityssarja-79050,https://media.tarvike.com/product/images/79050/original/27925.jpg,570.0,Mönkijöiden kiinnityssarjat Camso X4S ATV/UTV ja  R4S ATV telarunkoihin. Sopivuustaulukko alla tiedostossa.,570.0,Camso,
19140388002,Camso/TJD mönkijän telasarjan kiinnityssarja,https://tarvike.com/product/camsotjd-monkijan-telasarjan-kiinnityssarja-79049,https://media.tarvike.com/product/images/79049/original/27916.jpg,570.0,Mönkijöiden kiinnityssarjat Camso X4S ATV/UTV ja  R4S ATV telarunkoihin. Sopivuustaulukko alla tiedostossa.,570.0,Camso,
19140387002,Camso/TJD mönkijän telasarjan kiinnityssarja,https://tarvike.com/product/camsotjd-monkijan-telasarjan-kiinnityssarja-79048,https://media.tarvike.com/product/images/79048/original/27911.jpg,570.0,Mönkijöiden kiinnityssarjat Camso X4S ATV/UTV ja  R4S ATV telarunkoihin. Sopivuustaulukko alla tiedostossa.,570.0,Camso,
19140386002,Camso/TJD mönkijän telasarjan kiinnityssarja,https://tarvike.com/product/camsotjd-monkijan-telasarjan-kiinnityssarja-79047,https://media.tarvike.com/product/images/79047/original/27921.jpg,570.0,Mönkijöiden kiinnityssarjat Camso X4S ATV/UTV ja  R4S ATV telarunkoihin. Sopivuustaulukko alla tiedostossa.,570.0,Camso,
19140385002,Camso/TJD mönkijän telasarjan kiinnityssarja,https://tarvike.com/product/camsotjd-monkijan-telasarjan-kiinnityssarja-79046,https://media.tarvike.com/product/images/79046/original/27913.jpg,570.0,Mönkijöiden kiinnityssarjat Camso X4S ATV/UTV ja  R4S ATV telarunkoihin. Sopivuustaulukko alla tiedostossa.,570.0,Camso,
19140384002,Camso/TJD mönkijän telasarjan kiinnityssarja,https://tarvike.com/product/camsotjd-monkijan-telasarjan-kiinnityssarja-79045,https://media.tarvike.com/product/images/79045/original/27905.jpg,570.0,Mönkijöiden kiinnityssarjat Camso X4S ATV/UTV ja  R4S ATV telarunkoihin. Sopivuustaulukko alla tiedostossa.,570.0,Camso,
19140383002,Camso/TJD mönkijän telasarjan kiinnityssarja,https://tarvike.com/product/camsotjd-monkijan-telasarjan-kiinnityssarja-79044,https://media.tarvike.com/product/images/79044/original/27922.jpg,570.0,Mönkijöiden kiinnityssarjat Camso X4S ATV/UTV ja  R4S ATV telarunkoihin. Sopivuustaulukko alla tiedostossa.,570.0,Camso,
19140382002,Camso/TJD mönkijän telasarjan kiinnityssarja,https://tarvike.com/product/camsotjd-monkijan-telasarjan-kiinnityssarja-79043,https://media.tarvike.com/product/images/79043/original/27912.jpg,570.0,Mönkijöiden kiinnityssarjat Camso X4S ATV/UTV ja  R4S ATV telarunkoihin. Sopivuustaulukko alla tiedostossa.,570.0,Camso,
19140381002,Camso/TJD mönkijän telasarjan kiinnityssarja,https://tarvike.com/product/camsotjd-monkijan-telasarjan-kiinnityssarja-79042,https://media.tarvike.com/product/images/79042/original/27906.jpg,570.0,Mönkijöiden kiinnityssarjat Camso X4S ATV/UTV ja  R4S ATV telarunkoihin. Sopivuustaulukko alla tiedostossa.,570.0,Camso,
19140380002,Camso/TJD mönkijän telasarjan kiinnityssarja,https://tarvike.com/product/camsotjd-monkijan-telasarjan-kiinnityssarja-79041,https://media.tarvike.com/product/images/79041/original/27919.jpg,570.0,Mönkijöiden kiinnityssarjat Camso X4S ATV/UTV ja  R4S ATV telarunkoihin. Sopivuustaulukko alla tiedostossa.,570.0,Camso,
19140379002,Camso/TJD mönkijän telasarjan kiinnityssarja,https://tarvike.com/product/camsotjd-monkijan-telasarjan-kiinnityssarja-79040,https://media.tarvike.com/product/images/79040/original/27910.jpg,570.0,Mönkijöiden kiinnityssarjat Camso X4S ATV/UTV ja  R4S ATV telarunkoihin. Sopivuustaulukko alla tiedostossa.,570.0,Camso,
19140378002,Camso/TJD mönkijän telasarjan kiinnityssarja,https://tarvike.com/product/camsotjd-monkijan-telasarjan-kiinnityssarja-79072,https://media.tarvike.com/product/images/79072/original/27968.jpg,570.0,Mönkijöiden kiinnityssarjat Camso X4S ATV/UTV ja  R4S ATV telarunkoihin. Sopivuustaulukko alla tiedostossa.,570.0,Camso,
19140377002,Camso/TJD mönkijän telasarjan kiinnityssarja,https://tarvike.com/product/camsotjd-monkijan-telasarjan-kiinnityssarja-79071,https://media.tarvike.com/product/images/79071/original/27965.jpg,570.0,Mönkijöiden kiinnityssarjat Camso X4S ATV/UTV ja  R4S ATV telarunkoihin. Sopivuustaulukko alla tiedostossa.,570.0,Camso,
19140376002,Camso/TJD mönkijän telasarjan kiinnityssarja,https://tarvike.com/product/camsotjd-monkijan-telasarjan-kiinnityssarja-79070,https://media.tarvike.com/product/images/79070/original/27962.jpg,570.0,Mönkijöiden kiinnityssarjat Camso X4S ATV/UTV ja  R4S ATV telarunkoihin. Sopivuustaulukko alla tiedostossa.,570.0,Camso,
19140375002,Camso/TJD mönkijän telasarjan kiinnityssarja,https://tarvike.com/product/camsotjd-monkijan-telasarjan-kiinnityssarja-79069,https://media.tarvike.com/product/images/79069/original/27953.jpg,570.0,Mönkijöiden kiinnityssarjat Camso X4S ATV/UTV ja  R4S ATV telarunkoihin. Sopivuustaulukko alla tiedostossa.,570.0,Camso,
19140370002,Camso/TJD mönkijän telasarjan kiinnityssarja,https://tarvike.com/product/camsotjd-monkijan-telasarjan-kiinnityssarja-79036,https://media.tarvike.com/product/images/79036/original/27904.jpg,570.0,Mönkijöiden kiinnityssarjat Camso X4S ATV/UTV ja  R4S ATV telarunkoihin. Sopivuustaulukko alla tiedostossa.,570.0,Camso,
19140369002,Camso/TJD mönkijän telasarjan kiinnityssarja,https://tarvike.com/product/camsotjd-monkijan-telasarjan-kiinnityssarja-79035,https://media.tarvike.com/product/images/79035/original/27893.jpg,570.0,Mönkijöiden kiinnityssarjat Camso X4S ATV/UTV ja  R4S ATV telarunkoihin. Sopivuustaulukko alla tiedostossa.,570.0,Camso,
19140368002,Camso/TJD mönkijän telasarjan kiinnityssarja,https://tarvike.com/product/camsotjd-monkijan-telasarjan-kiinnityssarja-79034,https://media.tarvike.com/product/images/79034/original/27885.jpg,570.0,Mönkijöiden kiinnityssarjat Camso X4S ATV/UTV ja  R4S ATV telarunkoihin. Sopivuustaulukko alla tiedostossa.,570.0,Camso,
19140367002,Camso/TJD mönkijän telasarjan kiinnityssarja,https://tarvike.com/product/camsotjd-monkijan-telasarjan-kiinnityssarja-79033,https://media.tarvike.com/product/images/79033/original/27897.jpg,570.0,Mönkijöiden kiinnityssarjat Camso X4S ATV/UTV ja  R4S ATV telarunkoihin. Sopivuustaulukko alla tiedostossa.,570.0,Camso,
19140366002,Camso/TJD mönkijän telasarjan kiinnityssarja,https://tarvike.com/product/camsotjd-monkijan-telasarjan-kiinnityssarja-79032,https://media.tarvike.com/product/images/79032/original/27894.jpg,570.0,Mönkijöiden kiinnityssarjat Camso X4S ATV/UTV ja  R4S ATV telarunkoihin. Sopivuustaulukko alla tiedostossa.,570.0,Camso,
19140365002,Camso/TJD mönkijän telasarjan kiinnityssarja,https://tarvike.com/product/camsotjd-monkijan-telasarjan-kiinnityssarja-79031,https://media.tarvike.com/product/images/79031/original/27890.jpg,570.0,Mönkijöiden kiinnityssarjat Camso X4S ATV/UTV ja  R4S ATV telarunkoihin. Sopivuustaulukko alla tiedostossa.,570.0,Camso,
19140232002,"Kimpex Click N Go 2 Kiinnikesarja UTV, Yamaha",https://tarvike.com/product/kimpex-click-n-go-2-kiinnikesarja-utv-yamaha-79371,https://media.tarvike.com/product/images/79371/original/28409.jpg,235.9,Kimpex Click N Go2 puskulevyn kiinnikesarja Yamahan UTV-mönkijöihin. Tarkista sopivuus laitteeseen Tiedostot- osiosta.,235.9,Kimpex,
19140230002,Kimpex Click N Go 2 Kiinnikesarja UTV Polaris Ranger 1000 XP,https://tarvike.com/product/kimpex-click-n-go-2-kiinnikesarja-utv-polaris-ranger-1000-xp-79369,https://media.tarvike.com/product/images/79369/original/28420.jpg,120.5,Kiinnikesarja puskulevylle. Tarkista sopivuus laitteeseen Tiedostot- osiosta.,120.5,Kimpex,
19140229002,"Kimpex Click N Go 2 kiinnikesarja, Polaris UTV",https://tarvike.com/product/kimpex-click-n-go-2-kiinnikesarja-polaris-utv-79368,https://media.tarvike.com/product/images/79368/original/28415.jpg,201.4,Kimpex Click N Go2 puskulevyn kiinnikesarja Polaris UTV-mönkijöihin.  Tarkista sopivuus laitteeseen Tiedostot- osiosta.,201.4,Kimpex,
19140225002,Kimpex Click N Go 2 Kiinnikesarja UTV Can am Defender Traxter 2016-,https://tarvike.com/product/kimpex-click-n-go-2-kiinnikesarja-utv-can-am-defender-traxter-2016--79364,https://media.tarvike.com/product/images/79364/original/28401.jpg,293.5,Kiinnikesarja puskulevylle. Tarkista sopivuus laitteeseen Tiedostot- osiosta.,293.5,Kimpex,
19140223002,"Kimpex Click N Go 2 kiinnikesarja, UTV Kawasaki Mule",https://tarvike.com/product/kimpex-click-n-go-2-kiinnikesarja-utv-kawasaki-mule-79362,https://media.tarvike.com/product/images/79362/original/28388.jpg,293.5,Kimpex Click N Go2 puskulevyn kiinnikesarja Kawasaki UTV-mönkijöihin. Tarkista sopivuus laitteeseen Tiedostot- osiosta.,293.5,Kimpex,
19140220002,Kimpex Click N Go 2 Kiinnikesarja UTV A-C Wild Cat 1000 2012-,https://tarvike.com/product/kimpex-click-n-go-2-kiinnikesarja-utv-a-c-wild-cat-1000-2012--79359,https://media.tarvike.com/product/images/79359/original/28403.jpg,293.5,Kiinnikesarja puskulevylle. Tarkista sopivuus laitteeseen Tiedostot- osiosta.,293.5,Kimpex,
19140218002,"Kimpex Click N Go 2 kiinnikesarja, UTV Arctic Cat",https://tarvike.com/product/kimpex-click-n-go-2-kiinnikesarja-utv-arctic-cat-79357,https://media.tarvike.com/product/images/79357/original/28385.jpg,293.5,Kimpex Click N Go2 puskulevyn kiinnikesarja Arctic Cat UTV-mönkijöihin. Tarkista sopivuus laitteeseen Tiedostot- osiosta.,293.5,Kimpex,
19140205002,Kimpex Click N Go 2 Työvälinerunko ATV,https://tarvike.com/product/kimpex-click-n-go-2-tyovalinerunko-atv-79343,https://media.tarvike.com/product/images/79343/original/28378.jpg,535.0,"Kimpex Click N Go ATV mönkijän työvälinerunko käy Kimpex Click n Go puskulevyjen ja kauhan kanssa. Lisäksi tarvitset Click n Go kiinnityssarjan, tarkemman sopivuuden löydät kiinnityssarjan tiedostoista.",535.0,Kimpex,
19140201002,Storm Pika Kiinnikesarja,https://tarvike.com/product/storm-pika-kiinnikesarja-79337,https://media.tarvike.com/product/images/79337/original/28352.jpg,80.0,Varaosat ja lisävarusteet.,80.0,Storm,
19140184002,"Bronco puskulevyn kiinnikesarja, Polaris Ranger",https://tarvike.com/product/bronco-puskulevyn-kiinnikesarja-polaris-ranger-79323,https://media.tarvike.com/product/images/79323/original/28326.jpg,68.9,Bronco puskulevyn kiinnityssarja Polaris mönkijöihin. Tarkempi sopivuus teknisissä tiedoissa.,68.9,Bronco,
19140177002,"Bronco puskulevyn kiinnikesarja, Polaris",https://tarvike.com/product/bronco-puskulevyn-kiinnikesarja-polaris-79316,https://media.tarvike.com/product/images/79316/original/28314.jpg,68.9,Bronco puskulevyn kiinnityssarja Polaris mönkijöihin. Tarkempi sopivuus teknisissä tiedoissa.,68.9,Bronco,
19140176002,"Bronco puskulevyn kiinnikesarja, Honda TRX 420",https://tarvike.com/product/bronco-puskulevyn-kiinnikesarja-honda-trx-420-79315,https://media.tarvike.com/product/images/79315/original/28307.jpg,68.9,Bronco puskulevyn kiinnityssarja Honda mönkijöihin. Tarkempi sopivuus teknisissä tiedoissa.,68.9,Bronco,
19140174002,"Bronco puskulevyn kiinnikesarja, Linhai/Suzuki",https://tarvike.com/product/bronco-puskulevyn-kiinnikesarja-linhaisuzuki-79313,https://media.tarvike.com/product/images/79313/original/28321.jpg,69.8,Bronco puskulevyn kiinnityssarja Linhai ja Suzuki mönkijöihin. Tarkempi sopivuus teknisissä tiedoissa.,69.8,Bronco,
19140171002,"Bronco puskulevyn kiinnikesarja, Arctic Cat",https://tarvike.com/product/bronco-puskulevyn-kiinnikesarja-arctic-cat-79310,https://media.tarvike.com/product/images/79310/original/28315.jpg,69.0,Bronco puskulevyn kiinnityssarja Arctic Cat mönkijöihin. Tarkempi sopivuus teknisissä tiedoissa.,69.0,Bronco,
19140075002,Bronco vinssin kaukosäätimen paristo,https://tarvike.com/product/bronco-vinssin-kaukosaatimen-paristo-77557,https://media.tarvike.com/product/images/77557/original/26852.jpg,4.1,Varaosat ja lisävarusteet.,4.1,Bronco,
19140062002,Bronco vinssin rullaohjain,https://tarvike.com/product/bronco-vinssin-rullaohjain-77577,https://media.tarvike.com/product/images/77577/original/26910.jpg,57.7,Isolla rullalla varustettu rullaohjain pidentää vaijerin tai köyden käyttöikää puskulevykäytössä.,57.7,Bronco,
19140057002,Bronco Gen I vinssi 2500 wire,https://tarvike.com/product/bronco-gen-i-vinssi-2500-wire-77572,https://media.tarvike.com/product/images/77572/original/26903.jpg,242.9,CE-HyväksyttyVetokyky: 1133kg15m x 5mm teräsvaijeriLangaton kauko-ohjain +ohjaustankoon sijoitettava kytkinTehdastakuu: 2 vuotta,242.9,Bronco,
19140053002,Bronco vinssin kiinnityssarja taakse Arctic Cat,https://tarvike.com/product/bronco-vinssin-kiinnityssarja-taakse-arctic-cat-77528,https://media.tarvike.com/product/images/77528/original/26815.jpg,127.5,Bronco vinssin kiinnityssarja taakse Arctic Catin 550 ja 700 mönkijään. Katso sopivuus tarkemmin teknisistä tiedoista.,127.5,Bronco,
19140045002,Bronco vinssin kiinnityssarja taakse Kawasaki (sis. peräkoukun pidennyssarja),https://tarvike.com/product/bronco-vinssin-kiinnityssarja-taakse-kawasaki-sis-perakoukun-pidennyssarja-77520,https://media.tarvike.com/product/images/77520/original/26791.jpg,351.0,Kawasaki KVF 650 / 750,351.0,Bronco,
17318905001,Ultratec tiehöylä alustalla,https://tarvike.com/product/ultratec-tiehoyla-alustalla-79424,https://media.tarvike.com/product/images/79424/original/28523.jpg,2515.1,"Ultratec mönkijän tiehöylä sopii teiden, ratojen, polkujen ja kenttien kunnossapitoon. Tiehöylä on nopeasti käyttövalmiina, joten pidät vaivattomasti esimerkiksi pienet tiet hyvässä kunnossa läpi vuoden. Soveltuu käytettäväksi telilavakärryjen kanssa. Vaihdettavat kulutusterät, helppo korkeuden säätö käsivinssillä. Höylä soveltuu käytettäväksi myös lavavarustuksen kanssa.",2515.1,Ultratec,
17318887001,Bronco peräkoukun pidennyssarja Polaris RZR 1000 XP,https://tarvike.com/product/bronco-perakoukun-pidennyssarja-polaris-rzr-1000-xp-77543,https://media.tarvike.com/product/images/77543/original/26847.jpg,263.0,Sopii: Polaris RZR 1000 XP,263.0,Bronco,
17318883001,Bronco peräkoukun pidennyssarja CF MOTO,https://tarvike.com/product/bronco-perakoukun-pidennyssarja-cf-moto-77539,https://media.tarvike.com/product/images/77539/original/26830.jpg,139.0,"Sopii: CF Moto ZFORCE 500 EX,ZFORCE 800",139.0,Bronco,
17315731001,Kimpex Gen II kiinnityssarja Can-Am,https://tarvike.com/product/kimpex-gen-ii-kiinnityssarja-can-am-79402,https://media.tarvike.com/product/images/79402/original/28457.jpg,43.0,Kimpexin Can-Am kiinnittyssarja tuulilaseihin: 76-479800 ja 76-579800,43.0,Kimpex,
17297320001,ITP Delta teräsvanne 14x7 4/110 5+2,https://tarvike.com/product/itp-delta-terasvanne-14x7-4110-52-77706,https://media.tarvike.com/product/images/77706/original/27102.png,127.0,"Sopivuus: CFMoto, Honda, Kawasaki, Suzuki, YamahaTuuma: 14""Pulttijako 4/110Offset: 5+2Eteen ja taakse",127.0,ITP,
1649551000,Bronco Levikepalan Pultit ja Mutterit M10 x 1.25 x 42mm (4kpl),https://tarvike.com/product/bronco-levikepalan-pultit-ja-mutterit-m10-x-125-x-42mm-4kpl-130611,https://media.tarvike.com/product/images/130611/original/173384.png,9.1,Bronco Levikepalan Pultit ja Mutterit M10 x 1.25 x 42mm (4kpl),9.1,Bronco,
1521418002,ITP Mönkijän Rengas Cryptid 32x10.00-15,https://tarvike.com/product/itp-monkijan-rengas-cryptid-32x1000-15-127655,https://media.tarvike.com/product/images/127655/original/167399.jpg,298.0,"Uusi, agressiivinen rengas, joka on varustettuerikoiskorkealla harjalla (38mm keskellä ja50mm reunoilla). Vahva rakenne \Tough Tread\kumi seoksella. Kestävyys omaa luokkaansa.6-kankainen. Valmistettu USA:ssa.",298.0,ITP,
1521410002,ITP Mönkijän Rengas MT911 32x10.00-14 NHS 8PR TL,https://tarvike.com/product/itp-monkijan-rengas-mt911-32x1000-14-nhs-8pr-tl-127664,https://media.tarvike.com/product/images/127664/original/167401.png,271.0,32x10.00-14 NHS 8PR TL,271.0,ITP,
1521407002,ITP Mönkijän Rengas Cryptid 30x11.00-14,https://tarvike.com/product/itp-monkijan-rengas-cryptid-30x1100-14-127654,https://media.tarvike.com/product/images/127654/original/167399.jpg,304.0,30x11.00-14,304.0,ITP,
13852520001,Bronco Synteettinen köysi koukullaI 6.0mm x 20m musta murtolujuus 5000kg,https://tarvike.com/product/bronco-synteettinen-koysi-koukullai-60mm-x-20m-musta-murtolujuus-5000kg-137700,https://media.tarvike.com/product/images/137700/original/189791.png,88.2,,88.2,Bronco,
13852516001,Bronco vinssin kiinnikesarja Polaris Scrambler 1000 S,https://tarvike.com/product/bronco-vinssin-kiinnikesarja-polaris-scrambler-1000-s-137696,https://media.tarvike.com/product/images/137696/original/189790.jpg,152.0,,152.0,Bronco,
13852506001,Bronco vinssin kiinnikesarja taakse Polaris Sportsman XP 1000 S,https://tarvike.com/product/bronco-vinssin-kiinnikesarja-taakse-polaris-sportsman-xp-1000-s-137684,https://media.tarvike.com/product/images/137684/original/189780.jpg,263.0,,263.0,Bronco,
13852500001,BRONCO GEN II WINCH 5000 Wire,https://tarvike.com/product/bronco-gen-ii-winch-5000-wire-137664,https://media.tarvike.com/product/placeholders/productImageComingSoong.jpg,399.0,,399.0,Bronco,
11622560000,"Bronco Lumiketjupari Garden 5-6""",https://tarvike.com/product/bronco-lumiketjupari-garden-5-6-130620,https://media.tarvike.com/product/images/130620/original/169789.png,44.8,"Bronco Lumiketjupari Garden 5-6""",44.8,Bronco,
712126001,Segway Snarler AT5 L EPS Standard Traktorimönkijä,https://tarvike.com/product/segway-snarler-at5-l-eps-standard-t3-grayblack-33899,https://media.tarvike.com/product/images/33899/original/176178.jpg,6790.0,"Pitkä Snarler AT5 -mönkijä Standard-varustelutasolla, ohjaustehostimella ja 39-hevosvoimaisella moottorilla.",6790.0,Segway,
9439051000,Iron Baltic Sähköinen/hydraulinen toimilaite MAP-250,https://tarvike.com/product/iron-baltic-sahkoinenhydraulinen-toimilaite-map-250-145744,https://media.tarvike.com/product/images/145744/original/178872.jpg,502.0,"Iron Baltic Sähköinen/hydraulinen toimilaite, jossa on sähköinen tasavirtamoottori, hydrauliset venttiilit, pumppu ja sylinteri kompaktissa paketissa.",502.0,Iron Baltic,
9439048000,Iron Baltic Kytkentäsarja (1 sylinterin ohjaus),https://tarvike.com/product/iron-baltic-kytkentasarja-1-sylinterin-ohjaus-145741,https://media.tarvike.com/product/images/145741/original/178860.jpg,125.5,Iron Baltic kytkentäsarja sähkösylinterin kytkemiseen.,125.5,Iron Baltic,
8976786002,IB alueaura G2 1500mm,https://tarvike.com/product/ib-alueaura-g2-1500mm-145797,https://media.tarvike.com/product/images/145797/original/191666.png,778.0,"Tämä jämäkkärakenteinen lumiaura on suunniteltu vaativaan käyttöön moottorikelkkojen, mönkijöiden ja UTV-ajoneuvojen kanssa. Terä on valmistettu vahvasta teräksestä, ja siinä on kestäviä muoviosia, jotka parantavat liukuvuutta ja suojaavat pintoja. Kaareva muotoilu takaa tehokkaan lumen ja maa-aineksen rullautumisen, jolloin työjäljestä tulee tasaista ja siistiä.",778.0,Iron Baltic,
8841140002,2025 Yamaha Kodiak 700 EPS SE TB traktorimönkijä,https://tarvike.com/product/2025-yamaha-kodiak-700-eps-se-tb-traktorimonkija-126957,https://media.tarvike.com/product/images/126957/original/161312.jpg,11990.0,"Kodiak 700 EPS SE on suunniteltu maa- ja metsätalouteen sekä kiinteistö- ja teollisuuskäyttöön, kun tarvitaan vankkaa hyötyajoneuvoa kovaan työhön ääriolosuhteissa. Suorituskykyinen ja käyttäjäystävällinen Kodiak 700 EPS SE tarjoaa myös erinomaisen hinta-laatusuhteen.",11990.0,Yamaha,
8537613001,Iron Baltic asennussarja CanAM,https://tarvike.com/product/iron-baltic-asennussarja-canam-145705,https://media.tarvike.com/product/images/145705/original/178850.jpg,100.4,Mallikohtainen asennussarja keskikiinnityksellä varustettuun aurajärjestelmään.,100.4,Iron Baltic,
8050366002,Segway Snarler AT10 Wide Premium ABS (T3b) Traktorimönkijä,https://tarvike.com/product/segway-snarler-at10-wide-premium-abs-t3b-traktorimonkija-168706,https://media.tarvike.com/product/images/168706/original/190435.jpg,13490.0,"Uusi Premium-varusteltu AT10 suorituskykyisellä 97-hevosvoimaisella moottorilla. Leveämpi Wide-malli, jossa 30"" renkaat.
ABS-versio – huippunopeus enintään 80 km/h, vaatii B-ajokortin.",13490.0,Segway,
712136001,Segway Snarler AT6 S EPS Standard Traktorimönkijä,https://tarvike.com/product/segway-snarler-at6-s-eps-standard-t3-grayblack-33916,https://media.tarvike.com/product/images/33916/original/176305.jpg,7790.0,"Lyhyt kaksipaikkainen Snarler Standard-varustelutasolla, ohjaustehostimella ja sitkeällä 44-hevosvoimaisella moottorilla.",7790.0,Segway,
712132001,Segway Snarler AT6 L EPS Full Version Traktorimönkijä,https://tarvike.com/product/segway-snarler-at6-l-eps-full-version-t3-greenblack-33905,https://media.tarvike.com/product/images/33905/original/176210.jpg,8990.0,"Pitkä kaksipaikkainen Snarler parhaalla Full Version -varustelutasolla, ohjaustehostimella ja sitkeällä 44-hevosvoimaisella moottorilla.",8990.0,Segway,
712123001,Segway Snarler AT5 L Naked (T3b) Traktorimönkijä,https://tarvike.com/product/segway-snarler-at5-l-naked-t3-grayblack-33896,https://media.tarvike.com/product/images/33896/original/176147.jpg,5990.0,Pitkärunkoinen Snarler AT5 -mönkijä Naked-varustelutasolla ja 39-hevosvoimaisella moottorilla.,5990.0,Segway,
712121001,Segway Snarler AT5 S EPS Standard (T3b) Traktorimönkijä,https://tarvike.com/product/segway-snarler-at5-s-eps-standard-t3-orangeblack-33894,https://media.tarvike.com/product/images/33894/original/176129.jpg,6590.0,"Lyhytrunkoinen Snarler AT5 -mönkijä Standard-varustelutasolla, ohjaustehostimella ja 39-hevosvoimaisella moottorilla.",6590.0,Segway,
712118001,Segway Snarler AT5 S Naked Traktorimönkijä,https://tarvike.com/product/segway-snarler-at5-s-naked-t3-orangeblack-33891,https://media.tarvike.com/product/images/33891/original/176123.jpg,5890.0,Lyhytrunkoinen Snarler AT5 -mönkijä Naked-varustelutasolla ja 39-hevosvoimaisella moottorilla.,5890.0,Segway,
712115001,Segway Villain SX10 X (T1b) Sporttimönkijä,https://tarvike.com/product/segway-villain-sx10-x-t1b-greenblack-33888,https://media.tarvike.com/product/images/33888/original/176105.jpg,19990.0,"Sporttimönkijä Villain ohjaustehostimella ja 105-hevosvoimaisella 1000 cm3 4-tahtimoottorilla. Tässä mallissa ennennäkemätön 10,4"" multimediakosketusnäyttö ja virtuaalimittaristo vakiona.",19990.0,Segway,
712109001,Segway Fugleman UT10 P Crew (T1b) Koppimönkijä,https://tarvike.com/product/segway-fugleman-ut10-p-crew-t1b-gray-black-33882,https://media.tarvike.com/product/images/33882/original/176069.jpg,18990.0,Fugleman Crew -koppimönkijä jopa kuudelle hengelle. Lämpöhytti saatavilla lisävarusteena.,18990.0,Segway,
704117001,Täydellinen pohjapanssarisarja ACCESS MAX 650I/750I/800I,https://tarvike.com/product/taydellinen-pohjapanssarisarja-access-max-650i750i800i-144865,https://media.tarvike.com/product/images/144865/original/176285.png,650.47,"Shark Alumiini täydellinen pohjapanssarisarja suojaa ajoneuvosi alla olevia komponentteja esim. kivien tai kantojen vaurioilta. Valmistettu kestävästä, kevyestä lentokonealumiinista. Tyhjennys reiät, jotta muta ja vesi eivät keräänny panssarin ja koneen väliin. Valmiit aukot koneen huoltamiseen ja puhdistamiseen",650.47,Shark,
704112001,Shark Täydellinen pohjapanssarisarja CAN-AM Outlander 500/570L MAX,https://tarvike.com/product/shark-taydellinen-pohjapanssarisarja-can-am-outlander-500570l-max-144858,https://media.tarvike.com/product/images/144858/original/176274.png,711.17,"Shark Alumiini täydellinen pohjapanssarisarja suojaa ajoneuvosi alla olevia komponentteja esim. kivien tai kantojen vaurioilta. Valmistettu kestävästä, kevyestä lentokonealumiinista. Tyhjennys reiät, jotta muta ja vesi eivät keräänny panssarin ja koneen väliin. Valmiit aukot koneen huoltamiseen ja puhdistamiseen.",711.17,Shark,
704109001,"SHARK Pohjapanssari, Can-am Outlander",https://tarvike.com/product/shark-pohjapanssari-can-am-outlander-144857,https://media.tarvike.com/product/images/144857/original/176273.png,749.8,"Shark Alumiini täydellinen pohjapanssarisarja suojaa ajoneuvosi alla olevia komponentteja esim. kivien tai kantojen vaurioilta. Valmistettu kestävästä, kevyestä lentokonealumiinista. Tyhjennys reiät, jotta muta ja vesi eivät keräänny panssarin ja koneen väliin. Valmiit aukot koneen huoltamiseen ja puhdistamiseen",749.8,Shark,
675796002,Shark Täydellinen pohjapanssarisarja CAN-AM Outlander 500/650/800/1000 MAX GEN 2 (2011-2016),https://tarvike.com/product/shark-taydellinen-pohjapanssarisarja-can-am-outlander-5006508001000-max-gen-2-2011-2016-144869,https://media.tarvike.com/product/images/144869/original/176287.png,700.13,"Shark Alumiini täydellinen pohjapanssarisarja suojaa ajoneuvosi alla olevia komponentteja esim. kivien tai kantojen vaurioilta. Valmistettu kestävästä, kevyestä lentokonealumiinista. Tyhjennys reiät, jotta muta ja vesi eivät keräänny panssarin ja koneen väliin. Valmiit aukot koneen huoltamiseen ja puhdistamiseen",700.13,Shark,
675794002,Shark Täydellinen pohjapanssarisarja ACCESS 650 Transasia,https://tarvike.com/product/shark-taydellinen-pohjapanssarisarja-access-650-transasia-144867,https://media.tarvike.com/product/images/144867/original/176286.png,611.84,"Shark Alumiini täydellinen pohjapanssarisarja suojaa ajoneuvosi alla olevia komponentteja esim. kivien tai kantojen vaurioilta. Valmistettu kestävästä, kevyestä lentokonealumiinista. Tyhjennys reiät, jotta muta ja vesi eivät keräänny panssarin ja koneen väliin. Valmiit aukot koneen huoltamiseen ja puhdistamiseen",611.84,Shark,
675793002,Shark Täydellinen pohjapanssarisarja ACCESS Shade 650LT/850LT,https://tarvike.com/product/shark-taydellinen-pohjapanssarisarja-access-shade-650lt850lt-144868,https://media.tarvike.com/product/images/144868/original/176286.png,650.47,"Shark Alumiini täydellinen pohjapanssarisarja suojaa ajoneuvosi alla olevia komponentteja esim. kivien tai kantojen vaurioilta. Valmistettu kestävästä, kevyestä lentokonealumiinista. Tyhjennys reiät, jotta muta ja vesi eivät keräänny panssarin ja koneen väliin. Valmiit aukot koneen huoltamiseen ja puhdistamiseen",650.47,Shark,
675785002,"Shark Täydellinen pohjapanssarisarja ACCESS MAX, SHADE EXTREME 650I/750I/800I",https://tarvike.com/product/shark-taydellinen-pohjapanssarisarja-access-max-shade-extreme-650i750i800i-144866,https://media.tarvike.com/product/images/144866/original/176286.png,655.99,"Shark Alumiini täydellinen pohjapanssarisarja suojaa ajoneuvosi alla olevia komponentteja esim. kivien tai kantojen vaurioilta. Valmistettu kestävästä, kevyestä lentokonealumiinista. Tyhjennys reiät, jotta muta ja vesi eivät keräänny panssarin ja koneen väliin. Valmiit aukot koneen huoltamiseen ja puhdistamiseen",655.99,Shark,
6641845002,Trapper 750L Guardian EPS T3b Traktorimönkijä,https://tarvike.com/product/trapper-750l-guardian-eps-t3b-keltainen-39933,https://media.tarvike.com/product/images/39933/original/201153.webp,8490.0,"Trapper Guardian 750L -mallissa on useita erityisominaisuuksia, jotka tekevät siitä erinomaisen valinnan vaativiin olosuhteisiin ja monipuoliseen käyttöön.",8490.0,Trapper,
6641822002,"Shark ATV takalaatikko 8015, 85 x 54 x 36 cm",https://tarvike.com/product/shark-atv-takalaatikko-8015-85-x-54-x-36-cm-126919,https://media.tarvike.com/product/images/126919/original/161353.jpg,329.0,"Suuren kapasiteetin kuivasäilytysmönkijälaatikko kielekkeellä varustettu kansijärjestelmä mönkijöille. Tämä laatikko on valmistettu korkealaatuisesta iskunkestävästä polyeteenistä, ja siinä on kaikki mitä tarvitset matkustamiseen, työskentelyyn, kalastukseen tai metsästykseen. Kansi on suljettu kahdella lukittavalla salvalla. Musta vaahtomuovi selkänoja lisää mukavuutta.",329.0,Shark,
6641796002,Trapper 450 Guardian T3b,https://tarvike.com/product/trapper-450-guardian-t3b-169594,https://media.tarvike.com/product/images/169594/original/201149.webp,5590.0,"Trapper Guardian 450 on fyysisesti pienempi kuin muut mallit, mikä tekee siitä helpommin käsiteltävän ja sopivan ahtaisiin tiloihin. Tämä malli tarjoaa erinomaisen suorituskyvyn ja mukavuuden, mikä tekee siitä ihanteellisen sekä työ- että vapaa-ajan käyttöön.",5590.0,Trapper,
6047001,Iron Baltic Vinssin asennussarja taakse Polaris,https://tarvike.com/product/iron-baltic-vinssin-asennussarja-taakse-polaris-145715,https://media.tarvike.com/product/images/145715/original/179691.jpg,138.05,"Takavinssin kiinnityssarja WARN-, COMEUP- tai BRONCO-vinsseille, joiden kiinnityspulttien jako on 76x124 mm (3""x4,87"").",138.05,Iron Baltic,
5454054000,SHARK Garden 680 ATV Kärry,https://tarvike.com/product/shark-garden-680-atv-karry-127272,https://media.tarvike.com/product/images/127272/original/162367.png,949.0,"Monikäyttöinen ATV kärry kippilavalla, jota on helppo ohjata leveiden matalapainerenkaiden ansiosta. Kestävä polyeteenilava ja tukeva jauhemaalattu teräsrunko kestävät jopa 680 kg:n kuorman.",949.0,Shark,
5454049000,SHARK Levitin 100 kg,https://tarvike.com/product/shark-levitin-100-kg-127267,https://media.tarvike.com/product/images/127267/original/162326.png,999.0,"SHARK 100 kg on monikäyttöinen, kauko-ohjattava kuiva-aineiden levitin, joka levittää tehokkaasti erilaisia materiaaleja.",999.0,Shark,
5248001,Iron Baltic Etukiinnitteinen kiinnityssarja,https://tarvike.com/product/iron-baltic-etukiinnitteinen-kiinnityssarja-145807,https://media.tarvike.com/product/images/145807/original/179331.jpg,103.54,"Etukiinnitteinen kiinnityssarja + kiinnityssovitin ""Warn""- tai ""Bronco""-mönkijävinsseille, joiden kiinnityspulttien jako on 76x124 mm (3""x4,87"").",103.54,Iron Baltic,
5211799000,Shark ATV takalaatikko AX110 for Segway AT5/AT6,https://tarvike.com/product/shark-atv-takalaatikko-ax110-for-segway-at5at6-126893,https://media.tarvike.com/product/images/126893/original/161276.jpg,339.0,"Erittäin tilava kuivasäilytysmönkijälaatikko kielekkeellä ja urakansijärjestelmällä. Laatikko on valmistettu korkealaatuisesta iskunkestävästä High Density Polyeteenistä, ja siinä on kaikki mitä tarvitset matkustamiseen, työskentelyyn, kalastukseen tai metsästykseen. Kansi on suljettu kahdella lukittavalla salvalla.
Kuvan punainen polttoainesäiliö myydään erikseen.",339.0,Shark,
5113000,Iron Baltic Puskulevyn asennussarja Polaris Sportsman 450 / 570 / ETX / 570 SP,https://tarvike.com/product/iron-baltic-puskulevyn-asennussarja-polaris-sportsman-450-570-etx-570-sp-145785,https://media.tarvike.com/product/images/145785/original/179881.jpg,100.4,Mallikohtainen kiinnityssarja keskikiinnityksellä varustettuun aurajärjestelmään.,100.4,Iron Baltic,
5112000,Iron Baltic Puskulevyn asennussarja Polaris Ranger,https://tarvike.com/product/iron-baltic-puskulevyn-asennussarja-polaris-ranger-145784,https://media.tarvike.com/product/images/145784/original/179882.jpg,100.4,Mallikohtainen kiinnityssarja keskikiinnityksellä varustettuun aurajärjestelmään.,100.4,Iron Baltic,
5111000,"Iron Baltic Puskulevyn asennussarja, yleismalli",https://tarvike.com/product/iron-baltic-puskulevyn-asennussarja-yleismalli-145783,https://media.tarvike.com/product/images/145783/original/179885.jpg,100.4,"Sopii useimpiin mönkijöihin, joissa on putkimainen alusta/runko.",100.4,Iron Baltic,
5110000,Iron Baltic Puskulevyn asennussarja Polaris,https://tarvike.com/product/iron-baltic-puskulevyn-asennussarja-polaris-145781,https://media.tarvike.com/product/images/145781/original/178911.jpg,100.4,Mallikohtainen kiinnityssarja keskikiinnityksellä varustettuun aurajärjestelmään.,100.4,Iron Baltic,
5046000,"Iron Baltic Tappi 10x40mm, (2kpl)",https://tarvike.com/product/iron-baltic-tappi-10x40mm-2kpl-145811,https://media.tarvike.com/product/images/145811/original/178930.jpg,10.0,Tappi ja kara (2 kpl / sarja) keskikiinnitysjärjestelmän kiinnittämiseksi mallipohjaiseen asennussarjaan.,10.0,Iron Baltic,
4990144000,Bronco vinssin kiinnikesarja Can-Am Maverick,https://tarvike.com/product/bronco-vinssin-kiinnikesarja-can-am-maverick-77511,https://media.tarvike.com/product/images/77511/original/26785.jpg,128.6,Bronco vinssin kiinnikesarja Can-Am Maverick mönkijään. Katso sopivuus tarkemmin teknisistä tiedoista. Kuva on suuntaa antava yleiskuva.,128.6,Bronco,
4990139000,"Bronco vinssin kiinnikesarja, Linhai",https://tarvike.com/product/bronco-vinssin-kiinnikesarja-linhai-77506,https://media.tarvike.com/product/images/77506/original/26768.jpg,59.7,Bronco vinssin kiinnikesarja Linhai mönkijään. Katso sopivuus teknisistä tiedoista. Kuva on suuntaa antava yleiskuva.,59.7,Bronco,
4990134000,Bronco vinssin kiinnityssarja Cectek,https://tarvike.com/product/bronco-vinssin-kiinnityssarja-cectek-77501,https://media.tarvike.com/product/images/77501/original/26765.jpg,55.7,Bronco vinssin kiinnityssarja Cectek 500 King Cobra mönkijään. Katso sopivuus tarkemmin teknisistä tiedoista. Kuva on suuntaa antava yleiskuva.,55.7,Bronco,
4990133000,Bronco vinssin kiinnityssarja Can-Am Renegade 500/800,https://tarvike.com/product/bronco-vinssin-kiinnityssarja-can-am-renegade-500800-77500,https://media.tarvike.com/product/images/77500/original/26756.jpg,115.4,Bronco vinssin kiinnityssarja Can-Am Renegade 500 ja 800 mönkijöihin. Katso sopivuus tarkemmin teknisistä tiedoista. Kuva on suuntaa antava yleiskuva.,115.4,Bronco,
4926002,Iron Baltic Varustelaatikko 78l,https://tarvike.com/product/iron-baltic-varustelaatikko-78l-145761,https://media.tarvike.com/product/images/145761/original/178899.jpg,219.63,"Varustelaatikko, johon tarvitset Iron Balticin kiinnitysadapterin (osanumero 84.1000 tai 84. Laatikkoon voidaan kiinnittää moottorisahan pidike 14.7200 (mydään erikseen).",219.63,Iron Baltic,
4920251000,"Irbis ATV Säilytyspeite, 150-250",https://tarvike.com/product/irbis-atv-sailytyspeite-150-250-93600,https://media.tarvike.com/product/placeholders/productImageComingSoong.jpg,50.5,,50.5,{},
4919002,Iron Baltic Lava (IB-1200 / PRO-1200),https://tarvike.com/product/iron-baltic-lava-ib-1200-pro-1200-145772,https://media.tarvike.com/product/images/145772/original/178918.jpg,878.5,Iron Baltic Lava käytettäväksi Iron Baltic 1200-(86.1000) tai PRO 1200(86.10000) kärryjen kanssa.,878.5,Iron Baltic,
4894325000,Yamaha kuljetuslaatikko taakse,https://tarvike.com/product/yamaha-kuljetuslaatikko-taakse-97576,https://media.tarvike.com/product/images/97576/original/106237.jpg,427.95,"Kuljetuslaatikossa kuljetat kätevästi kaikki mönkijäajelulla tai työssä tarvitsemasi varusteet ja tavarat. Laatikossa on kiinteä kiinnitysjärjestelmä, joka sopii useimpiin Yamahan hyöty-ATV-telineisiin. Suljetaan kahdella elastisella päätysalvalla, jotka voi lukita riippulukoilla. Valmistettu lujasta, kestävästä ja laadukkaasta muovista.Tarvitsetko vieläkin enemmän säilytystilaa? Lisää mönkijääsi myös etukuljetuslaatikko.",427.95,Yamaha,
4894323000,Yamaha kuljetuslaatikko eteen,https://tarvike.com/product/yamaha-kuljetuslaatikko-eteen-97575,https://media.tarvike.com/product/images/97575/original/106230.jpg,349.95,"Kuljetuslaatikossa kuljetat kätevästi kaikki mönkijäajelulla tai työssä tarvitsemasi varusteet ja tavarat. Laatikossa on kiinteä kiinnitysjärjestelmä, joka sopii useimpiin Yamahan hyöty-ATV-telineisiin. Suljetaan kahdella elastisella päätysalvalla, jotka voi lukita riippulukoilla. Valmistettu lujasta, kestävästä ja laadukkaasta muovista.Tarvitsetko vieläkin enemmän säilytystilaa? Lisää mönkijääsi myös takakuljetuslaatikko.",349.95,Yamaha,
4894321000,"Yamaha Kuljetuslaatikko taakse, Grizzly/Kodiak",https://tarvike.com/product/yamaha-kuljetuslaatikko-taakse-grizzlykodiak-96718,https://media.tarvike.com/product/images/96718/original/103622.jpg,465.95,"Kuljetuslaatikossa kuljetat kätevästi kaikki mönkijäajelulla tai työssä tarvitsemasi varusteet ja tavarat. Laatikko voidaan asentaa vakiomalliseen telineeseen, kiinnitysosat sisältyvät toimitukseen.Laatikossa on vesi- ja pölytiivis rakenne ja sen tilavuus on 66 litraa. Valmistettu kestävästä, laadukkaasta ja pienitiheyksisestä polyeteenistä. Ulkopuolella on 33 cc:n juomatölkin pidikkeet sekä pidike lipulle tai antennille.Tarvitsetko vieläkin enemmän säilytystilaa? Lisää mönkijääsi myös etukuljetuslaatikko.",465.95,Yamaha,
4894320000,"Yamaha Etutelineen jatkokappale, Grizzly/Kodiak",https://tarvike.com/product/yamaha-etutelineen-jatkokappale-grizzlykodiak-96717,https://media.tarvike.com/product/images/96717/original/103618.jpg,199.95,"Vakiomallista etutelinettä pidentävä jatkokappale tavaroiden turvalliseen kuljetukseen. Valmistettu taivutetusta ja erittäin kestävästä teräsputkesta, pidentää etutelineen korkeuden 150 millimetriin.Helppo asentaa vakiomallisiin telineisiin mukana toimitetuilla kiinnitysosilla. Yhteensopiva lisävarusteena saatavan asekotelon pidikkeen, kylmälaukkutelineen ja etulaukun kanssa.2016-2020 Grizzly& Kodiak 700 -malleihin",199.95,Yamaha,
4894292000,Tesseract Kattolaatikko Polaris General,https://tarvike.com/product/tesseract-kattolaatikko-polaris-general-79985,https://media.tarvike.com/product/images/79985/original/29446.png,713.0,"Paino: 24kg / 52,91lbsMitat: 1370*1050*310mm / 53,94*41,34*12,2Tilavuus: 215l / 47,29gal",713.0,TESSERACT,
4894206000,Tesseract Aselaukku,https://tarvike.com/product/tesseract-aselaukku-79951,https://media.tarvike.com/product/images/79951/original/29336.png,276.5,"Kotelon mitat:1320x400x223 mmAukon mitat: 101x212 mmAseen maksimipituus: 1275 mmTuotteen paino: 3,7 kg",276.5,TESSERACT,
4894151000,"Kimpex ATV lokasuojalaukku, camo",https://tarvike.com/product/kimpex-atv-lokasuojalaukku-camo-79388,https://media.tarvike.com/product/images/79388/original/28437.jpg,55.7,Varaosat ja lisävarusteet.,55.7,Kimpex,
4894149000,"Kimpex ATV tankkilaukku, musta",https://tarvike.com/product/kimpex-atv-tankkilaukku-musta-79387,https://media.tarvike.com/product/images/79387/original/28449.jpg,46.6,Varaosat ja lisävarusteet.,46.6,Kimpex,
4893901000,"ITP Delta vanne 12x7 4/156 4+3, hopea",https://tarvike.com/product/itp-delta-vanne-12x7-4156-43-hopea-77715,https://media.tarvike.com/product/images/77715/original/27116.jpg,100.2,"Koko: 12""Pulttijako: 4/156Offset:4+3Eteen ja taaksePolaris sekä Yamaha YXZ1000 vm. 2019 ja uudemmat",100.2,ITP,
4893900000,"ITP Delta vanne 12x7 4/137 4+3, hopea",https://tarvike.com/product/itp-delta-vanne-12x7-4137-43-hopea-77714,https://media.tarvike.com/product/images/77714/original/27113.jpg,100.2,"Koko: 12""Pulttijako: 4/137Offset 5+2Etu- ja takavanne",100.2,ITP,
4893886000,ITP Delta teräsvanne  14x7 4/110 2+5 musta,https://tarvike.com/product/itp-delta-terasvanne-14x7-4110-25-musta-77707,https://media.tarvike.com/product/images/77707/original/27105.png,100.2,"Sopivuus:Honda,Suzuki, YamahaTuuma: 14""Pulttijako 4/110Offset: 5+2Eteen ja taakse",100.2,ITP,
4893857000,Sunf mönkijän rengas A-040 25x10.00-12 6-Ply,https://tarvike.com/product/sunf-monkijan-rengas-a-040-25x1000-12-6-ply-77692,https://media.tarvike.com/product/images/77692/original/27096.jpg,150.8,Sun F. A-40 on monipuiolinen 6-kankainen all-round rengas.Koko: 25 x 10.00 - 12E-tieliikennehyväksyttyEteen ja taakse,150.8,Sunf,
4893855000,Sunf mönkijän rengas A-040 25x8.00-12 6-Ply,https://tarvike.com/product/sunf-monkijan-rengas-a-040-25x800-12-6-ply-77691,https://media.tarvike.com/product/images/77691/original/27085.jpg,126.5,Sun F. A-40 on monipuiolinen 6-kankainen all-round rengas.Koko: 25 x 8.00 - 12E-tieliikennehyväksyttyEteen ja taakse,126.5,Sunf,
4893852000,Sunf mönkijän rengas A-040 26x9.00-12 6-Ply,https://tarvike.com/product/sunf-monkijan-rengas-a-040-26x900-12-6-ply-77689,https://media.tarvike.com/product/images/77689/original/27059.jpg,160.9,Sun F. A-40 on monipuiolinen 6-kankainen all-round rengas.Koko: 26 x 9.00 - 12E-tieliikennehyväksyttyEteen ja taakse,160.9,Sunf,
4893850000,Sunf mönkijän rengas A-033 25x10.00-12 6-Ply,https://tarvike.com/product/sunf-monkijan-rengas-a-033-25x1000-12-6-ply-77688,https://media.tarvike.com/product/images/77688/original/27073.jpg,158.9,Monipuolinen 6-kankainen all-round rengas.Koko: 25 x 10.00 - 12E-tieliikennehyväksyttyEteen ja taakse,158.9,Sunf,
4893849000,Sunf mönkijän rengas A-033 25x8.00-12 6-Ply,https://tarvike.com/product/sunf-monkijan-rengas-a-033-25x800-12-6-ply-77687,https://media.tarvike.com/product/images/77687/original/27069.jpg,130.6,Monipuolinen 6-kankainen all-round rengas.Koko: 25 x 8.00 - 12E-tieliikennehyväksyttyEteen ja taakse,130.6,Sunf,
4893845000,Sunf mönkijän rengas A-043 26x9.00-R14 6-Ply,https://tarvike.com/product/sunf-monkijan-rengas-a-043-26x900-r14-6-ply-77685,https://media.tarvike.com/product/images/77685/original/27064.jpg,160.9,"Sunf F. A-43 Radial käy kaikkeen käyttöön, kaikkiin olosuhteisiin. Hyvät ajo-ominaisuudet erityisesti kovalla alustalla. 6-kankainen. Harjakorkeus 18mm.Koko: 26 x 9.00 - 14E-tieliikennehyväksyttyEteen ja taakse",160.9,Sunf,
4893843000,Sunf mönkijän rengas A-043 26x11.00-R12 6-Ply,https://tarvike.com/product/sunf-monkijan-rengas-a-043-26x1100-r12-6-ply-77684,https://media.tarvike.com/product/images/77684/original/27061.jpg,191.3,"Sunf F. A-43 Radial käy kaikkeen käyttöön, kaikkiin olosuhteisiin. Hyvät ajo-ominaisuudet erityisesti kovalla alustalla. 6-kankainen. Harjakorkeus 18mm.Koko: 26 x 11.00 - 12E-tieliikennehyväksyttyEteen ja taakse",191.3,Sunf,
4893841000,Sunf mönkijän rengas A-043 26x9.00-R12 6-Ply,https://tarvike.com/product/sunf-monkijan-rengas-a-043-26x900-r12-6-ply-77683,https://media.tarvike.com/product/images/77683/original/27074.jpg,160.9,"Sunf F. A-43 Radial käy kaikkeen käyttöön, kaikkiin olosuhteisiin. Hyvät ajo-ominaisuudet erityisesti kovalla alustalla. 6-kankainen. Harjakorkeus 18mm.Koko: 26 x 9.00 - 12Eteen ja taakseE-tieliikennehyväksytty",160.9,Sunf,
4893839000,Sunf mönkijän rengas A-043 25x10.00-R12 6-Ply,https://tarvike.com/product/sunf-monkijan-rengas-a-043-25x1000-r12-6-ply-77682,https://media.tarvike.com/product/images/77682/original/27070.jpg,171.1,"Sunf F. A-43 Radial käy kaikkeen käyttöön, kaikkiin olosuhteisiin. Hyvät ajo-ominaisuudet erityisesti kovalla alustalla. 6-kankainen. Harjakorkeus 18mm.Koko: 25 x 10.00 - 12Eteen ja taakseE-tieliikennehyväksytty",171.1,Sunf,
4893837000,Sunf mönkijän rengas A-043 25x8.00-R12 6-Ply,https://tarvike.com/product/sunf-monkijan-rengas-a-043-25x800-r12-6-ply-77681,https://media.tarvike.com/product/images/77681/original/27065.jpg,140.7,"Sunf F. A-43 Radial käy kaikkeen käyttöön, kaikkiin olosuhteisiin. Hyvät ajo-ominaisuudet erityisesti kovalla alustalla. 6-kankainen. Harjakorkeus 18mm.Koko: 25 x 8.00 - 12E-tieliikennehyväksyttyEteen ja taakse",140.7,Sunf,
4893836000,Sunf nastoitettu mönkijän rengas A-033 27x11.00-14 6-Ply,https://tarvike.com/product/sunf-nastoitettu-monkijan-rengas-a-033-27x1100-14-6-ply-77680,https://media.tarvike.com/product/images/77680/original/27077.jpg,242.0,Nastoitettu 6-kankainen all-round rengas. Nastoja 90kpl.Koko: 27 x 11.00 - 14Eteen ja taakseE-tieliikennehyväksytty,242.0,Sunf,
4893834000,Sunf mönkijän rengas A-033 27x11.00-14 6-Ply,https://tarvike.com/product/sunf-monkijan-rengas-a-033-27x1100-14-6-ply-77679,https://media.tarvike.com/product/images/77679/original/27071.jpg,201.5,Monipuolinen 6-kankainen all-round rengas.Koko: 27 x 11.00 - 14Eteen ja taakseE-tieliikennehyväksytty,201.5,Sunf,
4893832000,Sunf mönkijän nastarengas A-033 27x9.00-14 6-Ply,https://tarvike.com/product/sunf-monkijan-nastarengas-a-033-27x900-14-6-ply-77678,https://media.tarvike.com/product/images/77678/original/27060.jpg,221.5,Nastoitettu 6-kankainen all-round rengas. Nastoja 90kpl.Koko: 27 x 9.00 - 14Eteen ja taakseE-tieliikennehyväksytty,221.5,Sunf,
4893831000,Sunf mönkijän rengas A-033 27x9.00-14 6-Ply,https://tarvike.com/product/sunf-monkijan-rengas-a-033-27x900-14-6-ply-77677,https://media.tarvike.com/product/images/77677/original/27057.jpg,171.0,Monipuolinen 6-kankainen all-round rengas.Koko: 27 x 9.00 - 14Eteen ja taakseE-tieliikennehyväksytty,171.0,Sunf,
4893829000,Sunf nastoitettu mönkijän rengas A-033 26x11.00-12 6-Ply,https://tarvike.com/product/sunf-nastoitettu-monkijan-rengas-a-033-26x1100-12-6-ply-77676,https://media.tarvike.com/product/images/77676/original/27051.jpg,232.0,Nastoitettu 6-kankainen all-round rengas. Nastoja 90kpl.Koko: 26 x 11.00 - 12Eteen ja taakseE-tieliikennehyväksytty,232.0,Sunf,
4893828000,Sunf mönkijän rengas A-033 26x11.00-12 6-Ply,https://tarvike.com/product/sunf-monkijan-rengas-a-033-26x1100-12-6-ply-77675,https://media.tarvike.com/product/images/77675/original/27042.jpg,181.2,Monipuolinen 6-kankainen all-round rengas.Koko: 26 x 11.00 - 12E-tieliikennehyväksyttyEteen ja taakse,181.2,Sunf,
4893824000,Sunf mönkijän rengas A-033 26x9.00-12 6-Ply,https://tarvike.com/product/sunf-monkijan-rengas-a-033-26x900-12-6-ply-77673,https://media.tarvike.com/product/images/77673/original/27044.jpg,160.9,Monipuolinen 6-kankainen all-round rengas.Koko: 26 x 9.00 - 12E-tieliikennehyväksyttyEteen ja taakse,160.9,Sunf,
4893818000,ITP mönkijän rengas Monster Mayhem 30x10.00-14 6- Ply,https://tarvike.com/product/itp-monkijan-rengas-monster-mayhem-30x1000-14-6-ply-77670,https://media.tarvike.com/product/images/77670/original/27045.jpg,277.5,"ITP 30-tuumainen rengas, joka tarjoaa erinomaista pitoa pehmeällä alustalla. Sopii myös helpompaan maastoon.Koko: 30 x 10.00 - 14Harja: 44mm",277.5,ITP,
4893816000,ITP mönkijän rengas Monster Mayhem 30x9.00-14 6-Ply,https://tarvike.com/product/itp-monkijan-rengas-monster-mayhem-30x900-14-6-ply-77669,https://media.tarvike.com/product/images/77669/original/27041.jpg,292.5,"ITP 30-tuumainen rengas, joka tarjoaa erinomaista pitoa pehmeällä alustalla. Sopii myös helpompaan maastoon.Koko: 30 x 9.00 - 14Harja: 44mm",292.5,ITP,
4893812000,ITP mönkijän rengas Blackwater Evolution 30x10.00-R12 8-Ply,https://tarvike.com/product/itp-monkijan-rengas-blackwater-evolution-30x1000-r12-8-ply-77667,https://media.tarvike.com/product/images/77667/original/27054.jpg,298.5,"Black Water Evolution on uudentyyppinen rengas, uusi pintakuvio ja ""Tough Tread""-kumiseos tuot erinomaisen pidon pitäen samalla ajon sulavana ja tasapainoisena. Reunat erikoisvahvistettu. 8-kankainen radiaalirengasKoko: 30 x 10.00 - 12Harja: 26mmEteen ja taakse",298.5,ITP,
4893810000,ITP mönkjän rengas Blackwater Evolution 26x9.00-R12 8-Ply,https://tarvike.com/product/itp-monkjan-rengas-blackwater-evolution-26x900-r12-8-ply-77666,https://media.tarvike.com/product/images/77666/original/27049.jpg,100.2,"Black Water Evolution on uudentyyppinen rengas, uusi pintakuvio ja ""Tough Tread""-kumiseos tuot erinomaisen pidon pitäen samalla ajon sulavana ja tasapainoisena. Reunat erikoisvahvistettu. 8-kankainen radiaalirengasKoko: 26 x 9.00 - 12Harja: 26mmEteen ja taakse",100.2,ITP,
4893713000,ITP Rengas Holeshot MXR6 19x6.00-10,https://tarvike.com/product/itp-rengas-holeshot-mxr6-19x600-10-77607,https://media.tarvike.com/product/images/77607/original/26995.jpg,110.3,"ITP Holeshot MXR6 on vahvistettu, hiotulla tuntumalla varustettu rengas.Koko: 19 x 6.00 - 10",110.3,ITP,
4893670000,ITP vanne Cyclone 15x7 4/110 5+2,https://tarvike.com/product/itp-vanne-cyclone-15x7-4110-52-77599,https://media.tarvike.com/product/images/77599/original/26963.png,217.5,"Sopivuus: CFMoto, Honda, Kawasaki, Suzuki, YamahaKoko: 15Pulttijako 4/110Offset: 5+2Eteen ja taakse",217.5,ITP,
4893668000,"ITP Cyclone vanne 14x7 4/156 5+2, Polaris ja YXZ1000",https://tarvike.com/product/itp-cyclone-vanne-14x7-4156-52-polaris-ja-yxz1000-77598,https://media.tarvike.com/product/images/77598/original/26959.png,139.0,"Koko: 14""Pulttijako: 4/156Offset: 5+2Eteen ja taaksePolaris sekä Yamaha YXZ1000 vm. 2019 ja uudemmat, mutterisarjalla 74-079",139.0,ITP,
4893666000,ITP Cyclone vanne 14x7 4/137 5+2,https://tarvike.com/product/itp-cyclone-vanne-14x7-4137-52-77597,https://media.tarvike.com/product/images/77597/original/26969.png,187.2,"Sopivuus: Can-AmKoko: 14""Pulttijako 4/137Offset: 5+2Eteen ja taakse",187.2,ITP,
4893665000,ITP Cyclone vanne 14x7 4/110 5+2,https://tarvike.com/product/itp-cyclone-vanne-14x7-4110-52-77596,https://media.tarvike.com/product/images/77596/original/26961.png,187.2,"Sopivuus: CFMoto, Honda, Kawasaki, Suzuki, YamahaKoko: 14Pulttijako 4/110Offset: 5+2Eteen ja taakse",187.2,ITP,
4893663000,"ITP Tornado vanne 17x7 4/156 4+3, Polaris, YXZ1000",https://tarvike.com/product/itp-tornado-vanne-17x7-4156-43-polaris-yxz1000-77595,https://media.tarvike.com/product/images/77595/original/26958.jpg,288.5,"Sopivuus: PolarisYamaha YXZ1000 vm. 2019 ja uudemmat, mutterisarjalla 74-079Koko: 17Pulttijako 4/156Offset 4+3Eteen ja taakseMattamusta, jyrsitty",288.5,ITP,
4893660000,"ITP Cyclone vanne 17x7 4/137 5+2, mattamusta jyrsitty",https://tarvike.com/product/itp-cyclone-vanne-17x7-4137-52-mattamusta-jyrsitty-77594,https://media.tarvike.com/product/images/77594/original/26976.jpg,288.5,"Sopivuus: Can-AmKoko: 17""Pulttijako: 4/137Offset: 5+2Eteen ja taakse",288.5,ITP,
4893639000,Bronco Rengas Covert Nastoitettu 26X11.00-14,https://tarvike.com/product/bronco-rengas-covert-nastoitettu-26x1100-14-77586,https://media.tarvike.com/product/images/77586/original/26937.jpg,211.5,"Nastoitettu Covert rengas. Vahvistetut sivut suojaavat rengasta ja vannetta. Kevyt ja suosittu yleisrengas, joka toimii erilaisilla alustoilla.Kuusikankainen runkorakenne. Harjakorkeus 20mm.",211.5,Bronco,
4893637000,Bronco Rengas Covert Nastoitettu 26X9.00-14,https://tarvike.com/product/bronco-rengas-covert-nastoitettu-26x900-14-77585,https://media.tarvike.com/product/images/77585/original/26952.jpg,194.3,"Nastoitettu Covert rengas. Vahvistetut sivut suojaavat rengasta ja vannetta. Kevyt ja suosittu yleisrengas, joka toimii erilaisilla alustoilla.Kuusikankainen runkorakenne. Harjakorkeus 20mm.",194.3,Bronco,
4893635000,Bronco Rengas Covert Nastoitettu 26x11.00-12,https://tarvike.com/product/bronco-rengas-covert-nastoitettu-26x1100-12-77584,https://media.tarvike.com/product/images/77584/original/26943.jpg,199.4,"Nastoitettu Covert rengas. Vahvistetut sivut suojaavat rengasta ja vannetta. Kevyt ja suosittu yleisrengas, joka toimii erilaisilla alustoilla.Kuusikankainen runkorakenne. Harjakorkeus 20mm.",199.4,Bronco,
4893633000,Bronco Rengas Covert Nastoitettu 26x9.00-12,https://tarvike.com/product/bronco-rengas-covert-nastoitettu-26x900-12-77583,https://media.tarvike.com/product/images/77583/original/26955.jpg,188.3,"Nastoitettu Covert rengas. Vahvistetut sivut suojaavat rengasta ja vannetta. Kevyt ja suosittu yleisrengas, joka toimii erilaisilla alustoilla.Kuusikankainen runkorakenne. Harjakorkeus 20mm.",188.3,Bronco,
4893631000,Bronco Rengas Covert Nastoitettu 25x10.00-12,https://tarvike.com/product/bronco-rengas-covert-nastoitettu-25x1000-12-77582,https://media.tarvike.com/product/images/77582/original/26947.jpg,181.2,"Nastoitettu Covert rengas. Vahvistetut sivut suojaavat rengasta ja vannetta. Kevyt ja suosittu yleisrengas, joka toimii erilaisilla alustoilla.Kuusikankainen runkorakenne. Harjakorkeus 20mm.",181.2,Bronco,
4893629000,Bronco Rengas Covert Nastoitettu 25x8.00-12,https://tarvike.com/product/bronco-rengas-covert-nastoitettu-25x800-12-77581,https://media.tarvike.com/product/images/77581/original/26938.jpg,169.0,"Nastoitettu Covert rengas. Vahvistetut sivut suojaavat rengasta ja vannetta. Kevyt ja suosittu yleisrengas, joka toimii erilaisilla alustoilla.Kuusikankainen runkorakenne. Harjakorkeus 20mm.",169.0,Bronco,
4893625000,Deestone mönkijän rengas 28X10.00-12 6PR,https://tarvike.com/product/deestone-monkijan-rengas-28x1000-12-6pr-44726,https://media.tarvike.com/product/images/44726/original/17306.jpg,155.0,"Koko 28x10.00-12Tyyppi TLPR 6Kuvio D936 (Mud Crusher)Halkaisija Ø 711 mmRunkoleveys (SW) 254 mmPaino- ja nopeusluokka 56 LI, 224 kg, F SI, 80 km/hSuositeltu paine 7 psi / 0,5 barVannesuositus 8.00 / vannevaihtoehto 7.00",155.0,Deestone,
4893613000,Mönkijän rengas 145/70-6 4PR K290,https://tarvike.com/product/monkijan-rengas-14570-6-4pr-k290-44716,https://media.tarvike.com/product/images/44716/original/17301.jpeg,40.0,"Koko 145/70-6Tyyppi TLPR 4Kuvio K290Halkaisija Ø 363 mmRunkoleveys (SW) 135 mmPaino- ja nopeusluokka 18 LI, 75 kg, F SI, 80 km/hSuositeltu paine 6 psi / 0,4 barVannesuositus 4.50",40.0,IKH,
4893603000,Duro DI2010 Buffalo mönkijän rengas 28X10-12 57N TL 6PLY,https://tarvike.com/product/duro-di2010-buffalo-monkijan-rengas-28x10-12-57n-tl-6ply-81563,https://media.tarvike.com/product/images/81563/original/31497.jpg,211.5,"DURO ATV-rengas karkeimmalla kuviolla, joka soveltuu sekä tieliikennekäyttöön että maastoon.Rengas kaikkeen käyttöön, kaikkiin olosuhteisiin.4-6-kankainen.Hyvät ajo-ominaisuudet myös kovalla alustalla.Harjan korkeus 31 mm",211.5,Duro,
4893601000,Duro DI2010 Buffalo mönkijän rengas 27X10-12 53J TL 6PLY,https://tarvike.com/product/duro-di2010-buffalo-monkijan-rengas-27x10-12-53j-tl-6ply-81562,https://media.tarvike.com/product/images/81562/original/31492.jpg,201.5,"DURO ATV-rengas karkeimmalla kuviolla, joka soveltuu sekä tieliikennekäyttöön että maastoon.Rengas kaikkeen käyttöön, kaikkiin olosuhteisiin.4-6-kankainen.Hyvät ajo-ominaisuudet myös kovalla alustalla.Harjan korkeus 31 mm",201.5,Duro,
4893552000,CST C829 mönkijän rengas 20x7.00-8,https://tarvike.com/product/cst-c829-monkijan-rengas-20x700-8-77788,https://media.tarvike.com/product/images/77788/original/27196.jpg,70.9,Koko: 20 x 7.00 - 8Harja: 8.5mm2 PREteen ja taakseE-tieliikennehyväksytty,70.9,CST,
4893529000,"ITP Hurricane vanne 12x7 4/110 2+5, mattamusta",https://tarvike.com/product/itp-hurricane-vanne-12x7-4110-25-mattamusta-77757,https://media.tarvike.com/product/images/77757/original/27157.jpg,159.0,"Sopivuus Honda, Suzuki, YamahaTuuma: 12""Pulttijako: 4/110TakavanneMutterisarja: 74-082",159.0,ITP,
4893504000,"ITP SS212 vanne 12x7 4/110 2+5, musta koneistettu",https://tarvike.com/product/itp-ss212-vanne-12x7-4110-25-musta-koneistettu-77740,https://media.tarvike.com/product/images/77740/original/27127.jpg,166.0,"Sopivuus: Honda, Suzuki, YamahaKoko: 12""Pulttijako: 4/110TakavanneMutterisarja: 74-082",166.0,ITP,
34277351000,Linhai Landforce 550L EPS T3b 60km/h Traktorimönkijä,https://tarvike.com/product/linhai-landforce-550l-eps-t3b-60kmh-gray-39741,https://media.tarvike.com/product/images/39741/original/190425.png,6190.0,"Landforce 550L EPS -versio sähköisellä ohjaustehostimella tarjoaa entistä helpomman ohjattavuuden ja paremman hallinnan kaikissa maastoissa. Pidennetty alusta takaa riittävästi tilaa kahdelle henkilölle, mukavan ajokokemuksen vaativissakin olosuhteissa ja käytännölliset varusteet arkeen. Monikäyttöinen ajoneuvo, joka yhdistää voiman, mukavuuden ja modernin teknologian.",6190.0,Linhai,
33281220000,AWD Ajoneuvovinssi 12V/4309KG,https://tarvike.com/product/awd-ajoneuvovinssi-12v4309kg-149011,https://media.tarvike.com/product/images/149011/original/204065.jpg,596.0,AWD Ajoneuvovinssi 12V/4309KG.,596.0,AWD,
3306660002,Yamaha YFM 110R MY25 lasten mönkijä,https://tarvike.com/product/yamaha-yfm-110r-my25-lasten-monkija-174568,https://media.tarvike.com/product/images/174568/original/197357.jpg,3790.0,"Ulkomitoiltaan lapsille mitoitettu YFM110R on varustelultaan kuin aikuisten ATV: etupyörien ja -akselin kolmiotukivarsilla toimiva erillisjousitus, takalevyjarru, CVT-vaihteisto ja sähkökäynnistys.",3790.0,Yamaha,
3306659002,Yamaha YFZ 50 MY26 lasten mönkijä,https://tarvike.com/product/yamaha-yfz-50-my26-lasten-monkija-174567,https://media.tarvike.com/product/images/174567/original/197376.jpg,2890.0,"Kompakti rakenne, yksinkertaiset hallintalaitteet, automaattinen voimansiirto ja luonteeltaan lempeä 49 cc:n nelitahtimoottori – YFZ50 on helppo ja turvallinen tapa aloittaa ATV-harrastus. YFZ50 on 6–9-vuotiaille tarkoitettu helppokäyttöinen ja turvallinen mini- ATV",2890.0,Yamaha,
3094859001,ITP Kapseli SS Alloy 312 4/137,https://tarvike.com/product/itp-kapseli-ss-alloy-312-4137-77748,https://media.tarvike.com/product/images/77748/original/27139.jpg,12.0,4/137Pakkaus sisältää yhden kapselin,12.0,ITP,
3094848001,ITP Kapselisarja 4/156,https://tarvike.com/product/itp-kapselisarja-4156-77730,https://media.tarvike.com/product/images/77730/original/27122.jpg,23.2,4/156 mustaPakkaus sisältää neljä kapselia,23.2,ITP,
3094847001,"ITP Kapselisarja 4/137,4/156",https://tarvike.com/product/itp-kapselisarja-41374156-77729,https://media.tarvike.com/product/images/77729/original/27119.jpg,24.2,"4/137,4/156Pakkaus sisätlää neljä kapselia",24.2,ITP,
3094842001,ITP Mutterisarja 3/8-24 90°,https://tarvike.com/product/itp-mutterisarja-38-24-90-77724,https://media.tarvike.com/product/images/77724/original/27110.jpg,2.2,MUTTERI 3/8-24 90°,2.2,ITP,
3039647002,Linhai 550L EPS ABS T3B 80 km/h Traktorimönkijä,https://tarvike.com/product/linhai-landforce-550l-eps-abs-t3b-80kmh-orange-42156,https://media.tarvike.com/product/images/42156/original/197320.png,6490.0,"Landforce 550L EPS ABS -malli yhdistää hyväksi todetun rakenteen sekä kuljettajan turvallisuuteen ja mukavuuteen keskittyvän varustelun. Sen kattava vakiovarustus sisältää lukkiutumattoman jarrujärjestelmän (ABS), joka parantaa jarrutuksen hallittavuutta sekä tiellä että maastossa. Mukana on myös EPS‑ohjaustehostin, joka helpottaa käsittelyä vaativissa tilanteissa ja matalilla nopeuksilla tehtävässä työssä. Lisäksi käytännöllinen nopeudenrajoitin mahdollistaa ajo-ominaisuuksien mukauttamisen erilaisiin käyttöolosuhteisiin.",6490.0,Linhai,
29133698001,Trapper 550 Freelander T1b,https://tarvike.com/product/trapper-550-freelander-t1b-musta-39922,https://media.tarvike.com/product/images/39922/original/204847.png,15490.0,"Etsitkö ajoneuvoa, joka sopii täydellisesti nuorten aktiiviseen elämäntyyliin? Trapper Freelander 550 on juuri se, mitä tarvitset! Tämä ajoneuvo yhdistää tyylikkään ulkonäön, huippuluokan suorituskyvyn ja modernin teknologian, joka tekee ajamisesta hauskaa ja jännittävää.",15490.0,Trapper,
2816284002,Mid-mount adapter Polaris Ranger 570 2015-2021,https://tarvike.com/product/mid-mount-adapter-polaris-ranger-570-2015-2021-174031,https://media.tarvike.com/product/images/174031/original/196840.jpg,125.5,Mallikohtainen kiinnityssarja keskikiinnityksellä varustettuun aurajärjestelmään.,125.5,Iron Baltic,
2742276002,2025 Kodiak 700 EPS TB MY25 Mönkijä,https://tarvike.com/product/2025-kodiak-700-eps-tb-my25-monkija-126417,https://media.tarvike.com/product/images/126417/original/160583.jpg,10990.0,"Yamaha Kodiak 700 mönkijä on suunniteltu maa- ja metsätalouden sekä teollisuuden ammattilaisille, jotka arvostavat toimintavarmaa suorituskykyä ja kestävyyttä eli kaikin puolin hyvää hinta-laatusuhdetta.",10990.0,Yamaha,
25235500001,"Mönkijän tielana, manuaalisella vinssillä",https://tarvike.com/product/monkijan-tielana-manuaalisella-vinssilla-81573,https://media.tarvike.com/product/images/81573/original/31507.jpg,808.5,"2-akselisen tukkikärryn lisävaruste mönkijän tielana, manuaalisella vinssillä, kiinnitys pulteilla, jotka tulevat lanan mukana. Työleveys 150cm.",808.5,TARVIKE.COM,
24185091000,Segway Fugleman UT10 P Crew (T1b) Koppimönkijä Lämpöhytällä,https://tarvike.com/product/segway-fugleman-ut10-p-crew-t1b-koppimonkija-lampohytalla-173089,https://media.tarvike.com/product/images/173089/original/193766.jpg,26990.0,"Segway Fugleman UT10 P Crew (T1b) on tehokas ja tilava koppimönkijä kuudelle hengelle. 1000 cc moottori, kytkettävä neliveto ja suuri kippilava tekevät siitä erinomaisen työ- ja hyötyajoneuvon. Lämpöhytti tuo mukavuutta ympärivuotiseen käyttöön.",26990.0,Segway,
2316106002,Iron Baltic Honda TRX 420 FA/FE/FM puskulevysarja,https://tarvike.com/product/iron-baltic-honda-trx-420-fafefm-puskulevysarja-147681,https://media.tarvike.com/product/images/147681/original/180068.jpg,1041.65,"Iron Baltic Honda TRX 420 FA/FE/FM mönkijöiden puskulevysarja. Tarkemmat sopivuudet alla. Sarja sisältää Puskulevyn 150cm, kiinnikerungon sekä kiinnikeadapterin.",1041.65,Iron Baltic,
2316075002,Iron Baltic Nostosylinterin adapteri,https://tarvike.com/product/iron-baltic-nostosylinterin-adapteri-145752,https://media.tarvike.com/product/images/145752/original/178884.jpg,125.5,Sovitin Iron Balticin keskikiinnitteisten vakioauran ja V-auran nostamiseen ja alas työntämiseen työskentelyn aikana pysäyttämättä konetta.,125.5,Iron Baltic,
2316071002,Iron Baltic Jousituksen lukko A-tukivarsille,https://tarvike.com/product/iron-baltic-jousituksen-lukko-a-tukivarsille-145723,https://media.tarvike.com/product/images/145723/original/178851.jpg,150.6,"Jousituksen lukko työkäyttöön, kun käytetään raskaampia työkoneita etu- tai takakiinnitysjärjestelmien kautta ja alkuperäisen jousituksen käsittely on liian pehmeää.",150.6,Iron Baltic,
2316052002,"Iron Baltic Etuakseliston suojat, Yamaha Kodiak 700, 2016+",https://tarvike.com/product/iron-baltic-etuakseliston-suojat-yamaha-kodiak-700-2016-145698,https://media.tarvike.com/product/images/145698/original/178840.jpg,94.1,"Iron Baltic Etuakseliston suojat Yamaha Kodiak 700, 2016+ mönkijöihin.",94.1,Iron Baltic,
2316051002,Iron Baltic Pohjapanssari Polaris 570 Big Boss,https://tarvike.com/product/iron-baltic-pohjapanssari-polaris-570-big-boss-145699,https://media.tarvike.com/product/images/145699/original/178844.jpg,621.0,Iron Baltic Pohjapanssari tuo täyden suoja mönkijän pohjalle ja etuosalle.,621.0,Iron Baltic,
23132745001,2026 Yamaha Kodiak 450 EPS DIFF/L TB MY26,https://tarvike.com/product/2026-yamaha-kodiak-450-eps-diffl-tb-my26-174566,https://media.tarvike.com/product/images/174566/original/198201.jpg,8990.0,"Monipuolinen, keskikokoinen mönkijä, jossa on lisämukavuutta ja täysi hallinta sähköisen ohjaustehostimen ja Yamahan On-Command®-järjestelmän ansiosta 2WD/4WD-vetoisuudella. Kodiak 450 EPS on mukava ja aina valmiina auttamaan",8990.0,Yamaha,
2303478002,Deestone mönkijän rengas 28X12.00-12 6PR,https://tarvike.com/product/deestone-monkijan-rengas-28x1200-12-6pr-44727,https://media.tarvike.com/product/images/44727/original/17309.jpg,160.0,"Koko 28x12.00-12Tyyppi TLPR 6Kuvio D936 (Mud Crusher)Halkaisija Ø 711 mmRunkoleveys (SW) 304 mmPaino- ja nopeusluokka 63 LI, 270 kg, F SI, 80 km/hSuositeltu paine 7 psi / 0,5 barVannesuositus 8.00 / vannevaihtoehto 7.00",160.0,Deestone,
21569863000,"Segway Snarler AT6 L EPS Full Version Traktorimönkijä, telapeli Camso X4S",https://tarvike.com/product/segway-snarler-at6-l-eps-full-version-traktorimonkija-telapeli-camso-x4s-173090,https://media.tarvike.com/product/images/173090/original/189038.jpg,15436.0,"Pitkä kaksipaikkainen Snarler parhaalla Full Version -varustelutasolla, Camson telastolla, ohjaustehostimella ja sitkeällä 44-hevosvoimaisella moottorilla.",15436.0,Segway,
20261189001,Trapper 450 Guardian T3b Esittelylaite,https://tarvike.com/product/trapper-450-guardian-t3b-esittelylaite-173942,https://media.tarvike.com/product/images/173942/original/191363.png,5590.0,"Kyseessä esittelykäytössä oleva mönkijä!
Trapper Guardian 450 on fyysisesti pienempi kuin muut mallit, mikä tekee siitä helpommin käsiteltävän ja sopivan ahtaisiin tiloihin. Tämä malli tarjoaa erinomaisen suorituskyvyn ja mukavuuden, mikä tekee siitä ihanteellisen sekä työ- että vapaa-ajan käyttöön.",5590.0,Trapper,
19733781002,Shark Polttoainesäiliö 5L for AX96 / AX105 / AX112,https://tarvike.com/product/shark-polttoainesailio-5l-for-ax96-ax105-ax112-126912,https://media.tarvike.com/product/images/126912/original/161339.png,69.0,"Muovinen polttoainekanisteri uudella muotoilulla, tilavuus 5 litraa, täyttökorkin vakiohalkaisija. Korkealaatuisesta iskunkestävästä polyeteenistä, Sisältää metallikiinnikkeen ja asennussarjan.",69.0,Shark,
19477602002,Shark ATV takalaatikko AX96,https://tarvike.com/product/shark-atv-takalaatikko-ax96-126897,https://media.tarvike.com/product/images/126897/original/161286.jpg,299.0,"Erittäin tilava kuivasäilytysmönkijälaatikko kielekkeellä ja urakansijärjestelmällä mönkijöille. Laatikko on valmistettu korkealaatuisesta iskunkestävästä High Density Polyeteenistä, ja siinä on kaikki mitä tarvitset matkustamiseen, työskentelyyn, kalastukseen tai metsästykseen. Kansi on suljettu kahdella lukittavalla salvalla.",299.0,Shark,
19477599002,"Shark ATV takalaatikko L7500, 106 x 61 x 43 cm",https://tarvike.com/product/shark-atv-takalaatikko-l7500-106-x-61-x-43-cm-126916,https://media.tarvike.com/product/images/126916/original/161347.jpg,399.0,"Ylellinen erittäin suuri kuivasäilytys touring ATV-laatikko matkustajan istuimella. Tämä laatikko on valmistettu korkealaatuisesta iskunkestävästä polyeteenistä, ja siinä on kaikki mitä tarvitset matkustamiseen kaksin, työskentelyyn, kalastukseen tai metsästykseen. Pehmeä pehmustettu istuin, tartuntakahvat ja pehmustettu selkänoja maksimaalisen matkustajan mukavuuden takaamiseksi. Kieleke- ja urakansijärjestelmä. Kansi suljetaan kahdella lukittavalla salvalla.",399.0,Shark,
19179623002,Rammy mönkijän lumilinko 155 ATV/UTV EC 420 cm3,https://tarvike.com/product/rammy-monkijan-lumilinko-155-atvutv-ec-420-cm3-61256,https://media.tarvike.com/product/images/61256/original/18174.jpg,5447.0,"Lumityöt mukavasti!Rammy mönkijän lumilinko 155 ATV/UTV EC 420 cm3 soveltuu 155 senttisen leveytensä puolesta erinomaisesti käytettäväksi niin pienten ATV mönkijöidenkin myös rinnakkainajettavien UTV mönkijöiden kanssa.Lumilinko sopii niin pienille pihoille, kuin pitkille pihateille. Rammy mönkijän lumilinko on pienikokoinen, joten mönkijäsi tai UTV:n ketteryys ja maastokelpoisuus säilyvät hyvänä. Lumilinko toimii myös märässä lumessa.Säädettävän rungon avulla lumilinko sopii lähes kaikkiin 4×4 mönkijöihin ja UTV-malleihin. Jos puskulevyn keskiasennussarja on mönkijäsi pohjassa, Rammy sopii nykyisiin kiinnikkeisiin (ei sisälly toimitukseen). Lumilingon saa kiinnitettyä myös lukkokoukuilla 16-19-20 mm (lisävaruste).Toimitus sisältä lumilinko, kauko-ohjain ja säädettävä apulaiterunko.",5447.0,Rammy,
19179622002,Rammy mönkijän lumilinko 155 ATV/UTV EC 306 cm3,https://tarvike.com/product/rammy-monkijan-lumilinko-155-atvutv-ec-306-cm3-61255,https://media.tarvike.com/product/images/61255/original/18166.jpg,4880.0,"Lumityöt mukavasti!Rammy mönkijän lumilinko 155 ATV/UTV EC 306 cm3 soveltuu 155 senttisen leveytensä puolesta erinomaisesti käytettäväksi niin pienten ATV mönkijöidenkin myös rinnakkainajettavien UTV mönkijöiden kanssa.Lumilinko sopii niin pienille pihoille, kuin pitkille pihateille. Rammy mönkijän lumilinko on pienikokoinen, joten mönkijäsi tai UTV:n ketteryys ja maastokelpoisuus säilyvät hyvänä. Lumilinko toimii myös märässä lumessa.Säädettävän rungon avulla lumilinko sopii lähes kaikkiin 4×4 mönkijöihin ja UTV-malleihin. Jos puskulevyn keskiasennussarja on mönkijäsi pohjassa, Rammy sopii nykyisiin kiinnikkeisiin (ei sisälly toimitukseen). Lumilingon saa kiinnitettyä myös lukkokoukuilla 16-19-20 mm (lisävaruste).Toimitus sisältä lumilinko, kauko-ohjain ja säädettävä apulaiterunko.",4880.0,Rammy,
19179621002,Rammy mönkijän lumilinko 140 ATV Pro EC 420 cm3,https://tarvike.com/product/rammy-monkijan-lumilinko-140-atv-pro-ec-420-cm3-61254,https://media.tarvike.com/product/images/61254/original/18168.jpg,5344.0,"Rammy mönkijän lumilinko 140 ATV EC 420 cm3 PRO on PROFESSIONAL-sarjan 140 cm leveä lumilinko isommalla moottorilla.Lumilinko sopii niin pienille pihoille, kuin pitkälle pihatielle. Rammy mönkijän lumilinko on pienikokoinen, joten mönkijäsi tai UTV:n ketteryys ja maastokelpoisuus säilyvät hyvänä.  Lumilinko toimii myös märässä lumessa. Lumilingossa on oma, isompi 420 cm3 moottori sähköstartillaSäädettävän rungon avulla lumilinko sopii kaikkiin 4×4 mönkijöihin. Jos puskulevyn KESKIASENNUSSARJA on mönkijäsi pohjassa, Rammy sopii nykyisiin kiinnikkeisiin (ei sisälly).Lumilingon saa kiinnitettyä myös lukkokoukulla 16-19-20 mm (lisävaruste).Toimitus sisältää: lumilingon, kauko-ohjaimen sekä apulaiterungon.",5344.0,Rammy,
19179619002,Rammy mönkijän lumilinko 140 ATV EC 306 cm3,https://tarvike.com/product/rammy-monkijan-lumilinko-140-atv-ec-306-cm3-61252,https://media.tarvike.com/product/images/61252/original/18149.jpg,4779.0,"Rammy lumilinko 140 ATV EC on ketterä ja tehokas lumilinko mönkijään, sillä teet lumityöt kertaheitolla jopa märässä lumessa. Lumilinko sopii niin pienille pihoille, kuin pitkille pihateillekin. Rammy mönkijän lumilinko on kevyt ja pienikokoinen, joten mönkijäsi ketteryys ja maastokelpoisuus säilyvät hyvänä.  Rammy Lumilinko 140 ATV EC on ketterä ja tehokas lumilinko mönkijään ja rinnakkain istuttaviin mönkijöihin. Rammy ATV lumilinko on kompaktin kokoinen, joten käyttö on helppoa ja nopeaa.Tehokkaampilumilingon oma Brigss&Stratton 1450 -talvimoottori 306 cm3 ja sähköiset ohjaustoiminnot, kulutus 1,5-2 l/h. Vääntömomentti 20 Nm. Aurausleveys 140 cmSäädettävän rungon avulla lumilinko sopii lähes kaikkiin 4×4 mönkijöihin, joissa on vinssi. Lumilinko nousee ylös mönkijän vinssillä, jolloin käyttö on helppoa myös pienessä pihassa.Vakiona sähköstartti 230 V ja sähköiset hallintalaitteetLumilingon työleveys 140 cm.Tarvitset myös keskiasennussarjan, esimerkiksi 75-12507 sopii useimpiin mönkijöihin.",4779.0,Rammy,
19140529002,Camso/TJD mönkijän telasarjan kiinnityssarja,https://tarvike.com/product/camsotjd-monkijan-telasarjan-kiinnityssarja-79196,https://media.tarvike.com/product/images/79196/original/28168.jpg,511.0,Mönkijöiden kiinnityssarjat Camso X4S ATV/UTV ja  R4S ATV telarunkoihin. Sopivuustaulukko alla tiedostossa.,511.0,Camso,
19140521002,Camso/TJD mönkijän telasarjan kiinnityssarja,https://tarvike.com/product/camsotjd-monkijan-telasarjan-kiinnityssarja-79188,https://media.tarvike.com/product/images/79188/original/28151.jpg,551.5,Mönkijöiden kiinnityssarjat Camso X4S ATV/UTV ja  R4S ATV telarunkoihin. Sopivuustaulukko alla tiedostossa.,551.5,Camso,
19140497002,Camso/TJD mönkijän telasarjan kiinnityssarja,https://tarvike.com/product/camsotjd-monkijan-telasarjan-kiinnityssarja-79163,https://media.tarvike.com/product/images/79163/original/28133.jpg,551.5,Mönkijöiden kiinnityssarjat Camso X4S ATV/UTV ja  R4S ATV telarunkoihin. Sopivuustaulukko alla tiedostossa.,551.5,Camso,
19140488002,Camso/TJD mönkijän telasarjan kiinnityssarja,https://tarvike.com/product/camsotjd-monkijan-telasarjan-kiinnityssarja-79155,https://media.tarvike.com/product/images/79155/original/28096.jpg,511.0,Mönkijöiden kiinnityssarjat Camso X4S ATV/UTV ja  R4S ATV telarunkoihin. Sopivuustaulukko alla tiedostossa.,511.0,Camso,
19140472002,"Camso/TJD mönkijän telasarjan kiinnityssarja, Polaris",https://tarvike.com/product/camsotjd-monkijan-telasarjan-kiinnityssarja-polaris-79139,https://media.tarvike.com/product/images/79139/original/28091.jpg,551.5,Polaris mönkijöiden kiinnityssarja Camso X4S ATV/UTV ja 4s1 UTV telarunkoihin. Sopivuustaulukko alla tiedostossa.,551.5,Camso,
19140457002,"Camso/TJD mönkijän telasarjan kiinnityssarja, Polaris",https://tarvike.com/product/camsotjd-monkijan-telasarjan-kiinnityssarja-polaris-79124,https://media.tarvike.com/product/images/79124/original/28057.jpg,551.5,Polaris mönkijöiden kiinnityssarja Camso X4S ATV/UTV ja 4s1 UTV telarunkoihin. Sopivuustaulukko alla tiedostossa.,551.5,Camso,
19140438002,Camso/TJD mönkijän telasarjan kiinnityssarja,https://tarvike.com/product/camsotjd-monkijan-telasarjan-kiinnityssarja-79105,https://media.tarvike.com/product/images/79105/original/28020.jpg,551.5,Mönkijöiden kiinnityssarjat Camso X4S ATV/UTV ja  R4S ATV telarunkoihin. Sopivuustaulukko alla tiedostossa.,551.5,Camso,
19140436002,Camso/TJD mönkijän telasarjan kiinnityssarja,https://tarvike.com/product/camsotjd-monkijan-telasarjan-kiinnityssarja-79103,https://media.tarvike.com/product/images/79103/original/28031.jpg,551.5,Mönkijöiden kiinnityssarjat Camso X4S ATV/UTV ja  R4S ATV telarunkoihin. Sopivuustaulukko alla tiedostossa.,551.5,Camso,
19140413002,Camso/TJD mönkijän telasarjan kiinnityssarja,https://tarvike.com/product/camsotjd-monkijan-telasarjan-kiinnityssarja-79079,https://media.tarvike.com/product/images/79079/original/27984.jpg,551.5,Mönkijöiden kiinnityssarjat Camso X4S ATV/UTV ja  R4S ATV telarunkoihin. Sopivuustaulukko alla tiedostossa.,551.5,Camso,
19140408002,Camso/TJD mönkijän telasarjan kiinnityssarja,https://tarvike.com/product/camsotjd-monkijan-telasarjan-kiinnityssarja-79074,https://media.tarvike.com/product/images/79074/original/27967.jpg,551.5,Mönkijöiden kiinnityssarjat Camso X4S ATV/UTV ja  R4S ATV telarunkoihin. Sopivuustaulukko alla tiedostossa.,551.5,Camso,
19140407002,Camso/TJD mönkijän telasarjan kiinnityssarja,https://tarvike.com/product/camsotjd-monkijan-telasarjan-kiinnityssarja-79073,https://media.tarvike.com/product/images/79073/original/27971.jpg,708.5,Mönkijöiden kiinnityssarjat Camso X4S ATV/UTV ja  R4S ATV telarunkoihin. Sopivuustaulukko alla tiedostossa.,708.5,Camso,
19140403002,Camso/TJD mönkijän telasarjan kiinnityssarja,https://tarvike.com/product/camsotjd-monkijan-telasarjan-kiinnityssarja-79064,https://media.tarvike.com/product/images/79064/original/27957.jpg,551.5,Mönkijöiden kiinnityssarjat Camso X4S ATV/UTV ja  R4S ATV telarunkoihin. Sopivuustaulukko alla tiedostossa.,551.5,Camso,
19140373002,Camso/TJD mönkijän telasarjan kiinnityssarja,https://tarvike.com/product/camsotjd-monkijan-telasarjan-kiinnityssarja-79039,https://media.tarvike.com/product/images/79039/original/27907.jpg,551.5,Mönkijöiden kiinnityssarjat Camso X4S ATV/UTV ja  R4S ATV telarunkoihin. Sopivuustaulukko alla tiedostossa.,551.5,Camso,
19140371002,Camso/TJD mönkijän telasarjan kiinnityssarja,https://tarvike.com/product/camsotjd-monkijan-telasarjan-kiinnityssarja-79037,https://media.tarvike.com/product/images/79037/original/27892.jpg,551.5,Mönkijöiden kiinnityssarjat Camso X4S ATV/UTV ja  R4S ATV telarunkoihin. Sopivuustaulukko alla tiedostossa.,551.5,Camso,
19140363002,Camso ATV napa- Polaris,https://tarvike.com/product/camso-atv-napa-polaris-79029,https://media.tarvike.com/product/images/79029/original/27903.jpg,207.5,Polaris ATV yhteensopiva napa.,207.5,Camso,
19140287002,Iron Baltic asennussarja Honda TRX 420 / 500,https://tarvike.com/product/iron-baltic-asennussarja-honda-trx-420-500-99538,https://media.tarvike.com/product/images/99538/original/113448.jpg,163.15,"Asennussarja etukiinnitys työvälinerungolle + asennussovitin etukiinnitteisiin ""Warn""- tai ""Bronco""-mönkijävinsseihin, joiden kiinnityspulttien jako on 76x124 mm (3""x4,87"").",163.15,Iron Baltic,
19140222002,"Kimpex Click N Go 2 kiinnikesarja, UTV Can-am",https://tarvike.com/product/kimpex-click-n-go-2-kiinnikesarja-utv-can-am-79361,https://media.tarvike.com/product/images/79361/original/28400.jpg,237.9,Kimpex Click N Go2 puskulevyn kiinnikesarja Can Am UTV-mönkijöihin. Tarkista sopivuus laitteeseen Tiedostot- osiosta.,237.9,Kimpex,
19140187002,"Bronco puskulevyn kiinnikesarja, Yamaha",https://tarvike.com/product/bronco-puskulevyn-kiinnikesarja-yamaha-79326,https://media.tarvike.com/product/images/79326/original/28337.jpg,100.2,Bronco puskulevyn kiinnityssarja Yamaha mönkijöihin. Tarkempi sopivuus teknisissä tiedoissa.,100.2,Bronco,
19140146002,Etukiinnitteinen työvälinerunko Honda TRX,https://tarvike.com/product/etukiinnitteinen-tyovalinerunko-honda-trx-61122,https://media.tarvike.com/product/images/61122/original/17858.jpg,425.0,Etukiinnitteinen työvälinerunko Hondan puskulevyyn.,425.0,Honda,
19140088002,Kimpex Juontoketju,https://tarvike.com/product/kimpex-juontoketju-77578,https://media.tarvike.com/product/images/77578/original/26939.jpg,80.0,Juontoketjun avulla voit vetää myös hankalan muotoisia tai teräväreunaisia taakkoja.,80.0,Kimpex,
19140070002,Bronco vinssin kiinnikesarja Arctic Cat 366,https://tarvike.com/product/bronco-vinssin-kiinnikesarja-arctic-cat-366-77552,https://media.tarvike.com/product/images/77552/original/26863.jpg,110.3,Vinssin kiinnikesarja eteen Arctic Cat 366 mönkijään. Katso sopivuus tarkemmin teknisistä tiedoista.,110.3,Bronco,
19140058002,Bronco GEN I Vinssi 1500 Wire,https://tarvike.com/product/bronco-gen-i-vinssi-1500-wire-77573,https://media.tarvike.com/product/images/77573/original/26904.jpg,207.5,Laatuluokitus: CE-merkintäVetokyky: 907kg8m x 5mm teräsvaijeri.Langaton kauko-ohjain +ohjaustankoon sijoitettava kytkin,207.5,Bronco,
19140050002,Bronco vinssin kiinnityssarja taakse Kymco,https://tarvike.com/product/bronco-vinssin-kiinnityssarja-taakse-kymco-77525,https://media.tarvike.com/product/images/77525/original/26823.jpg,88.1,Varaosat ja lisävarusteet.,88.1,Bronco,
19140044002,Bronco vinssin kiinnikesarja taakse Goes 525/625 MAX,https://tarvike.com/product/bronco-vinssin-kiinnikesarja-taakse-goes-525625-max-77519,https://media.tarvike.com/product/images/77519/original/26805.jpg,171.0,Varaosat ja lisävarusteet.,171.0,Bronco,
18627922001,Trapper 550L Guardian EPS T3b,https://tarvike.com/product/trapper-550l-guardian-eps-t3b-vihrea-39931,https://media.tarvike.com/product/images/39931/original/209177.jpg,7190.0,"Trapper Guardian 550L EPS -malli tarjoaa erinomaisen suorituskyvyn ja mukavuuden. Tämä malli vie suorituskyvyn uudelle tasolle ja on varustettu moottorilla, joka tarjoaa entistä enemmän voimaa ja kestävyyttä.",7190.0,Trapper,
18341247001,Mönkijän suojapeite XL,https://tarvike.com/product/monkijan-suojapeite-xl-43674,https://media.tarvike.com/product/images/43674/original/15214.jpg,41.3,"Materiaali silikonikäsiteltyä polyesterikangastaPakkasenkestävä ja 100% vettähylkivä.Suojaa pölyltä, sateelta, lumelta, jäältä ja auringolta.HengittäväJoustoresoriMitat: 251 X 125 X 85CM",41.3,{},
18341246001,Mönkijän suojapeite L,https://tarvike.com/product/monkijan-suojapeite-l-43673,https://media.tarvike.com/product/images/43673/original/15211.jpg,34.1,"Materiaali silikonikäsiteltyä polyesterikangastaPakkasenkestävä ja 100% vettähylkivä.Suojaa pölyltä, sateelta, lumelta, jäältä ja auringolta.HengittäväJoustoresoriMitat: 220 X 125 X 85CM",34.1,{},
18341245001,Mönkijän suojapeite M,https://tarvike.com/product/monkijan-suojapeite-m-43672,https://media.tarvike.com/product/images/43672/original/15208.jpg,31.0,"Materiaali silikonikäsiteltyä polyesterikangastaPakkasenkestävä ja 100% vettähylkivä.Suojaa pölyltä, sateelta, lumelta, jäältä ja auringolta.HengittäväJoustoresoriMitat: 208 X 122 X 80CM",31.0,{},
18341237001,Mutterinavain,https://tarvike.com/product/mutterinavain-43664,https://media.tarvike.com/product/placeholders/productImageComingSoong.jpg,8.7,"Avain tähtikantaisille (x-loppuisille) alumiinivanteiden pulteille ja muttereille. Avainväli 17mm.AV 17mm, pituus 70mm",8.7,TARVIKE.COM,
18341236001,Bimecc mutterisarja 60° kartio,https://tarvike.com/product/bimecc-mutterisarja-60-kartio-43663,https://media.tarvike.com/product/placeholders/productImageComingSoong.jpg,3.63,"Mutteri alumiinivanteisiin, 60° kartio. Tähtikanta.Pituus: 37 mmKierrekoko: M12X1,50M12X1,50 TÄHTI",3.63,Bimecc,
18340972001,Deestone Rengas 25 x 10.00 -12 6PR D936,https://tarvike.com/product/deestone-rengas-25-x-1000-12-6pr-d936-44721,https://media.tarvike.com/product/images/44721/original/17304.jpg,100.0,,100.0,Deestone,
18340626001,Strongline vinssin rele 1500-4500LB,https://tarvike.com/product/strongline-vinssin-rele-1500-4500lb-44406,https://media.tarvike.com/product/images/44406/original/16914.jpg,36.9,Solenoidi 12 VMax. 250 AMP (1500-4500 lb),36.9,StrongLine,
18340614001,"Mönkijän suojapeite P 220 x L 125 x K 85 cm, musta",https://tarvike.com/product/monkijan-suojapeite-p-220-x-l-125-x-k-85-cm-musta-44400,https://media.tarvike.com/product/images/44400/original/16907.jpg,42.0,"Mönkijän yleismallin kokopeite, koko MSuojaa mönkijää sateelta, lumelta, auringon UV-säteilyltä, lialta ja pölyltäAlareunan resori ja pikalukitus pitää peitteen tiiviisti mönkijän ympärillä ja on nopeasti asennettavissaMateriaali 300D pakkasenkestävää PU-laminoitua polyesteriäKaksoisommellut saumatSoveltuu säilytyskäyttöön, kuljetettaessa viima voi hangata kangasta mönkijän maalipintaanSisältää säilytyspussinKuivaa märkä peite ennen säilytystä kuivassa paikassaVoi vahingoittaa tuoretta maalipintaaMitat P 220 x L 125 x K 85 cm",42.0,IKH,
18339691001,Iron Baltic Pohjapanssari Polaris Sportsman: 570 (2021+),https://tarvike.com/product/iron-baltic-pohjapanssari-polaris-sportsman-570-2021-145779,https://media.tarvike.com/product/images/145779/original/178903.jpg,539.5,Iron Baltic Pohjapanssarilla suojaat mönkijän pohjaa sekä etuosaa.,539.5,Iron Baltic,
18339680001,Iron Baltic Sähköhydraulinen sylinteri,https://tarvike.com/product/iron-baltic-sahkohydraulinen-sylinteri-145743,https://media.tarvike.com/product/images/145743/original/178868.jpg,658.88,Iron Baltic Sähköhydraulinen liikesylinteri jota voidaan käyttää erilaisetn tuotteiden/työkalujen kanssa työasennon ja kuljetusasennon välillä.,658.88,Iron Baltic,
18339550001,"Pohjapanssari leikattu, muovi, Polaris Sportsman 570 2021 ei sis. asennusta",https://tarvike.com/product/pohjapanssari-leikattu-muovi-polaris-sportsman-570-2021-ei-sis-asennusta-101914,https://media.tarvike.com/product/placeholders/productImageComingSoong.jpg,324.0,Ilmoitathan tilauksen yhteydessä laitteen rekisterinumeron sekä mitä puskulevyä käytät. Tällöin tiedämme leikata pohjapanssarin oikeaan muotoon.,324.0,{},
18339496001,"Kimpex tuulisuoja Gen II, kirkas",https://tarvike.com/product/kimpex-tuulisuoja-gen-ii-kirkas-79406,https://media.tarvike.com/product/images/79406/original/28479.jpg,343.1,Kimpexin uusi tuulisuoja. Aerodynaaminen muotoilu vähentää ilmanvastusta. Läpinäkyvät käsisuojat tarjoavat hyvän näkyvyyden kaikissa asennoissa. Kiinnittyssarja myydään erikseen,343.1,Kimpex,
18339483001,Honda TRX 420 FE T3b traktorimönkijä,https://tarvike.com/product/honda-trx-420-fe-t3b-traktorimonkija-61185,https://media.tarvike.com/product/images/61185/original/17983.jpg,11490.0,"TRX420FE on väkivahva monitoimimönkijä, joka sporttisuutensa ohella tarjoaa kaikki työkoneen edut äärimmäisen vaikeisiin maastoihin ja koviin urakoihin.",11490.0,Honda,
17634089001,Shark ATV takalaatikko AX100,https://tarvike.com/product/shark-atv-takalaatikko-ax100-126908,https://media.tarvike.com/product/images/126908/original/161331.jpg,299.0,"Erittäin tilava kuivasäilytysmönkijälaatikko kielekkeellä ja urakansijärjestelmällä mönkijöille. Tämä laatikko on valmistettu korkealaatuisesta iskunkestävästä polyeteenistä, ja siinä on kaikki mitä tarvitset matkustamiseen, työskentelyyn, kalastukseen tai metsästykseen. Kansi on suljettu kahdella lukittavalla salvalla.",299.0,Shark,
17318934001,Mönkijän metsäkärry Vahva Jussi 400,https://tarvike.com/product/monkijan-metsakarry-vahva-jussi-400-99573,https://media.tarvike.com/product/images/99573/original/113526.png,17900.0,"Vahvajussi 400 on kevyen sarjan perävaunu, joka soveltuu myös vaativaan ja ammattimaiseen käyttöön. Yhdistelmällä muutat mönkijän tai kevyen traktorin ketteräksi, nopeasti ja helposti liikuteltavaksi metsäkoneeksi.Vahva Jussi mönkijän -kuormaimille on ominaista keveys, kestävyys vaativissa olosuhteissa sekä moitteeton kokoonpanolaatu.Perävaunut on rakennettu korkealaatuisista materialeista ja runko vahvasta putkirakenteesta, mikä varmistaa kestävyyden.400 mallissa jatkopuomiRenkaat 300/65-12 8plyHydraulinen neliveto 1x4wd (400cc)Honda hydraulikkoyksikkö sähköstartillaOsa kuvista lisävarusteltuja",17900.0,{},
17318933001,Mönkijän metsäkärry Vahva Jussi 320A,https://tarvike.com/product/monkijan-metsakarry-vahva-jussi-320a-99571,https://media.tarvike.com/product/images/99571/original/113535.jpg,11150.0,"Vahva Jussi mönkijän kuormaimille on ominaista keveys, kestävyys vaativissa olosuhteissa sekä moitteeton kokoonpanolaatu.Perävaunut on rakennettu korkealaatuisista materialeista ja runko vahvasta putkirakenteesta, mikä varmistaa kestävyyden.Renkaat 22x11-8Honda hydraulikkoyksikkö käsikäynnistykselläOsa kuvista lisävarusteltuja",11150.0,{},
17318932001,Mönkijän metsäkärry Vahva Jussi 320,https://tarvike.com/product/monkijan-metsakarry-vahva-jussi-320-99570,https://media.tarvike.com/product/images/99570/original/113525.png,14490.0,"Vahva Jussi mönkijän kuormaimille on ominaista keveys, kestävyys vaativissa olosuhteissa sekä moitteeton kokoonpanolaatu.Perävaunut on rakennettu korkealaatuisista materialeista ja runko vahvasta putkirakenteesta, mikä varmistaa kestävyyden.Renkaat 22x11-8Hydraulinen neliveto 1x4wd(200cc) Honda hydraulikkoyksikkö käsikäynnistykselläOsa kuvista lisävarusteltuja",14490.0,Vahva Jussi,
17318922001,"Venetraileri sis. vinssin, lisävaruste 2-aks. tukki/dumpperikärryyn",https://tarvike.com/product/venetraileri-sis-vinssin-lisavaruste-2-aks-tukkidumpperikarryyn-81572,https://media.tarvike.com/product/images/81572/original/31503.jpg,505.0,Mönkijän 2-akselisen tukkikärryn lisävarusteena irroitettava veneenkuljetusteline.Tällä yhdistelmällä vedät veneesi syrjäisemmällekin järvelle.,505.0,TARVIKE.COM,
17318910001,Ultratec mönkijän juontokärry (sis. 1kpl juontoketju),https://tarvike.com/product/ultratec-monkijan-juontokarry-sis-1kpl-juontoketju-79429,https://media.tarvike.com/product/images/79429/original/28559.jpg,1199.0,"Ultratec mönkijän juontokärry on tarkoitettu yksittäisille painaville isoille ja pitkille puille, joita ei perinteisillä kärryillä voi viedä. Painavan puun saa helposti kyytiin nostomekanismilla ilman vinssiä. Nostoliuku toimii myös nytkänä, joka helpottaa liikkeelle lähtöä. Kuorma lasketaan alas peruuttamalla.Kuorman voi tarvittaessa myös lukita ylös juontoketjulla. Takana olevat kaaret estävät puuta osumasta renkaisiin. Korkea maavara, kevyt rakenne ja matala painopiste tekevät yhdistelmästä hyvin maastokelpoisen.",1199.0,Ultratec,
17318870001,Raivaussaha Rammy rotary mower 120 ATV PRO,https://tarvike.com/product/raivaussaha-rammy-rotary-mower-120-atv-pro-61249,https://media.tarvike.com/product/images/61249/original/18128.jpg,4809.0,"Etuasenteinen ja ketterä raivaussaha mönkijään!Rammy Brush cutter 120 ATV Professional on ketterä ja tehokas raivaussaha mönkijään. Raivaussaha on voimakas leikkuri kaikenlaisten kasvustojen leikkaamiseen. Sillä leikkaa jopa 10 cm puut! Raivaussahalla voi ajaa maata vasten ja leikata ruohon, heinän, pajukon sekä korren. Raivaussahan alla on suojarulla ja terät ovat suojassa rullan yläpuolella.Säädettävän rungon avulla Rammy raivaussaha sopii kaikkiin 4×4 mönkijöihin ja UTV-malleihin. Jos puskulevyn keskiasennussarja on mönkijäsi pohjassa, sopii se nykyisiin kiinnikkeisiin. Rammyn saa kiinnitettyä myös lukkokoukulla 16-19 mm (lisävaruste).Raivaussahan saa siirrettyä vasemmalle tai oikealle sivulle 32 cm, vakiona olevan sivusiirtosarjan avulla.",4809.0,Rammy,
17318868001,Rammy mönkijän niittyleikkuri 120 ATV,https://tarvike.com/product/rammy-monkijan-niittyleikkuri-120-atv-61247,https://media.tarvike.com/product/images/61247/original/18123.jpg,3734.0,"Rammy Flail mower 120 ATV on ketterä mönkijän niittyleikkuri heinän-, nurmen ja pienten puiden leikkaamiseen. Rammy etuleikkurilla saa ajettua tehokkaasti ja vaivattomasti nurmialueet, niityt ja tienvarret. Kun niittyleikkuri varustetaan vasaraterillä (lisävaruste), siitä tulee ruohonleikkuri, joka tekee hienoa leikkaustulosta. Niittyleikkurissa on oma moottori.Niittyleikkurin saa siirrettyä vasemmalle sivulle 37 cm, kun se varustetaan sivusiirtosarjala (lisävaruste).",3734.0,Rammy,
17315787001,"Pohjapanssari 8 mm, Kodiak/Grizzly 700 2016–",https://tarvike.com/product/pohjapanssari-8-mm-kodiakgrizzly-700-2016-97766,https://media.tarvike.com/product/images/97766/original/106656.jpg,435.0,Suojaa mönkijän alusta 8 mm:n pohjapanssarilla.,435.0,Yamaha,
17315785001,"Yamaha Heavy Duty -takapuskuri, Grizzly 700",https://tarvike.com/product/yamaha-heavy-duty-takapuskuri-grizzly-700-96721,https://media.tarvike.com/product/images/96721/original/103625.jpg,357.95,"Takapuskuri suojaa Yamahasi takavaloa ja takaosaa kokonaisuudessaan. Asennetaan telineen tukirautojen tilalle. Valmistettu kestävästä, taivutetusta teräsputkesta, sisältää lisävalojen kiinnityskohdat.",357.95,Yamaha,
17315783001,"Lokasuojien levikkeet, Kodiak",https://tarvike.com/product/lokasuojien-levikkeet-kodiak-96715,https://media.tarvike.com/product/images/96715/original/103616.jpg,306.95,"Ärhäkät custom-muotoillut lokasuojien levikkeet suojaavat Yamahaasi vedeltä, kuralta ja roskilta. Lokasuojien levikkeet noudattavat lokasuojien linjaa, jolloin tuloksena on saumaton ja yhtenäinen runkolinja. Valmistettu kestävästä kestomuoviolefiinista (TPO); leveämpi alaosa suojaa tehokkaasti roiskeilta.",306.95,Yamaha,
17315782001,"Rungon suojaputket, Kodiak",https://tarvike.com/product/rungon-suojaputket-kodiak-96714,https://media.tarvike.com/product/images/96714/original/103612.jpg,467.5,Erittäin tehokas suoja Yamahasi jalkatilalle ja lokasuojille. Suojaputket suojaavat esteiden aiheuttamilta naarmuilta. Asennetaan suoraan lisävarusteena saatavaan Heavy Duty -etupuskuriin ja -takapuskuriin B16F84L0V000 ja B16F85E0V000.,467.5,Yamaha,
17315780001,"Lokasuojien levikkeet, Grizzly",https://tarvike.com/product/lokasuojien-levikkeet-grizzly-96339,https://media.tarvike.com/product/images/96339/original/103409.jpg,426.7,"Lokasuojien levikkeet suojaavat Yamahaasi vedeltä, kuralta ja roskilta. Levikkeet noudattavat lokasuojien linjaa, jolloin tuloksena on saumaton ja yhtenäinen runkolinja. Valmistettu kestävästä kestomuoviolefiinista (TPO). Helppo asentaa.",426.7,Yamaha,
17315727001,Storm mönkijän takapuskuri Can-Am,https://tarvike.com/product/storm-monkijan-takapuskuri-can-am-76311,https://media.tarvike.com/product/images/76311/original/89275.jpg,262.0,Sopivuus: Maverick X3 2017,262.0,Storm,
17315726001,Storm mönkijän takapuskuri Can-Am,https://tarvike.com/product/storm-monkijan-takapuskuri-can-am-76310,https://media.tarvike.com/product/images/76310/original/89267.jpg,171.0,Sopivuus: Maverick Trail 1000 2018-Teräs,171.0,Storm,
17315725001,FRONT BUMPER GREEN,https://tarvike.com/product/front-bumper-green-60995,https://media.tarvike.com/product/images/60995/original/17583.jpg,140.7,Segway Snarler mönkijän etupuskuri.,140.7,{},
17315724001,FRONT BUMPER (RED),https://tarvike.com/product/front-bumper-red-60994,https://media.tarvike.com/product/images/60994/original/17576.jpg,140.7,Segway Snarler mönkijän etupuskuri.,140.7,Honda,
17297770001,Aseteline Grizzly/Kodiak,https://tarvike.com/product/aseteline-grizzlykodiak-96722,https://media.tarvike.com/product/images/96722/original/103629.jpg,53.65,Asekotelon telineessä ase kulkee turvallisesti mönkijän mukana. Varmistus sokalla. Vahvistettu hihna pitää kotelon paikallaan ajettaessa vaativassa maastossa.Kotelon takaosan poistaminen onnistuu ilman kotelon liu´uttamista pois telineestä. Sopii asekotelon B16K750BV000 sekä Deluxe-asekotelon ABAUXX671000 kanssa.,53.65,Yamaha,
17297318001,Maxi Grip nastasarja 30mm,https://tarvike.com/product/maxi-grip-nastasarja-30mm-77785,https://media.tarvike.com/product/images/77785/original/27198.jpg,100.2,"Maxi Grip HM 30 nastasarja sopii tarkotreihin, kuormaajiin sekä taajamakoneisiin.30mm100kpl",100.2,Maxi Grip,
17297307001,"Bronco V-Cut mönkijän nastat 4,76mm x 15,88mm",https://tarvike.com/product/bronco-v-cut-monkijan-nastat-476mm-x-1588mm-77774,https://media.tarvike.com/product/images/77774/original/27176.jpg,138.7,"4,76mm x 15,88 mm1000kpl",138.7,Bronco,
17297305001,"Bronco V-Cut mönkijän nastat 4,76mm x 19,05mm",https://tarvike.com/product/bronco-v-cut-monkijan-nastat-476mm-x-1905mm-77772,https://media.tarvike.com/product/images/77772/original/27168.jpg,151.7,"4,76mm x 19,05mm1000kpl",151.7,Bronco,
1661152000,Shark Täydellinen pohjapanssarisarja CAN-AM Maverick X-DS TURBO,https://tarvike.com/product/shark-taydellinen-pohjapanssarisarja-can-am-maverick-x-ds-turbo-144864,https://media.tarvike.com/product/images/144864/original/176284.png,1306.98,"Shark Alumiini täydellinen pohjapanssarisarja suojaa ajoneuvosi alla olevia komponentteja esim. kivien tai kantojen vaurioilta. Valmistettu kestävästä, kevyestä lentokonealumiinista. Tyhjennys reiät, jotta muta ja vesi eivät keräänny panssarin ja koneen väliin. Valmiit aukot koneen huoltamiseen ja puhdistamiseen.",1306.98,Shark,
1661151000,Täydellinen Pohjapanssarisarja TGB Blade 550 LT,https://tarvike.com/product/taydellinen-pohjapanssarisarja-tgb-blade-550-lt-144863,https://media.tarvike.com/product/images/144863/original/176283.png,595.28,"Shark Alumiini täydellinen pohjapanssarisarja suojaa ajoneuvosi alla olevia komponentteja esim. kivien tai kantojen vaurioilta. Valmistettu kestävästä, kevyestä lentokonealumiinista. Tyhjennys reiät, jotta muta ja vesi eivät keräänny panssarin ja koneen väliin. Valmiit aukot koneen huoltamiseen ja puhdistamiseen.",595.28,Shark,
15890495000,Segway Snarler AT5 S Full T3 Traktorimönkijä,https://tarvike.com/product/segway-snarler-at5-s-full-t3-traktorimonkija-169166,https://media.tarvike.com/product/images/169166/original/190488.jpg,7190.0,Segway Snarler AT5 -mönkijä on suunniteltu vastaamaan seikkailunhaluisten käyttäjien tarpeisiin tarjoten luotettavuutta ja kestävyyttä kaikissa olosuhteissa. Helppokäyttöiset toiminnot ja ketterän kompakti koko tekevät Snarler AT5:sta sopivan ajopelin kaikentasoisille kuljettajille.,7190.0,Segway,
15890494000,Segway Snarler AT5 L Full T3 Traktorimönkijä,https://tarvike.com/product/segway-snarler-at5-l-full-t3-traktorimonkija-169163,https://media.tarvike.com/product/images/169163/original/191027.jpg,7290.0,Segway Snarler AT5 -mönkijä on suunniteltu vastaamaan seikkailunhaluisten käyttäjien tarpeisiin tarjoten luotettavuutta ja kestävyyttä kaikissa olosuhteissa. Helppokäyttöiset toiminnot ja ketterän kompakti koko tekevät Snarler AT5:sta sopivan ajopelin kaikentasoisille kuljettajille.,7290.0,Segway,
1491302000,2025 Yamaha Grizzly 700 EPS traktorimönkijä,https://tarvike.com/product/2025-yamaha-grizzly-700-eps-traktorimonkija-126958,https://media.tarvike.com/product/images/126958/original/161355.jpg,13490.0,"Grizzly 700 EPS on suunniteltu maastoajoharrastajille, jotka arvostavat vapaata liikkumista. Vääntövahvalla ja sitkeävetoisella, 686-kuutioisella nelitahtimoottorilla varustettu Grizzly on erinomaisen kompakti ja tehokas ATV, joka menee sujuvasti sinne minne kuljettaja haluaa.",13490.0,Yamaha,
13914081001,Linhai Landforce 650L Pro EPS ABS T3b 80km/h Traktorimönkijä,https://tarvike.com/product/linhai-landforce-650l-pro-eps-abs-t3b-80kmh-green-39737,https://media.tarvike.com/product/images/39737/original/190394.png,7990.0,"Suosittu Landforce 650L Pro on nyt varustettu uusilla ominaisuuksilla. Siihen on lisätty lukkiutumaton jarrujärjestelmä (ABS), joka poistaa T3b-luokan mönkijöihin kohdistuvan 60 km/h nopeusrajoituksen ja mahdollistaa ajon laitteen täydellä suunnittelunopeudella. Uutta on myös sähköisen ohjaustehostimen (EPS) säädettävä voimakkuus sekä käytännöllinen nopeudenrajoitin. Näiden parannusten ansiosta ajaminen on turvallisempaa, mukavampaa ja paremmin eri olosuhteisiin mukautuvaa.",7990.0,Linhai,
13914078001,Linhai T-Boss 670 EPS (UTV) T1b 60km/h,https://tarvike.com/product/linhai-t-boss-670-eps-utv-t1b-60kmh-black-39730,https://media.tarvike.com/product/images/39730/original/190412.png,10690.0,"T-Boss 670 EPS edustaa hyötykäyttöön tarkoitettujen UTV-ajoneuvojen uusinta sukupolvea, jossa yhdistyvät moderni ja vankka muotoilu sekä korkea käytännöllisyys. Se tarjoaa luotettavaa suorituskykyä ja polttoainetehokkuutta, ja on valmis käyttöön maataloudessa, metsätöissä, rakennustyömailla sekä kunnallisissa palveluissa. Sähköinen ohjaustehostin (EPS) takaa vaivattoman hallittavuuden kaikissa tilanteissa, ja tehokas moottori tarjoaa riittävästi voimaa perävaunujen vetämiseen ja raskaiden lisälaitteiden käyttöön. Kestävät puoliovet ja tilava ohjaamo huolehtivat matkustajien turvallisuudesta ja mukavuudesta.",10690.0,Linhai,
13106482001,Segway Snarler AT6 S EPS Standard T3 Poromalli,https://tarvike.com/product/segway-snarler-at6-s-eps-standard-t3-poromalli-167751,https://media.tarvike.com/product/images/167751/original/190489.jpg,8990.0,"Lyhyt kaksipaikkainen Snarler Standard-varustelutasolla, ohjaustehostimella ja sitkeällä 44-hevosvoimaisella moottorilla. 
 
Huipputarjous, seuraavat lisävarusteet kaupanpäälle!

2 x Deestone mönkijän rengas 27X10.00-12 6PR (RC271012AE)
2 x Deestone mönkijän rengas 27X12.00-12 6PR (RC271212AE)
Poromallin pohjapanssari
Shark 4zone ATV Kahvanlämmittimet + Peukalonlämmitin (800-01-041)",8990.0,Segway,
12315957000,"Segway Snarler AT6 L EPS Standard T3, telapeli Camso X4S",https://tarvike.com/product/segway-snarler-at6-l-eps-standard-t3-telapeli-camso-x4s-165293,https://media.tarvike.com/product/images/165293/original/189038.jpg,14590.0,"Pitkä, kahdelle rekisteröity tanko-ohjattava Segway Snarler AT6 L EPS traktorimönkijä, jossa vakiona ohjaustehostin ja kattava vakiovarustelu.",14590.0,Segway,
11941644002,"Mönkijän kesärengas-alumiinivannepaketti (1kpl) CFMoto, Yamaha, Honda, Access",https://tarvike.com/product/monkijan-kesarengas-alumiinivannepaketti-1kpl-cfmoto-yamaha-honda-access-101901,https://media.tarvike.com/product/images/101901/original/204775.png,320.0,"Myydään kappaleittain, sis. vanne + rengas
ITP Hurricane 15x7 4/110 5+2 alumiinivanne sekä 205/65-15 kesärengas -paketti CFMoto, Yamaha, Honda ja Access mönkijöihin.",320.0,TARVIKE.COM,
11622838000,Yamaha Wolverine Rmax 2 1000 LE Koppimönkijä,https://tarvike.com/product/yamaha-wolverine-rmax-2-1000-le-koppimonkija-163158,https://media.tarvike.com/product/images/163158/original/186303.jpg,40990.0,"Wolverine® RMAX™2 1000 Limited Edition -erikoisversio ylittää odotuksesi tehokkaalla 999-kuutioisella moottorilla ja RMAX-mallin ainutlaatuisella ajotilatoiminnolla (D-Mode), jossa on Sport-, Trail- ja Crawl-ajotilavaihtoehdot. Ohjaamosta säädettävin FOX® 2.0 iQS -iskunvaimentimin varustettuna tämän Limited Edition -mallin matkustusmukavuus on nyt entistä parempi.",40990.0,Yamaha,
10711917000,Mönkijän Peräkärryn pyörä 22X11-10 6PR Vasen,https://tarvike.com/product/monkijan-perakarryn-pyora-22x11-10-6pr-vasen-148972,https://media.tarvike.com/product/images/148972/original/180752.webp,132.0,,132.0,IKH,
28062939001,Bronco Kärry Käsikipillä Max 1600kg,https://tarvike.com/product/bronco-karry-kasikipilla-max-1600kg-173041,https://media.tarvike.com/product/images/173041/original/196694.webp,2570.0,Soveltuu pientraktorille ja mönkijäkäyttöön 50mm vetokuulalla. Sivulaidat taittuvat alas tai ne irrotetaan kipin käytön yhteydessä. Takalaidan säädettävä aukko. Nostin kallistaa lavan jopa 55 asteen kulmaan.,2570.0,Bronco,
5454075000,SHARK 4ZONE LOCK-ON ATV Kahvanlämmittimet + Peukalonlämmitin,https://tarvike.com/product/shark-4zone-lock-on-atv-kahvanlammittimet-peukalonlammitin-127241,https://media.tarvike.com/product/images/127241/original/162180.png,119.0,SHARK Lock-On ATV Kahvanlämmittimet + peukalonlämmitin integroiduilla katkasijoilla.,119.0,Shark,
4894139000,Segway Snarler mönkijän takalaatikko,https://tarvike.com/product/segway-snarler-monkijan-takalaatikko-60984,https://media.tarvike.com/product/images/60984/original/17577.jpg,329.0,Segway Snarler mönkijän takalaatikko.Koko: 650 x 1086 x 370 mmTilavuus: 104 LMateriaali: HDPE,329.0,Segway,
26218162001,Trapper Hummer 125 lasten mönkijä,https://tarvike.com/product/trapper-hummer-125-lasten-monkija-171622,https://media.tarvike.com/product/images/171622/original/192327.jpg,1490.0,"Trapper Hummer 125 on turvallinen ja helppokäyttöinen lasten mönkiä. Siinä on 125cc:n nelitahtimoottori, jonka voima toimitetaan tasaisesti automaattivaihteiston kautta, mikä tekee ajamisesta vaivatonta myös aloittelijoille.",1490.0,Trapper,
20178026001,Etupuskuri Segway AT6 mönkijään,https://tarvike.com/product/etupuskuri-segway-at6-monkijaan-168859,https://media.tarvike.com/product/images/168859/original/194161.jpg,140.7,,140.7,Segway,
19140301002,Iron Baltic Etukiinnitteinen työvälinerunko Honda TRX,https://tarvike.com/product/iron-baltic-etukiinnitteinen-tyovalinerunko-honda-trx-99547,https://media.tarvike.com/product/images/99547/original/113459.jpg,408.0,"Etukiinnitteinen työvälinerunko hyvillä ominaisuuksilla: Yksinkertainen asentaa, helppo kiinnittää ja ottaa pois.",408.0,Iron Baltic,
4894047000,CST Stryder mönkijän rengas CS06 18.10.00-10 6-Ply TL 37N,https://tarvike.com/product/cst-stryder-monkijan-rengas-cs06-181000-10-6-ply-tl-37n-77835,https://media.tarvike.com/product/images/77835/original/27256.png,111.0,CST Stryder CS06 rengas maantiekäyttöön.Koko: 18 x 10.00 - 10E-tieliikennehyväksytty,111.0,CST,
