id,title,link,imageLink,price,description,salePrice,brand,unit
4134361002,Yamaha EF2000iS generaattori,https://tarvike.com/product/yamaha-ef2000is-generaattori-103062,https://media.tarvike.com/product/images/103062/original/144291.jpg,1306.0,"Suurta tehoa pienessä paketissa. Saat sähköä, kun tarvitset sitä, olipa kyse vedenkeittimen tai sähkötyökalujen käytöstä. EF2000iS on yksi markkinoiden kevyimmistä generaattoreista. 21 kg:n paino tarkoittaa, että jaksat kantaa sitä yhdellä kädellä.",979.0,Yamaha,
17861781000,Milwaukee Teränpidin SHW 1/4 60mm CD,https://tarvike.com/product/milwaukee-teranpidin-shw-14-60mm-cd-169578,https://media.tarvike.com/product/images/169578/original/192073.png,6.6,Erikoissuunniteltu teräs sekä kuumuuskäsittely tuottavat maksimaalisen vahvuuden ja joustavuuden.,3.0,Milwaukee Tools,
18750970002,Milwaukee huopakynä,https://tarvike.com/product/milwaukee-huopakyna-109341,https://media.tarvike.com/product/images/109341/original/153041.jpg,1.85,"-Pysyy terävänä pidempään eikä leviä tai työnny sisään painettaessa-Kestävä akryylikärki on ihanteellinen karkeille pinnoille, kuten OSB-levylle ja betonille-Kynää voidaan käyttää vaikka sen korkki olisi ollut auki +72 tuntia-Sopii betonille, puulle, metallille, vanerille, OSB-levylle ja muoville-Voidaan käyttää pölyisille, märille, ruosteisille ja öljyisille pinnoille-Nopeasti kuivuva muste, mikä vähentää sen leviämistä PVC- ja metallipinnoilla-Kapea malli on kätevä ahtaissa tiloissa työskennellessä-Klipsi kynän kiinnittämiseen esim. kypärään, housuihin ja haalareihin-Korkki on helppo irrottaa myös yhdellä kädellä-Rullaamaton rakenne estää kynän pyörimisen",1.5,Milwaukee Tools,
18747847002,"Lisävalon tukirautapari litteä, 200mm",https://tarvike.com/product/lisavalon-tukirautapari-littea-200mm-106032,https://media.tarvike.com/product/images/106032/original/148720.jpg,13.0,Litteä200mmMustaRuostumatonta terästä,11.0,,
22298635001,Milwaukee Shockwave™ Impact Duty -ruuvauskärkisarjat,https://tarvike.com/product/milwaukee-shockwave-impact-duty-ruuvauskarkisarjat-175548,https://media.tarvike.com/product/images/175548/original/197904.webp,19.1,SHOCKWAVE™ IMPACT DUTY -ruuvauskärjet on suunniteltu käytettäväksi iskevissä ruuvinvääntimissä. Terät ovat ihanteellisia vaativiin iskutoimintosovelluksiin ja tarjoavat täyden ratkaisun kaikkiin kiinnitystarpeisiin.,9.9,Milwaukee Tools,
4134360002,Yamaha EF2200iS generaattori,https://tarvike.com/product/yamaha-ef2200is-generaattori-103059,https://media.tarvike.com/product/images/103059/original/144307.jpg,1508.0,"Täysin uusi Yamaha EF2200iS -generaattori tarjoaa suurta tehoa, hiljaisen käyntiäänen ja monipuolisia ominaisuuksia. Se tuottaa enintään 2,2 kVA:n sähkövirtaa missä tahansa, mikä tekee siitä ihanteellisen monenlaisiin käyttökohteisiin.",1131.0,Yamaha,
1772483000,Solero Polttimo 12V 18W WX3X16D KELT. LASIKANTA,https://tarvike.com/product/solero-polttimo-12v-18w-wx3x16d-kelt-lasikanta-129073,https://media.tarvike.com/product/images/129073/original/168944.jpg,1.0,,0.6,Solero,
1772526000,Kimpex Polttimo 12V 21/5W GE906,https://tarvike.com/product/kimpex-polttimo-12v-215w-ge906-130763,https://media.tarvike.com/product/images/130763/original/169886.jpg,3.0,,1.8,Kimpex,
18750925002,Milwaukee puukkosahanterä 300 mm,https://tarvike.com/product/milwaukee-puukkosahantera-300-mm-109325,https://media.tarvike.com/product/images/109325/original/152999.jpg,27.3,"Milwaukeen puukkosahaan tarkoitettu terä. Terässä aaltomainen 300mm terä, joka käy eristemateriaalien, uretaanivaahtojen ja muovin leikaamiseen.- terän pituus: 300 mm- käyttökohde: eristemateriaalit, uretaanivaahto, pahvi- materiaalityyppi: HCS- määrä pakkauksessa: 1 kpl",19.9,Milwaukee Tools,
18747869002,"Lisävaloteline, rek taakse, EU-kilpi",https://tarvike.com/product/lisavaloteline-rek-taakse-eu-kilpi-106017,https://media.tarvike.com/product/images/106017/original/148675.jpg,9.1,"Mitat: 430 mmRekisterikilven taakse, EU-kilpiTakuuaika (kk): 12",7.7,,
1772482000,Solero Polttimo 6V 5W BA15S,https://tarvike.com/product/solero-polttimo-6v-5w-ba15s-129072,https://media.tarvike.com/product/images/129072/original/168939.jpg,2.0,,1.2,Solero,
17369662001,Milwaukee laturi M12-18 FC,https://tarvike.com/product/milwaukee-laturi-m12-18-fc-105132,https://media.tarvike.com/product/images/105132/original/147918.jpg,155.0,"Milwaukee M12-18 FC Laturi lataa kaikki M18™, M14™ ja M12™ REDLITHIUM™ -akut peräkkäin, jolloin ensimmäiseen laturiin laitettu akku ladataan ensimmäiseksi, a näin lataussyklien hallintaan kuluu vähemmän aikaa.",116.0,Milwaukee Tools,
4581992000,"Milwaukee Ruuvauskärkisarjat, SHW CD SET (32PC)",https://tarvike.com/product/milwaukee-ruuvauskarkisarjat-shw-cd-set-32pc-109393,https://media.tarvike.com/product/images/109393/original/153160.jpg,40.2,SHOCKWAVE™ IMPACT DUTY -ruuvauskärjet on suunniteltu käytettäväksi iskevissä ruuvinvääntimissä. Terät ovat ihanteellisia vaativiin iskutoimintosovelluksiin ja tarjoavat täyden ratkaisun kaikkiin kiinnitystarpeisiin.,19.0,Milwaukee Tools,
4578792000,Johtosarja 1 Valo DTP-Pistoke 300W,https://tarvike.com/product/johtosarja-1-valo-dtp-pistoke-300w-106053,https://media.tarvike.com/product/images/106053/original/148761.jpg,50.0,"HD DTP -johtosarja yhdelle valolle. 12V rele, 320W max. DTP-pistoke. Täydellinen johtosarja akulta valoille. Johdot -40C - +150C.",42.5,,
4578790000,Lisävalon kytkentäsarja Deutsch 2- valolle max 500w,https://tarvike.com/product/lisavalon-kytkentasarja-deutsch-2-valolle-max-500w-106052,https://media.tarvike.com/product/images/106052/original/148757.jpg,50.0,Deutsch- kytkentäsarja kahdelle valolle.12VMax 500WJohdot -40C - +150C.,30.0,,
18750971002,"Milwaukee Huopakynä Hienokärki, punainen",https://tarvike.com/product/milwaukee-huopakyna-hienokarki-punainen-109342,https://media.tarvike.com/product/images/109342/original/153030.jpg,1.85,"Milwaukee Huopakynä joka sopii betonille, puulle, metallille, vanerille, OSB-levylle ja muoville. Nopeasti kuivuva muste, mikä vähentää sen leviämistä PVC- ja metallipinnoilla.Pysyy terävänä pidempään eikä leviä tai työnny sisään painettaessaKestävä akryylikärki on ihanteellinen karkeille pinnoille, kuten OSB-levylle ja betonilleKynää voidaan käyttää vaikka sen korkki olisi ollut auki +72 tuntiaVoidaan käyttää pölyisille, märille, ruosteisille ja öljyisille pinnoilleKapea malli on kätevä ahtaissa tiloissa työskennellessäKlipsi kynän kiinnittämiseen esim. kypärään, housuihin ja haalareihinKorkki on helppo irrottaa myös yhdellä kädelläRullaamaton rakenne estää kynän pyörimisenKärki: 1mm",1.5,Milwaukee Tools,
4578787000,"Lisävalon kytkentäsarja Deutsch, max 300W",https://tarvike.com/product/lisavalon-kytkentasarja-deutsch-max-300w-106051,https://media.tarvike.com/product/images/106051/original/148753.jpg,27.5,Deutsch- johtosarja yhdelle valolle.12V releMax 300WJohdot -40C - +150C.,23.3,,
4578777000,Kytkentäsarja 12v Rele + Katk.,https://tarvike.com/product/kytkentasarja-12v-rele-katk-106049,https://media.tarvike.com/product/images/106049/original/148746.jpg,20.5,"12 vLed-keinukytkin, asennus 12mm reikään + rele + johtosarja, punainen led",17.4,,
20575412001,Milwaukee Vasaraporan teräsarja SDS+ MX4 POFSET 7P,https://tarvike.com/product/milwaukee-vasaraporan-terasarja-sds-mx4-pofset-7p-169569,https://media.tarvike.com/product/images/169569/original/195123.png,75.4,,39.0,Milwaukee Tools,
20261316001,Milwaukee Kärkisarja T50m Karabiini 10P,https://tarvike.com/product/milwaukee-karkisarja-t50m-karabiini-10p-169529,https://media.tarvike.com/product/images/169529/original/197354.webp,19.1,SHOCKWAVE™ IMPACT DUTY -ruuvauskärjet on suunniteltu käytettäväksi iskevissä ruuvinvääntimissä. Terät ovat ihanteellisia vaativiin iskutoimintosovelluksiin ja tarjoavat täyden ratkaisun kaikkiin kiinnitystarpeisiin.,8.0,Milwaukee Tools,
18750678002,"Tulpanavain 12mm(kierre), avain 18mm",https://tarvike.com/product/tulpanavain-12mmkierre-avain-18mm-108980,https://media.tarvike.com/product/images/108980/original/152613.jpg,9.2,12mm tulpalleAvain 18mm,5.5,,
1770768000,"Katkaisulaikka 125x1,0 10kpl",https://tarvike.com/product/katkaisulaikka-125x10-10kpl-145312,https://media.tarvike.com/product/images/145312/original/176805.webp,16.5,"Mirka katkaisulaikka ruostumattoman teräksen (Inox) ja teräksen eri laatujen katkaisuun. 125x1,0x22,2mm 10kpl.",9.99,MIRKA,
1772500000,"Philips Polttimo 12V 5W SV8,5",https://tarvike.com/product/philips-polttimo-12v-5w-sv85-129084,https://media.tarvike.com/product/placeholders/productImageComingSoong.jpg,1.1,,0.6,Philips,
20502009001,Milwaukee Akkuvalaisin M18 TLED-0,https://tarvike.com/product/milwaukee-akkuvalaisin-m18-tled-0-169496,https://media.tarvike.com/product/images/169496/original/194998.png,89.0,M18 TLED-0 Akkuvalaisimen M18™ LED-elektroniikka tuottaa 2x pidemmän käyttöajan ja johtaa vähemmän lämpöä.,66.0,Milwaukee Tools,
16971532001,"Lisävalon tukirautapari, pyöreä 200mm",https://tarvike.com/product/lisavalon-tukirautapari-pyorea-200mm-106033,https://media.tarvike.com/product/images/106033/original/148724.jpg,13.0,Pyöreä200mmMustaRuostumatonta terästä,11.0,,
10098543000,Optibeam Super Captain Dual 600 Curved Lisävalo,https://tarvike.com/product/optibeam-super-captain-dual-600-curved-lisavalo-156161,https://media.tarvike.com/product/images/156161/original/180442.jpg,299.0,"Optibeamin suosituin lisävalo Super Captain on saanut uudet ja entistä tehokkaammat Super Captain Curved -versiot, jotka tarjoavat enemmän valotehoa, päivitettyä elektroniikkaa ja kaarevan muotoilun parempaa valaistusta varten. Uusi sarja on kehitetty käyttäjien palautteen perusteella ja täyttää vaativimpienkin käyttäjien odotukset parannetulla tehokkuudella ja luotettavuudella, joka kattaa 36 kuukauden takuun.",264.0,Optibeam,
5017907002,"Naula T Sähkös 2,2X38 1000Kpl",https://tarvike.com/product/naula-t-sahkos-22x38-1000kpl-155806,https://media.tarvike.com/product/images/155806/original/188117.webp,14.3,,11.0,IKH,
4582655000,Airam Airflood led-valoheitin IP44 10W/800lm,https://tarvike.com/product/airam-airflood-led-valoheitin-ip44-10w800lm-110022,https://media.tarvike.com/product/images/110022/original/153979.jpeg,17.1,"Moderni, kompakti Airflood led-heitin on suunniteltu pihapiirin, varastojen, kulkuväylien ja pysäköintialueiden turvalliseen ja käytännölliseen valaistukseen. Reunuksettoman muotoilun ansiosta valaisin istuu tyylikkäästi monenlaisten rakennusten julkisivuihin ja etupaneeli antaa miellyttävän tasaista valoa koko pinta-alaltaan. Kaikissa heittimissä on säädettävä valaistuskulma. Heittimissä on pistotulppaliitäntä ja kumikaapeli. Valikoimassa myös liiketunnistimella varustetut PIR-mallit.",13.6,Airam,
4582048000,Milwaukee Packout Kompakti Kiinnitysalusta,https://tarvike.com/product/milwaukee-packout-kompakti-kiinnitysalusta-109449,https://media.tarvike.com/product/images/109449/original/153289.jpg,37.7,Useita liitäntämahdollisuuksiaMuunna PACKOUT™ kiinteäksi varastoksiYhteensopiva kaikkien MILWAUKEE® PACKOUT™ -säilytysjärjestelmän osien kanssaIskunkestävä polymeerirakenneMetallivahvistetut kiinnityspisteet kestävät suuriakin painojaLuo täydellinen säilytysjärjestelmä yhdistelemällä PACKOUT™-kiinnitysalusta eri laatikoihin ja tarvikkeisiin,28.0,Milwaukee Tools,
4582026000,Milwaukee Kompakti Veitsenteroitin,https://tarvike.com/product/milwaukee-kompakti-veitsenteroitin-109431,https://media.tarvike.com/product/images/109431/original/153231.jpg,23.7,"Kolme teroitustyyliä raskaamman, kevyemmän ja sahalaitaisen terän teroittamiseenSormireikä parantaa pitoa ja hallittavuuttaMagneetti helpottaa säilyttämistäNäkyvät kokomerkinnät edessä ja takaa helpottavat luettavuuttaVoidaan käyttää veitsille ja saksilleRipustusreikä MILWAUKEE®-työkalukiinnittimien käyttöön",15.0,Milwaukee Tools,
18747275002,Milwaukee laturi M12 C12 C,https://tarvike.com/product/milwaukee-laturi-m12-c12-c-105448,https://media.tarvike.com/product/images/105448/original/148329.jpg,95.0,"- Lämpösuojaelektroniikka optimoi latauksen äärilämpötiloissa ja pidentää laturin käyttöikää - Kapseloitu virtapiiri suojaa elektroniikkaa pölyltä, kosteudelta ja iskuilta - LED-valo ilmoittaa latauksen tilan - REDLITHIUM-ION 3,0 Ah / 4,0 Ah -akut lataantuvat jopa 60 / 80 minuutissa - REDLITHIUM-ION 1,5 Ah / 2,0 Ah -akut lataantuvat jopa 30 / 40 minuutissa",71.0,Milwaukee Tools,
18339558001,"Genmag Aggregaatti 4,1kw 230V  CLICK RG5000HO Bensa Honda",https://tarvike.com/product/genmag-aggregaatti-41kw-230v-click-rg5000ho-bensa-honda-103064,https://media.tarvike.com/product/images/103064/original/144284.jpg,1690.0,"Kompakti ja kestävä 1-vaiheinen aggregaatti, joka tarjoaa huippuluokan suorituskykyä niin työmaalle kuin vapaa-ajalle. Aggregaatissa on maksimiantoteho 5,1 kVA (4,6 kW) ja 230 V jännite, mikä mahdollistaa useiden sähkölaitteiden samanaikaisen käytön.",1390.0,IKH,
8374244002,Milwaukee Vesivaaka Base Torpedo 25cm,https://tarvike.com/product/milwaukee-vesivaaka-base-torpedo-25cm-127166,https://media.tarvike.com/product/images/127166/original/162047.webp,35.0,"Milwaukee Base Torpedovesivaaka 25 cm tarjoaa tarkkuutta, kestävyyttä ja magneettisen kiinnityksen – täydellinen valinta ammattilaisille ahtaisiin työtiloihin.",24.0,Milwaukee Tools,
4963959000,Honda EU22i generaattori,https://tarvike.com/product/honda-eu22i-generaattori-103057,https://media.tarvike.com/product/images/103057/original/144311.jpg,1890.0,"Uudessa generaattorissa on enemmän tehoa. EU22i -mallissa on myös mahdollista käyttää kaasutin tyhjäksi polttoaineesta, joka puolestaan estää kaasuttimen tukkeutumisen. Myös huollettavuutta on parannettu. Hiljainen ja kevyt generaattori, jossa myös 12V ulosotto akkujen lataamista varten. Eco throttle -tyhjäkäyntiautomatiikka on kierrosluvun automaattinen säätötoiminto, joka määrittelee moottorin kierrosluvun kulloisenkin virrankäytön mukaan. Tuloksena ympäristöystävällinen ja polttoainetaloudellinen käynti. Hondan invertteritekniikka, jonka poikkeuksellisen pieni taajuuden ja ja jännitteen vaihtelu (+/- 1%) antaa mahdollisuuden erityisen herkkien sähkölaitteiden, kuten television ja tietokoneen käyttöön.",1499.0,Honda,
4582082000,Milwaukee Pieni Packout-Koukkurivi,https://tarvike.com/product/milwaukee-pieni-packout-koukkurivi-109475,https://media.tarvike.com/product/images/109475/original/153415.jpg,24.6,"Vahvat teräskoukut painavien työkalujen ja esineiden säilyttämiseenSäilöö ruuvinvääntimet, jakoavaimet, avaimet ja muut tuotteetHelppo ja nopea työkalujen käyttöönottoTurvallinen ja helppo kiinnitys napsautus- ja lukitusmekanismillaRäätälöi säilytysjärjestelmäsi tarpeiden mukaanOsa PACKOUT™ Shop Storage -säilytysjärjestelmää",19.0,Milwaukee Tools,
4582080000,Milwaukee Packout- Teline yhdelle pitkälle työkalulle,https://tarvike.com/product/milwaukee-packout-teline-yhdelle-pitkalle-tyokalulle-109473,https://media.tarvike.com/product/images/109473/original/153389.jpg,24.6,"Säilöö puutarhatyökalut, QUICK-LOK™-työkalut ja paljon muutaHelppo ja nopea työkalujen käyttöönottoRäätälöi säilytysjärjestelmäsi tarpeiden mukaanTurvallinen ja helppo kiinnitys napsautus- ja lukitusmekanismillaOsa PACKOUT™ Shop Storage -säilytysjärjestelmää",19.0,Milwaukee Tools,
4582079000,"Milwaukee Packout-Säilytyskori, magneettinen 10 x 20cm",https://tarvike.com/product/milwaukee-packout-sailytyskori-magneettinen-10-x-20cm-109472,https://media.tarvike.com/product/images/109472/original/153395.jpg,24.6,"Säilöö ruuvauskärjet, ruuvauskärkipitimet, ruuvit, naulat ja muut pienet metallituotteetVoidaan kiinnittää PACKOUT™-kiinnitysalustaanYhteensopiva ohuen PACKOUT™-lokerikon (4932471064) ja kompaktin ohuen PACKOUT™-lokerikon (4932471065) kanssaVoidaan kiinnittää myös metallipintoihin magneettisen takaosan ansiostaOsa PACKOUT™ Shop Storage -säilytysjärjestelmää",19.0,Milwaukee Tools,
4582067000,Milwaukee Packout-Pihtiteline,https://tarvike.com/product/milwaukee-packout-pihtiteline-109460,https://media.tarvike.com/product/images/109460/original/153355.jpg,19.1,Helpottaa ja nopeuttaa työkalujen ja muiden tuotteiden käyttöönottoaTurvallinen ja helppo kiinnitys napsautus- ja lukitusmekanismillaRäätälöi säilytysjärjestelmäsi tarpeiden mukaanSäilöö pihditOsa PACKOUT™ Shop Storage -säilytysjärjestelmää,15.0,Milwaukee Tools,
4582057000,"Milwaukee Packout-Akkuteline, M12",https://tarvike.com/product/milwaukee-packout-akkuteline-m12-109458,https://media.tarvike.com/product/images/109458/original/153340.jpg,19.1,Säilöö maks. 4 kpl M12™-akkuaAkut pysyvät tukevasti kiinni pidikkeessäHelppo ja nopea akkujen käyttöönottoTurvallinen ja helppo kiinnitys napsautus- ja lukitusmekanismillaRäätälöi säilytysjärjestelmäsi tarpeiden mukaanOsa PACKOUT™ Shop Storage -säilytysjärjestelmää,15.0,Milwaukee Tools,
2615755002,"Kytkentäsarja 2 valolle HD 2,5MM2 300W",https://tarvike.com/product/kytkentasarja-2-valolle-hd-25mm2-300w-156174,https://media.tarvike.com/product/images/156174/original/180709.jpg,40.5,HD Johtosarja kahdelle valolle.,34.4,W-Light,
18750986002,"Milwaukee upposahan monimateriaaliterät, SL BIM WM65X42",https://tarvike.com/product/milwaukee-upposahan-monimateriaaliterat-sl-bim-wm65x42-109357,https://media.tarvike.com/product/images/109357/original/153085.jpg,23.2,"Bi-metallinen terä puun, pellin, naulaisen puun ja muovin tarkkaan sahaukseen ja tasosahaukseen. Yleiskäyttöisen teränpitimen ansiosta Milwaukee-terät sopivat suosituimpiin epäkeskoliikkeellä toimiviin työkaluihin.",13.0,Milwaukee Tools,
17369649001,"Milwaukee M12 HB2,5 -akku",https://tarvike.com/product/milwaukee-m12-hb25-akku-105115,https://media.tarvike.com/product/images/105115/original/147868.jpg,119.0,"Milwaukee uusi M12™ HIGH OUTPUT™ 2,5 Ah -akku tuottaa jopa 25 % enemmän käyttötehoa verrattuna M12 B2 -akkuun. Akku pysyy 25 % viileämpänä kuin muut M12™ REDLITHIUM™ -akut raskaissa työtehtävissä.",55.0,Milwaukee Tools,
17369648001,"Milwaukee M12 HB2,5 akku",https://tarvike.com/product/milwaukee-m12-hb25-akku-105114,https://media.tarvike.com/product/images/105114/original/147867.jpg,175.0,"Milwaukeen uusi M12™ HIGH OUTPUT™ 5,0 Ah -akku tuottaa jopa 25 % enemmän käyttötehoa verrattuna M12 B4 -akkuun. Akku pysyy 25 % viileämpänä kuin muut M12™ REDLITHIUM™ -akut raskaissa työtehtävissä.",89.0,Milwaukee Tools,
17369568001,NGK sytytystulppa B7ES,https://tarvike.com/product/ngk-sytytystulppa-b7es-105288,https://media.tarvike.com/product/images/105288/original/148078.jpg,3.7,Varmatoiminen sytytystulppa.,2.2,NGK,
732283001,"Jatkojohto kumi 10m 230v, 2,5x3h07rn",https://tarvike.com/product/jatkojohto-kumi-10m-230v-25x3h07rn-145321,https://media.tarvike.com/product/images/145321/original/176814.webp,37.9,"Kumikaapeli 10 m, H07RN-F 3x2,5 mm². Max. kuormitus 3600w.",32.9,CRX,
5774920002,Optibeam Super Captain Dual kaukovalo 9-36V,https://tarvike.com/product/optibeam-super-captain-dual-kaukovalo-9-36v-106026,https://media.tarvike.com/product/images/106026/original/198224.jpg,279.0,"Todella tehokas ja tyylikäs Optibeam Super Captain Dual kaukovalo: loistava voima, erinomainen yhdistelmäkuvio: terävä pistevalo yhdistyneenä pientareen hajavaloon.",254.1,Optibeam,
4964022000,Honda WX15 vesipumppu,https://tarvike.com/product/honda-wx15-vesipumppu-103113,https://media.tarvike.com/product/images/103113/original/147028.jpg,640.0,Hondan WX15 -vesipumppu on oikea tehopakkaus saunavesien siirtoon tai kasvimaan kasteluun.,576.0,Honda,
4582657000,Airam Airflood led-valoheitin IP44 30W/2400lm,https://tarvike.com/product/airam-airflood-led-valoheitin-ip44-30w2400lm-110024,https://media.tarvike.com/product/images/110024/original/154013.jpeg,30.9,"Moderni, kompakti Airflood led-heitin on suunniteltu pihapiirin, varastojen, kulkuväylien ja pysäköintialueiden turvalliseen ja käytännölliseen valaistukseen. Reunuksettoman muotoilun ansiosta valaisin istuu tyylikkäästi monenlaisten rakennusten julkisivuihin ja etupaneeli antaa miellyttävän tasaista valoa koko pinta-alaltaan. Kaikissa heittimissä on säädettävä valaistuskulma. Heittimissä on pistotulppaliitäntä ja kumikaapeli. Valikoimassa myös liiketunnistimella varustetut PIR-mallit.",24.7,Airam,
4582081000,Milwaukee Suora Packout-Koukku,https://tarvike.com/product/milwaukee-suora-packout-koukku-109474,https://media.tarvike.com/product/images/109474/original/153390.jpg,19.1,"Vahvat teräskoukut painavien työkalujen ja esineiden säilyttämiseenSäilöö jakoavaimet, rullamitat, sakset, avaimet ja muut tuotteetHelppo ja nopea työkalujen käyttöönottoTurvallinen ja helppo kiinnitys napsautus- ja lukitusmekanismillaRäätälöi säilytysjärjestelmäsi tarpeiden mukaanOsa PACKOUT™ Shop Storage -säilytysjärjestelmää",15.0,Milwaukee Tools,
4582068000,Milwaukee Pieni Packout-Hylly,https://tarvike.com/product/milwaukee-pieni-packout-hylly-109461,https://media.tarvike.com/product/images/109461/original/153354.jpg,19.1,"Helpottaa ja nopeuttaa työkalujen ja muiden tuotteiden käyttöönottoaSäilöö pyyhkeet, käsineet, ruuvit, pienet purkit ja muut tuotteetTurvallinen ja helppo kiinnitys napsautus- ja lukitusmekanismillaRäätälöi säilytysjärjestelmäsi tarpeiden mukaanOsa PACKOUT™ Shop Storage -säilytysjärjestelmää",15.0,Milwaukee Tools,
4582054000,"Milwaukee Packout Yleiskoukku, pieni suora",https://tarvike.com/product/milwaukee-packout-yleiskoukku-pieni-suora-109455,https://media.tarvike.com/product/images/109455/original/153321.jpg,11.7,Vahvat teräskoukut painavien työkalujen ja esineiden säilyttämiseenKoukkujen pinnoite suojaa koukkuja ja säilytettäviä tavaroitaHelppo ja nopea työkalujen käyttöönottoTurvallinen ja helppo kiinnitys napsautus- ja lukitusmekanismillaRäätälöi säilytysjärjestelmäsi tarpeiden mukaanSäilöö käsityökalutOsa PACKOUT™ Shop Storage -säilytysjärjestelmää,9.0,Milwaukee Tools,
4582053000,"Milwaukee Packout S-Koukku, iso",https://tarvike.com/product/milwaukee-packout-s-koukku-iso-109454,https://media.tarvike.com/product/images/109454/original/153326.jpg,19.1,Vahvat teräskoukut painavien työkalujen ja esineiden säilyttämiseenKoukkujen pinnoite suojaa koukkuja ja säilytettäviä tavaroitaHelppo ja nopea työkalujen käyttöönottoTurvallinen ja helppo kiinnitys napsautus- ja lukitusmekanismillaRäätälöi säilytysjärjestelmäsi tarpeiden mukaanSäilöö pitkäkahvaiset työkalutOsa PACKOUT™ Shop Storage -säilytysjärjestelmää,15.0,Milwaukee Tools,
4582051000,"Milwaukee Packout Yleiskoukku, kaareva",https://tarvike.com/product/milwaukee-packout-yleiskoukku-kaareva-109452,https://media.tarvike.com/product/images/109452/original/153316.jpg,24.6,"Vahvat teräskoukut painavien työkalujen ja esineiden säilyttämiseenKoukkujen pinnoite suojaa koukkuja ja säilytettäviä tavaroitaHelppo ja nopea työkalujen käyttöönottoTurvallinen ja helppo kiinnitys napsautus- ja lukitusmekanismillaRäätälöi säilytysjärjestelmäsi tarpeiden mukaanSäilöö johdot, vasarat ja askeljakkaratOsa PACKOUT™ Shop Storage -säilytysjärjestelmää",19.0,Milwaukee Tools,
4582050000,"Milwaukee Packout Yleiskoukku, suora",https://tarvike.com/product/milwaukee-packout-yleiskoukku-suora-109451,https://media.tarvike.com/product/images/109451/original/153319.jpg,24.6,"Vahvat teräskoukut painavien työkalujen ja esineiden säilyttämiseenKoukkujen pinnoite suojaa koukkuja ja säilytettäviä tavaroitaHelppo ja nopea työkalujen käyttöönottoTurvallinen ja helppo kiinnitys napsautus- ja lukitusmekanismillaRäätälöi säilytysjärjestelmäsi tarpeiden mukaanSäilöö lapiot, haravat, luudat ja puutarhatyökalutOsa PACKOUT™ Shop Storage -säilytysjärjestelmää",19.0,Milwaukee Tools,
4582049000,Milwaukee Packout Kiinnitysalusta XL,https://tarvike.com/product/milwaukee-packout-kiinnitysalusta-xl-109450,https://media.tarvike.com/product/images/109450/original/153299.jpg,84.8,Useita liitäntämahdollisuuksiaMuunna PACKOUT™ kiinteäksi varastoksiYhteensopiva kaikkien MILWAUKEE® PACKOUT™ -säilytysjärjestelmän osien kanssaIskunkestävä polymeerirakenneMetallivahvistetut kiinnityspisteet kestävät suuriakin painojaLuo täydellinen säilytysjärjestelmä yhdistelemällä PACKOUT™-kiinnitysalusta eri laatikoihin ja tarvikkeisiin,65.0,Milwaukee Tools,
4578763000,Seeker EU-kilven lisävaloteline,https://tarvike.com/product/seeker-eu-kilven-lisavaloteline-106047,https://media.tarvike.com/product/images/106047/original/148736.jpg,35.5,,21.3,,
4578203000,"Milwaukee akku M18 B5 5,0 Ah",https://tarvike.com/product/milwaukee-akku-m18-b5-50-ah-105451,https://media.tarvike.com/product/images/105451/original/148324.jpg,245.0,"Milwaukee M18 B5 5,0 Ah akkussa on jopa 2,5x pidempi käyttöaika, 20 % enemmän tehoa ja 2x pidempi käyttöikä kuin muissa litiumionitekniikkaan ja/tai aiempaan Milwaukee®-akkuteknologiaan perustuvissa akuissa (tulokset vaihtelevat työkalun ja käyttötarkoituksen mukaan).",89.0,Milwaukee Tools,
4134358002,Steinfaun 8kW Diesel lämmitin 12V kauk,https://tarvike.com/product/steinfaun-8kw-diesel-lammitin-12v-kauk-163806,https://media.tarvike.com/product/images/163806/original/186659.webp,194.0,"Helppokäyttöinen valmiiksi koteloitu 1000.800w dieselilmalämmitin kaukosäätimellä. Erittäin helppo ja nopea asentaa monenlaisiin kohteisiin valmiin koteloinnin ansiosta. Mukavuutta tuo lämmityslaitteeseen lämpötilansäätö sekä kaukosäädin. Voidaan käyttää esimerkiksi autoissa, caravan ajoneuvoissa, veneessä, kuorma-autossa, työkoneissa, traktoreissa jne.",174.6,Steinfaun,
2820433002,Hitachi Adapteri DA200-Mallin Porakoneeseen,https://tarvike.com/product/hitachi-adapteri-da200-mallin-porakoneeseen-150202,https://media.tarvike.com/product/images/150202/original/196901.jpg,76.9,,53.8,Hikoki,
2615752002,Lisävaloteline rekisterikilven taakse,https://tarvike.com/product/lisavaloteline-rekisterikilven-taakse-156171,https://media.tarvike.com/product/images/156171/original/180718.jpg,12.5,"Lisävaloteline rekisterikilven taakse, musta.",10.6,W-Light,
20261318001,Milwaukee Kärkisarja Shockwave CD 35P,https://tarvike.com/product/milwaukee-karkisarja-shockwave-cd-35p-169530,https://media.tarvike.com/product/images/169530/original/194897.png,65.2,,29.0,Milwaukee Tools,
18747867002,W-Light ATV Sideshooter lisävalo,https://tarvike.com/product/w-light-atv-sideshooter-lisavalo-106035,https://media.tarvike.com/product/images/106035/original/148718.jpg,99.0,"Erityisesti moottorikelkkoihin ja mönkijöihin suunniteltu kompakti lisävalo automaattisesti lämpötilan mukaan säätyvällä lämmityksellä. Lämmitys pitää valaisimen sulana kylmissä ja lumisissa olosuhteissa, tehokas yhdistelmävalokuvio valaisee maaston pitkälle ja erilliset sivuvalot antavat valoa pientareille. Säädettävien kiinnikkeiden avulla asentaminen on helppoa ja DT-liitin takaa luotettavan kytkennän. Tuote on (ECE R10) hyväksytty ajoneuvokäyttöön, mutta ei (ECE R112) tieliikennekäyttöön.",79.2,W-Light,
18339459001,Crx Led valoheitin,https://tarvike.com/product/led-valonheitin-v-30-w-sens230-v-4500-k-15-m-johto-59347,https://media.tarvike.com/product/images/59347/original/209147.webp,22.0,"Liiketunnistimella varustettu LED valonheitin ulkokäyttöön, soveltuu esim. pihojen ja kulkuväylien valaistukseen.",17.95,CRX,
18169303001,Milwaukee USB-ladattava Taskulamppu IR FL500,https://tarvike.com/product/milwaukee-usb-ladattava-taskulamppu-ir-fl500-127191,https://media.tarvike.com/product/images/127191/original/162120.jpg,99.0,"Milwaukee IR FL500 on USB-ladattava 500 lm taskulamppu, jossa on IP67-suojaus, magneettikiinnitys ja 3 valaistustilaa – täydellinen työmaalle ja ulkokäyttöön.",69.0,Milwaukee Tools,
16971662001,Johtosarja Double 12/24v,https://tarvike.com/product/johtosarja-double-1224v-106048,https://media.tarvike.com/product/images/106048/original/148740.jpg,62.8,"Johtosarja soveltuu käytettäväksi myös CAN-väylää hyödyntävissä ajoneuvoissa.12-24VLisävalojen kytkemistä nopeuttava johtosarja kahdelle valaisimelle.Lisävalojen johdot 2x2,75m ohjausjohto 2mLED-kytkin (sininen)12V: 2x100w 24V: 2x200w",37.6,,
1772528000,Solero Poltin 12V 50W GE885,https://tarvike.com/product/solero-poltin-12v-50w-ge885-130764,https://media.tarvike.com/product/placeholders/productImageComingSoong.jpg,10.2,,6.1,Solero,
8788538002,"LED valonheitin m. 30W sens/230V 4500K 1,5m johto",https://tarvike.com/product/led-valonheitin-m-30w-sens230v-4500k-15m-johto-169614,https://media.tarvike.com/product/images/169614/original/191351.webp,22.0,"Liiketunnistimella varustettu LED valonheitin ulkokäyttöön, soveltuu esim. pihojen ja kulkuväylien valaistukseen.",17.95,CRX,
5725397000,"Milwaukee M18 FUEL™ ½″ iskevä mutterinväännin, runko",https://tarvike.com/product/milwaukee-m18-fuel-iskeva-mutterinvaannin-runko-127188,https://media.tarvike.com/product/images/127188/original/162108.jpg,525.0,"Milwaukee M18 FHIW2F12 on tehokas 18V ½″ iskevä mutterinväännin, joka tuottaa jopa 2034 Nm avausmomentin kompaktissa 193 mm koossa – täydellinen raskaisiin kiinnitystöihin.",349.0,Milwaukee Tools,
4964055000,Husqvarna G2500P Generaattori,https://tarvike.com/product/husqvarna-g2500p-generaattori-110127,https://media.tarvike.com/product/images/110127/original/159257.png,339.0,"Keskikokoinen 2.0kW (50Hz) virtaa tuottava generaattori kodin tai työmaan sähkötarpeeseen sähkövirranjakelun ollessa rajoitettua. Generaattorin 14L tankki yhdessä kestävän, luotettavan ja helposti käynnistettävän polttomoottorin kanssa takaa keskeytymättömän toimintakyvyn säästä tai muista olosuhteista huolimatta.",289.0,Husqvarna,
4871742002,Lampunkanta H11,https://tarvike.com/product/lampunkanta-h11-156681,https://media.tarvike.com/product/images/156681/original/187986.jpg,7.2,H11-polttimolle. PGJ19-2.,4.3,Startax,
4871738002,"Liitinsarja Deutsch, naaras",https://tarvike.com/product/liitinsarja-deutsch-naaras-156686,https://media.tarvike.com/product/images/156686/original/187977.jpg,10.5,,9.4,Deutsch,
4582092000,REIKÄSAHA BIMETALLI HD 19MM,https://tarvike.com/product/reikasaha-bimetalli-hd-19mm-109487,https://media.tarvike.com/product/images/109487/original/153434.jpg,16.9,"- Sahausreunan teknologia parantaa tuottavuutta.- 3,5 hampaan muotoilu positiivisella 10° hammaskulmalla tuottaa seuraavat hyödyt: - Nopeampi ja aggressiivisempi katkaisu. - Parempi lämmön hajottaminen takaa, että hampaat pysyvät terävänä pidempään. - Syvemmät urat tuottavat tehokkaamman lastujen poistumisen, mikä estää jumiutumista ja lämmön kerääntymistä. - Erityinen hammaskulma ei revi ohuempia materiaaleja. - Vaihteleva hammastus minimoi sitoutumista ja kitkaa. - Aggressiivinen hammasgeometria ja hyvä lastujen poisto mahdollistaa pienemmän syöttöpaineen, mikä vähentää voimankäytön tarpeellisuutta työskennellessä.- Hammasmateriaali: Matrix II premium -pikaterästä käytetään reikäsahojen hammastukseen. Matrix II -teräs sisältää 8 % kobolttia, mikä säilyttää hampaiden alkuperäisen kestävyyden jopa korkeassa työskentelylämpötilassa. - Bimetallirakenne - Tehty erittäin kuumankestävästä kobolttiseostetusta pikateräksestä. Hampaat ovat lämpökäsitelty 65 HRC asti 600 asteessa pitkän kestävyyden ja käyttöiän takaamiseksi. - Matrix II -materiaali kestää kulutusta ja on siksi täydellinen vaikeiden ja kovien materiaalien, kuten ruostumattoman ja haponkestävän teräksen, sahaamiseen. Sopii myös pehmeiden materiaalien, kuten puun, katkaisemiseen.- 1,27 mm paksu teräsrunko on tarpeeksi jäykkä säilyttääkseen muotonsa, mutta myös joustava. 41 mm sahaussyvyys.- Taustalevyn muotoilu: - Taustalevyt on valmistettu paksusta teräksestä ja näin reiät eivät laajene ajan mukaan. - Paksu tausta lisää lujuutta ja jäykkyyttä vähentäen tärinää. - Helppo karan kiinnitys. - Pyöreä selkälevy sopii erityisesti suuremman läpimitan omaaville pyörösahoille.- Viistot lovet sahanterien sivuissa helpottavat porausroskien poistoa reikäsahanterän sisältä.- Käyttökohteet: - Korkeatasoinen valmistustekniikka varmistaa täsmällisen pyörimisen, ja tämän ansiosta nämä reikäsahat soveltuvat sekä käsi- että pylväsporiin (vain käsinsyöttö).- Tämä kattava ja laadukas reikäsahanterävalikoima on täydellinen eri materiaalien sahaamiseen: - Teräksen tiheys jopa 1000 N/mm² - Ruostumaton ja hapon kestävä teräs - Kirjometalli - Valurauta - Alumiini - Puu - Keskivahva kuitulevy (MDF) - Kipsilevy - Kattorakennusmateriaalit - PVC.",11.0,,
4582077000,Milwaukee Packout-Magneettiteline,https://tarvike.com/product/milwaukee-packout-magneettiteline-109470,https://media.tarvike.com/product/images/109470/original/153371.jpg,48.2,"Säilöö kiintoavaimet, ruuvimeisselit, ruuvit, porat, hylsyt, taltat, vääntöraudat ja paljon muutaRäätälöi säilytysjärjestelmäsi tarpeiden mukaanHelpottaa ja nopeuttaa työkalujen ja muiden tuotteiden käyttöönottoaRäätälöi säilytysjärjestelmäsi tarpeiden mukaanOsa PACKOUT™ Shop Storage -säilytysjärjestelmää",39.0,Milwaukee Tools,
4582072000,"Milwaukee Lukkorengaspihdit Suuret, 90° 1.",https://tarvike.com/product/milwaukee-lukkorengaspihdit-suuret-90-1-109465,https://media.tarvike.com/product/images/109465/original/153356.jpg,96.4,Helppo ja nopea muuntaminen sisä- ja ulkopuolisten lukkorenkaiden välilläTäysmetallinen muunnettava valikko kestää kulumista ja estää liitoksen eheyden heikkenemisenLuisumista estävät kärjet ja kaksoispäällystetyt kahvat,49.0,Milwaukee Tools,
4582069000,Milwaukee Lukkorengaspihdit Medium 0° 1.,https://tarvike.com/product/milwaukee-lukkorengaspihdit-medium-0-1-109462,https://media.tarvike.com/product/images/109462/original/153353.jpg,78.6,Helppo ja nopea muuntaminen sisä- ja ulkopuolisten lukkorenkaiden välilläTäysmetallinen muunnettava valikko kestää kulumista ja estää liitoksen eheyden heikkenemisenLuisumista estävät kärjet ja kaksoispäällystetyt kahvat,39.0,Milwaukee Tools,
4582055000,"Milwaukee Packout Yleiskoukku, pieni kaareva",https://tarvike.com/product/milwaukee-packout-yleiskoukku-pieni-kaareva-109456,https://media.tarvike.com/product/images/109456/original/153341.jpg,11.7,Vahvat teräskoukut painavien työkalujen ja esineiden säilyttämiseenKoukkujen pinnoite suojaa koukkuja ja säilytettäviä tavaroitaHelppo ja nopea työkalujen käyttöönottoTurvallinen ja helppo kiinnitys napsautus- ja lukitusmekanismillaRäätälöi säilytysjärjestelmäsi tarpeiden mukaanSäilöö käsityökalutOsa PACKOUT™ Shop Storage -säilytysjärjestelmää,9.0,Milwaukee Tools,
4578805000,"Lisävalon OBD-II Y-haara, 300mm",https://tarvike.com/product/lisavalon-obd-ii-y-haara-300mm-106055,https://media.tarvike.com/product/images/106055/original/148758.jpg,18.5,"Y-haara tilanteisiin, joissa OBD-liitäntä on jo varattu. 300mm kaapelit.",11.1,,
37452070001,Nebo Taskulamppu 2K 2000 LM 200M,https://tarvike.com/product/nebo-taskulamppu-2k-2000-lm-200m-246237,https://media.tarvike.com/product/images/246237/original/214765.webp,69.9,Torchy 2K on tehokas ja kompakti 2000 lumenin ladattava taskulamppu viidellä valotoiminnolla.,29.9,NEBO,
3447253001,Milwaukee M18 Rasvaprässinpää,https://tarvike.com/product/milwaukee-m18-rasvaprassinpaa-127148,https://media.tarvike.com/product/images/127148/original/161997.jpg,21.17,Suora suutin on yhteensopiva Milwaukeen M18GG ja M12GG -sarjan rasvapuristimiin.,16.0,Milwaukee Tools,
3447252001,Milwaukee Circlip,https://tarvike.com/product/milwaukee-circlip-127147,https://media.tarvike.com/product/images/127147/original/161996.jpg,4.0,"Milwaukee lukitusrengas 1/2"" mutterinvääntimien karaan.",2.0,Milwaukee Tools,
33131745000,Milwaukee SDS-Plus MX4-poranterät - 4-särmäiset,https://tarvike.com/product/vasarapora-sds-mx4-55x165-40286,https://media.tarvike.com/product/images/40286/original/192185.png,10.6,"MILWAUKEE® MX4 SDS-Plus -poranterät on suunniteltu vaativimpiin käyttökohteisiin. Niissä on täysin hitsattu kiinteä kovametallikärki (⌀ 20 mm asti), joka takaa maksimaalisen kestävyyden raudoituksissa sekä ylivoimaisen porausnopeuden betonissa.",,Milwaukee Tools,
31186386000,"Milwaukee M18 HB3 3,0 Ah -akku",https://tarvike.com/product/milwaukee-m18-hb3-30-ah-akku-105113,https://media.tarvike.com/product/images/105113/original/147866.jpg,199.0,"Uusi M18™ 3,0 Ah HIGH OUTPUT™ -akku tuottaa jopa 50 % enemmän voimaa verrattuna M18™ REDLITHIUM™ -akkuihin.",90.0,Milwaukee Tools,
2615757002,XBB Lisävalojen kytkentäsarja 9-36V 15A + 5A,https://tarvike.com/product/xbb-lisavalojen-kytkentasarja-9-36v-15a-5a-156176,https://media.tarvike.com/product/images/156176/original/180655.jpg,222.0,"Uudenlainen lisävalojen ja muiden lisälaitteiden kytkentälaite, jossa heräte saadaan suoraan auton OBD-pistokkeesta. OBD-pistokkeeseen laitettava Dongle-unit saa lisävalojen herätetiedon suoraan auton CAN-väylästä ja lähettää sen langattomasti Power Unit - releelle. Power unit - rele voidaan kytkeä lisävalojen kytkentäsarjan tavallisen releen tilalle. (huom 15A+5A virrankesto).",188.7,XBB,
2615684002,"W-Light Fury 7"" Lisävalo",https://tarvike.com/product/w-light-fury-7-lisavalo-156164,https://media.tarvike.com/product/images/156164/original/180697.jpg,179.0,"W-Light Fury 7” on pienikokoinen, mutta tehokas lisäys pyöreiden lisävalojen valikoimaan. Futuristisesti muotoiltu, tummasävyinen, kahdella parkkivärivaihtoehdolla varustettu valaisin tarjoaa valotehon, joka kiilaa kiistatta kärkikamppailuun. Huippuunsa hiottu optiikka tarjoaa optimaalisen valojakauman ja 1 luxin valotehon aina 454 metriin saakka. Kirsikkana kakussa uudesta valaisimesta löytyy integroitu varoitusvalo. Kehyksetön linssi kestää iskut ja kolhut, eikä kerää likaa tai lunta. Kiinnitysjalka on huolellisesti suunniteltu siten että vierekkäisten valaisimien asennus sujuu ongelmitta. W-Light Fury 7” on valaisin, joka herättää huomiota niin ulkonäöllään, ominaisuuksillaan kuin suorituskyvyllään.",161.1,W-Light,
20575405001,Milwaukee Niitti 18G/32MM RC G 4600P,https://tarvike.com/product/milwaukee-niitti-18g32mm-rc-g-4600p-169541,https://media.tarvike.com/product/images/169541/original/195116.png,44.2,,29.0,Milwaukee Tools,
20575401001,Milwaukee istukan ruuvi,https://tarvike.com/product/milwaukee-istukan-ruuvi-169520,https://media.tarvike.com/product/images/169520/original/195126.png,2.5,,1.8,Milwaukee Tools,
20575395001,Milwaukee Itsesyöttävä Poranterä 51mm,https://tarvike.com/product/milwaukee-itsesyottava-porantera-51mm-169470,https://media.tarvike.com/product/images/169470/original/195139.png,66.8,,49.0,Milwaukee Tools,
20502020001,Milwaukee Puukkosahanterä 125/6TPI 5P,https://tarvike.com/product/milwaukee-puukkosahantera-1256tpi-5p-169523,https://media.tarvike.com/product/images/169523/original/195091.png,41.3,Koko raker-hammas terän kärjessä helpottaa suoraa upotusta.,31.0,Milwaukee Tools,
20261301001,Milwaukee Kärkisarja Shockwave CD 38P,https://tarvike.com/product/milwaukee-karkisarja-shockwave-cd-38p-169507,https://media.tarvike.com/product/images/169507/original/194899.png,66.3,,29.0,Milwaukee Tools,
20251689001,Terä PH2 148mm 3P Ruuvauskärki M18 FSG -malliin,https://tarvike.com/product/tera-ph2-148mm-3p-ruuvauskarki-m18-fsg-malliin-169408,https://media.tarvike.com/product/images/169408/original/194589.webp,17.7,,12.0,Milwaukee Tools,
18751012002,"Milwaukee pistosahanterät, 91 X 2.5 MM T 234 X",https://tarvike.com/product/milwaukee-pistosahanterat-91-x-25-mm-t-234-x-109386,https://media.tarvike.com/product/images/109386/original/153139.jpg,17.2,Kolminkertaisesti teroitettu hammasgeometria tuottaa nopean ja jäysteettömän katkaisun.,11.0,Milwaukee Tools,
18751003002,"Milwaukee Pistosahanterä, 75 X 2.5 MM T 101 B - 5 PCS",https://tarvike.com/product/milwaukee-pistosahantera-75-x-25-mm-t-101-b-5-pcs-109374,https://media.tarvike.com/product/images/109374/original/153125.jpg,11.1,"Seuraavissa terissä on viistosti teroitetut sivuhampaat, mitkä antavat erittäin jäysteettömän tuloksen.",7.0,Milwaukee Tools,
18169261001,Milwaukee Reikäsaha Bimetalli HD 29MM,https://tarvike.com/product/milwaukee-reikasaha-bimetalli-hd-29mm-127210,https://media.tarvike.com/product/images/127210/original/162150.jpg,17.8,Tämä kattava ja laadukas reikäsahanterävalikoima on täydellinen eri materiaalien sahaamiseen.,12.0,Milwaukee Tools,
16970722001,Milwaukee M18 Multilaturi,https://tarvike.com/product/milwaukee-m18-multilaturi-105450,https://media.tarvike.com/product/images/105450/original/148325.jpg,315.0,"Lataa kaikki M18™ REDLITHIUM™ -akut. Maksimoi tuottavuuden samanaikaisella latauksella: lataa kaksi akkua samanaikaisesti ja samalla jopa 3x nopeammin kuin tavallinen M12-18C-laturi. REDLINK™-elektroniikan avulla laturi kommunikoi akun kanssa varmistaakseen parhaan suorituskyvyn ja pidemmän käyttöiän. M18™ REDLITHIUM™ 2,0 Ah / 4,0 Ah / 5,0 Ah -akut latautuvat 26 / 42 / 59 minuutissa tai jopa nopeammin. M18™ HIGH OUTPUT™ REDLITHIUM™ 3,0 Ah / 5,5 Ah / 8,0 Ah / 12,0 Ah -akut latautuvat 36 / 60 / 87 / 130 minuutissa tai jopa nopeammin.",199.0,Milwaukee Tools,
15394481001,Milwaukee MT Teräsarja Puu/Metalli 5P,https://tarvike.com/product/milwaukee-mt-terasarja-puumetalli-5p-169579,https://media.tarvike.com/product/images/169579/original/192072.png,100.6,"2 x 48906001 35 mm upposahanterä puulle, 2 x 48906011 35 mm pikaupposahanterä puulle, 1 x 48906021 35 mm upposahanterä naulaiselle puulle",55.0,Milwaukee Tools,
1511159002,Milwaukee Akkupuukkosaha M18 FSZ-0,https://tarvike.com/product/milwaukee-akkupuukkosaha-m18-fsz-0-105475,https://media.tarvike.com/product/images/105475/original/205329.webp,469.0,Hiiliharjaton POWERSTATE™-moottori tarjoaa 5x pidemmän moottorin käyttöiän ja jopa 30 % nopeammat sahaukset. Patentoitu vaihteiston suojakytkin pidentää vaihteiston ja moottorin käyttöikää ja vaimentaa äkillisten terän jumiutumisten aiheuttamia iskuja,189.0,Milwaukee Tools,
12834864000,"Vastakappale ylätuelle, SEEKER",https://tarvike.com/product/vastakappale-ylatuelle-seeker-156687,https://media.tarvike.com/product/images/156687/original/187972.jpg,5.9,"Mukana ruuvi, sopii valaisimille: NS10, NS1011, NS1010, NS20, NS2021, NS2020. Pujotetaan valaisimen päällä olevaan uraan.",3.5,SEEKER,
11622574000,Nebo Otsalamppu Einstein 600+,https://tarvike.com/product/nebo-otsalamppu-einstein-600-162692,https://media.tarvike.com/product/images/162692/original/185818.webp,37.9,"Einstein 600+ on tehokas ja monipuolinen otsalamppu, jonka valoteho on jopa 600 lumenia. Neljä valotilaa: Turbo, Korkea, Matala ja Strobo",29.9,NEBO,
760490001,Sno-X Ulosvetäjä Toisio Polaris,https://tarvike.com/product/sno-x-ulosvetaja-toisio-polaris-131593,https://media.tarvike.com/product/images/131593/original/170613.jpg,35.5,"• Oem# 2780913 • Hinta: 32,-",20.9,Sno-X,
1772134000,"Motobatt akku, MBTX24U",https://tarvike.com/product/motobatt-akku-mbtx24u-129354,https://media.tarvike.com/product/images/129354/original/172309.png,162.0,"Tehdasaktivoitu, ei happoa täytettäväksi, vain tarkista lataus ja mene!12 kuukauden vaihtotakuuReplaces: Yuasa YTX18BS, YTX18LBS, GTX18LBS, Y50N18AA, Y50N18LA, Y50N18LA2, Y50N18LA3, Y50N18LACX, SY50N18LA, SY50N18LAT, YTX24HLBS, YTX24HL, 12N183, 12N183ADEKA ETX18L",96.9,Motobatt,
5718128002,Lukkorengaslajitelma sisä 197-osainen,https://tarvike.com/product/lukkorengaslajitelma-sisa-197-osainen-150498,https://media.tarvike.com/product/images/150498/original/189162.webp,19.9,,15.0,Fixit,
5017891002,Bullpro työvalotanko 200W,https://tarvike.com/product/bullpro-tyovalotanko-200w-156581,https://media.tarvike.com/product/images/156581/original/188087.jpg,217.5,"563MM Kaareva. 32 x LED, virrankulutus 10.95A @ 13.7V.",189.0,Bullboy,
4582102000,REIKÄSAHA BIMETALLI HD 57MM,https://tarvike.com/product/reikasaha-bimetalli-hd-57mm-109497,https://media.tarvike.com/product/images/109497/original/153456.jpg,29.0,"- Sahausreunan teknologia parantaa tuottavuutta.- 3,5 hampaan muotoilu positiivisella 10° hammaskulmalla tuottaa seuraavat hyödyt: - Nopeampi ja aggressiivisempi katkaisu. - Parempi lämmön hajottaminen takaa, että hampaat pysyvät terävänä pidempään. - Syvemmät urat tuottavat tehokkaamman lastujen poistumisen, mikä estää jumiutumista ja lämmön kerääntymistä. - Erityinen hammaskulma ei revi ohuempia materiaaleja. - Vaihteleva hammastus minimoi sitoutumista ja kitkaa. - Aggressiivinen hammasgeometria ja hyvä lastujen poisto mahdollistaa pienemmän syöttöpaineen, mikä vähentää voimankäytön tarpeellisuutta työskennellessä.- Hammasmateriaali: Matrix II premium -pikaterästä käytetään reikäsahojen hammastukseen. Matrix II -teräs sisältää 8 % kobolttia, mikä säilyttää hampaiden alkuperäisen kestävyyden jopa korkeassa työskentelylämpötilassa. - Bimetallirakenne - Tehty erittäin kuumankestävästä kobolttiseostetusta pikateräksestä. Hampaat ovat lämpökäsitelty 65 HRC asti 600 asteessa pitkän kestävyyden ja käyttöiän takaamiseksi. - Matrix II -materiaali kestää kulutusta ja on siksi täydellinen vaikeiden ja kovien materiaalien, kuten ruostumattoman ja haponkestävän teräksen, sahaamiseen. Sopii myös pehmeiden materiaalien, kuten puun, katkaisemiseen.- 1,27 mm paksu teräsrunko on tarpeeksi jäykkä säilyttääkseen muotonsa, mutta myös joustava. 41 mm sahaussyvyys.- Taustalevyn muotoilu: - Taustalevyt on valmistettu paksusta teräksestä ja näin reiät eivät laajene ajan mukaan. - Paksu tausta lisää lujuutta ja jäykkyyttä vähentäen tärinää. - Helppo karan kiinnitys. - Pyöreä selkälevy sopii erityisesti suuremman läpimitan omaaville pyörösahoille.- Viistot lovet sahanterien sivuissa helpottavat porausroskien poistoa reikäsahanterän sisältä.- Käyttökohteet: - Korkeatasoinen valmistustekniikka varmistaa täsmällisen pyörimisen, ja tämän ansiosta nämä reikäsahat soveltuvat sekä käsi- että pylväsporiin (vain käsinsyöttö).- Tämä kattava ja laadukas reikäsahanterävalikoima on täydellinen eri materiaalien sahaamiseen: - Teräksen tiheys jopa 1000 N/mm² - Ruostumaton ja hapon kestävä teräs - Kirjometalli - Valurauta - Alumiini - Puu - Keskivahva kuitulevy (MDF) - Kipsilevy - Kattorakennusmateriaalit - PVC.",12.0,,
4582099000,REIKÄSAHA BIMETALLI HD 43MM,https://tarvike.com/product/reikasaha-bimetalli-hd-43mm-109494,https://media.tarvike.com/product/images/109494/original/153451.jpg,19.0,"- Sahausreunan teknologia parantaa tuottavuutta.- 3,5 hampaan muotoilu positiivisella 10° hammaskulmalla tuottaa seuraavat hyödyt: - Nopeampi ja aggressiivisempi katkaisu. - Parempi lämmön hajottaminen takaa, että hampaat pysyvät terävänä pidempään. - Syvemmät urat tuottavat tehokkaamman lastujen poistumisen, mikä estää jumiutumista ja lämmön kerääntymistä. - Erityinen hammaskulma ei revi ohuempia materiaaleja. - Vaihteleva hammastus minimoi sitoutumista ja kitkaa. - Aggressiivinen hammasgeometria ja hyvä lastujen poisto mahdollistaa pienemmän syöttöpaineen, mikä vähentää voimankäytön tarpeellisuutta työskennellessä.- Hammasmateriaali: Matrix II premium -pikaterästä käytetään reikäsahojen hammastukseen. Matrix II -teräs sisältää 8 % kobolttia, mikä säilyttää hampaiden alkuperäisen kestävyyden jopa korkeassa työskentelylämpötilassa. - Bimetallirakenne - Tehty erittäin kuumankestävästä kobolttiseostetusta pikateräksestä. Hampaat ovat lämpökäsitelty 65 HRC asti 600 asteessa pitkän kestävyyden ja käyttöiän takaamiseksi. - Matrix II -materiaali kestää kulutusta ja on siksi täydellinen vaikeiden ja kovien materiaalien, kuten ruostumattoman ja haponkestävän teräksen, sahaamiseen. Sopii myös pehmeiden materiaalien, kuten puun, katkaisemiseen.- 1,27 mm paksu teräsrunko on tarpeeksi jäykkä säilyttääkseen muotonsa, mutta myös joustava. 41 mm sahaussyvyys.- Taustalevyn muotoilu: - Taustalevyt on valmistettu paksusta teräksestä ja näin reiät eivät laajene ajan mukaan. - Paksu tausta lisää lujuutta ja jäykkyyttä vähentäen tärinää. - Helppo karan kiinnitys. - Pyöreä selkälevy sopii erityisesti suuremman läpimitan omaaville pyörösahoille.- Viistot lovet sahanterien sivuissa helpottavat porausroskien poistoa reikäsahanterän sisältä.- Käyttökohteet: - Korkeatasoinen valmistustekniikka varmistaa täsmällisen pyörimisen, ja tämän ansiosta nämä reikäsahat soveltuvat sekä käsi- että pylväsporiin (vain käsinsyöttö).- Tämä kattava ja laadukas reikäsahanterävalikoima on täydellinen eri materiaalien sahaamiseen: - Teräksen tiheys jopa 1000 N/mm² - Ruostumaton ja hapon kestävä teräs - Kirjometalli - Valurauta - Alumiini - Puu - Keskivahva kuitulevy (MDF) - Kipsilevy - Kattorakennusmateriaalit - PVC.",12.0,,
4582089000,"Milwaukee kompressori M18 BI-0, runko",https://tarvike.com/product/milwaukee-kompressori-m18-bi-0-runko-109484,https://media.tarvike.com/product/images/109484/original/153440.jpg,315.0,"Milwaukee M18 BI-0 Kompressorissa on kompakti ja kevyt muotoilu, joka nopeuttaa autojen ja kevyiden rekkojen renkaiden täyttämistä - täyttää 235/65R16-renkaat alle minuutissa. Kompressori täyttää jopa 30 rengasta yhdellä M18™ 5,0 Ah -akulla.",225.0,Milwaukee Tools,
4582078000,Milwaukee Packout Ritiläkori,https://tarvike.com/product/milwaukee-packout-ritilakori-109471,https://media.tarvike.com/product/images/109471/original/153396.jpg,24.6,"Säilöö käsineet, kärkisarjat, pullot, spraytölkit ja muut tuotteetHelpottaa ja nopeuttaa työkalujen ja muiden tuotteiden käyttöönottoaTurvallinen ja helppo kiinnitys napsautus- ja lukitusmekanismillaRäätälöi säilytysjärjestelmäsi tarpeiden mukaanOsa PACKOUT™ Shop Storage -säilytysjärjestelmää",19.0,Milwaukee Tools,
4582071000,"Milwaukee Lukkorengaspihdit, suuri 0° 1.8",https://tarvike.com/product/milwaukee-lukkorengaspihdit-suuri-0-18-109464,https://media.tarvike.com/product/images/109464/original/153365.jpg,96.4,Helppo ja nopea muuntaminen sisä- ja ulkopuolisten lukkorenkaiden välilläTäysmetallinen muunnettava valikko kestää kulumista ja estää liitoksen eheyden heikkenemisenLuisumista estävät kärjet ja kaksoispäällystetyt kahvat,49.0,Milwaukee Tools,
4582070000,Milwaukee Lukkorengaspihdit Medium 90° 1,https://tarvike.com/product/milwaukee-lukkorengaspihdit-medium-90-1-109463,https://media.tarvike.com/product/images/109463/original/153357.jpg,78.6,Helppo ja nopea muuntaminen sisä- ja ulkopuolisten lukkorenkaiden välilläTäysmetallinen muunnettava valikko kestää kulumista ja estää liitoksen eheyden heikkenemisenLuisumista estävät kärjet ja kaksoispäällystetyt kahvat,39.0,Milwaukee Tools,
4582056000,Milwaukee Packout Kuppiteline,https://tarvike.com/product/milwaukee-packout-kuppiteline-109457,https://media.tarvike.com/product/images/109457/original/153334.jpg,11.7,"Helpottaa ja nopeuttaa työkalujen ja muiden tuotteiden käyttöönottoaSäilöö mukit, pullot, tölkit, sakset, kynät ja muut pienet tuotteetTurvallinen ja helppo kiinnitys napsautus- ja lukitusmekanismillaRäätälöi säilytysjärjestelmäsi tarpeiden mukaanOsa PACKOUT™ Shop Storage -säilytysjärjestelmää",9.0,Milwaukee Tools,
4582052000,"Milwaukee Packout Koukku, iso",https://tarvike.com/product/milwaukee-packout-koukku-iso-109453,https://media.tarvike.com/product/images/109453/original/153309.jpg,24.6,"Vahvat teräskoukut painavien työkalujen ja esineiden säilyttämiseenKoukkujen pinnoite suojaa koukkuja ja säilytettäviä tavaroitaHelppo ja nopea työkalujen käyttöönottoTurvallinen ja helppo kiinnitys napsautus- ja lukitusmekanismillaRäätälöi säilytysjärjestelmäsi tarpeiden mukaanSäilöö tikkaat, johdot ja letkutOsa PACKOUT™ Shop Storage -säilytysjärjestelmää",19.0,Milwaukee Tools,
4582011000,Milwaukee magneettinen kärjenpidin 305 mm,https://tarvike.com/product/milwaukee-magneettinen-karjenpidin-305-mm-109416,https://media.tarvike.com/product/images/109416/original/153201.jpg,26.6,Erikoissuunniteltu teräs sekä kuumuuskäsittely tuottavat maksimaalisen vahvuuden ja joustavuuden.Optimoitu SHOCK ZONE™ kerää itseensä jopa 3x enemmän vääntöä.Vahva magneettinen kärki varmistaa pitävyyden.¼″ Hex-liitin (DIN 3126 - E 6.3). Sopii kovaa vääntöä ja iskua vaativiin työtehtäviin.Kokonaispituus (mm) - 305Kpl/Pakkaus - 1,14.0,Milwaukee Tools,
4581988000,Milwaukee Shockwave Ruuvauskärki TX4 0x 50mm,https://tarvike.com/product/milwaukee-shockwave-ruuvauskarki-tx4-0x-50mm-109389,https://media.tarvike.com/product/images/109389/original/153132.jpg,3.7,SHOCKWAVE™ IMPACT DUTY -ruuvauskärjet on suunniteltu käytettäväksi iskevissä ruuvinvääntimissä. Terät ovat ihanteellisia vaativiin iskutoimintosovelluksiin ja tarjoavat täyden ratkaisun kaikkiin kiinnitystarpeisiin.,3.0,Milwaukee Tools,
3447250001,"Milwaukee Pikaistukka Fixtec 1,5-13mm",https://tarvike.com/product/milwaukee-pikaistukka-fixtec-15-13mm-127142,https://media.tarvike.com/product/images/127142/original/161991.png,100.8,"Milwaukee 1,5–13 mm Röhm-pikaistukka ½"" kierteellä sopii iskuporaukseen ja poraukseen. Nopeakiinnitteinen, kestävä ja yhteensopiva M18-porakoneiden kanssa.",65.0,Milwaukee Tools,
32839415000,"Vannesahanterä 2105X20X0,9MM Z8/12",https://tarvike.com/product/vannesahantera-2105x20x09mm-z812-156094,https://media.tarvike.com/product/images/156094/original/205800.jpg,72.9,"Vannesahanterä 2105X20X0,9MM Z8/12.",54.0,IKH,
2815823002,Milwaukee Terä SHW Display TX20 X 25 P25,https://tarvike.com/product/milwaukee-tera-shw-display-tx20-x-25-p25-169455,https://media.tarvike.com/product/images/169455/original/195142.png,19.1,,12.0,Milwaukee Tools,
2615754002,"Lisävaloteline, putkella",https://tarvike.com/product/lisavaloteline-putkella-156173,https://media.tarvike.com/product/images/156173/original/180711.jpg,69.0,"Lisävaloteline rekisterikilventaakse, EU-kilvelle.",58.6,W-Light,
2615685002,Optibeam Elites,https://tarvike.com/product/optibeam-elites-156165,https://media.tarvike.com/product/images/156165/original/180686.jpg,279.0,"Optibeamin kaikkien aikojen tehokkain pyöreä lisävalo Optibeam Elites 9 on vihdoin täällä. Tämä malli on suunnattu erityisesti niille kuljettajille, jotka arvostavat huippulaatua ja vaativat lisävaloiltaan parasta mahdollista suorituskykyä. Optibeam Elites 9 yhdistää pitkän kantaman, leveän ja täyteläisen valokuvion sekä korkeatasoisen muotoilun.",237.1,Optibeam,
20575407001,Milwaukee housing,https://tarvike.com/product/milwaukee-housing-169543,https://media.tarvike.com/product/images/169543/original/195122.png,86.9,,65.0,Milwaukee Tools,
20502024001,Milwaukee Adapteri SHW 1/2NELIK1/4NAARAS,https://tarvike.com/product/milwaukee-adapteri-shw-12nelik14naaras-169540,https://media.tarvike.com/product/images/169540/original/195093.png,28.2,"Oma teräslaatu ja lämpökäsittelyprosessi maksimaalista lujuutta ja kestävyyttä varten. Raskaan sarjan rakenne, joka mahdollistaa kiinnityksen kaikissa iskukäytöissä.",21.0,Milwaukee Tools,
20502015001,Milwaukee Terä SHW Display TX30 X 25 P25,https://tarvike.com/product/milwaukee-tera-shw-display-tx30-x-25-p25-169505,https://media.tarvike.com/product/images/169505/original/195090.jpg,19.1,"Suunniteltu käytettäväksi iskuvääntimien kanssa, SHOCKWAVE™ IMPACT DUTY -lisävarustesarja ei ole pelkästään ihanteellinen raskaaseen iskukäyttöön, vaan tarjoaa myös kokonaisvaltaisen järjestelmäratkaisun kaikkiin käyttäjän poraus- ja kiinnitystarpeisiin.",12.0,Milwaukee Tools,
20261324001,Milwaukee SHW Display Ruuvauskärki TX20 X 50 P10,https://tarvike.com/product/milwaukee-shw-display-ruuvauskarki-tx20-x-50-p10-169550,https://media.tarvike.com/product/images/169550/original/194882.png,19.1,SHOCKWAVE™ IMPACT DUTY -ruuvauskärjet on suunniteltu käytettäväksi iskevissä ruuvinvääntimissä. Terät ovat ihanteellisia vaativiin iskutoimintosovelluksiin ja tarjoavat täyden ratkaisun kaikkiin kiinnitystarpeisiin.,11.0,Milwaukee Tools,
20261289001,Milwaukee Kärkisarja Shockwave CD 40P,https://tarvike.com/product/milwaukee-karkisarja-shockwave-cd-40p-169479,https://media.tarvike.com/product/images/169479/original/194915.png,85.7,,40.0,Milwaukee Tools,
20261264001,Milwaukee Teline Pitkille työkaluille Packout,https://tarvike.com/product/milwaukee-teline-pitkille-tyokaluille-packout-169416,https://media.tarvike.com/product/images/169416/original/194629.png,48.2,"Säilöö puutarhatyökalut, QUICK-LOK™-työkalut ja paljon muuta",25.0,Milwaukee Tools,
20261256001,Milwaukee Akkupyörösaha M18 FCS552-0,https://tarvike.com/product/milwaukee-akkupyorosaha-m18-fcs552-0-169406,https://media.tarvike.com/product/images/169406/original/194570.png,525.0,"M18 FUEL™ -pyörösaha tuottaa verkkovirtamallia vastaavan tehon sahaten 200 kpl 90 x 35 mm puuta yhden M18™ HIGH OUTPUT™ 3,0 Ah -akun latauksella",299.0,Milwaukee Tools,
20251729001,Puukkosahanterä TO CARB 230X8,https://tarvike.com/product/puukkosahantera-to-carb-230x8-169484,https://media.tarvike.com/product/images/169484/original/194670.png,44.35,"10 TPi hammasmuotoilu sopii kaikkien metallien, valuraudan SML:n (alkaen 3 mm seinäpaksuudesta) sahaamiseen.",29.0,Milwaukee Tools,
20251690001,Terä SHW Display TX40 X 25 P25 Ruuvauskärkeen,https://tarvike.com/product/tera-shw-display-tx40-x-25-p25-ruuvauskarkeen-169456,https://media.tarvike.com/product/images/169456/original/194587.png,19.1,SHOCKWAVE™ IMPACT DUTY -ruuvauskärjet on suunniteltu käytettäväksi iskevissä ruuvinvääntimissä. Terät ovat ihanteellisia vaativiin iskutoimintosovelluksiin ja tarjoavat täyden ratkaisun kaikkiin kiinnitystarpeisiin.,11.0,Milwaukee Tools,
20251688001,Terä Shockwave TX30 X 50mm P1 Ruuvauskärkeen,https://tarvike.com/product/tera-shockwave-tx30-x-50mm-p1-ruuvauskarkeen-169407,https://media.tarvike.com/product/images/169407/original/194568.png,3.7,SHOCKWAVE™ IMPACT DUTY -ruuvauskärjet on suunniteltu käytettäväksi iskevissä ruuvinvääntimissä. Terät ovat ihanteellisia vaativiin iskutoimintosovelluksiin ja tarjoavat täyden ratkaisun kaikkiin kiinnitystarpeisiin.,3.0,Milwaukee Tools,
18751014002,"Milwaukee Pistosahanterät, 75 X 2.5 MM CURVE - 5 PCS",https://tarvike.com/product/milwaukee-pistosahanterat-75-x-25-mm-curve-5-pcs-109387,https://media.tarvike.com/product/images/109387/original/153143.jpg,20.3,"Kaikissa kuviosahanterissämme on kapea terärunko, mikä parantaa ohjattavuutta. Terän takapuolella olevat hampaat mahdollistavat helpon ja tarkan kaarevien kuvioiden sahaamisen.Kuviosahanterissä 4932265312 ja 4932430143 on hammastus molemmilla puolilla.Paras työtulos tiukkoja kaaria sahattaessa saavutetaan sahaamalla ilman heiluritoimintoa.",13.0,Milwaukee Tools,
18751011002,"Milwaukee Pistosahanteräsarja - T-karalliset, SET - 5 PCS",https://tarvike.com/product/milwaukee-pistosahanterasarja-t-karalliset-set-5-pcs-109381,https://media.tarvike.com/product/images/109381/original/153111.jpg,11.5,Sopii puulle ja metallille.Kpl/Pakkaus - 5,8.0,Milwaukee Tools,
18751009002,"Milwaukee Pistosahanterä, 55 X 1.2 MM T 118 AF - 5 PCS",https://tarvike.com/product/milwaukee-pistosahantera-55-x-12-mm-t-118-af-5-pcs-109380,https://media.tarvike.com/product/images/109380/original/153107.jpg,17.9,"Ammattikäyttäjille, jotka toivovat terältä pidempää käyttöikää ja kestävyyttä. Suosittelemme bimetalliterien käyttöä yhdessä sopivan voiteluaineen kanssa, jolloin näiden terien käyttöikä on 2x tavallisia teriä pidempi.Terä 4939274652 sopii erityisesti erittäin ohuiden levymateriaalien katkaisuun 0,7 mm hammasjaosta johtuen.",11.0,Milwaukee Tools,
18751008002,"Milwaukee Pistosahanterät, 105 X 4 MM T 344 D - 5 PCS",https://tarvike.com/product/milwaukee-pistosahanterat-105-x-4-mm-t-344-d-5-pcs-109379,https://media.tarvike.com/product/images/109379/original/153124.jpg,20.5,Terävä ja agressiivinen hammastus on ihanteellinen puun nopeaan katkaisuun.,12.0,Milwaukee Tools,
18751007002,"Milwaukee Pistosahan yleisterä, T318BF 105/2MM",https://tarvike.com/product/milwaukee-pistosahan-yleistera-t318bf-1052mm-109378,https://media.tarvike.com/product/images/109378/original/153120.jpg,18.5,"Nämä terät sopivat monenlaisten materiaalien kuten teräksen, alumiinin, puun, naulaisen puun, muovin ja kaksoisrakenneosien sahaukseen. Todella pitkä terä 4932373086 (155 mm) sopii paksujen kerroksellisten materiaalien sahaukseen.",12.0,Milwaukee Tools,
18751006002,"Milwaukee Pistosahanterä, T127D 75/3MM",https://tarvike.com/product/milwaukee-pistosahantera-t127d-753mm-109377,https://media.tarvike.com/product/images/109377/original/153116.jpg,13.9,"Useimmilla terillä voi sahata myös alumiinia, mutta näiden terien isompi hammasjako ja leveämmät hammasvälit parantavat aineenpoistoa, mikä on hyödyksi alumiinia sahatessa.Kaarevien tai epäsäännöllisten muotojen sahaukseen alumiiniin suosittelemme terää 4932346081.",9.0,Milwaukee Tools,
18751005002,"Milwaukee Pistosahanterä, 55 X 2 MM T 118 B - 5 PCS",https://tarvike.com/product/milwaukee-pistosahantera-55-x-2-mm-t-118-b-5-pcs-109376,https://media.tarvike.com/product/images/109376/original/153112.jpg,10.7,"Ammattikäyttäjille, jotka toivovat terältä pidempää käyttöikää ja kestävyyttä. Suosittelemme bimetalliterien käyttöä yhdessä sopivan voiteluaineen kanssa, jolloin näiden terien käyttöikä on 2x tavallisia teriä pidempi.Terä 4939274652 sopii erityisesti erittäin ohuiden levymateriaalien katkaisuun 0,7 mm hammasjaosta johtuen.",7.0,Milwaukee Tools,
18751004002,"Milwaukee Pistosahanterä, T118A 55/1,2MM",https://tarvike.com/product/milwaukee-pistosahantera-t118a-5512mm-109375,https://media.tarvike.com/product/images/109375/original/153108.jpg,10.7,"Ammattikäyttäjille, jotka toivovat terältä pidempää käyttöikää ja kestävyyttä. Suosittelemme bimetalliterien käyttöä yhdessä sopivan voiteluaineen kanssa, jolloin näiden terien käyttöikä on 2x tavallisia teriä pidempi.Terä 4939274652 sopii erityisesti erittäin ohuiden levymateriaalien katkaisuun 0,7 mm hammasjaosta johtuen.",7.0,Milwaukee Tools,
18747829002,Lisävaloteline rek.normi,https://tarvike.com/product/lisavaloteline-reknormi-106010,https://media.tarvike.com/product/images/106010/original/148651.jpg,17.5,"Lisävaloteline rekisterikilven taakse, maalattu musta.",14.0,,
18747540002,Milwaukee M18 BLDDRC-502C Kompakti Hiiliharjaton Akkuporakone,https://tarvike.com/product/milwaukee-m18-blddrc-502c-kompakti-hiiliharjaton-akkuporakone-105392,https://media.tarvike.com/product/images/105392/original/148423.jpg,555.0,"Milwaukee M18 BLDDRC-502C Hiiliharjaton Porkakone on todella kompakti sen 145mm pituuden ansioista. 13 mm metalli-istukka nopeuttaa terien vaihtamista ja parantaa terän pitoa 60,5 Nm maksimivääntö Kokometallinen vyöpidin helpottaa kuljettamista Virtamittari ja LED-työvalo Hiiliharjaton moottori, REDLITHIUM™-akku ja REDLINK™-elektroniikka tuottavat enemmän voimaa, käyttöaikaa ja -ikää Toimii kaikilla MILWAUKEE® M18™ -akuilla Optimoitu nopeaan poraamiseen ja kiinnittämiseen: 0 - 550 / 0 - 1700 kierr./min",299.0,Milwaukee Tools,
18747514002,Milwaukee Iskuporakone M18 FPD3-0 Runko,https://tarvike.com/product/milwaukee-iskuporakone-m18-fpd3-0-runko-105390,https://media.tarvike.com/product/images/105390/original/148431.jpg,325.0,"Todella kompakti 175 mm pituus mahdollistaa pääsyn ahtaisin tiloihin, jopa 158 Nm teho kuormituksessa.",229.0,Milwaukee Tools,
18747410002,"Milwaukee M18 FMTIW2F120 Mutterinväännin, iskevä kitkarenkaalla, Runko",https://tarvike.com/product/milwaukee-m18-fmtiw2f120-mutterinvaannin-iskeva-kitkarenkaalla-runko-105372,https://media.tarvike.com/product/images/105372/original/148166.jpg,469.0,"Milwaukee M18 FMTIW2F120 mutterinväännin on monipuolisin iskevä akkumutterinväännin Milwaukee®-valikoimassa, mikä tuottaa alansa johtavan 881 Nm vääntömomentin ja 745 Nm kiristysmomentin. Kompaktin koonsa ( 152m) ansioista myös työskentely ahtaissa tiloissa on vaivatonta!",269.0,Milwaukee Tools,
18169302001,Milwaukee Otsalamppu IR HL450,https://tarvike.com/product/milwaukee-otsalamppu-ir-hl450-127190,https://media.tarvike.com/product/images/127190/original/162117.webp,99.0,"Milwaukee IR HL450 on 450 lm USB-ladattava otsalamppu, jossa on magneettikiinnitys, IP54-suojaus ja jopa 16 h käyttöaika – ihanteellinen työmaalle ja ulkokäyttöön.",69.0,Milwaukee Tools,
18169269001,Lukittavat SHOCKWAVE™ IMPACT DUTY -kärjenpitimet 73mm,https://tarvike.com/product/lukittavat-shockwave-impact-duty-karjenpitimet-73mm-127152,https://media.tarvike.com/product/images/127152/original/162030.webp,15.1,Erikoisvalmistettu MILWAUKEE®-metalli tekee SHOCKWAVE™-kärjistä iskunkestävämpiä.,9.0,Milwaukee Tools,
18169268001,Milwaukee Ruuvauskärki TX25 x 25,https://tarvike.com/product/milwaukee-ruuvauskarki-tx25-x-25-127151,https://media.tarvike.com/product/images/127151/original/162029.jpg,19.1,SHOCKWAVE™ IMPACT DUTY -ruuvauskärjet on suunniteltu käytettäväksi iskevissä ruuvinvääntimissä. Terät ovat ihanteellisia vaativiin iskutoimintosovelluksiin ja tarjoavat täyden ratkaisun kaikkiin kiinnitystarpeisiin.,12.0,Milwaukee Tools,
18169254001,Milwaukee Vasarapora SDS+ MX4 12X160,https://tarvike.com/product/milwaukee-vasarapora-sds-mx4-12x160-127195,https://media.tarvike.com/product/images/127195/original/162129.png,15.1,"Uusi kierremuotoilu: ohut ura kärjessä poistaa porausroskat tehokkaammin, tuottaa suuremman nopeuden ja vähentää kitkan syntymistä.",10.0,Milwaukee Tools,
16970569001,Milwaukee rasvapuristin M18 GG-0,https://tarvike.com/product/milwaukee-rasvapuristin-m18-gg-0-105415,https://media.tarvike.com/product/images/105415/original/148388.jpg,399.0,Milwaukee M18 GG-0 rasvapuristimen tehokas 18V moottori tarjoaa jopa 562 baarin maks. toimintapaineen. Elektroniikka työkaluissa ja akussa Redlink™ -ylikuormitussuoja tuottaa luokkansa parhaan kesävyyden.,249.0,Milwaukee Tools,
16680797000,Hakasnaula 11 mm × 40 mm 540 CNK 5000 kpl,https://tarvike.com/product/hakasnaula-11-mm-40-mm-540-cnk-5000-kpl-150178,https://media.tarvike.com/product/images/150178/original/191407.webp,39.4,500-hakanen suoralle lippaalle. Sähkösinkitty.,27.5,MFT,
1772524000,Solero Poltin 12V 65/55 9007 HB5,https://tarvike.com/product/solero-poltin-12v-6555-9007-hb5-130762,https://media.tarvike.com/product/images/130762/original/169882.jpg,15.2,,9.1,Solero,
8374243002,Milwaukee Lukittava Torque Lock Hitsauspuristin,https://tarvike.com/product/milwaukee-lukittava-torque-lock-hitsauspuristin-109476,https://media.tarvike.com/product/images/109476/original/153420.jpg,64.2,Erityiset U-muotoiset leuat puristuvat tiukasti pöyreiden ja neliömäisten putkien ympärilleKovetetut tartuntapinnat mahdollistavat paremman otteen työmaan materiaaleihinKromipinnoite parantaa käyttöikää vähentämällä kulutusta,45.0,Milwaukee Tools,
5725414000,Milwaukee Kiinnitysalusta PACKOUT,https://tarvike.com/product/milwaukee-kiinnitysalusta-packout-127186,https://media.tarvike.com/product/images/127186/original/162102.jpg,58.4,"Milwaukee PACKOUT™ -sivukiinnike – kiinnitysalusta mahdollistaa PACKOUT™-järjestelmän laajentamisen sivusuunnassa, tarjoten joustavan ja kestävän säilytysratkaisun.",40.0,Milwaukee Tools,
5725412000,Milwaukee Akkukiinnike M12 Packout,https://tarvike.com/product/milwaukee-akkukiinnike-m12-packout-127184,https://media.tarvike.com/product/images/127184/original/162096.jpg,37.8,"Milwaukee PACKOUT™ M12 -akkukiinnike säilyttää jopa 4 M12-akkua turvallisesti. Yhteensopiva PACKOUT™-järjestelmän kanssa, helppo kiinnitys ja nopea akkujen käyttöönotto.",26.0,Milwaukee Tools,
5725411000,Milwaukee Akkukiinnike M18 Packout,https://tarvike.com/product/milwaukee-akkukiinnike-m18-packout-127183,https://media.tarvike.com/product/images/127183/original/162094.jpg,37.8,"Osa PACKOUT™-säilytysjärjestelmää, mahdollistaa akkujen helpon säilytyksen ja kuljetuksen.",26.0,Milwaukee Tools,
5725395000,Milwaukee Iskevä Ruuvinväännin M12 FID2-0,https://tarvike.com/product/milwaukee-iskeva-ruuvinvaannin-m12-fid2-0-127130,https://media.tarvike.com/product/images/127130/original/161933.png,239.0,"Milwaukee M12 FID2 on kompakti 12V iskevä ruuvinväännin, joka tarjoaa 170 Nm vääntömomentin ja 4 nopeusasetusta – ihanteellinen tarkkuutta vaativiin tehtäviin.",159.0,Milwaukee Tools,
5725393000,Milwaukee M12™ kompakti hiiliharjaton porakone,https://tarvike.com/product/milwaukee-m12-kompakti-hiiliharjaton-porakone-127128,https://media.tarvike.com/product/images/127128/original/161935.webp,285.0,"Milwaukee M12 BLDDRC on kompakti 12V hiiliharjaton porakone, joka tarjoaa 40 Nm vääntömomentin ja 10 mm istukan – ihanteellinen tarkkuutta vaativiin tehtäviin.",205.0,Milwaukee Tools,
5017893002,Milwaukee räikkäväännin M12 FIR38LR-0 Runko,https://tarvike.com/product/milwaukee-raikkavaannin-m12-fir38lr-0-runko-165985,https://media.tarvike.com/product/images/165985/original/188101.jpg,325.0,Jopa 75 Nm maks. vääntömomentti ja 200 kierr./min tekee työkalusta erinomaisen automekaanikoille sekä huolto- ja korjausammattilaisille.Alan johtava FUEL™-teknologia yhdistettynä vahvistettuun mekanismiin ja valettuun moottorin koteloon tarjoavat parhaan mahdollisen kestävyyden ammattikäyttäjälle,229.0,Milwaukee Tools,
4964046000,Clen 390 VX Uppopumppu,https://tarvike.com/product/clen-390-vx-uppopumppu-103129,https://media.tarvike.com/product/images/103129/original/144381.jpg,55.5,Tehokas uppopumppu puhtaan ja likaisen veden pumppaukseen. Hyvin suunnitellun rakenteensa ansiosta likaista vettä pumpatessa ei isommatkaan roskat pääse tukkimaan pumppua.,49.95,Clen,
4964003000,Elpumps Painevesiautomaatti 1300w,https://tarvike.com/product/elpumps-painevesiautomaatti-1300w-103104,https://media.tarvike.com/product/images/103104/original/147043.jpg,399.0,Laadukas jatkuvaan käyttöön tarkoitettu painevesiautomaatti.,359.1,IKH,
4582115000,REIKÄSAHA BIMETALLI HD 127MM,https://tarvike.com/product/reikasaha-bimetalli-hd-127mm-109510,https://media.tarvike.com/product/images/109510/original/153486.jpg,98.6,"- Sahausreunan teknologia parantaa tuottavuutta.- 3,5 hampaan muotoilu positiivisella 10° hammaskulmalla tuottaa seuraavat hyödyt: - Nopeampi ja aggressiivisempi katkaisu. - Parempi lämmön hajottaminen takaa, että hampaat pysyvät terävänä pidempään. - Syvemmät urat tuottavat tehokkaamman lastujen poistumisen, mikä estää jumiutumista ja lämmön kerääntymistä. - Erityinen hammaskulma ei revi ohuempia materiaaleja. - Vaihteleva hammastus minimoi sitoutumista ja kitkaa. - Aggressiivinen hammasgeometria ja hyvä lastujen poisto mahdollistaa pienemmän syöttöpaineen, mikä vähentää voimankäytön tarpeellisuutta työskennellessä.- Hammasmateriaali: Matrix II premium -pikaterästä käytetään reikäsahojen hammastukseen. Matrix II -teräs sisältää 8 % kobolttia, mikä säilyttää hampaiden alkuperäisen kestävyyden jopa korkeassa työskentelylämpötilassa. - Bimetallirakenne - Tehty erittäin kuumankestävästä kobolttiseostetusta pikateräksestä. Hampaat ovat lämpökäsitelty 65 HRC asti 600 asteessa pitkän kestävyyden ja käyttöiän takaamiseksi. - Matrix II -materiaali kestää kulutusta ja on siksi täydellinen vaikeiden ja kovien materiaalien, kuten ruostumattoman ja haponkestävän teräksen, sahaamiseen. Sopii myös pehmeiden materiaalien, kuten puun, katkaisemiseen.- 1,27 mm paksu teräsrunko on tarpeeksi jäykkä säilyttääkseen muotonsa, mutta myös joustava. 41 mm sahaussyvyys.- Taustalevyn muotoilu: - Taustalevyt on valmistettu paksusta teräksestä ja näin reiät eivät laajene ajan mukaan. - Paksu tausta lisää lujuutta ja jäykkyyttä vähentäen tärinää. - Helppo karan kiinnitys. - Pyöreä selkälevy sopii erityisesti suuremman läpimitan omaaville pyörösahoille.- Viistot lovet sahanterien sivuissa helpottavat porausroskien poistoa reikäsahanterän sisältä.- Käyttökohteet: - Korkeatasoinen valmistustekniikka varmistaa täsmällisen pyörimisen, ja tämän ansiosta nämä reikäsahat soveltuvat sekä käsi- että pylväsporiin (vain käsinsyöttö).- Tämä kattava ja laadukas reikäsahanterävalikoima on täydellinen eri materiaalien sahaamiseen: - Teräksen tiheys jopa 1000 N/mm² - Ruostumaton ja hapon kestävä teräs - Kirjometalli - Valurauta - Alumiini - Puu - Keskivahva kuitulevy (MDF) - Kipsilevy - Kattorakennusmateriaalit - PVC.",59.0,,
4582114000,REIKÄSAHA BIMETALLI HD 121MM,https://tarvike.com/product/reikasaha-bimetalli-hd-121mm-109509,https://media.tarvike.com/product/images/109509/original/153481.jpg,86.9,"- Sahausreunan teknologia parantaa tuottavuutta.- 3,5 hampaan muotoilu positiivisella 10° hammaskulmalla tuottaa seuraavat hyödyt: - Nopeampi ja aggressiivisempi katkaisu. - Parempi lämmön hajottaminen takaa, että hampaat pysyvät terävänä pidempään. - Syvemmät urat tuottavat tehokkaamman lastujen poistumisen, mikä estää jumiutumista ja lämmön kerääntymistä. - Erityinen hammaskulma ei revi ohuempia materiaaleja. - Vaihteleva hammastus minimoi sitoutumista ja kitkaa. - Aggressiivinen hammasgeometria ja hyvä lastujen poisto mahdollistaa pienemmän syöttöpaineen, mikä vähentää voimankäytön tarpeellisuutta työskennellessä.- Hammasmateriaali: Matrix II premium -pikaterästä käytetään reikäsahojen hammastukseen. Matrix II -teräs sisältää 8 % kobolttia, mikä säilyttää hampaiden alkuperäisen kestävyyden jopa korkeassa työskentelylämpötilassa. - Bimetallirakenne - Tehty erittäin kuumankestävästä kobolttiseostetusta pikateräksestä. Hampaat ovat lämpökäsitelty 65 HRC asti 600 asteessa pitkän kestävyyden ja käyttöiän takaamiseksi. - Matrix II -materiaali kestää kulutusta ja on siksi täydellinen vaikeiden ja kovien materiaalien, kuten ruostumattoman ja haponkestävän teräksen, sahaamiseen. Sopii myös pehmeiden materiaalien, kuten puun, katkaisemiseen.- 1,27 mm paksu teräsrunko on tarpeeksi jäykkä säilyttääkseen muotonsa, mutta myös joustava. 41 mm sahaussyvyys.- Taustalevyn muotoilu: - Taustalevyt on valmistettu paksusta teräksestä ja näin reiät eivät laajene ajan mukaan. - Paksu tausta lisää lujuutta ja jäykkyyttä vähentäen tärinää. - Helppo karan kiinnitys. - Pyöreä selkälevy sopii erityisesti suuremman läpimitan omaaville pyörösahoille.- Viistot lovet sahanterien sivuissa helpottavat porausroskien poistoa reikäsahanterän sisältä.- Käyttökohteet: - Korkeatasoinen valmistustekniikka varmistaa täsmällisen pyörimisen, ja tämän ansiosta nämä reikäsahat soveltuvat sekä käsi- että pylväsporiin (vain käsinsyöttö).- Tämä kattava ja laadukas reikäsahanterävalikoima on täydellinen eri materiaalien sahaamiseen: - Teräksen tiheys jopa 1000 N/mm² - Ruostumaton ja hapon kestävä teräs - Kirjometalli - Valurauta - Alumiini - Puu - Keskivahva kuitulevy (MDF) - Kipsilevy - Kattorakennusmateriaalit - PVC.",49.0,,
4582113000,REIKÄSAHA BIMETALLI HD 114MM,https://tarvike.com/product/reikasaha-bimetalli-hd-114mm-109508,https://media.tarvike.com/product/images/109508/original/153473.jpg,80.7,"- Sahausreunan teknologia parantaa tuottavuutta.- 3,5 hampaan muotoilu positiivisella 10° hammaskulmalla tuottaa seuraavat hyödyt: - Nopeampi ja aggressiivisempi katkaisu. - Parempi lämmön hajottaminen takaa, että hampaat pysyvät terävänä pidempään. - Syvemmät urat tuottavat tehokkaamman lastujen poistumisen, mikä estää jumiutumista ja lämmön kerääntymistä. - Erityinen hammaskulma ei revi ohuempia materiaaleja. - Vaihteleva hammastus minimoi sitoutumista ja kitkaa. - Aggressiivinen hammasgeometria ja hyvä lastujen poisto mahdollistaa pienemmän syöttöpaineen, mikä vähentää voimankäytön tarpeellisuutta työskennellessä.- Hammasmateriaali: Matrix II premium -pikaterästä käytetään reikäsahojen hammastukseen. Matrix II -teräs sisältää 8 % kobolttia, mikä säilyttää hampaiden alkuperäisen kestävyyden jopa korkeassa työskentelylämpötilassa. - Bimetallirakenne - Tehty erittäin kuumankestävästä kobolttiseostetusta pikateräksestä. Hampaat ovat lämpökäsitelty 65 HRC asti 600 asteessa pitkän kestävyyden ja käyttöiän takaamiseksi. - Matrix II -materiaali kestää kulutusta ja on siksi täydellinen vaikeiden ja kovien materiaalien, kuten ruostumattoman ja haponkestävän teräksen, sahaamiseen. Sopii myös pehmeiden materiaalien, kuten puun, katkaisemiseen.- 1,27 mm paksu teräsrunko on tarpeeksi jäykkä säilyttääkseen muotonsa, mutta myös joustava. 41 mm sahaussyvyys.- Taustalevyn muotoilu: - Taustalevyt on valmistettu paksusta teräksestä ja näin reiät eivät laajene ajan mukaan. - Paksu tausta lisää lujuutta ja jäykkyyttä vähentäen tärinää. - Helppo karan kiinnitys. - Pyöreä selkälevy sopii erityisesti suuremman läpimitan omaaville pyörösahoille.- Viistot lovet sahanterien sivuissa helpottavat porausroskien poistoa reikäsahanterän sisältä.- Käyttökohteet: - Korkeatasoinen valmistustekniikka varmistaa täsmällisen pyörimisen, ja tämän ansiosta nämä reikäsahat soveltuvat sekä käsi- että pylväsporiin (vain käsinsyöttö).- Tämä kattava ja laadukas reikäsahanterävalikoima on täydellinen eri materiaalien sahaamiseen: - Teräksen tiheys jopa 1000 N/mm² - Ruostumaton ja hapon kestävä teräs - Kirjometalli - Valurauta - Alumiini - Puu - Keskivahva kuitulevy (MDF) - Kipsilevy - Kattorakennusmateriaalit - PVC.",55.0,,
4582111000,REIKÄSAHA BIMETALLI HD 95MM,https://tarvike.com/product/reikasaha-bimetalli-hd-95mm-109506,https://media.tarvike.com/product/images/109506/original/153475.jpg,42.1,"- Sahausreunan teknologia parantaa tuottavuutta.- 3,5 hampaan muotoilu positiivisella 10° hammaskulmalla tuottaa seuraavat hyödyt: - Nopeampi ja aggressiivisempi katkaisu. - Parempi lämmön hajottaminen takaa, että hampaat pysyvät terävänä pidempään. - Syvemmät urat tuottavat tehokkaamman lastujen poistumisen, mikä estää jumiutumista ja lämmön kerääntymistä. - Erityinen hammaskulma ei revi ohuempia materiaaleja. - Vaihteleva hammastus minimoi sitoutumista ja kitkaa. - Aggressiivinen hammasgeometria ja hyvä lastujen poisto mahdollistaa pienemmän syöttöpaineen, mikä vähentää voimankäytön tarpeellisuutta työskennellessä.- Hammasmateriaali: Matrix II premium -pikaterästä käytetään reikäsahojen hammastukseen. Matrix II -teräs sisältää 8 % kobolttia, mikä säilyttää hampaiden alkuperäisen kestävyyden jopa korkeassa työskentelylämpötilassa. - Bimetallirakenne - Tehty erittäin kuumankestävästä kobolttiseostetusta pikateräksestä. Hampaat ovat lämpökäsitelty 65 HRC asti 600 asteessa pitkän kestävyyden ja käyttöiän takaamiseksi. - Matrix II -materiaali kestää kulutusta ja on siksi täydellinen vaikeiden ja kovien materiaalien, kuten ruostumattoman ja haponkestävän teräksen, sahaamiseen. Sopii myös pehmeiden materiaalien, kuten puun, katkaisemiseen.- 1,27 mm paksu teräsrunko on tarpeeksi jäykkä säilyttääkseen muotonsa, mutta myös joustava. 41 mm sahaussyvyys.- Taustalevyn muotoilu: - Taustalevyt on valmistettu paksusta teräksestä ja näin reiät eivät laajene ajan mukaan. - Paksu tausta lisää lujuutta ja jäykkyyttä vähentäen tärinää. - Helppo karan kiinnitys. - Pyöreä selkälevy sopii erityisesti suuremman läpimitan omaaville pyörösahoille.- Viistot lovet sahanterien sivuissa helpottavat porausroskien poistoa reikäsahanterän sisältä.- Käyttökohteet: - Korkeatasoinen valmistustekniikka varmistaa täsmällisen pyörimisen, ja tämän ansiosta nämä reikäsahat soveltuvat sekä käsi- että pylväsporiin (vain käsinsyöttö).- Tämä kattava ja laadukas reikäsahanterävalikoima on täydellinen eri materiaalien sahaamiseen: - Teräksen tiheys jopa 1000 N/mm² - Ruostumaton ja hapon kestävä teräs - Kirjometalli - Valurauta - Alumiini - Puu - Keskivahva kuitulevy (MDF) - Kipsilevy - Kattorakennusmateriaalit - PVC.",29.0,,
4582110000,REIKÄSAHA BIMETALLI HD 89MM,https://tarvike.com/product/reikasaha-bimetalli-hd-89mm-109505,https://media.tarvike.com/product/images/109505/original/153484.jpg,33.2,"- Sahausreunan teknologia parantaa tuottavuutta.- 3,5 hampaan muotoilu positiivisella 10° hammaskulmalla tuottaa seuraavat hyödyt: - Nopeampi ja aggressiivisempi katkaisu. - Parempi lämmön hajottaminen takaa, että hampaat pysyvät terävänä pidempään. - Syvemmät urat tuottavat tehokkaamman lastujen poistumisen, mikä estää jumiutumista ja lämmön kerääntymistä. - Erityinen hammaskulma ei revi ohuempia materiaaleja. - Vaihteleva hammastus minimoi sitoutumista ja kitkaa. - Aggressiivinen hammasgeometria ja hyvä lastujen poisto mahdollistaa pienemmän syöttöpaineen, mikä vähentää voimankäytön tarpeellisuutta työskennellessä.- Hammasmateriaali: Matrix II premium -pikaterästä käytetään reikäsahojen hammastukseen. Matrix II -teräs sisältää 8 % kobolttia, mikä säilyttää hampaiden alkuperäisen kestävyyden jopa korkeassa työskentelylämpötilassa. - Bimetallirakenne - Tehty erittäin kuumankestävästä kobolttiseostetusta pikateräksestä. Hampaat ovat lämpökäsitelty 65 HRC asti 600 asteessa pitkän kestävyyden ja käyttöiän takaamiseksi. - Matrix II -materiaali kestää kulutusta ja on siksi täydellinen vaikeiden ja kovien materiaalien, kuten ruostumattoman ja haponkestävän teräksen, sahaamiseen. Sopii myös pehmeiden materiaalien, kuten puun, katkaisemiseen.- 1,27 mm paksu teräsrunko on tarpeeksi jäykkä säilyttääkseen muotonsa, mutta myös joustava. 41 mm sahaussyvyys.- Taustalevyn muotoilu: - Taustalevyt on valmistettu paksusta teräksestä ja näin reiät eivät laajene ajan mukaan. - Paksu tausta lisää lujuutta ja jäykkyyttä vähentäen tärinää. - Helppo karan kiinnitys. - Pyöreä selkälevy sopii erityisesti suuremman läpimitan omaaville pyörösahoille.- Viistot lovet sahanterien sivuissa helpottavat porausroskien poistoa reikäsahanterän sisältä.- Käyttökohteet: - Korkeatasoinen valmistustekniikka varmistaa täsmällisen pyörimisen, ja tämän ansiosta nämä reikäsahat soveltuvat sekä käsi- että pylväsporiin (vain käsinsyöttö).- Tämä kattava ja laadukas reikäsahanterävalikoima on täydellinen eri materiaalien sahaamiseen: - Teräksen tiheys jopa 1000 N/mm² - Ruostumaton ja hapon kestävä teräs - Kirjometalli - Valurauta - Alumiini - Puu - Keskivahva kuitulevy (MDF) - Kipsilevy - Kattorakennusmateriaalit - PVC.",21.0,,
4582109000,REIKÄSAHA BIMETALLI HD 83MM,https://tarvike.com/product/reikasaha-bimetalli-hd-83mm-109504,https://media.tarvike.com/product/images/109504/original/153476.jpg,33.2,"- Sahausreunan teknologia parantaa tuottavuutta.- 3,5 hampaan muotoilu positiivisella 10° hammaskulmalla tuottaa seuraavat hyödyt: - Nopeampi ja aggressiivisempi katkaisu. - Parempi lämmön hajottaminen takaa, että hampaat pysyvät terävänä pidempään. - Syvemmät urat tuottavat tehokkaamman lastujen poistumisen, mikä estää jumiutumista ja lämmön kerääntymistä. - Erityinen hammaskulma ei revi ohuempia materiaaleja. - Vaihteleva hammastus minimoi sitoutumista ja kitkaa. - Aggressiivinen hammasgeometria ja hyvä lastujen poisto mahdollistaa pienemmän syöttöpaineen, mikä vähentää voimankäytön tarpeellisuutta työskennellessä.- Hammasmateriaali: Matrix II premium -pikaterästä käytetään reikäsahojen hammastukseen. Matrix II -teräs sisältää 8 % kobolttia, mikä säilyttää hampaiden alkuperäisen kestävyyden jopa korkeassa työskentelylämpötilassa. - Bimetallirakenne - Tehty erittäin kuumankestävästä kobolttiseostetusta pikateräksestä. Hampaat ovat lämpökäsitelty 65 HRC asti 600 asteessa pitkän kestävyyden ja käyttöiän takaamiseksi. - Matrix II -materiaali kestää kulutusta ja on siksi täydellinen vaikeiden ja kovien materiaalien, kuten ruostumattoman ja haponkestävän teräksen, sahaamiseen. Sopii myös pehmeiden materiaalien, kuten puun, katkaisemiseen.- 1,27 mm paksu teräsrunko on tarpeeksi jäykkä säilyttääkseen muotonsa, mutta myös joustava. 41 mm sahaussyvyys.- Taustalevyn muotoilu: - Taustalevyt on valmistettu paksusta teräksestä ja näin reiät eivät laajene ajan mukaan. - Paksu tausta lisää lujuutta ja jäykkyyttä vähentäen tärinää. - Helppo karan kiinnitys. - Pyöreä selkälevy sopii erityisesti suuremman läpimitan omaaville pyörösahoille.- Viistot lovet sahanterien sivuissa helpottavat porausroskien poistoa reikäsahanterän sisältä.- Käyttökohteet: - Korkeatasoinen valmistustekniikka varmistaa täsmällisen pyörimisen, ja tämän ansiosta nämä reikäsahat soveltuvat sekä käsi- että pylväsporiin (vain käsinsyöttö).- Tämä kattava ja laadukas reikäsahanterävalikoima on täydellinen eri materiaalien sahaamiseen: - Teräksen tiheys jopa 1000 N/mm² - Ruostumaton ja hapon kestävä teräs - Kirjometalli - Valurauta - Alumiini - Puu - Keskivahva kuitulevy (MDF) - Kipsilevy - Kattorakennusmateriaalit - PVC.",21.0,,
4582108000,REIKÄSAHA BIMETALLI HD 79MM,https://tarvike.com/product/reikasaha-bimetalli-hd-79mm-109503,https://media.tarvike.com/product/images/109503/original/153482.jpg,33.2,"- Sahausreunan teknologia parantaa tuottavuutta.- 3,5 hampaan muotoilu positiivisella 10° hammaskulmalla tuottaa seuraavat hyödyt: - Nopeampi ja aggressiivisempi katkaisu. - Parempi lämmön hajottaminen takaa, että hampaat pysyvät terävänä pidempään. - Syvemmät urat tuottavat tehokkaamman lastujen poistumisen, mikä estää jumiutumista ja lämmön kerääntymistä. - Erityinen hammaskulma ei revi ohuempia materiaaleja. - Vaihteleva hammastus minimoi sitoutumista ja kitkaa. - Aggressiivinen hammasgeometria ja hyvä lastujen poisto mahdollistaa pienemmän syöttöpaineen, mikä vähentää voimankäytön tarpeellisuutta työskennellessä.- Hammasmateriaali: Matrix II premium -pikaterästä käytetään reikäsahojen hammastukseen. Matrix II -teräs sisältää 8 % kobolttia, mikä säilyttää hampaiden alkuperäisen kestävyyden jopa korkeassa työskentelylämpötilassa. - Bimetallirakenne - Tehty erittäin kuumankestävästä kobolttiseostetusta pikateräksestä. Hampaat ovat lämpökäsitelty 65 HRC asti 600 asteessa pitkän kestävyyden ja käyttöiän takaamiseksi. - Matrix II -materiaali kestää kulutusta ja on siksi täydellinen vaikeiden ja kovien materiaalien, kuten ruostumattoman ja haponkestävän teräksen, sahaamiseen. Sopii myös pehmeiden materiaalien, kuten puun, katkaisemiseen.- 1,27 mm paksu teräsrunko on tarpeeksi jäykkä säilyttääkseen muotonsa, mutta myös joustava. 41 mm sahaussyvyys.- Taustalevyn muotoilu: - Taustalevyt on valmistettu paksusta teräksestä ja näin reiät eivät laajene ajan mukaan. - Paksu tausta lisää lujuutta ja jäykkyyttä vähentäen tärinää. - Helppo karan kiinnitys. - Pyöreä selkälevy sopii erityisesti suuremman läpimitan omaaville pyörösahoille.- Viistot lovet sahanterien sivuissa helpottavat porausroskien poistoa reikäsahanterän sisältä.- Käyttökohteet: - Korkeatasoinen valmistustekniikka varmistaa täsmällisen pyörimisen, ja tämän ansiosta nämä reikäsahat soveltuvat sekä käsi- että pylväsporiin (vain käsinsyöttö).- Tämä kattava ja laadukas reikäsahanterävalikoima on täydellinen eri materiaalien sahaamiseen: - Teräksen tiheys jopa 1000 N/mm² - Ruostumaton ja hapon kestävä teräs - Kirjometalli - Valurauta - Alumiini - Puu - Keskivahva kuitulevy (MDF) - Kipsilevy - Kattorakennusmateriaalit - PVC.",19.0,,
4582107000,REIKÄSAHA BIMETALLI HD 76MM,https://tarvike.com/product/reikasaha-bimetalli-hd-76mm-109502,https://media.tarvike.com/product/images/109502/original/153474.jpg,32.9,"- Sahausreunan teknologia parantaa tuottavuutta.- 3,5 hampaan muotoilu positiivisella 10° hammaskulmalla tuottaa seuraavat hyödyt: - Nopeampi ja aggressiivisempi katkaisu. - Parempi lämmön hajottaminen takaa, että hampaat pysyvät terävänä pidempään. - Syvemmät urat tuottavat tehokkaamman lastujen poistumisen, mikä estää jumiutumista ja lämmön kerääntymistä. - Erityinen hammaskulma ei revi ohuempia materiaaleja. - Vaihteleva hammastus minimoi sitoutumista ja kitkaa. - Aggressiivinen hammasgeometria ja hyvä lastujen poisto mahdollistaa pienemmän syöttöpaineen, mikä vähentää voimankäytön tarpeellisuutta työskennellessä.- Hammasmateriaali: Matrix II premium -pikaterästä käytetään reikäsahojen hammastukseen. Matrix II -teräs sisältää 8 % kobolttia, mikä säilyttää hampaiden alkuperäisen kestävyyden jopa korkeassa työskentelylämpötilassa. - Bimetallirakenne - Tehty erittäin kuumankestävästä kobolttiseostetusta pikateräksestä. Hampaat ovat lämpökäsitelty 65 HRC asti 600 asteessa pitkän kestävyyden ja käyttöiän takaamiseksi. - Matrix II -materiaali kestää kulutusta ja on siksi täydellinen vaikeiden ja kovien materiaalien, kuten ruostumattoman ja haponkestävän teräksen, sahaamiseen. Sopii myös pehmeiden materiaalien, kuten puun, katkaisemiseen.- 1,27 mm paksu teräsrunko on tarpeeksi jäykkä säilyttääkseen muotonsa, mutta myös joustava. 41 mm sahaussyvyys.- Taustalevyn muotoilu: - Taustalevyt on valmistettu paksusta teräksestä ja näin reiät eivät laajene ajan mukaan. - Paksu tausta lisää lujuutta ja jäykkyyttä vähentäen tärinää. - Helppo karan kiinnitys. - Pyöreä selkälevy sopii erityisesti suuremman läpimitan omaaville pyörösahoille.- Viistot lovet sahanterien sivuissa helpottavat porausroskien poistoa reikäsahanterän sisältä.- Käyttökohteet: - Korkeatasoinen valmistustekniikka varmistaa täsmällisen pyörimisen, ja tämän ansiosta nämä reikäsahat soveltuvat sekä käsi- että pylväsporiin (vain käsinsyöttö).- Tämä kattava ja laadukas reikäsahanterävalikoima on täydellinen eri materiaalien sahaamiseen: - Teräksen tiheys jopa 1000 N/mm² - Ruostumaton ja hapon kestävä teräs - Kirjometalli - Valurauta - Alumiini - Puu - Keskivahva kuitulevy (MDF) - Kipsilevy - Kattorakennusmateriaalit - PVC.",19.0,,
4582106000,REIKÄSAHA BIMETALLI HD 73MM,https://tarvike.com/product/reikasaha-bimetalli-hd-73mm-109501,https://media.tarvike.com/product/images/109501/original/153465.jpg,31.4,"- Sahausreunan teknologia parantaa tuottavuutta.- 3,5 hampaan muotoilu positiivisella 10° hammaskulmalla tuottaa seuraavat hyödyt: - Nopeampi ja aggressiivisempi katkaisu. - Parempi lämmön hajottaminen takaa, että hampaat pysyvät terävänä pidempään. - Syvemmät urat tuottavat tehokkaamman lastujen poistumisen, mikä estää jumiutumista ja lämmön kerääntymistä. - Erityinen hammaskulma ei revi ohuempia materiaaleja. - Vaihteleva hammastus minimoi sitoutumista ja kitkaa. - Aggressiivinen hammasgeometria ja hyvä lastujen poisto mahdollistaa pienemmän syöttöpaineen, mikä vähentää voimankäytön tarpeellisuutta työskennellessä.- Hammasmateriaali: Matrix II premium -pikaterästä käytetään reikäsahojen hammastukseen. Matrix II -teräs sisältää 8 % kobolttia, mikä säilyttää hampaiden alkuperäisen kestävyyden jopa korkeassa työskentelylämpötilassa. - Bimetallirakenne - Tehty erittäin kuumankestävästä kobolttiseostetusta pikateräksestä. Hampaat ovat lämpökäsitelty 65 HRC asti 600 asteessa pitkän kestävyyden ja käyttöiän takaamiseksi. - Matrix II -materiaali kestää kulutusta ja on siksi täydellinen vaikeiden ja kovien materiaalien, kuten ruostumattoman ja haponkestävän teräksen, sahaamiseen. Sopii myös pehmeiden materiaalien, kuten puun, katkaisemiseen.- 1,27 mm paksu teräsrunko on tarpeeksi jäykkä säilyttääkseen muotonsa, mutta myös joustava. 41 mm sahaussyvyys.- Taustalevyn muotoilu: - Taustalevyt on valmistettu paksusta teräksestä ja näin reiät eivät laajene ajan mukaan. - Paksu tausta lisää lujuutta ja jäykkyyttä vähentäen tärinää. - Helppo karan kiinnitys. - Pyöreä selkälevy sopii erityisesti suuremman läpimitan omaaville pyörösahoille.- Viistot lovet sahanterien sivuissa helpottavat porausroskien poistoa reikäsahanterän sisältä.- Käyttökohteet: - Korkeatasoinen valmistustekniikka varmistaa täsmällisen pyörimisen, ja tämän ansiosta nämä reikäsahat soveltuvat sekä käsi- että pylväsporiin (vain käsinsyöttö).- Tämä kattava ja laadukas reikäsahanterävalikoima on täydellinen eri materiaalien sahaamiseen: - Teräksen tiheys jopa 1000 N/mm² - Ruostumaton ja hapon kestävä teräs - Kirjometalli - Valurauta - Alumiini - Puu - Keskivahva kuitulevy (MDF) - Kipsilevy - Kattorakennusmateriaalit - PVC.",13.0,,
4582105000,REIKÄSAHA BIMETALLI HD 70MM,https://tarvike.com/product/reikasaha-bimetalli-hd-70mm-109500,https://media.tarvike.com/product/images/109500/original/153457.jpg,31.4,"- Sahausreunan teknologia parantaa tuottavuutta.- 3,5 hampaan muotoilu positiivisella 10° hammaskulmalla tuottaa seuraavat hyödyt: - Nopeampi ja aggressiivisempi katkaisu. - Parempi lämmön hajottaminen takaa, että hampaat pysyvät terävänä pidempään. - Syvemmät urat tuottavat tehokkaamman lastujen poistumisen, mikä estää jumiutumista ja lämmön kerääntymistä. - Erityinen hammaskulma ei revi ohuempia materiaaleja. - Vaihteleva hammastus minimoi sitoutumista ja kitkaa. - Aggressiivinen hammasgeometria ja hyvä lastujen poisto mahdollistaa pienemmän syöttöpaineen, mikä vähentää voimankäytön tarpeellisuutta työskennellessä.- Hammasmateriaali: Matrix II premium -pikaterästä käytetään reikäsahojen hammastukseen. Matrix II -teräs sisältää 8 % kobolttia, mikä säilyttää hampaiden alkuperäisen kestävyyden jopa korkeassa työskentelylämpötilassa. - Bimetallirakenne - Tehty erittäin kuumankestävästä kobolttiseostetusta pikateräksestä. Hampaat ovat lämpökäsitelty 65 HRC asti 600 asteessa pitkän kestävyyden ja käyttöiän takaamiseksi. - Matrix II -materiaali kestää kulutusta ja on siksi täydellinen vaikeiden ja kovien materiaalien, kuten ruostumattoman ja haponkestävän teräksen, sahaamiseen. Sopii myös pehmeiden materiaalien, kuten puun, katkaisemiseen.- 1,27 mm paksu teräsrunko on tarpeeksi jäykkä säilyttääkseen muotonsa, mutta myös joustava. 41 mm sahaussyvyys.- Taustalevyn muotoilu: - Taustalevyt on valmistettu paksusta teräksestä ja näin reiät eivät laajene ajan mukaan. - Paksu tausta lisää lujuutta ja jäykkyyttä vähentäen tärinää. - Helppo karan kiinnitys. - Pyöreä selkälevy sopii erityisesti suuremman läpimitan omaaville pyörösahoille.- Viistot lovet sahanterien sivuissa helpottavat porausroskien poistoa reikäsahanterän sisältä.- Käyttökohteet: - Korkeatasoinen valmistustekniikka varmistaa täsmällisen pyörimisen, ja tämän ansiosta nämä reikäsahat soveltuvat sekä käsi- että pylväsporiin (vain käsinsyöttö).- Tämä kattava ja laadukas reikäsahanterävalikoima on täydellinen eri materiaalien sahaamiseen: - Teräksen tiheys jopa 1000 N/mm² - Ruostumaton ja hapon kestävä teräs - Kirjometalli - Valurauta - Alumiini - Puu - Keskivahva kuitulevy (MDF) - Kipsilevy - Kattorakennusmateriaalit - PVC.",13.0,,
4582104000,REIKÄSAHA BIMETALLI HD 64MM,https://tarvike.com/product/reikasaha-bimetalli-hd-64mm-109499,https://media.tarvike.com/product/images/109499/original/153449.jpg,31.4,"- Sahausreunan teknologia parantaa tuottavuutta.- 3,5 hampaan muotoilu positiivisella 10° hammaskulmalla tuottaa seuraavat hyödyt: - Nopeampi ja aggressiivisempi katkaisu. - Parempi lämmön hajottaminen takaa, että hampaat pysyvät terävänä pidempään. - Syvemmät urat tuottavat tehokkaamman lastujen poistumisen, mikä estää jumiutumista ja lämmön kerääntymistä. - Erityinen hammaskulma ei revi ohuempia materiaaleja. - Vaihteleva hammastus minimoi sitoutumista ja kitkaa. - Aggressiivinen hammasgeometria ja hyvä lastujen poisto mahdollistaa pienemmän syöttöpaineen, mikä vähentää voimankäytön tarpeellisuutta työskennellessä.- Hammasmateriaali: Matrix II premium -pikaterästä käytetään reikäsahojen hammastukseen. Matrix II -teräs sisältää 8 % kobolttia, mikä säilyttää hampaiden alkuperäisen kestävyyden jopa korkeassa työskentelylämpötilassa. - Bimetallirakenne - Tehty erittäin kuumankestävästä kobolttiseostetusta pikateräksestä. Hampaat ovat lämpökäsitelty 65 HRC asti 600 asteessa pitkän kestävyyden ja käyttöiän takaamiseksi. - Matrix II -materiaali kestää kulutusta ja on siksi täydellinen vaikeiden ja kovien materiaalien, kuten ruostumattoman ja haponkestävän teräksen, sahaamiseen. Sopii myös pehmeiden materiaalien, kuten puun, katkaisemiseen.- 1,27 mm paksu teräsrunko on tarpeeksi jäykkä säilyttääkseen muotonsa, mutta myös joustava. 41 mm sahaussyvyys.- Taustalevyn muotoilu: - Taustalevyt on valmistettu paksusta teräksestä ja näin reiät eivät laajene ajan mukaan. - Paksu tausta lisää lujuutta ja jäykkyyttä vähentäen tärinää. - Helppo karan kiinnitys. - Pyöreä selkälevy sopii erityisesti suuremman läpimitan omaaville pyörösahoille.- Viistot lovet sahanterien sivuissa helpottavat porausroskien poistoa reikäsahanterän sisältä.- Käyttökohteet: - Korkeatasoinen valmistustekniikka varmistaa täsmällisen pyörimisen, ja tämän ansiosta nämä reikäsahat soveltuvat sekä käsi- että pylväsporiin (vain käsinsyöttö).- Tämä kattava ja laadukas reikäsahanterävalikoima on täydellinen eri materiaalien sahaamiseen: - Teräksen tiheys jopa 1000 N/mm² - Ruostumaton ja hapon kestävä teräs - Kirjometalli - Valurauta - Alumiini - Puu - Keskivahva kuitulevy (MDF) - Kipsilevy - Kattorakennusmateriaalit - PVC.",19.0,,
4582103000,REIKÄSAHA BIMETALLI HD 60MM,https://tarvike.com/product/reikasaha-bimetalli-hd-60mm-109498,https://media.tarvike.com/product/images/109498/original/153464.jpg,29.0,"- Sahausreunan teknologia parantaa tuottavuutta.- 3,5 hampaan muotoilu positiivisella 10° hammaskulmalla tuottaa seuraavat hyödyt: - Nopeampi ja aggressiivisempi katkaisu. - Parempi lämmön hajottaminen takaa, että hampaat pysyvät terävänä pidempään. - Syvemmät urat tuottavat tehokkaamman lastujen poistumisen, mikä estää jumiutumista ja lämmön kerääntymistä. - Erityinen hammaskulma ei revi ohuempia materiaaleja. - Vaihteleva hammastus minimoi sitoutumista ja kitkaa. - Aggressiivinen hammasgeometria ja hyvä lastujen poisto mahdollistaa pienemmän syöttöpaineen, mikä vähentää voimankäytön tarpeellisuutta työskennellessä.- Hammasmateriaali: Matrix II premium -pikaterästä käytetään reikäsahojen hammastukseen. Matrix II -teräs sisältää 8 % kobolttia, mikä säilyttää hampaiden alkuperäisen kestävyyden jopa korkeassa työskentelylämpötilassa. - Bimetallirakenne - Tehty erittäin kuumankestävästä kobolttiseostetusta pikateräksestä. Hampaat ovat lämpökäsitelty 65 HRC asti 600 asteessa pitkän kestävyyden ja käyttöiän takaamiseksi. - Matrix II -materiaali kestää kulutusta ja on siksi täydellinen vaikeiden ja kovien materiaalien, kuten ruostumattoman ja haponkestävän teräksen, sahaamiseen. Sopii myös pehmeiden materiaalien, kuten puun, katkaisemiseen.- 1,27 mm paksu teräsrunko on tarpeeksi jäykkä säilyttääkseen muotonsa, mutta myös joustava. 41 mm sahaussyvyys.- Taustalevyn muotoilu: - Taustalevyt on valmistettu paksusta teräksestä ja näin reiät eivät laajene ajan mukaan. - Paksu tausta lisää lujuutta ja jäykkyyttä vähentäen tärinää. - Helppo karan kiinnitys. - Pyöreä selkälevy sopii erityisesti suuremman läpimitan omaaville pyörösahoille.- Viistot lovet sahanterien sivuissa helpottavat porausroskien poistoa reikäsahanterän sisältä.- Käyttökohteet: - Korkeatasoinen valmistustekniikka varmistaa täsmällisen pyörimisen, ja tämän ansiosta nämä reikäsahat soveltuvat sekä käsi- että pylväsporiin (vain käsinsyöttö).- Tämä kattava ja laadukas reikäsahanterävalikoima on täydellinen eri materiaalien sahaamiseen: - Teräksen tiheys jopa 1000 N/mm² - Ruostumaton ja hapon kestävä teräs - Kirjometalli - Valurauta - Alumiini - Puu - Keskivahva kuitulevy (MDF) - Kipsilevy - Kattorakennusmateriaalit - PVC.",19.0,,
4582101000,REIKÄSAHA BIMETALLI HD 54MM,https://tarvike.com/product/reikasaha-bimetalli-hd-54mm-109496,https://media.tarvike.com/product/images/109496/original/153467.jpg,29.0,"- Sahausreunan teknologia parantaa tuottavuutta.- 3,5 hampaan muotoilu positiivisella 10° hammaskulmalla tuottaa seuraavat hyödyt: - Nopeampi ja aggressiivisempi katkaisu. - Parempi lämmön hajottaminen takaa, että hampaat pysyvät terävänä pidempään. - Syvemmät urat tuottavat tehokkaamman lastujen poistumisen, mikä estää jumiutumista ja lämmön kerääntymistä. - Erityinen hammaskulma ei revi ohuempia materiaaleja. - Vaihteleva hammastus minimoi sitoutumista ja kitkaa. - Aggressiivinen hammasgeometria ja hyvä lastujen poisto mahdollistaa pienemmän syöttöpaineen, mikä vähentää voimankäytön tarpeellisuutta työskennellessä.- Hammasmateriaali: Matrix II premium -pikaterästä käytetään reikäsahojen hammastukseen. Matrix II -teräs sisältää 8 % kobolttia, mikä säilyttää hampaiden alkuperäisen kestävyyden jopa korkeassa työskentelylämpötilassa. - Bimetallirakenne - Tehty erittäin kuumankestävästä kobolttiseostetusta pikateräksestä. Hampaat ovat lämpökäsitelty 65 HRC asti 600 asteessa pitkän kestävyyden ja käyttöiän takaamiseksi. - Matrix II -materiaali kestää kulutusta ja on siksi täydellinen vaikeiden ja kovien materiaalien, kuten ruostumattoman ja haponkestävän teräksen, sahaamiseen. Sopii myös pehmeiden materiaalien, kuten puun, katkaisemiseen.- 1,27 mm paksu teräsrunko on tarpeeksi jäykkä säilyttääkseen muotonsa, mutta myös joustava. 41 mm sahaussyvyys.- Taustalevyn muotoilu: - Taustalevyt on valmistettu paksusta teräksestä ja näin reiät eivät laajene ajan mukaan. - Paksu tausta lisää lujuutta ja jäykkyyttä vähentäen tärinää. - Helppo karan kiinnitys. - Pyöreä selkälevy sopii erityisesti suuremman läpimitan omaaville pyörösahoille.- Viistot lovet sahanterien sivuissa helpottavat porausroskien poistoa reikäsahanterän sisältä.- Käyttökohteet: - Korkeatasoinen valmistustekniikka varmistaa täsmällisen pyörimisen, ja tämän ansiosta nämä reikäsahat soveltuvat sekä käsi- että pylväsporiin (vain käsinsyöttö).- Tämä kattava ja laadukas reikäsahanterävalikoima on täydellinen eri materiaalien sahaamiseen: - Teräksen tiheys jopa 1000 N/mm² - Ruostumaton ja hapon kestävä teräs - Kirjometalli - Valurauta - Alumiini - Puu - Keskivahva kuitulevy (MDF) - Kipsilevy - Kattorakennusmateriaalit - PVC.",19.0,,
4582100000,REIKÄSAHA BIMETALLI HD 51MM,https://tarvike.com/product/reikasaha-bimetalli-hd-51mm-109495,https://media.tarvike.com/product/images/109495/original/153459.jpg,24.8,"- Sahausreunan teknologia parantaa tuottavuutta.- 3,5 hampaan muotoilu positiivisella 10° hammaskulmalla tuottaa seuraavat hyödyt: - Nopeampi ja aggressiivisempi katkaisu. - Parempi lämmön hajottaminen takaa, että hampaat pysyvät terävänä pidempään. - Syvemmät urat tuottavat tehokkaamman lastujen poistumisen, mikä estää jumiutumista ja lämmön kerääntymistä. - Erityinen hammaskulma ei revi ohuempia materiaaleja. - Vaihteleva hammastus minimoi sitoutumista ja kitkaa. - Aggressiivinen hammasgeometria ja hyvä lastujen poisto mahdollistaa pienemmän syöttöpaineen, mikä vähentää voimankäytön tarpeellisuutta työskennellessä.- Hammasmateriaali: Matrix II premium -pikaterästä käytetään reikäsahojen hammastukseen. Matrix II -teräs sisältää 8 % kobolttia, mikä säilyttää hampaiden alkuperäisen kestävyyden jopa korkeassa työskentelylämpötilassa. - Bimetallirakenne - Tehty erittäin kuumankestävästä kobolttiseostetusta pikateräksestä. Hampaat ovat lämpökäsitelty 65 HRC asti 600 asteessa pitkän kestävyyden ja käyttöiän takaamiseksi. - Matrix II -materiaali kestää kulutusta ja on siksi täydellinen vaikeiden ja kovien materiaalien, kuten ruostumattoman ja haponkestävän teräksen, sahaamiseen. Sopii myös pehmeiden materiaalien, kuten puun, katkaisemiseen.- 1,27 mm paksu teräsrunko on tarpeeksi jäykkä säilyttääkseen muotonsa, mutta myös joustava. 41 mm sahaussyvyys.- Taustalevyn muotoilu: - Taustalevyt on valmistettu paksusta teräksestä ja näin reiät eivät laajene ajan mukaan. - Paksu tausta lisää lujuutta ja jäykkyyttä vähentäen tärinää. - Helppo karan kiinnitys. - Pyöreä selkälevy sopii erityisesti suuremman läpimitan omaaville pyörösahoille.- Viistot lovet sahanterien sivuissa helpottavat porausroskien poistoa reikäsahanterän sisältä.- Käyttökohteet: - Korkeatasoinen valmistustekniikka varmistaa täsmällisen pyörimisen, ja tämän ansiosta nämä reikäsahat soveltuvat sekä käsi- että pylväsporiin (vain käsinsyöttö).- Tämä kattava ja laadukas reikäsahanterävalikoima on täydellinen eri materiaalien sahaamiseen: - Teräksen tiheys jopa 1000 N/mm² - Ruostumaton ja hapon kestävä teräs - Kirjometalli - Valurauta - Alumiini - Puu - Keskivahva kuitulevy (MDF) - Kipsilevy - Kattorakennusmateriaalit - PVC.",16.0,,
4582098000,REIKÄSAHA BIMETALLI HD 38MM,https://tarvike.com/product/reikasaha-bimetalli-hd-38mm-109493,https://media.tarvike.com/product/images/109493/original/153462.jpg,19.0,"- Sahausreunan teknologia parantaa tuottavuutta.- 3,5 hampaan muotoilu positiivisella 10° hammaskulmalla tuottaa seuraavat hyödyt: - Nopeampi ja aggressiivisempi katkaisu. - Parempi lämmön hajottaminen takaa, että hampaat pysyvät terävänä pidempään. - Syvemmät urat tuottavat tehokkaamman lastujen poistumisen, mikä estää jumiutumista ja lämmön kerääntymistä. - Erityinen hammaskulma ei revi ohuempia materiaaleja. - Vaihteleva hammastus minimoi sitoutumista ja kitkaa. - Aggressiivinen hammasgeometria ja hyvä lastujen poisto mahdollistaa pienemmän syöttöpaineen, mikä vähentää voimankäytön tarpeellisuutta työskennellessä.- Hammasmateriaali: Matrix II premium -pikaterästä käytetään reikäsahojen hammastukseen. Matrix II -teräs sisältää 8 % kobolttia, mikä säilyttää hampaiden alkuperäisen kestävyyden jopa korkeassa työskentelylämpötilassa. - Bimetallirakenne - Tehty erittäin kuumankestävästä kobolttiseostetusta pikateräksestä. Hampaat ovat lämpökäsitelty 65 HRC asti 600 asteessa pitkän kestävyyden ja käyttöiän takaamiseksi. - Matrix II -materiaali kestää kulutusta ja on siksi täydellinen vaikeiden ja kovien materiaalien, kuten ruostumattoman ja haponkestävän teräksen, sahaamiseen. Sopii myös pehmeiden materiaalien, kuten puun, katkaisemiseen.- 1,27 mm paksu teräsrunko on tarpeeksi jäykkä säilyttääkseen muotonsa, mutta myös joustava. 41 mm sahaussyvyys.- Taustalevyn muotoilu: - Taustalevyt on valmistettu paksusta teräksestä ja näin reiät eivät laajene ajan mukaan. - Paksu tausta lisää lujuutta ja jäykkyyttä vähentäen tärinää. - Helppo karan kiinnitys. - Pyöreä selkälevy sopii erityisesti suuremman läpimitan omaaville pyörösahoille.- Viistot lovet sahanterien sivuissa helpottavat porausroskien poistoa reikäsahanterän sisältä.- Käyttökohteet: - Korkeatasoinen valmistustekniikka varmistaa täsmällisen pyörimisen, ja tämän ansiosta nämä reikäsahat soveltuvat sekä käsi- että pylväsporiin (vain käsinsyöttö).- Tämä kattava ja laadukas reikäsahanterävalikoima on täydellinen eri materiaalien sahaamiseen: - Teräksen tiheys jopa 1000 N/mm² - Ruostumaton ja hapon kestävä teräs - Kirjometalli - Valurauta - Alumiini - Puu - Keskivahva kuitulevy (MDF) - Kipsilevy - Kattorakennusmateriaalit - PVC.",12.0,,
4582097000,REIKÄSAHA BIMETALLI HD 35MM,https://tarvike.com/product/reikasaha-bimetalli-hd-35mm-109492,https://media.tarvike.com/product/images/109492/original/153454.jpg,17.8,"- Sahausreunan teknologia parantaa tuottavuutta.- 3,5 hampaan muotoilu positiivisella 10° hammaskulmalla tuottaa seuraavat hyödyt: - Nopeampi ja aggressiivisempi katkaisu. - Parempi lämmön hajottaminen takaa, että hampaat pysyvät terävänä pidempään. - Syvemmät urat tuottavat tehokkaamman lastujen poistumisen, mikä estää jumiutumista ja lämmön kerääntymistä. - Erityinen hammaskulma ei revi ohuempia materiaaleja. - Vaihteleva hammastus minimoi sitoutumista ja kitkaa. - Aggressiivinen hammasgeometria ja hyvä lastujen poisto mahdollistaa pienemmän syöttöpaineen, mikä vähentää voimankäytön tarpeellisuutta työskennellessä.- Hammasmateriaali: Matrix II premium -pikaterästä käytetään reikäsahojen hammastukseen. Matrix II -teräs sisältää 8 % kobolttia, mikä säilyttää hampaiden alkuperäisen kestävyyden jopa korkeassa työskentelylämpötilassa. - Bimetallirakenne - Tehty erittäin kuumankestävästä kobolttiseostetusta pikateräksestä. Hampaat ovat lämpökäsitelty 65 HRC asti 600 asteessa pitkän kestävyyden ja käyttöiän takaamiseksi. - Matrix II -materiaali kestää kulutusta ja on siksi täydellinen vaikeiden ja kovien materiaalien, kuten ruostumattoman ja haponkestävän teräksen, sahaamiseen. Sopii myös pehmeiden materiaalien, kuten puun, katkaisemiseen.- 1,27 mm paksu teräsrunko on tarpeeksi jäykkä säilyttääkseen muotonsa, mutta myös joustava. 41 mm sahaussyvyys.- Taustalevyn muotoilu: - Taustalevyt on valmistettu paksusta teräksestä ja näin reiät eivät laajene ajan mukaan. - Paksu tausta lisää lujuutta ja jäykkyyttä vähentäen tärinää. - Helppo karan kiinnitys. - Pyöreä selkälevy sopii erityisesti suuremman läpimitan omaaville pyörösahoille.- Viistot lovet sahanterien sivuissa helpottavat porausroskien poistoa reikäsahanterän sisältä.- Käyttökohteet: - Korkeatasoinen valmistustekniikka varmistaa täsmällisen pyörimisen, ja tämän ansiosta nämä reikäsahat soveltuvat sekä käsi- että pylväsporiin (vain käsinsyöttö).- Tämä kattava ja laadukas reikäsahanterävalikoima on täydellinen eri materiaalien sahaamiseen: - Teräksen tiheys jopa 1000 N/mm² - Ruostumaton ja hapon kestävä teräs - Kirjometalli - Valurauta - Alumiini - Puu - Keskivahva kuitulevy (MDF) - Kipsilevy - Kattorakennusmateriaalit - PVC.",12.0,,
4582096000,REIKÄSAHA BIMETALLI HD 32MM,https://tarvike.com/product/reikasaha-bimetalli-hd-32mm-109491,https://media.tarvike.com/product/images/109491/original/153445.jpg,17.8,"- Sahausreunan teknologia parantaa tuottavuutta.- 3,5 hampaan muotoilu positiivisella 10° hammaskulmalla tuottaa seuraavat hyödyt: - Nopeampi ja aggressiivisempi katkaisu. - Parempi lämmön hajottaminen takaa, että hampaat pysyvät terävänä pidempään. - Syvemmät urat tuottavat tehokkaamman lastujen poistumisen, mikä estää jumiutumista ja lämmön kerääntymistä. - Erityinen hammaskulma ei revi ohuempia materiaaleja. - Vaihteleva hammastus minimoi sitoutumista ja kitkaa. - Aggressiivinen hammasgeometria ja hyvä lastujen poisto mahdollistaa pienemmän syöttöpaineen, mikä vähentää voimankäytön tarpeellisuutta työskennellessä.- Hammasmateriaali: Matrix II premium -pikaterästä käytetään reikäsahojen hammastukseen. Matrix II -teräs sisältää 8 % kobolttia, mikä säilyttää hampaiden alkuperäisen kestävyyden jopa korkeassa työskentelylämpötilassa. - Bimetallirakenne - Tehty erittäin kuumankestävästä kobolttiseostetusta pikateräksestä. Hampaat ovat lämpökäsitelty 65 HRC asti 600 asteessa pitkän kestävyyden ja käyttöiän takaamiseksi. - Matrix II -materiaali kestää kulutusta ja on siksi täydellinen vaikeiden ja kovien materiaalien, kuten ruostumattoman ja haponkestävän teräksen, sahaamiseen. Sopii myös pehmeiden materiaalien, kuten puun, katkaisemiseen.- 1,27 mm paksu teräsrunko on tarpeeksi jäykkä säilyttääkseen muotonsa, mutta myös joustava. 41 mm sahaussyvyys.- Taustalevyn muotoilu: - Taustalevyt on valmistettu paksusta teräksestä ja näin reiät eivät laajene ajan mukaan. - Paksu tausta lisää lujuutta ja jäykkyyttä vähentäen tärinää. - Helppo karan kiinnitys. - Pyöreä selkälevy sopii erityisesti suuremman läpimitan omaaville pyörösahoille.- Viistot lovet sahanterien sivuissa helpottavat porausroskien poistoa reikäsahanterän sisältä.- Käyttökohteet: - Korkeatasoinen valmistustekniikka varmistaa täsmällisen pyörimisen, ja tämän ansiosta nämä reikäsahat soveltuvat sekä käsi- että pylväsporiin (vain käsinsyöttö).- Tämä kattava ja laadukas reikäsahanterävalikoima on täydellinen eri materiaalien sahaamiseen: - Teräksen tiheys jopa 1000 N/mm² - Ruostumaton ja hapon kestävä teräs - Kirjometalli - Valurauta - Alumiini - Puu - Keskivahva kuitulevy (MDF) - Kipsilevy - Kattorakennusmateriaalit - PVC.",11.0,,
4582095000,REIKÄSAHA BIMETALLI HD 30MM,https://tarvike.com/product/reikasaha-bimetalli-hd-30mm-109490,https://media.tarvike.com/product/images/109490/original/153437.jpg,17.8,"- Sahausreunan teknologia parantaa tuottavuutta.- 3,5 hampaan muotoilu positiivisella 10° hammaskulmalla tuottaa seuraavat hyödyt: - Nopeampi ja aggressiivisempi katkaisu. - Parempi lämmön hajottaminen takaa, että hampaat pysyvät terävänä pidempään. - Syvemmät urat tuottavat tehokkaamman lastujen poistumisen, mikä estää jumiutumista ja lämmön kerääntymistä. - Erityinen hammaskulma ei revi ohuempia materiaaleja. - Vaihteleva hammastus minimoi sitoutumista ja kitkaa. - Aggressiivinen hammasgeometria ja hyvä lastujen poisto mahdollistaa pienemmän syöttöpaineen, mikä vähentää voimankäytön tarpeellisuutta työskennellessä.- Hammasmateriaali: Matrix II premium -pikaterästä käytetään reikäsahojen hammastukseen. Matrix II -teräs sisältää 8 % kobolttia, mikä säilyttää hampaiden alkuperäisen kestävyyden jopa korkeassa työskentelylämpötilassa. - Bimetallirakenne - Tehty erittäin kuumankestävästä kobolttiseostetusta pikateräksestä. Hampaat ovat lämpökäsitelty 65 HRC asti 600 asteessa pitkän kestävyyden ja käyttöiän takaamiseksi. - Matrix II -materiaali kestää kulutusta ja on siksi täydellinen vaikeiden ja kovien materiaalien, kuten ruostumattoman ja haponkestävän teräksen, sahaamiseen. Sopii myös pehmeiden materiaalien, kuten puun, katkaisemiseen.- 1,27 mm paksu teräsrunko on tarpeeksi jäykkä säilyttääkseen muotonsa, mutta myös joustava. 41 mm sahaussyvyys.- Taustalevyn muotoilu: - Taustalevyt on valmistettu paksusta teräksestä ja näin reiät eivät laajene ajan mukaan. - Paksu tausta lisää lujuutta ja jäykkyyttä vähentäen tärinää. - Helppo karan kiinnitys. - Pyöreä selkälevy sopii erityisesti suuremman läpimitan omaaville pyörösahoille.- Viistot lovet sahanterien sivuissa helpottavat porausroskien poistoa reikäsahanterän sisältä.- Käyttökohteet: - Korkeatasoinen valmistustekniikka varmistaa täsmällisen pyörimisen, ja tämän ansiosta nämä reikäsahat soveltuvat sekä käsi- että pylväsporiin (vain käsinsyöttö).- Tämä kattava ja laadukas reikäsahanterävalikoima on täydellinen eri materiaalien sahaamiseen: - Teräksen tiheys jopa 1000 N/mm² - Ruostumaton ja hapon kestävä teräs - Kirjometalli - Valurauta - Alumiini - Puu - Keskivahva kuitulevy (MDF) - Kipsilevy - Kattorakennusmateriaalit - PVC.",12.0,,
4582094000,REIKÄSAHA BIMETALLI HD 25MM,https://tarvike.com/product/reikasaha-bimetalli-hd-25mm-109489,https://media.tarvike.com/product/images/109489/original/153429.jpg,17.8,"- Sahausreunan teknologia parantaa tuottavuutta.- 3,5 hampaan muotoilu positiivisella 10° hammaskulmalla tuottaa seuraavat hyödyt: - Nopeampi ja aggressiivisempi katkaisu. - Parempi lämmön hajottaminen takaa, että hampaat pysyvät terävänä pidempään. - Syvemmät urat tuottavat tehokkaamman lastujen poistumisen, mikä estää jumiutumista ja lämmön kerääntymistä. - Erityinen hammaskulma ei revi ohuempia materiaaleja. - Vaihteleva hammastus minimoi sitoutumista ja kitkaa. - Aggressiivinen hammasgeometria ja hyvä lastujen poisto mahdollistaa pienemmän syöttöpaineen, mikä vähentää voimankäytön tarpeellisuutta työskennellessä.- Hammasmateriaali: Matrix II premium -pikaterästä käytetään reikäsahojen hammastukseen. Matrix II -teräs sisältää 8 % kobolttia, mikä säilyttää hampaiden alkuperäisen kestävyyden jopa korkeassa työskentelylämpötilassa. - Bimetallirakenne - Tehty erittäin kuumankestävästä kobolttiseostetusta pikateräksestä. Hampaat ovat lämpökäsitelty 65 HRC asti 600 asteessa pitkän kestävyyden ja käyttöiän takaamiseksi. - Matrix II -materiaali kestää kulutusta ja on siksi täydellinen vaikeiden ja kovien materiaalien, kuten ruostumattoman ja haponkestävän teräksen, sahaamiseen. Sopii myös pehmeiden materiaalien, kuten puun, katkaisemiseen.- 1,27 mm paksu teräsrunko on tarpeeksi jäykkä säilyttääkseen muotonsa, mutta myös joustava. 41 mm sahaussyvyys.- Taustalevyn muotoilu: - Taustalevyt on valmistettu paksusta teräksestä ja näin reiät eivät laajene ajan mukaan. - Paksu tausta lisää lujuutta ja jäykkyyttä vähentäen tärinää. - Helppo karan kiinnitys. - Pyöreä selkälevy sopii erityisesti suuremman läpimitan omaaville pyörösahoille.- Viistot lovet sahanterien sivuissa helpottavat porausroskien poistoa reikäsahanterän sisältä.- Käyttökohteet: - Korkeatasoinen valmistustekniikka varmistaa täsmällisen pyörimisen, ja tämän ansiosta nämä reikäsahat soveltuvat sekä käsi- että pylväsporiin (vain käsinsyöttö).- Tämä kattava ja laadukas reikäsahanterävalikoima on täydellinen eri materiaalien sahaamiseen: - Teräksen tiheys jopa 1000 N/mm² - Ruostumaton ja hapon kestävä teräs - Kirjometalli - Valurauta - Alumiini - Puu - Keskivahva kuitulevy (MDF) - Kipsilevy - Kattorakennusmateriaalit - PVC.",12.0,,
4582093000,REIKÄSAHA BIMETALLI HD 22MM,https://tarvike.com/product/reikasaha-bimetalli-hd-22mm-109488,https://media.tarvike.com/product/images/109488/original/153442.jpg,16.9,"- Sahausreunan teknologia parantaa tuottavuutta.- 3,5 hampaan muotoilu positiivisella 10° hammaskulmalla tuottaa seuraavat hyödyt: - Nopeampi ja aggressiivisempi katkaisu. - Parempi lämmön hajottaminen takaa, että hampaat pysyvät terävänä pidempään. - Syvemmät urat tuottavat tehokkaamman lastujen poistumisen, mikä estää jumiutumista ja lämmön kerääntymistä. - Erityinen hammaskulma ei revi ohuempia materiaaleja. - Vaihteleva hammastus minimoi sitoutumista ja kitkaa. - Aggressiivinen hammasgeometria ja hyvä lastujen poisto mahdollistaa pienemmän syöttöpaineen, mikä vähentää voimankäytön tarpeellisuutta työskennellessä.- Hammasmateriaali: Matrix II premium -pikaterästä käytetään reikäsahojen hammastukseen. Matrix II -teräs sisältää 8 % kobolttia, mikä säilyttää hampaiden alkuperäisen kestävyyden jopa korkeassa työskentelylämpötilassa. - Bimetallirakenne - Tehty erittäin kuumankestävästä kobolttiseostetusta pikateräksestä. Hampaat ovat lämpökäsitelty 65 HRC asti 600 asteessa pitkän kestävyyden ja käyttöiän takaamiseksi. - Matrix II -materiaali kestää kulutusta ja on siksi täydellinen vaikeiden ja kovien materiaalien, kuten ruostumattoman ja haponkestävän teräksen, sahaamiseen. Sopii myös pehmeiden materiaalien, kuten puun, katkaisemiseen.- 1,27 mm paksu teräsrunko on tarpeeksi jäykkä säilyttääkseen muotonsa, mutta myös joustava. 41 mm sahaussyvyys.- Taustalevyn muotoilu: - Taustalevyt on valmistettu paksusta teräksestä ja näin reiät eivät laajene ajan mukaan. - Paksu tausta lisää lujuutta ja jäykkyyttä vähentäen tärinää. - Helppo karan kiinnitys. - Pyöreä selkälevy sopii erityisesti suuremman läpimitan omaaville pyörösahoille.- Viistot lovet sahanterien sivuissa helpottavat porausroskien poistoa reikäsahanterän sisältä.- Käyttökohteet: - Korkeatasoinen valmistustekniikka varmistaa täsmällisen pyörimisen, ja tämän ansiosta nämä reikäsahat soveltuvat sekä käsi- että pylväsporiin (vain käsinsyöttö).- Tämä kattava ja laadukas reikäsahanterävalikoima on täydellinen eri materiaalien sahaamiseen: - Teräksen tiheys jopa 1000 N/mm² - Ruostumaton ja hapon kestävä teräs - Kirjometalli - Valurauta - Alumiini - Puu - Keskivahva kuitulevy (MDF) - Kipsilevy - Kattorakennusmateriaalit - PVC.",10.0,,
4582091000,REIKÄSAHA BIMETALLI HD 17MM,https://tarvike.com/product/reikasaha-bimetalli-hd-17mm-109486,https://media.tarvike.com/product/images/109486/original/153447.jpg,16.9,"- Sahausreunan teknologia parantaa tuottavuutta.- 3,5 hampaan muotoilu positiivisella 10° hammaskulmalla tuottaa seuraavat hyödyt: - Nopeampi ja aggressiivisempi katkaisu. - Parempi lämmön hajottaminen takaa, että hampaat pysyvät terävänä pidempään. - Syvemmät urat tuottavat tehokkaamman lastujen poistumisen, mikä estää jumiutumista ja lämmön kerääntymistä. - Erityinen hammaskulma ei revi ohuempia materiaaleja. - Vaihteleva hammastus minimoi sitoutumista ja kitkaa. - Aggressiivinen hammasgeometria ja hyvä lastujen poisto mahdollistaa pienemmän syöttöpaineen, mikä vähentää voimankäytön tarpeellisuutta työskennellessä.- Hammasmateriaali: Matrix II premium -pikaterästä käytetään reikäsahojen hammastukseen. Matrix II -teräs sisältää 8 % kobolttia, mikä säilyttää hampaiden alkuperäisen kestävyyden jopa korkeassa työskentelylämpötilassa. - Bimetallirakenne - Tehty erittäin kuumankestävästä kobolttiseostetusta pikateräksestä. Hampaat ovat lämpökäsitelty 65 HRC asti 600 asteessa pitkän kestävyyden ja käyttöiän takaamiseksi. - Matrix II -materiaali kestää kulutusta ja on siksi täydellinen vaikeiden ja kovien materiaalien, kuten ruostumattoman ja haponkestävän teräksen, sahaamiseen. Sopii myös pehmeiden materiaalien, kuten puun, katkaisemiseen.- 1,27 mm paksu teräsrunko on tarpeeksi jäykkä säilyttääkseen muotonsa, mutta myös joustava. 41 mm sahaussyvyys.- Taustalevyn muotoilu: - Taustalevyt on valmistettu paksusta teräksestä ja näin reiät eivät laajene ajan mukaan. - Paksu tausta lisää lujuutta ja jäykkyyttä vähentäen tärinää. - Helppo karan kiinnitys. - Pyöreä selkälevy sopii erityisesti suuremman läpimitan omaaville pyörösahoille.- Viistot lovet sahanterien sivuissa helpottavat porausroskien poistoa reikäsahanterän sisältä.- Käyttökohteet: - Korkeatasoinen valmistustekniikka varmistaa täsmällisen pyörimisen, ja tämän ansiosta nämä reikäsahat soveltuvat sekä käsi- että pylväsporiin (vain käsinsyöttö).- Tämä kattava ja laadukas reikäsahanterävalikoima on täydellinen eri materiaalien sahaamiseen: - Teräksen tiheys jopa 1000 N/mm² - Ruostumaton ja hapon kestävä teräs - Kirjometalli - Valurauta - Alumiini - Puu - Keskivahva kuitulevy (MDF) - Kipsilevy - Kattorakennusmateriaalit - PVC.",10.0,,
4582058000,"Milwaukee Packout Akkuteline, M18",https://tarvike.com/product/milwaukee-packout-akkuteline-m18-109459,https://media.tarvike.com/product/images/109459/original/153335.jpg,19.1,Säilöö maks. 4 kpl M18™-akkuaAkut pysyvät tukevasti kiinni pidikkeessäHelppo ja nopea akkujen käyttöönottoTurvallinen ja helppo kiinnitys napsautus- ja lukitusmekanismillaRäätälöi säilytysjärjestelmäsi tarpeiden mukaanOsa PACKOUT™ Shop Storage -säilytysjärjestelmää,15.0,Milwaukee Tools,
4582037000,Milwaukee Adapterisetti - Hex-liitäntä 3 pc,https://tarvike.com/product/milwaukee-adapterisetti-hex-liitanta-3-pc-109442,https://media.tarvike.com/product/images/109442/original/153282.jpg,24.9,"Patentoitu teräksen lämpökäsittelyprosessi takaa parhaan mahdollisen kestävyyden. Heavy Duty -rakenne sopii kaikkiin iskeviin ruuvikärkiin.Kpl/Pakkaus - 3Sisältö - 1 x ¼″ Hex - ¼″ neliö, 1 x ¼″ Hex - ?″ neliö, 1 x ¼″ Hex - ½″ neliö",16.0,Milwaukee Tools,
4582035000,"Milwaukee Adapteri, 1/4"" HEX - 1/2"" SQUARE - 1PC",https://tarvike.com/product/milwaukee-adapteri-14-hex-12-square-1pc-109438,https://media.tarvike.com/product/images/109438/original/153266.jpg,15.4,Patentoitu teräksen lämpökäsittelyprosessi takaa parhaan mahdollisen kestävyyden. Heavy Duty -rakenne sopii kaikkiin iskeviin ruuvikärkiin.,10.0,Milwaukee Tools,
4582034000,"Milwaukee Alumiiniohjauskisko 1,4m",https://tarvike.com/product/milwaukee-alumiiniohjauskisko-14m-109440,https://media.tarvike.com/product/images/109440/original/153285.jpg,239.0,"Milwaukee alumiiniohjauskisko pyörösahoille, jonka avulla suoraan sahaaminen on helpompaa.Pituus 1400mmTuotekuvassa myös muita Milwaukee- työkaluja, jotka eivät sisälly hintaan.",149.0,Milwaukee Tools,
4582032000,Milwaukee Ohut Vesivaaka 20cm,https://tarvike.com/product/milwaukee-ohut-vesivaaka-20cm-109439,https://media.tarvike.com/product/images/109439/original/153269.jpg,21.0,,15.0,Milwaukee Tools,
4582025000,"Milwaukee Leveä taltta, SDS+ SL 250X40MM",https://tarvike.com/product/milwaukee-levea-taltta-sds-sl-250x40mm-109430,https://media.tarvike.com/product/images/109430/original/153237.jpg,52.6,Leveä taltan erittäin pitkä työskentelypituus parantaa materiaalin poistoa. Uudelleenhiottu kärki pysyy terävänä pidempään ja ei jumiudu.Jopa 3x pidempi käyttöikä verrattuna yleistalttoihin.Itsestäänteroittuva kärjen geometria.Valmistettu Saksassa.,30.0,Milwaukee Tools,
4582024000,"Milwaukee SDS-Plus Lattataltta, 250 X 20 MM - 1PC",https://tarvike.com/product/milwaukee-sds-plus-lattataltta-250-x-20-mm-1pc-109429,https://media.tarvike.com/product/images/109429/original/153239.jpg,22.6,Lattataltan erittäin pitkä työskentelypituus parantaa materiaalin poistoa. Ja sen uudelleenhiottu kärki pysyy terävänä pidempään ja ei jumiudu.Jopa 3x pidempi käyttöikä verrattuna yleistalttoihin.Itsestäänteroittuva kärjen geometria.Valmistettu Saksassa.,15.0,Milwaukee Tools,
4582021000,Milwaukee pyörösahanterät pöytäsahoille,https://tarvike.com/product/milwaukee-pyorosahanterat-poytasahoille-109426,https://media.tarvike.com/product/images/109426/original/153213.jpg,78.2,"PTFE-pinnoitteen ansiosta terä sahaa viileämmin ja nopeammin sekä suojaa terää kulutukselta ja hartsin kertymiseltä.Laserleikatut värähtelyaukot madaltavat tärinää ja lisäävät tarkkuutta. Raot on täytetty polyuretaanilla, mitkä toimivat iskunvaimentimina eristämällä hampaat tärinältä.Korkealaatuinen laserleikattu teräs takaa tarkkuuden.Ensiluokkainen kobolttivalettu volframikarbidi tuottaa terävät ja siistit sahaukset.**Tavalliset terät ilman PTFE-pinnoitetta ja värähtelyaukkoja",49.0,Milwaukee Tools,
4582020000,"Milwaukee Adapteri, ADAPTOR 1/4"" HEX - 3/8"" SQUARE",https://tarvike.com/product/milwaukee-adapteri-adaptor-14-hex-38-square-109425,https://media.tarvike.com/product/images/109425/original/153209.jpg,6.3,Patentoitu teräksen lämpökäsittelyprosessi takaa parhaan mahdollisen kestävyyden. Heavy Duty -rakenne sopii kaikkiin iskeviin ruuvikärkiin.Kokonaispituus (mm) - 50Kpl/Pakkaus - 1Työkalu kiinnitys - ¼″ HexVarren kiinnitys - ?″ neliö,4.0,Milwaukee Tools,
4582014000,"Milwaukee Adapteri, ADAPTOR ¼"" HEX- ¼"" SQUARE",https://tarvike.com/product/milwaukee-adapteri-adaptor-hex-square-109419,https://media.tarvike.com/product/images/109419/original/153203.jpg,13.1,Patentoitu teräksen lämpökäsittelyprosessi takaa parhaan mahdollisen kestävyyden. Heavy Duty -rakenne sopii kaikkiin iskeviin ruuvikärkiin.Kokonaispituus (mm) - 50Kpl/Pakkaus - 1Työkalun kiinnitys - ¼″ HexVarren kiinnitys - ¼″ neliö,9.0,Milwaukee Tools,
4582013000,"Milwaukee Lukittavat kärjenpitimet, 305 MM - LONG SERIES",https://tarvike.com/product/milwaukee-lukittavat-karjenpitimet-305-mm-long-series-109418,https://media.tarvike.com/product/images/109418/original/153196.jpg,26.4,"Erikoisvalmistettu MILWAUKEE®-metalli tekee SHOCKWAVE™-kärjistä iskunkestävämpiä.Optimoitu SHOCK ZONE™ kerää itseensä jopa 3x enemmän vääntöä.Sisäiset kaksoismagneetit varmistavat hyvän pidon ruuveista.Automaattinen lukitus, jolloin kärjen irrotus käy yhdellä kädellä.¼″ Hex-liitin (DIN 3126 - E 6.3). Sopii kovaa vääntöä ja iskua vaativiin työtehtäviin.Kokonaispituus (mm) - 305Kpl/Pakkaus - 1",15.0,Milwaukee Tools,
4582012000,"Milwaukee Kärjenpitimet, locking bit holder 152 mm - long series",https://tarvike.com/product/milwaukee-karjenpitimet-locking-bit-holder-152-mm-long-series-109417,https://media.tarvike.com/product/images/109417/original/153188.jpg,21.9,"Erikoisvalmistettu MILWAUKEE®-metalli tekee SHOCKWAVE™-kärjistä iskunkestävämpiä.Optimoitu SHOCK ZONE™ kerää itseensä jopa 3x enemmän vääntöä.Sisäiset kaksoismagneetit varmistavat hyvän pidon ruuveista.Automaattinen lukitus, jolloin kärjen irrotus käy yhdellä kädellä.¼″ Hex-liitin (DIN 3126 - E 6.3). Sopii kovaa vääntöä ja iskua vaativiin työtehtäviin.Kokonaispituus (mm) - 152Kpl/Pakkaus - 1",13.0,Milwaukee Tools,
4582010000,"Milwaukee kärjenpitimet, MAGNETIC BIT HOLDER 152 MM - LONG SERIES",https://tarvike.com/product/milwaukee-karjenpitimet-magnetic-bit-holder-152-mm-long-series-109415,https://media.tarvike.com/product/placeholders/productImageComingSoong.jpg,20.6,Erikoissuunniteltu teräs sekä kuumuuskäsittely tuottavat maksimaalisen vahvuuden ja joustavuuden.Optimoitu SHOCK ZONE™ kerää itseensä jopa 3x enemmän vääntöä.Vahva magneettinen kärki varmistaa pitävyyden.¼″ Hex-liitin (DIN 3126 - E 6.3). Sopii kovaa vääntöä ja iskua vaativiin työtehtäviin.Kokonaispituus (mm) - 152Kpl/Pakkaus - 1,14.0,Milwaukee Tools,
4582009000,Milwaukee Torque Lock Lukkopihdit,https://tarvike.com/product/milwaukee-torque-lock-lukkopihdit-109414,https://media.tarvike.com/product/images/109414/original/153197.jpg,21.8,"TORQUE LOCK™: nopea kiinnitys sekä vapautus tasaiseen ja pyöreään materiaaliin. Saat käyttöön lisää voimaa TORQUE LOCK™ -ruuvin avulla, mikä takaa paremman ja tukevamman otteen. Voidaan myös käyttää tavaroiden ripustamiseen sekä varastointiin.Kovetetut tartuntapinnat mahdollistavat paremman otteen työmaan materiaaleihinKromipinnoite parantaa käyttöikää vähentämällä kulutustaPerinteinen vapautusvipuMAX BITE™ -pihtien erikoismuotoillut leuat takaavat hyvän otteen",17.0,Milwaukee Tools,
4582008000,Milwaukee Torque Lock Lukkopihdit,https://tarvike.com/product/milwaukee-torque-lock-lukkopihdit-109413,https://media.tarvike.com/product/images/109413/original/153189.jpg,24.3,"TORQUE LOCK™: nopea kiinnitys sekä vapautus tasaiseen ja pyöreään materiaaliin. Saat käyttöön lisää voimaa TORQUE LOCK™ -ruuvin avulla, mikä takaa paremman ja tukevamman otteen. Voidaan myös käyttää tavaroiden ripustamiseen sekä varastointiin.Kovetetut tartuntapinnat mahdollistavat paremman otteen työmaan materiaaleihinKromipinnoite parantaa käyttöikää vähentämällä kulutustaPerinteinen vapautusvipuMAX BITE™ -pihtien erikoismuotoillut leuat takaavat hyvän otteen",19.0,Milwaukee Tools,
4582007000,Milwaukee Packout Kiinnitysalusta,https://tarvike.com/product/milwaukee-packout-kiinnitysalusta-109412,https://media.tarvike.com/product/images/109412/original/153204.jpg,69.2,Useita liitäntämahdollisuuksiaMuunna PACKOUT™ kiinteäksi varastoksiYhteensopiva kaikkien MILWAUKEE® PACKOUT™ -säilytysjärjestelmän osien kanssaIskunkestävä polymeerirakenneMetallivahvistetut kiinnityspisteet kestävät suuriakin painojaLuo täydellinen säilytysjärjestelmä yhdistelemällä PACKOUT™-kiinnitysalusta eri laatikoihin ja tarvikkeisiin,55.0,Milwaukee Tools,
4582002000,"Milwaukee Pöyrösahanterät, CSB P W 165 X 15.87 X 1.6 X 40ATB",https://tarvike.com/product/milwaukee-poyrosahanterat-csb-p-w-165-x-1587-x-16-x-40atb-109403,https://media.tarvike.com/product/images/109403/original/153182.jpg,62.6,"PTFE-pinnoitteen ansiosta terä sahaa viileämmin ja nopeammin sekä suojaa terää kulutukselta ja hartsin kertymiseltä. Laserleikatut värähtelyaukot madaltavat tärinää ja lisäävät tarkkuutta. Raot on täytetty polyuretaanilla, mitkä toimivat iskunvaimentimina eristämällä hampaat tärinältä.",45.0,Milwaukee Tools,
4582001000,"Milwaukee Pyörösahanterät, CSB P W 140 X 20 X 1,6 X 18ATB",https://tarvike.com/product/milwaukee-pyorosahanterat-csb-p-w-140-x-20-x-16-x-18atb-109402,https://media.tarvike.com/product/images/109402/original/153186.jpg,52.6,"PTFE-pinnoitteen ansiosta terä sahaa viileämmin ja nopeammin sekä suojaa terää kulutukselta ja hartsin kertymiseltä. Laserleikatut värähtelyaukot madaltavat tärinää ja lisäävät tarkkuutta. Raot on täytetty polyuretaanilla, mitkä toimivat iskunvaimentimina eristämällä hampaat tärinältä.",35.0,Milwaukee Tools,
4581998000,Milwaukee Ohut Packout Lokerikko,https://tarvike.com/product/milwaukee-ohut-packout-lokerikko-109399,https://media.tarvike.com/product/images/109399/original/153163.jpg,80.8,"Osa PACKOUT™-säilytysjärjestelmääValmistettu iskunkestävästä polymeerista, mikä parantaa kestävyyttä työmaallaSisältää 2 x iso lokerikko ja 8 x pieni lokerikko, joissa kaikissa on lokerikon jakajatPaikallaan pysyvät tiivisteet estävät laatikoiden sisällön siirtymisen lokerikoiden välillä kuljetuksen aikanaIP65-luokiteltu sääsinetti suojaa sateelta ja työmaaroskalta",59.0,Milwaukee Tools,
4581991000,Milwaukee Kompakti Packout Lokerikko,https://tarvike.com/product/milwaukee-kompakti-packout-lokerikko-109392,https://media.tarvike.com/product/images/109392/original/153142.jpg,52.6,"Osa PACKOUT™-säilytysjärjestelmääValmistettu iskunkestävästä polymeerista, mikä parantaa kestävyyttä työmaallaSisältää 5 irrotettavaa ja asennettavaa lokerikkoa, jotka voidaan kiinnittää yleisimpiin työmaamateriaaleihinIP65-luokiteltu sääsinetti suojaa sateelta ja työmaaroskaltaPaikallaan pysyvät tiivisteet estävät laatikoiden sisällön siirtymisen lokerikoiden välillä kuljetuksen aikana",39.0,Milwaukee Tools,
4578732000,W-Light Comber II Frameless Led Kaukovalo,https://tarvike.com/product/w-light-comber-ii-frameless-led-kaukovalo-106040,https://media.tarvike.com/product/images/106040/original/148734.jpg,202.0,,171.7,W-Light,
4578655000,"Bullboy Agriline ajovalo, 15W",https://tarvike.com/product/bullboy-agriline-ajovalo-15w-106019,https://media.tarvike.com/product/images/106019/original/148682.jpg,148.0,,88.8,Bullboy,
4578406000,"Milwaukee kipsilevyruuvinväännin M18 FSG-0X, runko",https://tarvike.com/product/milwaukee-kipsilevyruuvinvaannin-m18-fsg-0x-runko-105411,https://media.tarvike.com/product/images/105411/original/148392.jpg,399.0,"Hiiliharjaton POWERSTATE™-moottori kestää jopa 10x pidempään ja on jopa 60 % tehokkaampi REDLINK PLUS™ -elektroniikka tarjoaa kehittyneen digitaalisen ylikuormitussuojan sekä työkalulle että akulle parantaen ainutlaatuisella tavalla työkalun suorituskykyä kuormituksessa REDLITHIUM™-akun ylivoimainen rakenne, elektroniikka ja jatkuva suorituskyky takaavat pidemmän käyttöajan ja -iän AUTO-START™-tekniikan avulla virta kytkeytyy päälle vasta, kun ruuvain on työnnetty materiaalia vasten, mikä pidentää käyttöaikaa Pikavapautettava ¼″ Hex-istukka mahdollistaa helpon kärjenvaihdon Säädettävä kärki mahdollistaa halutun upotustason asettamisen yhden ruuvityypin käyttökohteissa Yksittäisten akun kennojen valvonta optimoi työkalun käyttöajan ja varmistaa akun kestävyyden Virtamittari ilmaisee jäljellä olevan varauksen Kirkas LED-työvalo Täysmetallinen käännettävä vyöpidin Toimii kaikilla MILWAUKEE® M18™ -akuilla HUOM! Ei sisällä akkua!",285.0,Milwaukee Tools,
4578253000,"Milwaukee 2-toimintoinen Runkonaulain M18 FFN-0C, runko",https://tarvike.com/product/milwaukee-2-toimintoinen-runkonaulain-m18-ffn-0c-runko-105472,https://media.tarvike.com/product/images/105472/original/148203.jpg,919.0,"Milwaukee M18 FFN-0C 2-toimintoinen runkonaulain tuottaa parhaan tehon, mikä iskee naulat kovapuuhun tasaisesti. Ready to fire -tekniikan ansiosta naulain on välittömästi valmis laukaisemaan naulan uudestaan.",599.0,Milwaukee Tools,
4578240000,"Milwaukee vetoniittikone M12 BPRT-0, runko",https://tarvike.com/product/milwaukee-vetoniittikone-m12-bprt-0-runko-105470,https://media.tarvike.com/product/images/105470/original/148317.jpg,405.0,"-Niittaa yhden akun latauksella jopa 325 x 4,8 mm ruostumattomia teräsniittejä 2,0 Ah akulla -Niittaa alumiiniin, teräkseen, ruostumattomaan teräkseen ja kupariin jopa 4,8 mm asti -20,32 mm iskunpituus yhdellä iskulla -Suutinkappale pitää niitit paikoillaan -Leukojen puhdistaminen onnistuu helposti ilman työkaluja ja työkalussa on myös säilytyspaikka suuttimelle ja irrotustyökalulle -Virtamittari ja LED-työvalo -Ergonominen suunnittelu 273 mm x 66,8 mm x 165 mm ilman karankerääjää -Vyöpidin ja paikka sidottavalle nauhalle -REDLITHIUM™-akun ylivoimainen rakenne, elektroniikka ja jatkuva suorituskyky takaavat pidemmän käyttöajan ja -iän -Toimii kaikilla MILWAUKEE® M12™ -akuilla -Mukana toimitetaan 4 x suutinkappale Huom! Tuote ei sisällä akkua.",289.0,Milwaukee Tools,
4577977000,Milwaukee Ruuvinauhalipas CA 55,https://tarvike.com/product/milwaukee-ruuvinauhalipas-ca-55-105414,https://media.tarvike.com/product/images/105414/original/148389.jpg,159.0,Pikavapautustoiminnon ansiosta terät on helppo irrottaa vaihdettaessa tai kun ruuvainta käytetään ilman CA55:sta. Ennakkoon asetetut säädöt yleisimpiin ruuvikokoihin. Upotusporanterän tasojen hienosäätö käy ilman työkaluja. Käännettävä lisäosa tarjoaa käyttäjälle 8 asetusta työskenneltäessä ahtaissa tiloissa. Yhteensopiva MILWAUKEE® M18 FSG-mallin kanssa. Sopii 25 mm - 55 mm ruuveille.,115.0,Milwaukee Tools,
35387907000,"Hikoki Hiilipari 7x16,9",https://tarvike.com/product/hikoki-hiilipari-7x169-150231,https://media.tarvike.com/product/images/150231/original/208851.webp,8.2,"Hikoki Hiilipari 7X16,9.",5.7,Hikoki,
32332868000,Strongline Painevesiautomaatti 800W / 230V,https://tarvike.com/product/strongline-painevesiautomaatti-800w-230v-221917,https://media.tarvike.com/product/images/221917/original/205334.webp,119.0,"Painevesiautomaatti kotitalouskäyttöön. Strongline SLVP012 on 800 W painevesiautomaatti, joka soveltuu vedenjakeluun ja paineen ylläpitoon kotona ja pihapiirissä. Laite käynnistyy ja pysähtyy automaattisesti vedenkulutuksen mukaan, mikä mahdollistaa tasaisen vedenpaineen. Sisäänrakennettu painesäiliö vähentää pumpun käynnistyskertoja. Painevesiautomaatti soveltuu esimerkiksi puutarhan kasteluun, sadeveden hyödyntämiseen sekä veden siirtoon säiliöiden välillä.",99.0,StrongLine,
2820435002,Hikoki Mutterinväännin 1/2' 18V WR18DBDL2 HSC runko,https://tarvike.com/product/hikoki-mutterinvaannin-12-18v-wr18dbdl2-hsc-runko-150210,https://media.tarvike.com/product/images/150210/original/196898.jpg,329.0,,230.3,Hikoki,
2820432002,Hitachi Hiomapaperisarja SV12SH 753450,https://tarvike.com/product/hitachi-hiomapaperisarja-sv12sh-753450-150201,https://media.tarvike.com/product/images/150201/original/196882.jpg,24.3,,19.4,Hikoki,
2820428002,Hitachi Monitoimikone CV350V 350W,https://tarvike.com/product/hitachi-monitoimikone-cv350v-350w-150190,https://media.tarvike.com/product/images/150190/original/196886.jpg,276.5,,165.9,Hikoki,
2817097002,Milwaukee Sahanterä W165X24T+40T 5/8 2P,https://tarvike.com/product/milwaukee-sahantera-w165x24t40t-58-2p-169483,https://media.tarvike.com/product/images/169483/original/195143.png,92.5,,45.0,Milwaukee Tools,
2815825002,Milwaukee Keskiöpora Reikäsaha 6X100mm,https://tarvike.com/product/milwaukee-keskiopora-reikasaha-6x100mm-169477,https://media.tarvike.com/product/images/169477/original/195144.png,7.2,,4.0,Milwaukee Tools,
2544599002,Milwaukee Metalliporasarja HSSG-TIN 10P,https://tarvike.com/product/milwaukee-metalliporasarja-hssg-tin-10p-169458,https://media.tarvike.com/product/images/169458/original/194968.png,50.6,Iskuluokitellut poranterät ¼″ Hex-varrella iskeville ruuvinvääntimille.,34.9,Milwaukee Tools,
2544598002,Milwaukee Keskiöpora Reikäsaha 6X89mm,https://tarvike.com/product/milwaukee-keskiopora-reikasaha-6x89mm-169457,https://media.tarvike.com/product/images/169457/original/194969.png,6.3,"MILWAUKEE® QUIK-LOK™ -karajärjestelmä on universaali kararatkaisu, mikä mahdollistaa nopeat reikäsahan vaihdot. Yhteensopiva kaikkien MILWAUKEE®-reikäsahojen ja useimpien muiden merkkien reikäsahojen kanssa.",4.0,Milwaukee Tools,
22883033000,Hultafors Puutaltta R8mm Kouru Tupella,https://tarvike.com/product/hultafors-puutaltta-r8mm-kouru-tupella-150382,https://media.tarvike.com/product/images/150382/original/194543.webp,29.0,"Ulkopuolelta teroitettu kourutaltta antaa täydellisen 8 mm säteen yhdellä työnnöllä. Terävä, luotettava ja aina käsillä ja täydellinen kaapeliurien tekemiseen.",23.0,Hultafors,
22331695000,Kaapelikela 40m,https://tarvike.com/product/kaapelikela-40m-145319,https://media.tarvike.com/product/images/145319/original/176812.webp,99.0,"3x1,5mm kumikaapeli 40m (H05RR-F 3x1,5 mm²).",89.0,CRX,
20575408001,Milwaukee varakumi m18fn18gs,https://tarvike.com/product/milwaukee-varakumi-m18fn18gs-169544,https://media.tarvike.com/product/images/169544/original/195117.png,10.0,,8.0,Milwaukee Tools,
20575403001,Milwaukee Fixtecmutteri M14,https://tarvike.com/product/milwaukee-fixtecmutteri-m14-169524,https://media.tarvike.com/product/images/169524/original/195136.png,33.8,,21.0,Milwaukee Tools,
20575398001,"Milwaukee Istukan ruuvi M18 BLDD/BLPD, M12 FDD/FPD",https://tarvike.com/product/milwaukee-istukan-ruuvi-m18-blddblpd-m12-fddfpd-169488,https://media.tarvike.com/product/images/169488/original/195126.png,5.0,,3.0,Milwaukee Tools,
20502034001,Milwaukee Keskiöpora Thunderweb 1/4' Hex,https://tarvike.com/product/milwaukee-keskiopora-thunderweb-14-hex-169568,https://media.tarvike.com/product/images/169568/original/195097.png,5.8,Keskiöporan THUNDERBOLT™-kapeneva ydin lisää kestävyyttä.,3.0,Milwaukee Tools,
20502029001,Milwaukee Hiomapaperi SL 93X93 K180 6P,https://tarvike.com/product/milwaukee-hiomapaperi-sl-93x93-k180-6p-169565,https://media.tarvike.com/product/images/169565/original/195095.png,13.6,Ihanteellinen puulle ja maalipinnoille,8.0,Milwaukee Tools,
20502013001,Milwaukee Tarvikelaatikko reikäsahoille,https://tarvike.com/product/milwaukee-tarvikelaatikko-reikasahoille-169503,https://media.tarvike.com/product/images/169503/original/194999.png,72.1,"Milwaukee tarvikelaatikko reikäsahoille on kestävä ja käytännöllinen säilytysratkaisu, joka pitää reikäsahat ja tarvikkeet siististi järjestyksessä. Kompakti muotoilu helpottaa kuljetusta ja nopeuttaa työskentelyä työmaalla.",39.0,Milwaukee Tools,
20502011001,Milwaukee Puukkosahanterä 400/3TPI INOX,https://tarvike.com/product/milwaukee-puukkosahantera-4003tpi-inox-169497,https://media.tarvike.com/product/images/169497/original/195089.png,37.5,,24.0,Milwaukee Tools,
20502000001,"Milwaukee Reikäsahan jatko HEX9,5 300mm",https://tarvike.com/product/milwaukee-reikasahan-jatko-hex95-300mm-169478,https://media.tarvike.com/product/images/169478/original/194985.png,40.2,"MILWAUKEE® QUIK-LOK™ -karajärjestelmä on universaali kararatkaisu, mikä mahdollistaa nopeat reikäsahan vaihdot. Yhteensopiva kaikkien MILWAUKEE®-reikäsahojen ja useimpien muiden merkkien reikäsahojen kanssa.",25.0,Milwaukee Tools,
20501999001,"Milwaukee Reikäsahan Pidin HEX 9,5 32-210",https://tarvike.com/product/milwaukee-reikasahan-pidin-hex-95-32-210-169476,https://media.tarvike.com/product/images/169476/original/194984.png,36.5,"MILWAUKEE® QUIK-LOK™ -karajärjestelmä on universaali kararatkaisu, mikä mahdollistaa nopeat reikäsahan vaihdot. Yhteensopiva kaikkien MILWAUKEE®-reikäsahojen ja useimpien muiden merkkien reikäsahojen kanssa.",23.0,Milwaukee Tools,
20501994001,Milwaukee Hiomapaperi SL 93X93 K240 6P,https://tarvike.com/product/milwaukee-hiomapaperi-sl-93x93-k240-6p-169472,https://media.tarvike.com/product/images/169472/original/195071.png,13.6,,8.0,Milwaukee Tools,
20501990001,Milwaukee Kiviporanterä Sarja ELEC 8kpl,https://tarvike.com/product/milwaukee-kiviporantera-sarja-elec-8kpl-169444,https://media.tarvike.com/product/images/169444/original/195040.png,33.0,"2-leikkuinen kovametallikärki mahdollistaa nopeamman porauksen ja soveltuu erinomaisesti betonin, tiilen ja pehmeiden materiaalien poraamiseen.",14.0,Milwaukee Tools,
20501988001,Milwaukee Hiomapaperi SL 93X93 K120 6P,https://tarvike.com/product/milwaukee-hiomapaperi-sl-93x93-k120-6p-169443,https://media.tarvike.com/product/images/169443/original/195042.png,13.6,Ihanteellinen puulle ja maalipinnoille,8.0,Milwaukee Tools,
20501986001,Milwaukee Terä SHW Display PH2 X 25 P25,https://tarvike.com/product/milwaukee-tera-shw-display-ph2-x-25-p25-169434,https://media.tarvike.com/product/images/169434/original/195044.jpg,19.1,"Suunniteltu käytettäväksi iskuvääntimien kanssa, SHOCKWAVE™ IMPACT DUTY -lisävarustesarja ei ole ainoastaan ihanteellinen raskaaseen iskevään käyttöön, vaan tarjoaa myös kokonaisvaltaisen järjestelmäratkaisun kaikkiin käyttäjän poraus- ja kiinnitystarpeisiin.",12.0,Milwaukee Tools,
20501983001,Terä MT Open-Lok Sarja 3P,https://tarvike.com/product/tera-mt-open-lok-sarja-3p-169412,https://media.tarvike.com/product/images/169412/original/194590.png,69.8,Vahvistettu yleismallinen OPEN-LOK™-liitäntä pitää terän lujasti paikallaan ja parantaa leikkauksen hallittavuutta.,39.0,Milwaukee Tools,
20261329001,Milwaukee Magneettihylsy SHW Sarja 4P,https://tarvike.com/product/milwaukee-magneettihylsy-shw-sarja-4p-169557,https://media.tarvike.com/product/images/169557/original/194874.png,51.6,Erityisvalmistettu teräs ja lämpökäsittely takaavat erinomaisen lujuuden ja äärimmäisen kestävyyden.,24.0,Milwaukee Tools,
20261326001,Milwaukee Hylsysarja 1/2' SHW Pitkä 10P,https://tarvike.com/product/milwaukee-hylsysarja-12-shw-pitka-10p-169551,https://media.tarvike.com/product/images/169551/original/194881.png,99.4,,49.0,Milwaukee Tools,
20261314001,"Milwaukee Pyörösahanterä W190X30X2,1X48",https://tarvike.com/product/milwaukee-pyorosahantera-w190x30x21x48-169528,https://media.tarvike.com/product/images/169528/original/194733.webp,77.7,PTFE-pinnoitteen ansiosta terä sahaa viileämmin ja nopeammin sekä suojaa terää kulutukselta ja hartsin kertymiseltä.,35.0,Milwaukee Tools,
20261310001,Milwaukee Viimeistelynaulain M12 FCN18GS-0X,https://tarvike.com/product/milwaukee-viimeistelynaulain-m12-fcn18gs-0x-169525,https://media.tarvike.com/product/images/169525/original/194893.png,559.0,Milwaukee Viimeistelynaulain M12 FCN18GS-0X laukaisee 16 - 38 mm pitkiä 18 G -nauloja suorassa kulmassa. Pieni työkosketin sallii käyttäjän laukaista ja upottaa naulat terävämmässä kulmassa.,399.0,Milwaukee Tools,
20261306001,Milwaukee Vasaraporan terä SDS+ MX4 10X600,https://tarvike.com/product/milwaukee-vasaraporan-tera-sds-mx4-10x600-169514,https://media.tarvike.com/product/images/169514/original/194960.png,48.4,"MILWAUKEE® MX4 SDS-Plus -poranterät on suunniteltu vaativimpiin käyttökohteisiin. Niissä on täysin hitsattu kiinteä kovametallikärki (⌀ 20 mm asti), joka takaa maksimaalisen kestävyyden raudoituksissa sekä ylivoimaisen porausnopeuden betonissa.",29.0,Milwaukee Tools,
20261297001,Milwaukee Vasaraporan terä SDS+ MX4 18X250,https://tarvike.com/product/milwaukee-vasaraporan-tera-sds-mx4-18x250-169498,https://media.tarvike.com/product/images/169498/original/194961.png,66.8,"MILWAUKEE® MX4 SDS-Plus -poranterät on suunniteltu vaativimpiin käyttökohteisiin. Niissä on täysin hitsattu kiinteä kovametallikärki (⌀ 20 mm asti), joka takaa maksimaalisen kestävyyden raudoituksissa sekä ylivoimaisen porausnopeuden betonissa.",40.0,Milwaukee Tools,
20261287001,Milwaukee Vasaraporan terä SDS+ MX4 8X465,https://tarvike.com/product/milwaukee-vasaraporan-tera-sds-mx4-8x465-169454,https://media.tarvike.com/product/images/169454/original/194962.png,41.2,"MILWAUKEE® MX4 SDS-Plus -poranterät on suunniteltu vaativimpiin käyttökohteisiin. Niissä on täysin hitsattu kiinteä kovametallikärki (⌀ 20 mm asti), joka takaa maksimaalisen kestävyyden raudoituksissa sekä ylivoimaisen porausnopeuden betonissa.",25.0,Milwaukee Tools,
20261285001,Milwaukee Vasaraporan terä SDS+ MX4 8X315,https://tarvike.com/product/milwaukee-vasaraporan-tera-sds-mx4-8x315-169453,https://media.tarvike.com/product/images/169453/original/194963.png,24.2,"MILWAUKEE® MX4 SDS-Plus -poranterät on suunniteltu vaativimpiin käyttökohteisiin. Niissä on täysin hitsattu kiinteä kovametallikärki (⌀ 20 mm asti), joka takaa maksimaalisen kestävyyden raudoituksissa sekä ylivoimaisen porausnopeuden betonissa.",15.0,Milwaukee Tools,
20261282001,Milwaukee Vasaraporan terä SDS+ MX4 20X450,https://tarvike.com/product/milwaukee-vasaraporan-tera-sds-mx4-20x450-169449,https://media.tarvike.com/product/images/169449/original/194964.png,97.0,"MILWAUKEE® MX4 SDS-Plus -poranterät on suunniteltu vaativimpiin käyttökohteisiin. Niissä on täysin hitsattu kiinteä kovametallikärki (⌀ 20 mm asti), joka takaa maksimaalisen kestävyyden raudoituksissa sekä ylivoimaisen porausnopeuden betonissa.",59.0,Milwaukee Tools,
20261274001,Milwaukee Vasarapora SDS+ MX4 16X315,https://tarvike.com/product/milwaukee-vasarapora-sds-mx4-16x315-169432,https://media.tarvike.com/product/images/169432/original/194918.png,46.7,"MILWAUKEE® MX4 SDS-Plus -poranterät on suunniteltu vaativimpiin käyttökohteisiin. Niissä on täysin hitsattu kiinteä kovametallikärki (⌀ 20 mm asti), joka takaa maksimaalisen kestävyyden raudoituksissa sekä ylivoimaisen porausnopeuden betonissa.",29.0,Milwaukee Tools,
20261270001,Milwaukee Akku M18 FB12,https://tarvike.com/product/milwaukee-akku-m18-fb12-169429,https://media.tarvike.com/product/images/169429/original/194920.png,529.0,"Tuottaa 50 % enemmän tehoa kuin HIGH OUTPUT™ 12,0 Ah -akku. REDLITHIUM™ FORGE™ tuottaa parhaimman tehon, nopeimmat lataukset ja pisimmän käyttöiän REDLITHIUM™-akkuvalikoiman sisällä",289.0,Milwaukee Tools,
20261262001,Milwaukee Akkuväänninteline Packout,https://tarvike.com/product/milwaukee-akkuvaanninteline-packout-169415,https://media.tarvike.com/product/images/169415/original/194625.png,48.2,"Säilöö maks. 2 kpl porakoneita, mutterinvääntimiä ja muita akkutyökaluja.",35.0,Milwaukee Tools,
20261258001,Milwaukee Puuporanterän Jatko 7/16' 300mm,https://tarvike.com/product/milwaukee-puuporanteran-jatko-716-300mm-169411,https://media.tarvike.com/product/images/169411/original/194917.webp,40.2,"MILWAUKEE® QUIK-LOK™ -karajärjestelmä on universaali kararatkaisu, mikä mahdollistaa nopeat reikäsahan vaihdot. Yhteensopiva kaikkien MILWAUKEE®-reikäsahojen ja useimpien muiden merkkien reikäsahojen kanssa.",25.0,Milwaukee Tools,
20251732001,Milwaukee Puukkosahanterä Universal 300X8/12T 5P,https://tarvike.com/product/milwaukee-puukkosahantera-universal-300x812t-5p-169559,https://media.tarvike.com/product/images/169559/original/194651.png,66.3,"Yleisterät sahaavat monenlaisia materiaaleja, kuten puuta, naulaista puuta, komposiittimateriaalia, muovia sekä rauta- ja ei-rautametalleja.",45.0,Milwaukee Tools,
20251728001,Puukkosahanterä TO NITR 230X8,https://tarvike.com/product/puukkosahantera-to-nitr-230x8-169466,https://media.tarvike.com/product/images/169466/original/194681.png,57.7,"Hampaiden muotoilu takaa nopeat sahausten aloitukset ja siistin sahausjäljen. TORCH™ NITRUS CARBIDE™ -purkuterät on suunniteltu kestämään pisimpään ja katkaisemaan nopeimmin valurautaan, SML-putkeen ja muihin paksuihin metalleihin.",39.0,Milwaukee Tools,
20251691001,Milwaukee Terä SHW Display TX25 X 50 P10 Ruuvauskärkeen,https://tarvike.com/product/milwaukee-tera-shw-display-tx25-x-50-p10-ruuvauskarkeen-169504,https://media.tarvike.com/product/images/169504/original/194586.png,19.1,SHOCKWAVE™ IMPACT DUTY -ruuvauskärjet on suunniteltu käytettäväksi iskevissä ruuvinvääntimissä. Terät ovat ihanteellisia vaativiin iskutoimintosovelluksiin ja tarjoavat täyden ratkaisun kaikkiin kiinnitystarpeisiin.,12.0,Milwaukee Tools,
20024435002,Milwaukee Vasarapora SDS+ MX4 20X250,https://tarvike.com/product/milwaukee-vasarapora-sds-mx4-20x250-127205,https://media.tarvike.com/product/images/127205/original/162142.png,76.0,"Uusi kierremuotoilu: ohut ura kärjessä poistaa porausroskat tehokkaammin, tuottaa suuremman nopeuden ja vähentää kitkan syntymistä.",47.0,Milwaukee Tools,
18751016002,Milwaukee kiillotussieni 75mm,https://tarvike.com/product/milwaukee-kiillotussieni-75mm-109388,https://media.tarvike.com/product/images/109388/original/153127.jpg,9.1,Kova keltainen kiillotussieni voimakkaaseen kiillotukseen sekä syvien naarmujen hiomiseen. Tarranauhakiinnitys. Soveltuu käytettäväksi kiillotussienen tai hiomapaperin kanssa.,6.5,Milwaukee Tools,
18751015002,Milwaukee Magneettinen kärjenpidin 60mm,https://tarvike.com/product/milwaukee-magneettinen-karjenpidin-60mm-109383,https://media.tarvike.com/product/images/109383/original/153119.jpg,15.4,Milwaukeen Kärjenpitimen erikoissuunniteltu teräs sekä kuumuuskäsittely tuottavat maksimaalisen vahvuuden ja joustavuuden. Optimoitu SHOCK ZONE™ kerää itseensä jopa 3x enemmän vääntöä.Vahva magneettinen kärki varmistaa pitävyyden.¼″ Hex-liitin (DIN 3126 - E 6.3). Sopii kovaa vääntöä ja iskua vaativiin työtehtäviin.Kokonaispituus (mm) - 6Kpl/Pakkaus - 1,10.0,Milwaukee Tools,
18751013002,"Milwaukee Pistosahanterät, 75 X 2.5 MM T 101 BR - 5 PCS",https://tarvike.com/product/milwaukee-pistosahanterat-75-x-25-mm-t-101-br-5-pcs-109382,https://media.tarvike.com/product/images/109382/original/153115.jpg,12.3,"Näissä terissä on käänteinen hammasmuotoilu, mistä johtuen terä sahaa alaspäin suuntautuvan liikkeen aikana ja tekee teristä erittäin sopivia puhtaaseen ja jäysteettömään sahaukseen laminoituun lastulevyyn ja etenkin keittiön työpintoihin.Paras työtulos saavutetaan sahaamalla ilman heiluritoimintoa.Erikoissovellukset: Keittiön työpinnat ja laminoitu lastulevy.",8.0,Milwaukee Tools,
18751010002,VASARAPORA SDS+ MX4 22X250,https://tarvike.com/product/vasarapora-sds-mx4-22x250-109385,https://media.tarvike.com/product/images/109385/original/153141.jpg,82.5,Milwaukee poranterien uusi keskittävä kärjen muotoilu helpottaa porauksen keskittämistä ja parantaa poraustehoa raudoitukseen porattaessa. Optimaalinen 4 x 90° symmetria auttaa tuottamaan täydellisen pyöreät reiät ankkuriasennukseen.,39.0,,
18751002002,"Milwaukee Hiomapapri tarrakolmio, SL 93X93 K80 6P",https://tarvike.com/product/milwaukee-hiomapapri-tarrakolmio-sl-93x93-k80-6p-109373,https://media.tarvike.com/product/images/109373/original/153121.jpg,13.6,Karkeus - 80Kpl/Pakkaus - 6Leveys (mm) - 93,8.0,Milwaukee Tools,
18751001002,"Milwaukee Hiomapaperi tarrakolmio, SL 93X93 K60 6P",https://tarvike.com/product/milwaukee-hiomapaperi-tarrakolmio-sl-93x93-k60-6p-109372,https://media.tarvike.com/product/images/109372/original/153117.jpg,13.6,Karkeus - 60Kpl/Pakkaus - 6Leveys (mm) - 93,8.0,Milwaukee Tools,
18751000002,Milwaukee hiomalaatta 93mm,https://tarvike.com/product/milwaukee-hiomalaatta-93mm-109371,https://media.tarvike.com/product/images/109371/original/153109.jpg,27.1,hioma-alusta monitoimityökalulle- leveys 93 mm- pituus 93 mm,17.0,Milwaukee Tools,
18750999002,"Milwaukee Joustava kaavin, MT 70MM",https://tarvike.com/product/milwaukee-joustava-kaavin-mt-70mm-109370,https://media.tarvike.com/product/images/109370/original/153122.jpg,34.6,Kpl/Pakkaus - 1Leveys (mm) - 70Pituus (mm) - -Silikoni/akryyli - ?,18.0,Milwaukee Tools,
18750998002,"Milwaukee Kaavin, MT 52X37MM",https://tarvike.com/product/milwaukee-kaavin-mt-52x37mm-109369,https://media.tarvike.com/product/images/109369/original/153114.jpg,26.6,Kiinnittyvät - ?Kpl/Pakkaus - 1Laattaliima - ?Leveys (mm) - 52Maali - ?Pituus (mm) - 37Silikoni/Akryyli - ?,14.0,Milwaukee Tools,
18750997002,"Milwaukee Kaavin, MT 52X37MM",https://tarvike.com/product/milwaukee-kaavin-mt-52x37mm-109368,https://media.tarvike.com/product/images/109368/original/153105.jpg,26.6,Kiinnittyvät - ?Kpl/Pakkaus - 1Leveys (mm) - 52Maali - ? Pituus (mm) - 37Silikoi/Aryyli - ?,16.0,Milwaukee Tools,
18750996002,"Milwaukee Kaavin, SL40MM",https://tarvike.com/product/milwaukee-kaavin-sl40mm-109367,https://media.tarvike.com/product/images/109367/original/153097.jpg,47.9,Kpl/Pakkaus - 1Leveys (mm) - 40Pitus (mm) - -Vinyyli - ?,25.0,Milwaukee Tools,
18750995002,"Milwaukee Laastinpoistoterä, MT SL TCG 80MM",https://tarvike.com/product/milwaukee-laastinpoistotera-mt-sl-tcg-80mm-109366,https://media.tarvike.com/product/images/109366/original/153095.jpg,43.8,Kpl/Pakkaus - 1Laattaliima - ?Leveys (mm) - 80Pehmeä puu - ?Pituus (mm) - 80,29.0,Milwaukee Tools,
18750994002,"Milwaukee Laastinpoistoterä, SLDIA 90X2,2",https://tarvike.com/product/milwaukee-laastinpoistotera-sldia-90x22-109365,https://media.tarvike.com/product/images/109365/original/153087.jpg,107.6,Kpl/Pakkaus - 1Laasti - ?Leveys (mm) - 90Pituus (mm) - 25,59.0,Milwaukee Tools,
18750993002,"Milwaukee Laastinpoistoterä, SLTCG 75X2,2",https://tarvike.com/product/milwaukee-laastinpoistotera-sltcg-75x22-109364,https://media.tarvike.com/product/images/109364/original/153102.jpg,44.6,Kpl/Pakkaus - 1Laasti - ?Leveys (mm) - 75Pituus (mm) - 20,29.0,Milwaukee Tools,
18750992002,"Milwaukee Laastinpoistoterä, SLTCG 75X1,2",https://tarvike.com/product/milwaukee-laastinpoistotera-sltcg-75x12-109363,https://media.tarvike.com/product/images/109363/original/153094.jpg,46.6,Kpl/Pakkaus - 1Laasti - ?Leveys (mm) - 75Pituus (mm) - 20,29.0,Milwaukee Tools,
18750991002,"Milwaukee Upposahan monimateriaaliterä, Sl TCT/TI M35X32",https://tarvike.com/product/milwaukee-upposahan-monimateriaalitera-sl-tctti-m35x32-109362,https://media.tarvike.com/product/images/109362/original/153104.jpg,38.6,"Karbidihampainen terä puun, pellin, metalliprofiilien, naulaisen puun ja muovin tarkkaan sahaukseen ja tasosahaukseen. Yleiskäyttöisen teränpitimen ansiosta Milwaukee-terät sopivat suosituimpiin epäkeskoliikkeellä toimiviin työkaluihin.",24.0,Milwaukee Tools,
18750990002,"Milwaukee Segmenttiterä, SL BIM M100X28",https://tarvike.com/product/milwaukee-segmenttitera-sl-bim-m100x28-109361,https://media.tarvike.com/product/images/109361/original/153088.jpg,73.1,Segmenttiterä,39.0,Milwaukee Tools,
18750989002,"Milwaukee Segmenttiterä, SL BIM M85X20",https://tarvike.com/product/milwaukee-segmenttitera-sl-bim-m85x20-109360,https://media.tarvike.com/product/images/109360/original/153070.jpg,39.8,Segmenttiterä,23.0,Milwaukee Tools,
18750988002,"Milwaukee Upposahan Monimateriaaliterät, SL BIM WM43X47",https://tarvike.com/product/milwaukee-upposahan-monimateriaaliterat-sl-bim-wm43x47-109359,https://media.tarvike.com/product/images/109359/original/153086.jpg,28.6,"Milwaukee® STARLOCK™ -monitoimityökalunterät on suunniteltu nopeaan teränvaihtoon sekä OIS-monitoimityökaluissa että STARLOCK™-monitoimityökaluissa. Nämä bimetalliterät sopivat erinomaisesti ohuiden metallien, kuparin, lasikuidun ja PVC:n leikkaamiseen. Milwaukee®-bimetalliset metalliterät on varustettu aaltomaisella hammastuksella, joka vähentää yksittäisiin hampaisiin kohdistuvaa rasitusta. Lisäksi niissä on erittäin ohut leikkauslinja, joka mahdollistaa nopeat ja sujuvat leikkaukset ei-rautametalleihin. Terien leveydet ovat saatavilla 28 mm, 44 mm ja 102 mm.",18.0,Milwaukee Tools,
18750987002,"Milwaukee Upposahan monimateriaaliterät, SL BIM WM28X47",https://tarvike.com/product/milwaukee-upposahan-monimateriaaliterat-sl-bim-wm28x47-109358,https://media.tarvike.com/product/images/109358/original/153073.jpg,26.6,"Milwaukee® STARLOCK™ -monitoimityökalunterät on suunniteltu nopeaan teränvaihtoon sekä OIS-monitoimityökaluissa että STARLOCK™-monitoimityökaluissa. Nämä bimetalliterät sopivat erinomaisesti ohuiden metallien, kuparin, lasikuidun ja PVC:n leikkaamiseen. Milwaukee®-bimetalliset metalliterät on varustettu aaltomaisella hammastuksella, joka vähentää yksittäisiin hampaisiin kohdistuvaa rasitusta. Lisäksi niissä on erittäin ohut leikkauslinja, joka mahdollistaa nopeat ja sujuvat leikkaukset ei-rautametalleihin. Terien leveydet ovat saatavilla 28 mm, 44 mm ja 102 mm.",17.0,Milwaukee Tools,
18750984002,"Milwaukee Upposahanterät puulle, BIM 3C W35X42",https://tarvike.com/product/milwaukee-upposahanterat-puulle-bim-3c-w35x42-109355,https://media.tarvike.com/product/images/109355/original/153079.jpg,28.6,"Milwaukee® STARLOCK™ -monitoimityökalunterät on suunniteltu nopeaan teränvaihtoon sekä OIS-monitoimityökaluissa että STARLOCK™-monitoimityökaluissa. Nämä bimetalliterät sopivat erinomaisesti ohuiden metallien, kuparin, lasikuidun ja PVC:n leikkaamiseen. Milwaukee®-bimetalliset metalliterät on varustettu aaltomaisella hammastuksella, joka vähentää yksittäisiin hampaisiin kohdistuvaa rasitusta. Lisäksi niissä on erittäin ohut leikkauslinja, joka mahdollistaa nopeat ja sujuvat leikkaukset ei-rautametalleihin. Terien leveydet ovat saatavilla 28 mm, 44 mm ja 102 mm.",18.0,Milwaukee Tools,
18750983002,"Milwaukee Upposahanterä puulle,  SL 3C W65X42",https://tarvike.com/product/milwaukee-upposahantera-puulle-sl-3c-w65x42-109354,https://media.tarvike.com/product/images/109354/original/153062.jpg,24.0,"Milwaukee® STARLOCK™ -monitoimityökalunterät on suunniteltu nopeaan teränvaihtoon sekä OIS-monitoimityökaluissa että STARLOCK™-monitoimityökaluissa. Nämä bimetalliterät sopivat erinomaisesti ohuiden metallien, kuparin, lasikuidun ja PVC:n leikkaamiseen. Milwaukee®-bimetalliset metalliterät on varustettu aaltomaisella hammastuksella, joka vähentää yksittäisiin hampaisiin kohdistuvaa rasitusta. Lisäksi niissä on erittäin ohut leikkauslinja, joka mahdollistaa nopeat ja sujuvat leikkaukset ei-rautametalleihin. Terien leveydet ovat saatavilla 28 mm, 44 mm ja 102 mm.",15.0,Milwaukee Tools,
18750982002,"Milwaukee upposahanterät puulle, SL 3C W35x42",https://tarvike.com/product/milwaukee-upposahanterat-puulle-sl-3c-w35x42-109353,https://media.tarvike.com/product/images/109353/original/153046.jpg,24.0,"Milwaukee® STARLOCK™ -monitoimityökalunterät on suunniteltu nopeaan teränvaihtoon sekä OIS-monitoimityökaluissa että STARLOCK™-monitoimityökaluissa. Nämä bimetalliterät sopivat erinomaisesti ohuiden metallien, kuparin, lasikuidun ja PVC:n leikkaamiseen. Milwaukee®-bimetalliset metalliterät on varustettu aaltomaisella hammastuksella, joka vähentää yksittäisiin hampaisiin kohdistuvaa rasitusta. Lisäksi niissä on erittäin ohut leikkauslinja, joka mahdollistaa nopeat ja sujuvat leikkaukset ei-rautametalleihin. Terien leveydet ovat saatavilla 28 mm, 44 mm ja 102 mm.",15.0,Milwaukee Tools,
18750981002,"Milwaukee Upposahanterät puulle, SL W65X42",https://tarvike.com/product/milwaukee-upposahanterat-puulle-sl-w65x42-109352,https://media.tarvike.com/product/images/109352/original/153051.jpg,22.6,"Milwaukee® STARLOCK™ -monitoimityökalunterät on suunniteltu nopeaan teränvaihtoon sekä OIS-monitoimityökaluissa että STARLOCK™-monitoimityökaluissa. Nämä bimetalliterät sopivat erinomaisesti ohuiden metallien, kuparin, lasikuidun ja PVC:n leikkaamiseen. Milwaukee®-bimetalliset metalliterät on varustettu aaltomaisella hammastuksella, joka vähentää yksittäisiin hampaisiin kohdistuvaa rasitusta. Lisäksi niissä on erittäin ohut leikkauslinja, joka mahdollistaa nopeat ja sujuvat leikkaukset ei-rautametalleihin. Terien leveydet ovat saatavilla 28 mm, 44 mm ja 102 mm.",13.0,Milwaukee Tools,
18750980002,"Milwaukee Upposahanterät puulle, SL W35X42MM",https://tarvike.com/product/milwaukee-upposahanterat-puulle-sl-w35x42mm-109351,https://media.tarvike.com/product/images/109351/original/153064.jpg,21.3,Milwaukee monitoimityökaluihin tarkoitettu upposahanterä joka soveltuu puun ja PVS:n upotus-/syvennys-/tasosahaukseen. Yleiskäyttöisen teränpitimen ansiosta Milwaukee-terät sopivat suosituimpiin epäkeskoliikkeellä toimiviin työkaluihin.,13.0,Milwaukee Tools,
18750979002,"Milwaukee upposahan monimateriaaliterät, SL BIM WM20X34",https://tarvike.com/product/milwaukee-upposahan-monimateriaaliterat-sl-bim-wm20x34-109350,https://media.tarvike.com/product/images/109350/original/153056.jpg,21.2,"Milwaukee® STARLOCK™ -monitoimityökalunterät on suunniteltu nopeaan teränvaihtoon sekä OIS-monitoimityökaluissa että STARLOCK™-monitoimityökaluissa. Nämä bimetalliterät sopivat erinomaisesti ohuiden metallien, kuparin, lasikuidun ja PVC:n leikkaamiseen. Milwaukee®-bimetalliset metalliterät on varustettu aaltomaisella hammastuksella, joka vähentää yksittäisiin hampaisiin kohdistuvaa rasitusta. Lisäksi niissä on erittäin ohut leikkauslinja, joka mahdollistaa nopeat ja sujuvat leikkaukset ei-rautametalleihin. Terien leveydet ovat saatavilla 28 mm, 44 mm ja 102 mm.",11.0,Milwaukee Tools,
18750978002,"Milwaukee pyörösahanterä, CSB P M 165X5/8X1.6X48",https://tarvike.com/product/milwaukee-pyorosahantera-csb-p-m-165x58x16x48-109349,https://media.tarvike.com/product/images/109349/original/153048.jpg,173.9,"Milwaukee Pöyrösahanterä katkaisee puhtaasti, viileästi ja nopeasti. Särmättömät reunat vähentävät ylimääräistä viimeistelyä, materiaalia voidaan käsitellä välittömästi katkaisun jälkeen ja nopeampi kuin mikään muu perinteinen katkaisumenetelmä.",109.0,Milwaukee Tools,
18750973002,"Milwaukee Maalikynä, keltainen",https://tarvike.com/product/milwaukee-maalikyna-keltainen-109344,https://media.tarvike.com/product/images/109344/original/153035.jpg,5.7,"Milwaukee maalikynä venttiilillä. Kynä soveltuu betonille, mustille putkille, alumiinille, PVC:lle, teräkselle, ruostumattomalle teräkselle, kumille ja renkaille.",4.0,Milwaukee Tools,
18750968002,"Milwaukee puukkosahanterä 150mm 10/14TPI, 5kpl",https://tarvike.com/product/milwaukee-puukkosahantera-150mm-1014tpi-5kpl-109339,https://media.tarvike.com/product/images/109339/original/153025.jpg,38.7,"- terän pituus: 150 mm- hammasväli: 2,5 / 1,8 mm- hampaat / tuuma: 10 / 14 TPI- käyttökohde: nauloja sisältävä puu, PVC-muovi, alumiini- nopeaa upposahausta varten, ylettyy myös ahtaisiin paikkoihin- vahva: erikoispaksu 1,60 mm runko antaa hyvän kestävyyden ja pitkän käyttöiän - täydellinen nauloja sisältävän puun työstöön- materiaalityyppi: bi-metalli, koboltti- määrä pakkauksessa: 5 kpl",25.0,Milwaukee Tools,
18750934002,"Milwaukee puukkosahanterä 150mm TCT TORCH, 1kpl",https://tarvike.com/product/milwaukee-puukkosahantera-150mm-tct-torch-1kpl-109334,https://media.tarvike.com/product/images/109334/original/153005.jpg,33.2,"-Karbidihampaat kestävät pisimpään paksuissa metalleissa.-Jopa 50x pidempi käyttöikä verrattuna bimetalliteriin.-Tukeva 1,27 mm paksu terän runko takaa tarkat ja suorat sahaukset.-25 mm teräkorkeus parantaa vakautta ja minimoi tärinää.-Sopii valuraudan ja paksun teräksen sahaamiseen. -Terän pituus 150 mm- Max. katkaisukapasiteetti ruostumaton teräs, teräs, raudaton metalli 5 - 13 mm / metalliputki, valurautaputki Ø 10 - 100 mm- 1 kpl / pakkaus",21.0,Milwaukee Tools,
18750928002,Milwaukee Puukkosahanterä THIN KERF 300 MM - 5 PCS,https://tarvike.com/product/milwaukee-puukkosahantera-thin-kerf-300-mm-5-pcs-109328,https://media.tarvike.com/product/images/109328/original/152985.jpg,65.1,"Milwaukee Puukkosahanterä naulaiselle puulle Thin Kerf - purkuterät, sen aggressiivinen 5 Tpi geometria poistaa materiaalia nopeammin ja lisää sahaustehoa. Sopii erinomaisesti upposahaukseen ja ahtaisiin paikkoihin kapanevan muodon ansiosta.",29.0,Milwaukee Tools,
18750927002,"Milwaukee puukkosahanterä, 230mm 5 TPI, 5kpl",https://tarvike.com/product/milwaukee-puukkosahantera-230mm-5-tpi-5kpl-109327,https://media.tarvike.com/product/images/109327/original/152994.jpg,46.7,"-FANG TIP™ nopeaa upposahausta varten, ylettyy myös ahtaisiin paikkoihin.-NAIL GUARD™ suojaa hampaita niiden osuessa nauloihin, mikä lisää kestävyyttä ja käyttöikää.-Paksu 1,27 mm runko ja 19 mm korkeus parantavat kestävyyttä ja käyttöikää, mikä tekee terästä täydellisen naulaisen puun työstämiseen.-Aggressiivinen 5 Tpi geometria poistaa materiaalia nopeammin ja lisää sahaustehoa.-Sopii erinomaisesti upposahaukseen ja ahtaisiin paikkoihin kapanevan muodon ansiosta.-Bimetallirakenteen ansiosta terä taipuu ja joustaa ilman murtumista.-Pakkaus sisältää 5 puukkosahanterää.",30.0,Milwaukee Tools,
18750924002,"Milwaukee puukkosahanterä 300mm 6TPI, 3kpl",https://tarvike.com/product/milwaukee-puukkosahantera-300mm-6tpi-3kpl-109324,https://media.tarvike.com/product/images/109324/original/152991.jpg,19.3,"Milwaukee puukkosahaan tarkoitetut terät muovin ja puun leikkaamiseen. Paketti sisältää kolme terää.-3x nopeampi ja aggressiivinen kolminkertaisesti teroitettu hammasgeometria mahdollistaa nopeat ja halkeamattomat sahaukset.-Kovetetut ja kolminkertaisesti terotetut hampaat mahdollistavat terävät ja halkeamattomat sahaukset.-1,6 mm paksuinen terä ei taivu, vähentää tärinää ja terän tylsymistä sahattaessa.",11.0,Milwaukee Tools,
18750923002,"Milwaukee Puukkosahanterä, 240 X 4 / 5 TPI - 3 PCS",https://tarvike.com/product/milwaukee-puukkosahantera-240-x-4-5-tpi-3-pcs-109323,https://media.tarvike.com/product/images/109323/original/152987.jpg,28.9,"Milwaukee puukkosahan terä puulle ja muoville, 3x nopeampi ja aggressiivinen jossa kolminkertaisesti teroitettu hammasgeometria mahdollistaa nopeat ja halkeamattomat sahaukset.Kovetetut ja kolminkertaisesti terotetut hampaat mahdollistavat terävät ja halkeamattomat sahaukset.1,6 mm paksuinen terä ei taivu, vähentää tärinää ja terän tylsymistä sahattaessa.",15.0,Milwaukee Tools,
18747862002,"Lisävaloteline, EU-kilpi, 566mm",https://tarvike.com/product/lisavaloteline-eu-kilpi-566mm-106016,https://media.tarvike.com/product/images/106016/original/148671.jpg,34.5,,20.7,,
18747852002,"Lisävaloteline Eu-kilpi, 566m",https://tarvike.com/product/lisavaloteline-eu-kilpi-566m-106015,https://media.tarvike.com/product/images/106015/original/148685.jpg,38.5,,23.1,,
18747320002,"Milwaukee Niittipistooli M12 BST-0, runko",https://tarvike.com/product/milwaukee-niittipistooli-m12-bst-0-runko-105473,https://media.tarvike.com/product/images/105473/original/148202.jpg,235.0,"Milwaukee M12 BST-0 Niittipistoolissa ei ole käsityökalujen toistuvaa, väsyttävää liikettä. Niittipistooli on laukaisuvalmis heti, kun edellinen niitti on irronnut.",179.0,Milwaukee Tools,
18747211002,"Milwaukee inflaattori M12 BI-O, runko",https://tarvike.com/product/milwaukee-inflaattori-m12-bi-o-runko-105419,https://media.tarvike.com/product/images/105419/original/148384.jpg,165.0,"Milwaukee inflaattori M12 BI-O kompakti ja kevyt muotoilu nopeuttaa auton ja kevyiden rekkojen renkaiden täyttämistä. Mukana palloneula, puhallinsuutin, Presta-istukka, inflaattorin suutinkappale ja Schrader-istukka HUOM! Tuote ei sisällä akkua.",125.0,Milwaukee Tools,
18263927000,Milwaukee Laturi M18 TC-0,https://tarvike.com/product/milwaukee-laturi-m18-tc-0-169538,https://media.tarvike.com/product/images/169538/original/192245.png,199.0,"M18™ kaksisuuntainen laturi ja virtalähde Lataa M18™-akun 105 minuutissa mukana tulevalla 65 W virtalähteellä Lataa kaikki USB-C-yhteensopivat laitteet USB-C:n kautta, kuten matkapuhelimet, tabletit ja kannettavat tietokoneet Kaksi USB-C-porttia (100 W -portti ja 15 W -portti) Yhteensopiva kaikkien M18™-akkujen kanssa Vähentää tarvetta kantaa mukana suurikokoista laturia ja mahdollistaa lataamisen kompaktissa muodossa Mukana toimitetaan 65 W seinäsovitin ja 100 W USB-C - USB-C-kaapeli",129.0,Milwaukee Tools,
18169310001,"Milwaukee Dyckert-naulat, pieni kanta 18G/40mm/SC1 5000P",https://tarvike.com/product/milwaukee-dyckert-naulat-pieni-kanta-18g40mmsc1-5000p-127160,https://media.tarvike.com/product/images/127160/original/162039.webp,33.0,Yhteensopiva M18 FN18GS -mallin kanssa. Muovisidos.,21.0,Milwaukee Tools,
18169297001,Milwaukee Jänniteilmaisin 2225-20,https://tarvike.com/product/milwaukee-janniteilmaisin-2225-20-127189,https://media.tarvike.com/product/images/127189/original/162113.jpg,90.0,Milwaukee 2225-20 yhdistää jänniteilmaisimen ja laserlämpömittarin – tunnistaa 12–1000 V AC jännitteen ja mittaa lämpötilan -30°C–250°C tarkasti.,59.0,Milwaukee Tools,
18169294001,Milwaukee M18 FUEL™ Yhdistelmävasara runko,https://tarvike.com/product/milwaukee-m18-fuel-yhdistelmavasara-runko-127133,https://media.tarvike.com/product/images/127133/original/161966.webp,539.0,"Milwaukee M18 FH on 4-toimintoinen SDS-Plus yhdistelmävasara, joka tarjoaa 2,5 J iskuenergian, matalan tärinätason ja luokkansa nopeimman porausnopeuden.",339.0,Milwaukee Tools,
18169275001,Milwaukee Kärkihylsysarja Hex 3/8 11P,https://tarvike.com/product/milwaukee-karkihylsysarja-hex-38-11p-127174,https://media.tarvike.com/product/images/127174/original/166041.webp,93.5,Kuusiokolokärkihylsyt,59.0,Milwaukee Tools,
18169274001,Milwaukee Kärkihylsysarja HEX 1/4 6P,https://tarvike.com/product/milwaukee-karkihylsysarja-hex-14-6p-127173,https://media.tarvike.com/product/images/127173/original/162061.jpg,51.4,Yksittäinen taottu muotoilu lisää kestävyyttä korkeaa vääntöä vaativissa tehtävissä.,29.0,Milwaukee Tools,
18169273001,Milwaukee Kärkihylsysarja Torx 3/8 10p,https://tarvike.com/product/milwaukee-karkihylsysarja-torx-38-10p-127172,https://media.tarvike.com/product/images/127172/original/162060.jpg,81.2,Yksittäinen taottu muotoilu lisää kestävyyttä korkeaa vääntöä vaativissa tehtävissä.,49.0,Milwaukee Tools,
18169272001,Milwaukee Kärkihylsysarja Torx 1/4 6P,https://tarvike.com/product/milwaukee-karkihylsysarja-torx-14-6p-127171,https://media.tarvike.com/product/images/127171/original/162055.jpg,51.4,Yksittäinen taottu muotoilu lisää kestävyyttä korkeaa vääntöä vaativissa tehtävissä.,29.0,Milwaukee Tools,
18169271001,Milwaukee Tarkkuuskärkimeisselit 39in1,https://tarvike.com/product/milwaukee-tarkkuuskarkimeisselit-39in1-127170,https://media.tarvike.com/product/images/127170/original/162054.jpg,67.8,Kattava ruuvauskärkisarja magneettisella kärjellä.,45.0,Milwaukee Tools,
18169270001,Milwaukee Adapteri SHW 1/2 nelik 1/4 naaras,https://tarvike.com/product/milwaukee-adapteri-shw-12-nelik-14-naaras-127156,https://media.tarvike.com/product/images/127156/original/162033.png,35.0,Hylsyadapteri DIN 3121 / ISO 1174 kuulalukituksella.,16.0,Milwaukee Tools,
18169267001,Milwaukee Reikäsaha bimetalli HD 68mm,https://tarvike.com/product/milwaukee-reikasaha-bimetalli-hd-68mm-127163,https://media.tarvike.com/product/images/127163/original/162043.png,31.4,Tämä kattava ja laadukas reikäsahanterävalikoima on täydellinen eri materiaalien sahaamiseen.,20.0,Milwaukee Tools,
18169266001,Milwaukee Reikäsaha bimetalli HD 111mm,https://tarvike.com/product/milwaukee-reikasaha-bimetalli-hd-111mm-127215,https://media.tarvike.com/product/images/127215/original/162150.jpg,74.8,Tämä kattava ja laadukas reikäsahanterävalikoima on täydellinen eri materiaalien sahaamiseen.,49.0,Milwaukee Tools,
18169265001,Milwaukee Reikäsaha Bimetalli HD 105MM,https://tarvike.com/product/milwaukee-reikasaha-bimetalli-hd-105mm-127214,https://media.tarvike.com/product/images/127214/original/162150.jpg,51.2,Tämä kattava ja laadukas reikäsahanterävalikoima on täydellinen eri materiaalien sahaamiseen.,35.0,Milwaukee Tools,
18169264001,Milwaukee Reikäsaha bimetalli HD 98mm,https://tarvike.com/product/milwaukee-reikasaha-bimetalli-hd-98mm-127213,https://media.tarvike.com/product/images/127213/original/162150.jpg,44.7,Tämä kattava ja laadukas reikäsahanterävalikoima on täydellinen eri materiaalien sahaamiseen.,29.0,Milwaukee Tools,
18169263001,Milwaukee Reikäsaha bimetalli HD 46mm,https://tarvike.com/product/milwaukee-reikasaha-bimetalli-hd-46mm-127212,https://media.tarvike.com/product/images/127212/original/162150.jpg,24.8,Tämä kattava ja laadukas reikäsahanterävalikoima on täydellinen eri materiaalien sahaamiseen.,16.0,Milwaukee Tools,
18169262001,Milwaukee Reikäsaha bimetalli HD 44mm,https://tarvike.com/product/milwaukee-reikasaha-bimetalli-hd-44mm-127211,https://media.tarvike.com/product/images/127211/original/162150.jpg,23.9,Tämä kattava ja laadukas reikäsahanterävalikoima on täydellinen eri materiaalien sahaamiseen.,15.0,Milwaukee Tools,
18169259001,"Milwaukee Pidin reikäsaha HEX 9,5 14-30mm",https://tarvike.com/product/milwaukee-pidin-reikasaha-hex-95-14-30mm-127206,https://media.tarvike.com/product/images/127206/original/162143.jpg,22.6,DIAMOND PLUS™ -poranterillä ja -reikäsahoilla on erinomainen käyttöikä ja porausteho.,15.0,Milwaukee Tools,
18169257001,Milwaukee Vasarapora SDS+ MX4 8x115,https://tarvike.com/product/milwaukee-vasarapora-sds-mx4-8x115-127202,https://media.tarvike.com/product/images/127202/original/162137.jpg,11.8,"Uusi kierremuotoilu: ohut ura kärjessä poistaa porausroskat tehokkaammin, tuottaa suuremman nopeuden ja vähentää kitkan syntymistä.",8.0,Milwaukee Tools,
18169256001,Milwaukee Vasarapora SDS+ MX4 6x115,https://tarvike.com/product/milwaukee-vasarapora-sds-mx4-6x115-127201,https://media.tarvike.com/product/images/127201/original/162136.jpg,9.8,"Uusi kierremuotoilu: ohut ura kärjessä poistaa porausroskat tehokkaammin, tuottaa suuremman nopeuden ja vähentää kitkan syntymistä.",7.0,Milwaukee Tools,
18169255001,Milwaukee Puukkosahan terä 300mm/4TPI Inox,https://tarvike.com/product/milwaukee-puukkosahan-tera-300mm4tpi-inox-127200,https://media.tarvike.com/product/images/127200/original/165990.webp,27.3,"Terä on valmistettu ruostumattomasta teräksestä, mikä tekee siitä korroosionkestävän ja ihanteellisen jäätyneiden materiaalien sahaamiseen.",17.0,Milwaukee Tools,
18169251001,Milwaukee Vasarapora SDS+ MX4 12x260,https://tarvike.com/product/milwaukee-vasarapora-sds-mx4-12x260-127162,https://media.tarvike.com/product/images/127162/original/162042.png,22.9,"Uusi kierremuotoilu: ohut ura kärjessä poistaa porausroskat tehokkaammin, tuottaa suuremman nopeuden ja vähentää kitkan syntymistä.",14.0,Milwaukee Tools,
18169249001,Milwaukee Vasarapora SDS+ MX4 12x210,https://tarvike.com/product/milwaukee-vasarapora-sds-mx4-12x210-127150,https://media.tarvike.com/product/images/127150/original/161998.jpg,20.4,"Uusi kierremuotoilu: ohut ura kärjessä poistaa porausroskat tehokkaammin, tuottaa suuremman nopeuden ja vähentää kitkan syntymistä.",9.0,Milwaukee Tools,
18169248001,Milwaukee Pidin reikäsaha HEX 7/16 32-210,https://tarvike.com/product/milwaukee-pidin-reikasaha-hex-716-32-210-127144,https://media.tarvike.com/product/images/127144/original/161993.webp,41.5,"Reikäsahan pidike Milwaukeelta 7/16"" kuusiokolokiinnikkeellä.",26.0,Milwaukee Tools,
18169242001,Milwaukee Elektroniiikkapihdit,https://tarvike.com/product/milwaukee-elektroniiikkapihdit-127169,https://media.tarvike.com/product/images/127169/original/162053.jpg,25.2,Milwaukee Electronics Pliers -sarja tarjoaa tarkkuutta ja kestävyyttä elektroniikka-asennuksiin. Ergonominen muotoilu ja laadukkaat materiaalit takaavat tehokkaan työskentelyn.,15.0,Milwaukee Tools,
17861782000,"Milwaukee M18™ FORGE™ 6,0 Ah -akku",https://tarvike.com/product/milwaukee-m18-forge-60-ah-akku-169572,https://media.tarvike.com/product/images/169572/original/192080.png,399.0,"Tuottaa saman tehon kuin HIGH OUTPUT™ 12,0 Ah -akku, mutta pienemmässä koossa Latautuu 80 prosenttiin 15 minuutissa M18™ kaksipaikkaisella pikalaturilla Todella pitkä käyttöikä ja erinomainen suorituskyky REDLITHIUM™ FORGE™ tuottaa parhaimman tehon, nopeimmat lataukset ja pisimmän käyttöiän REDLITHIUM™-akkuvalikoiman sisällä Paras suoja työmaa-, sää- ja ympäristöolosuhteissa Kestävä kotelo on suunniteltu antamaan parempi suoja yleisiä öljyjä, liuottimia ja rasvoja vastaan REDLINK™-älykkyys tuottaa optimaallisen virransiirron ja kommunikaation työkalun, akun ja laturin välillä Yhteensopiva kaikkien M18™-työkalujen kanssa Parannettu virtamittari on luettavissa suorassa auringonvalossa",219.0,Milwaukee Tools,
1754424000,CLEN Garden EC 550 Inox Avokaivopumppu,https://tarvike.com/product/clen-garden-ec-550-inox-avokaivopumppu-145183,https://media.tarvike.com/product/images/145183/original/176586.jpg,159.0,"Tehokas, hyvän paineen tuottava pumppu veden pumppaamiseen kaivosta, säiliöstä tai järvestä. Soveltuu käytettäväksi esim. sadettimen kanssa. Huoltovapaa vesijäähdytetty moottori lämpösuojalla. Vakiovarusteet: monipuolinen letkuliitin, automaattinen pintakatkaisija ja naru asennusta varten.",139.0,Clen,
1710447002,"Hikoki Ketjusaha CS35SB 1900W 350MM/14""",https://tarvike.com/product/hikoki-ketjusaha-cs35sb-1900w-350mm14-106172,https://media.tarvike.com/product/images/106172/original/148946.jpg,199.0,,159.2,Hikoki,
16971524001,"Typhoon Lisävaloteline, 606mm",https://tarvike.com/product/typhoon-lisavaloteline-606mm-106013,https://media.tarvike.com/product/images/106013/original/148673.jpg,34.5,,29.3,,
16971353001,"Milwaukee monitoimityökalu M18 BMT-0, runko",https://tarvike.com/product/milwaukee-monitoimityokalu-m18-bmt-0-runko-105413,https://media.tarvike.com/product/images/105413/original/148390.jpg,295.0,"Jopa 50 % nopeampi ja monipuolisempi akkukäyttöinen ratkaisu sahaamiseen sekä materiaalin tehokkaaseen poistoon REDLINK™-ylikuormitussuojan elektroniikka työkaluissa ja akussa tuottaa luokkansa parhaan kestävyyden 12 nopeusasetista (12 000 - 18 000 rpm) ja 3,4° vasen/oikea värähtelykulma mahdollistaa nopeat, ammattitasoiset toiminnot eri materiaaleihin kuten metalli, puu ja muovi Tehokkuutta lisäävä FIXTEC™ avaimeton terän vaihto. Mukana yleisadapteri, johon sopivat myös muiden valmistajien terät REDLITHIUM™-akun ylivoimainen rakenne, elektroniikka ja jatkuva suorituskyky takaavat pidemmän käyttöajan ja -iän Ainutlaatuinen katkaisusyvyyden rajoitin estää materiaalin ylileikkaamisen Ainutlaatuinen pölynpoistojärjestelmä auttaa pitämään työtilan vapaana pölystä kun laite on kytkettynä verkkovirtakäyttöiseen pölynimuriin Kirkas LED-työvalo valaisee työstettävän pinnan Toimii kaikilla MILWAUKEE® M18™ -akuilla HUOM! Tuote ei sisällä akkua!",179.0,Milwaukee Tools,
16971246001,"Hikoki Mutterinväännin 1/2"" 36V WR36DB MV HSC runko",https://tarvike.com/product/hikoki-mutterinvaannin-12-36v-wr36db-mv-hsc-runko-105383,https://media.tarvike.com/product/images/105383/original/148444.jpg,429.0,"äärimmäisen voimakas mutterinväännin 1650 Nm väännöllä avatessa ja 1050 Nm kiristysmomentilla soveltuu niihin raskaisiin töihin, joihin akkukoneet eivät ole ennen kyenneet kevyt ja ergonominen (kokonaispituus 221 mm) pitkäikäinen ja tehokas hiiliharjaton moottori IP56-luokiteltu: pöly- ja roiskevesitiivis 1/2"" kara neljä kierros-/iskuluvun säätöasetusta LED-valo akkuindikaattori akun tilan seuraamiseen varustettu vyökoukulla ja ranneremmillä akkukiinnitys liuku",343.2,Hikoki,
16971205001,Milwaukee mutterinväännin M18 ONEFHIWF1D-0C runko,https://tarvike.com/product/milwaukee-mutterinvaannin-m18-onefhiwf1d-0c-runko-105376,https://media.tarvike.com/product/images/105376/original/148173.jpg,1599.0,"Milwaukee M18 ONEFHIWF1D-0C mutterinväännin D-kahvalla ja pitkällä 150 mm karalla tuottaa 2576 Nm kiristysmomentin ilman johtoja, polttoainetta ja pneumatiikkaa. Mutterinväännin tuottaa jopa 2711 Nm vääntömomentin, mikä irrottaa mutterit jopa M42 asti.",1125.0,Milwaukee Tools,
16971146001,Hikoki Akkukonesarja 18V 5AH DS18DBSL/WR18DBDL2/G18DBBVL,https://tarvike.com/product/hikoki-akkukonesarja-18v-5ah-ds18dbslwr18dbdl2g18dbbvl-105369,https://media.tarvike.com/product/images/105369/original/148163.jpg,919.0,Hikoki Akkukonesarjassa on tehokkaat koneet huoltovapaalla hiiliharjattomalla moottorilla. HPS ylikuormitussuoja (Hitachi Protection System).,599.0,Hikoki,
16970704001,Milwaukee laturi M1418 C6,https://tarvike.com/product/milwaukee-laturi-m1418-c6-105447,https://media.tarvike.com/product/images/105447/original/148330.jpg,255.0,Milwaukee M14 / M18 laturi lataa jopa 6 akkua vuorollaan. Laturin ohitustoiminnon avulla käyttäjä voi valita akun joka ladataan ensimmäisenä. Integroidut reiät koukuille mahdollistavat kiinnityksen seinälle Kompakti koko Kätevä kantokahva,145.0,Milwaukee Tools,
16970632001,Milwaukee kulma-adapteri rasvaprässiin M18GG,https://tarvike.com/product/milwaukee-kulma-adapteri-rasvaprassiin-m18gg-105425,https://media.tarvike.com/product/images/105425/original/148377.jpg,46.34,"Kulma adapteri Milwaukee rasvaprässiin. pituus 70 mm leveys 45 mm korkeus 20 mm paino 0,1 kg",39.0,Milwaukee Tools,
16970609001,Milwaukee suodatin rikkaimurille M18CV,https://tarvike.com/product/milwaukee-suodatin-rikkaimurille-m18cv-105421,https://media.tarvike.com/product/images/105421/original/148382.jpg,29.81,Suodatin rikkaimurille M18 CV.,21.0,Milwaukee Tools,
16970580001,"Milwaukee Kuumailmapuhallin M18 BHG-0, runko",https://tarvike.com/product/milwaukee-kuumailmapuhallin-m18-bhg-0-runko-105416,https://media.tarvike.com/product/images/105416/original/148387.jpg,225.0,Milwaukee M18 BHG-0 Kuumailmapuhallin tuottaa jopa 470°C lämpötilan ja saavuttaa käyttölämpötilan 6 sekunnissa. Kuumailmapuhaltimen REDLINK™-ylikuormitussuojan elektroniikka työkaluissa ja akussa tuottaa luokkansa parhaan kestävyyden.,149.0,Milwaukee Tools,
16959042001,"Milwaukee M18 FSAG125X-0 125mm Kulmahiomakone liukukytkimellä, runko",https://tarvike.com/product/milwaukee-m18-fsag125x-0-125mm-kulmahiomakone-liukukytkimella-runko-105735,https://media.tarvike.com/product/images/105735/original/148464.jpg,399.0,"Tuottaa 1200 W sähkökäyttöistä työkalua vastaavan tehon. Pienempi vaihdepään koko ja akkukotelon matalampi kulma parantavat tasapainoa ja ergonomiaa edelliseen malliin verrattuna. AVS-sivukahva vähentää tärinää. Integroitu FIXTEC™-järjestelmä mahdollistaa työkaluttoman laikan vaihtamisen. Ohut kahvan muotoilu. Irrotettava pölyikkuna estää roskien pääsyn koneen sisälle ja pidentää moottorin käyttöikää. 125 mm rikkomasuoja mahdollistaa parhaan katkaisukapasiteetin ja työkaluttoman suojan säätämisen. Turvakytkin jälleenkäynnistymissuojalla estää vahinkokäynnistymisen. FUEL™ yhdistää kolme MILWAUKEE®-teknologiaa: hiiliharjattoman POWERSTATE™-moottorin, REDLITHIUM™-akun ja REDLINK PLUS™ -elektroniikan, mitkä tuottavat enemmän voimaa, käyttöaikaa ja -ikää. Toimii kaikilla MILWAUKEE® M18™ -akuilla. Sisältää: Rikkomasuoja pikaliittimellä, katkaisusuojan pidin, AVS-sivukahva, laippa, laipan mutteri, kiristin, pölyikkuna",195.0,Milwaukee Tools,
15397644001,M18™-aluevalaisin,https://tarvike.com/product/m18-aluevalaisin-169405,https://media.tarvike.com/product/images/169405/original/192179.png,169.0,"1000 lumenin TRUEVIEW™-teräväpiirtovalaisu Jopa 100 tunnin käyttöaika yhden M18™ 5,0 Ah -akun latauksella USB-A (12 W) ja USB-C (27 W) pienten laitteiden lataamiseen Integroitu ripustuskoukku 300° vaakasuora ja 180° pystysuora valaisupään liikkuvuus M18™-järjestelmän kompaktein valaisin Toimii kaikilla MILWAUKEE® M18™ -akuilla",109.0,Milwaukee Tools,
15397629001,Milwaukee M12 FUEL™ kompakti iskuporakone,https://tarvike.com/product/milwaukee-m12-fuel-kompakti-iskuporakone-169526,https://media.tarvike.com/product/images/169526/original/192152.png,239.0,"Mukana toimitetaan: Vyöpidin, kärkipidin",175.0,Milwaukee Tools,
11489209001,Suorahiomakone GP18DB Runko,https://tarvike.com/product/suorahiomakone-gp18db-runko-150218,https://media.tarvike.com/product/images/150218/original/188706.webp,339.0,"Huom! pelkkä konerunko (akku, laturi ja lisävarusteet eivät sisälly toimitukseen), sisältää 2 avainta ja säilytyslaukun.",237.3,Hikoki,
11197793001,Reppuruisku ROSY 22,https://tarvike.com/product/reppuruisku-rosy-22-149566,https://media.tarvike.com/product/images/149566/original/188657.webp,94.0,"Säiliö 22,8 l, max. täyttö 21 l.",69.0,GDM Di Martino,
10606333002,Hikoki Kulmahiomakone 125mm 730W G13SR4,https://tarvike.com/product/hikoki-kulmahiomakone-125mm-730w-g13sr4-150225,https://media.tarvike.com/product/images/150225/original/183242.webp,79.0,"Hdullinen, kevyt ja matala kulmahiomakone kevyisiin ja keskiraskaisiin katkaisuihin. Ergonominen ja kapea kahva.",59.0,Hikoki,
1772199000,"Motobatt akku, MBT12B4",https://tarvike.com/product/motobatt-akku-mbt12b4-129347,https://media.tarvike.com/product/images/129347/original/172421.png,86.9,"Tehdasaktivoitu, ei happoa täytettäväksi, vain tarkista lataus ja mene!12 kuukauden vaihtotakuuYT12BBS, YT12B4",51.9,Motobatt,
1772931000,Sno-X Työkalusarja,https://tarvike.com/product/sno-x-tyokalusarja-131581,https://media.tarvike.com/product/images/131581/original/170593.jpg,23.3,,13.9,Sno-X,
9890115002,Milwaukee M12 FUEL™ ½″ kompakti iskevä mutterinväännin kitkarenkaalla,https://tarvike.com/product/milwaukee-m12-fuel-kompakti-iskeva-mutterinvaannin-kitkarenkaalla-169445,https://media.tarvike.com/product/images/169445/original/192258.png,385.0,Mukana toimitetaan: Vyöpidin,265.0,Milwaukee Tools,
9884102002,Milwaukee volttimittari,https://tarvike.com/product/milwaukee-volttimittari-169491,https://media.tarvike.com/product/images/169491/original/192178.png,35.0,,31.0,Milwaukee Tools,
9884101002,M18 FUEL™ -monitoimityökalu,https://tarvike.com/product/m18-fuel-monitoimityokalu-169493,https://media.tarvike.com/product/images/169493/original/192160.png,409.0,"Mukana toimitetaan: OPEN-LOK yleisterä puulle, hionta-alusta, hiomapaperi karkeus 60, hiomapaperi karkeus 80, 2 x hiomapaperi karkeus 120, hiomapaperi karkeus 240",249.0,Milwaukee Tools,
9740425002,CRX Työvalo LED Paneeli Agena 21000X,https://tarvike.com/product/crx-tyovalo-led-paneeli-agena-21000x-153365,https://media.tarvike.com/product/images/153365/original/181700.webp,159.0,CRX Työvalo LED Paneeli Agena 21000X.,109.0,CRX,
9740423002,CRX Lisävalopaneeli LED Regem 43YC Kaareva,https://tarvike.com/product/crx-lisavalopaneeli-led-regem-43yc-kaareva-153382,https://media.tarvike.com/product/images/153382/original/192087.jpg,299.0,CRX kaareva lisävalopaneeli.,229.0,CRX,
9738326002,Milwaukee Leveä Taltta SDSPLUS  250X40MM,https://tarvike.com/product/milwaukee-levea-taltta-sdsplus-250x40mm-169585,https://media.tarvike.com/product/images/169585/original/192063.png,45.5,250X40MM,20.0,Milwaukee Tools,
8629143001,Käyttökytki ON/OFF,https://tarvike.com/product/kayttokytki-onoff-156089,https://media.tarvike.com/product/images/156089/original/180512.jpeg,31.0,KJD12 10/16A.,23.0,IKH,
8629142001,Metallivannesahanterä,https://tarvike.com/product/metallivannesahantera-156090,https://media.tarvike.com/product/images/156090/original/180511.jpeg,49.0,"Koko 1638 x 13 x 0,65 mm. (XW032:seen)",36.0,IKH,
8374301002,Sinkilänaulain SG31/40-A1 Kaasu,https://tarvike.com/product/sinkilanaulain-sg3140-a1-kaasu-150177,https://media.tarvike.com/product/images/150177/original/181776.webp,799.0,Kaasutoiminen Sinkilänaulain SG31/40-A1.,479.4,BASSO,
8374257002,Puutaltta R11mm Kouru Tupella Hultafors,https://tarvike.com/product/puutaltta-r11mm-kouru-tupella-hultafors-150381,https://media.tarvike.com/product/images/150381/original/188718.webp,32.5,Sisäpuolelta teroitettu kourutaltta antaa täydellisen 11 mm säteen yhdellä työnnöllä.,24.0,Hultafors,
8374249002,"Räikkäväännin 1/2"" RP207 Basso",https://tarvike.com/product/raikkavaannin-12-rp207-basso-150179,https://media.tarvike.com/product/images/150179/original/189272.webp,122.0,"Kompakti ja kevyt, ihanteellinen työskenneltäessä ahtaissa tiloissa.",97.6,BASSO,
8374239002,"Milwaukee 3/8"" Räikkäväännin",https://tarvike.com/product/milwaukee-38-raikkavaannin-109347,https://media.tarvike.com/product/images/109347/original/153053.jpg,57.3,90 hampainen räikkä 4 asteen kaarella mahdollistaa työskentelyn ahtaissa tiloissaOhut pää tarjoaa paremman pääsyn työskentelytiloihin,45.0,Milwaukee Tools,
8374238002,"Milwaukee 1/4"" Räikkäväännin",https://tarvike.com/product/milwaukee-14-raikkavaannin-109346,https://media.tarvike.com/product/images/109346/original/153049.jpg,51.4,"90 hampainen räikkä 4 asteen kaarella mahdollistaa työskentelyn ahtaissa tiloissaOhut pää mahdollistaa paremman pääsyn työskentelytiloihinPituus 152 mm / 6 """,39.0,Milwaukee Tools,
735029002,"Työkalusarja 1/4"" ja 1/2"" 141-os.",https://tarvike.com/product/tyokalusarja-14-ja-12-141-os-145324,https://media.tarvike.com/product/images/145324/original/176820.webp,183.0,Työkalusarja sisältää monipuolisesti työkaluja.,139.0,IKH,
734955002,Mig Hitsauspaketti HAK2500 + TÄYD.,https://tarvike.com/product/mig-hitsauspaketti-hak2500-tayd-145314,https://media.tarvike.com/product/images/145314/original/176807.webp,2590.0,HAKAS PLUSMIG 2500 on monipuolisiin hitsaustöihin suunniteltu moderni uuden sukupolven muuntajalla varustettu MIG/MAG-hitsauskone.,1899.0,IKH,
734935002,Rasvaprässi AL18DA- runko,https://tarvike.com/product/rasvaprassi-al18da-runko-145306,https://media.tarvike.com/product/images/145306/original/176797.webp,429.0,"Kaksi nopeutta, 297 ml/min maksimisyötöllä, varmistavat tasaisen ja luotettavan voitelun.",385.0,Hikoki,
732282001,Kaapelikela 25m,https://tarvike.com/product/kaapelikela-25m-145318,https://media.tarvike.com/product/images/145318/original/176811.webp,129.0,"3x 2,5mm kaapelikela. Kumi-/neopreenikaapeli 25m (H07RN-F 3x2,5 mm²).",115.0,CRX,
730102002,CLEN Garden EC 950 Inox Vesiautomaatti,https://tarvike.com/product/clen-garden-ec-950-inox-vesiautomaatti-145178,https://media.tarvike.com/product/images/145178/original/176583.jpg,259.0,"Veteen upotettava erittäin tehokas painevesiautomaatti. Täysautomaattinen pumppu käynnistyy ja sammuu, kun hana avataan ja suljetaan. Pumpussa on sisäänrakennettu takaiskuventtiili.",233.1,Clen,
721294001,CLEN ESUB 650 Painevesiautomaatti,https://tarvike.com/product/clen-esub-650-painevesiautomaatti-145175,https://media.tarvike.com/product/images/145175/original/176576.jpg,394.0,"ESUB on uuden sukupolven vesiautomaatti joka täyttää kaikki viimeisimmät energiatehokkuus vaatimukset. Esub on helpoin ja vaivattomin ratkaisu, kun haluat saada tehokkaasti juoksevaa vettä esim. kesämökille, saunalle tai puutarhaan.",369.0,Clen,
5725413000,Milwaukee Packout kuljetusalusta,https://tarvike.com/product/milwaukee-packout-kuljetusalusta-127185,https://media.tarvike.com/product/images/127185/original/162099.png,234.6,Milwaukee PACKOUT™ -kuljetusalusta kestää jopa 113 kg kuorman. Lukitusjarru ja sivulukot takaavat turvallisen käytön. Yhteensopiva PACKOUT™-järjestelmän kanssa.,159.0,Milwaukee Tools,
5725410000,Milwaukee Teline sivukiinnike Packout,https://tarvike.com/product/milwaukee-teline-sivukiinnike-packout-127182,https://media.tarvike.com/product/images/127182/original/162089.jpg,44.3,"Milwaukee PACKOUT™ -sivukiinnike pitkille työkaluille tarjoaa turvallisen ja nopean säilytysratkaisun vesivaaoille, sorkkaraudoille ja muille pitkille työkaluille.",30.0,Milwaukee Tools,
5725408000,Milwaukee Lokerikko rasioilla PACKOUT,https://tarvike.com/product/milwaukee-lokerikko-rasioilla-packout-127176,https://media.tarvike.com/product/images/127176/original/162066.jpg,197.0,"Milwaukee PACKOUT™ -lokerikko kallistuvilla rasioilla tarjoaa 10 läpinäkyvää säilytysrasiaa, 22,7 kg kantavuuden ja modulaarisen yhteensopivuuden.",129.0,Milwaukee Tools,
5444403002,Milwaukee kulmahiomakone  AG 800-125 E,https://tarvike.com/product/milwaukee-kulmahiomakone-ag-800-125-e-109478,https://media.tarvike.com/product/images/109478/original/153409.jpg,133.0,"Milwaukee AG 800-125 E Kulmahiomakoneen 800 W moottorissa riittää tehoa erilaisiin työtehtäviin ja vain 2,0 kg paino tekee työskentelystä mukavaa. Kulmahiomakoneen jälleenkäynnistymissuoja estää automaattisen käynnistymisen sähkökatkon jälkeen.Mukana toimitetaan: Rikkomasuoja, sivukahva, laippa, laippamutteri, avain",79.0,Milwaukee Tools,
5362244002,Reikäsaha HSS Bi-metalli,https://tarvike.com/product/reikasaha-17mm-hss-bi-metalli-39217,https://media.tarvike.com/product/images/39217/original/188603.webp,13.0,Kolmikulmainen keskiöporan kiinnitys varmistaa reiän pyöreyden ja pitkän käyttöiän reikäporalle.,10.4,Hitachi,
5216267002,Painekytkin puutarhapumpulle,https://tarvike.com/product/painekytkin-puutarhapumpulle-149615,https://media.tarvike.com/product/images/149615/original/188465.webp,89.0,Sopii puutarha- ja porakaivopumpuille. Kuivakäyntisuoja,69.0,Elpumps,
5017915002,Lisävalon tukitankopari Litteä,https://tarvike.com/product/lisavalon-tukitankopari-littea-156570,https://media.tarvike.com/product/images/156570/original/188144.jpg,15.2,"Ruostumatonta terästä. blister, ruuvit sis. 200mm litteä.",9.1,Startax,
4964048000,Clen Inox DW 750 Uppopumppu,https://tarvike.com/product/clen-inox-dw-750-uppopumppu-103130,https://media.tarvike.com/product/images/103130/original/144380.jpg,120.0,RST uppopumppu puhtaan ja likaisen veden pumppaukseen. Hyvin suunnitellun rakenteensa ansiosta likaista vettä pumpatessa jopa 25 mm partikkelit pääsevät pumpun läpi tukkimatta sitä. Pumppu on varustettu pintakytkimellä.,108.0,Clen,
4964042000,Milwaukee vesipumppu M18 BTP-0,https://tarvike.com/product/milwaukee-vesipumppu-m18-btp-0-103127,https://media.tarvike.com/product/images/103127/original/144383.jpg,445.0,"18V vesipumppu painaa 3,4 kg, mikä tekee siitä kevyemmän kuin muut vesipumput samassa työtehtävässä. Veden virtausnopeus on 1817 l/h, jolloin se voi siirtää 908 l vedestä yhden M18™ 5,0 Ah -akun latauksella. HUOM! Tuote ei sisällä akkua.",329.0,Milwaukee Tools,
4964039000,Elpumps Vesipumppu 1300W Inox Auto,https://tarvike.com/product/elpumps-vesipumppu-1300w-inox-auto-103125,https://media.tarvike.com/product/images/103125/original/146550.jpg,310.0,Laadukas jatkuvaan käyttöön tarkoitettu vesipumppu puhtaalle vedelle.,299.0,IKH,
4964020000,Honda WT20 lietepumppu,https://tarvike.com/product/honda-wt20-lietepumppu-103112,https://media.tarvike.com/product/images/103112/original/147029.jpg,1490.0,"Lietepumppu pumppaa nimensä mukaan nestettä, jossa on kiinteitä partikkeleita. WT -sarjan pumpuilla voi pumpata jopa 31mm kiinteitä partikkeleita. Pumppupesä on helposti ja nopeasti avattavissa, mikäli tukkeutuu. Näitä pumppuja käytetään yleisesti omatoimiseen rannan ruoppaamiseen.",1341.0,Honda,
4964007000,Espina Uppopumppu 750W / 230V,https://tarvike.com/product/espina-uppopumppu-750w-230v-103106,https://media.tarvike.com/product/images/103106/original/147041.jpg,71.0,Myös likaisen veden pumppaamiseen. Maksimi tuotto 12500 l/h.,63.9,Espina,
4964002000,"Elpumps Uppopumppu 800W Inox 1 1/4"" max 30mm",https://tarvike.com/product/elpumps-uppopumppu-800w-inox-1-14-max-30mm-103103,https://media.tarvike.com/product/images/103103/original/147044.jpg,249.0,"Likavesipumppu, soveltuu myös merivedelle.",224.1,IKH,
4963982000,"Hipers Diesel Infrapunalämmitin 10,4KW DHOE-90",https://tarvike.com/product/hipers-diesel-infrapunalammitin-104kw-dhoe-90-103092,https://media.tarvike.com/product/images/103092/original/144363.webp,1690.0,"Tämä kompakti ja taloudellinen infrapunalämmitin sopii erinomaisesti kylmiin olosuhteisiin. LED-näytöllä varustettu ohjauspaneeli, kaukosäädin ja säädettävä lämpötila-alue (0...+40 °C) tekevät käytöstä vaivatonta. Automaattinen termostaattiohjaus ja ohjelmoitava sammutusaika lisäävät mukavuutta ja energiatehokkuutta.",1499.0,,
4963977000,Hipers Diesel infrapunalämmitin 14kw DHOE-120,https://tarvike.com/product/hipers-diesel-infrapunalammitin-14kw-dhoe-120-103089,https://media.tarvike.com/product/images/103089/original/144368.jpg,1990.0,"Tämä taloudellinen ja tehokas infrapunalämmitin sopii vaativiinkin olosuhteisiin. LED-näytöllä varustettu ohjauspaneeli, kaukosäädin ja säädettävä lämpötila-alue (0...+40 °C) tekevät käytöstä helppoa. Lämmittimen automaattinen termostaattiohjaus, ohjelmoitava sammutusaika sekä turvallisuusominaisuudet, kuten sytytyksen turvajärjestelmä, kaatumistunnistin ja ylikuumenemissuoja, takaavat huolettoman käytön.",1699.0,Hipers,
4963955000,Rato Generaattori 3.0KW AVR Bensa,https://tarvike.com/product/rato-generaattori-30kw-avr-bensa-103055,https://media.tarvike.com/product/images/103055/original/144319.jpg,449.0,"Tehokas ja luotettava bensiinikäyttöinen generaattori, joka tarjoaa 2,7 kW jatkuvaa tehoa ja 3,0 kW maksimitehoa. Varustettu 212 cc:n RATO 4-tahti OHV -moottorilla, 15 litran polttoainesäiliöllä ja automaattisella jännitteen säätimellä (AVR). Käyttöaika täydellä kuormalla jopa 7 tuntia. Kaksi 230 V Schuko-pistorasiaa ja 12 V ulostulo tarjoavat monipuoliset käyttömahdollisuudet. Kompakti koko ja 45 kg:n paino tekevät siirtämisestä helppoa.",389.0,Rato,
4916002,"Strongline Kompressori 50L/320L/2,2KW/240V 64DB(A) Siltek",https://tarvike.com/product/strongline-kompressori-50l320l22kw240v-64dba-siltek-147628,https://media.tarvike.com/product/images/147628/original/179862.webp,429.0,"Erittäin hiljainen ilmakompressori 64 dB, ihanteellinen ammattikäyttöön.",349.0,StrongLine,
4871741002,Lampunkanta D2S/R Xenon-polt.,https://tarvike.com/product/lampunkanta-d2sr-xenon-polt-156682,https://media.tarvike.com/product/images/156682/original/187982.jpg,7.9,D2S / R Xenon-polttimolle. (mm.85122).,4.7,Startax,
4582116000,REIKÄSAHA BIMETALLI HD 152MM,https://tarvike.com/product/reikasaha-bimetalli-hd-152mm-109511,https://media.tarvike.com/product/images/109511/original/153488.jpg,147.7,"- Sahausreunan teknologia parantaa tuottavuutta.- 3,5 hampaan muotoilu positiivisella 10° hammaskulmalla tuottaa seuraavat hyödyt: - Nopeampi ja aggressiivisempi katkaisu. - Parempi lämmön hajottaminen takaa, että hampaat pysyvät terävänä pidempään. - Syvemmät urat tuottavat tehokkaamman lastujen poistumisen, mikä estää jumiutumista ja lämmön kerääntymistä. - Erityinen hammaskulma ei revi ohuempia materiaaleja. - Vaihteleva hammastus minimoi sitoutumista ja kitkaa. - Aggressiivinen hammasgeometria ja hyvä lastujen poisto mahdollistaa pienemmän syöttöpaineen, mikä vähentää voimankäytön tarpeellisuutta työskennellessä.- Hammasmateriaali: Matrix II premium -pikaterästä käytetään reikäsahojen hammastukseen. Matrix II -teräs sisältää 8 % kobolttia, mikä säilyttää hampaiden alkuperäisen kestävyyden jopa korkeassa työskentelylämpötilassa. - Bimetallirakenne - Tehty erittäin kuumankestävästä kobolttiseostetusta pikateräksestä. Hampaat ovat lämpökäsitelty 65 HRC asti 600 asteessa pitkän kestävyyden ja käyttöiän takaamiseksi. - Matrix II -materiaali kestää kulutusta ja on siksi täydellinen vaikeiden ja kovien materiaalien, kuten ruostumattoman ja haponkestävän teräksen, sahaamiseen. Sopii myös pehmeiden materiaalien, kuten puun, katkaisemiseen.- 1,27 mm paksu teräsrunko on tarpeeksi jäykkä säilyttääkseen muotonsa, mutta myös joustava. 41 mm sahaussyvyys.- Taustalevyn muotoilu: - Taustalevyt on valmistettu paksusta teräksestä ja näin reiät eivät laajene ajan mukaan. - Paksu tausta lisää lujuutta ja jäykkyyttä vähentäen tärinää. - Helppo karan kiinnitys. - Pyöreä selkälevy sopii erityisesti suuremman läpimitan omaaville pyörösahoille.- Viistot lovet sahanterien sivuissa helpottavat porausroskien poistoa reikäsahanterän sisältä.- Käyttökohteet: - Korkeatasoinen valmistustekniikka varmistaa täsmällisen pyörimisen, ja tämän ansiosta nämä reikäsahat soveltuvat sekä käsi- että pylväsporiin (vain käsinsyöttö).- Tämä kattava ja laadukas reikäsahanterävalikoima on täydellinen eri materiaalien sahaamiseen: - Teräksen tiheys jopa 1000 N/mm² - Ruostumaton ja hapon kestävä teräs - Kirjometalli - Valurauta - Alumiini - Puu - Keskivahva kuitulevy (MDF) - Kipsilevy - Kattorakennusmateriaalit - PVC.",99.0,,
4582112000,REIKÄSAHA BIMETALLI HD 102MM,https://tarvike.com/product/reikasaha-bimetalli-hd-102mm-109507,https://media.tarvike.com/product/images/109507/original/153483.jpg,49.9,"- Sahausreunan teknologia parantaa tuottavuutta.- 3,5 hampaan muotoilu positiivisella 10° hammaskulmalla tuottaa seuraavat hyödyt: - Nopeampi ja aggressiivisempi katkaisu. - Parempi lämmön hajottaminen takaa, että hampaat pysyvät terävänä pidempään. - Syvemmät urat tuottavat tehokkaamman lastujen poistumisen, mikä estää jumiutumista ja lämmön kerääntymistä. - Erityinen hammaskulma ei revi ohuempia materiaaleja. - Vaihteleva hammastus minimoi sitoutumista ja kitkaa. - Aggressiivinen hammasgeometria ja hyvä lastujen poisto mahdollistaa pienemmän syöttöpaineen, mikä vähentää voimankäytön tarpeellisuutta työskennellessä.- Hammasmateriaali: Matrix II premium -pikaterästä käytetään reikäsahojen hammastukseen. Matrix II -teräs sisältää 8 % kobolttia, mikä säilyttää hampaiden alkuperäisen kestävyyden jopa korkeassa työskentelylämpötilassa. - Bimetallirakenne - Tehty erittäin kuumankestävästä kobolttiseostetusta pikateräksestä. Hampaat ovat lämpökäsitelty 65 HRC asti 600 asteessa pitkän kestävyyden ja käyttöiän takaamiseksi. - Matrix II -materiaali kestää kulutusta ja on siksi täydellinen vaikeiden ja kovien materiaalien, kuten ruostumattoman ja haponkestävän teräksen, sahaamiseen. Sopii myös pehmeiden materiaalien, kuten puun, katkaisemiseen.- 1,27 mm paksu teräsrunko on tarpeeksi jäykkä säilyttääkseen muotonsa, mutta myös joustava. 41 mm sahaussyvyys.- Taustalevyn muotoilu: - Taustalevyt on valmistettu paksusta teräksestä ja näin reiät eivät laajene ajan mukaan. - Paksu tausta lisää lujuutta ja jäykkyyttä vähentäen tärinää. - Helppo karan kiinnitys. - Pyöreä selkälevy sopii erityisesti suuremman läpimitan omaaville pyörösahoille.- Viistot lovet sahanterien sivuissa helpottavat porausroskien poistoa reikäsahanterän sisältä.- Käyttökohteet: - Korkeatasoinen valmistustekniikka varmistaa täsmällisen pyörimisen, ja tämän ansiosta nämä reikäsahat soveltuvat sekä käsi- että pylväsporiin (vain käsinsyöttö).- Tämä kattava ja laadukas reikäsahanterävalikoima on täydellinen eri materiaalien sahaamiseen: - Teräksen tiheys jopa 1000 N/mm² - Ruostumaton ja hapon kestävä teräs - Kirjometalli - Valurauta - Alumiini - Puu - Keskivahva kuitulevy (MDF) - Kipsilevy - Kattorakennusmateriaalit - PVC.",35.0,,
4582088000,Milwaukee yhdistelmälaser L4CLLP-301C,https://tarvike.com/product/milwaukee-yhdistelmalaser-l4cllp-301c-109483,https://media.tarvike.com/product/images/109483/original/153432.jpg,579.0,"-REDLITHIUM™ USB-ladattava ristiviivalaser vihreällä pysty- ja vaakaviivalla ja luotipisteillä (ylös ja alas) mahdollistaa monipuolisen työskentelyn- Korkealuokkaiset vihreät diodit tarjoavat jopa 4 kertaa paremman näkyvyden verrattuna punaiseen laseriin- Kirkkaan vihreät laserlinjat tuottavat 30 metrin työskentelyalueen ja jopa 100 metrin alueen tunnistimen kanssa- Ladattava REDLITHIUM™ 3,0 Ah USB-akku tuottaa työskentelyaikaa jopa yli 8 tunniksi- Yksi REDLITHIUM™ 3,0 Ah USB-akku vastaa jopa 6000 alkaline paristoa akun käyttöiän aikana- 3-tilainen heilurijärjestelmä: manuaalinen tila käytettäväksi missä tahansa kulmassa, itsetasoittava tila, mikä osoittaa tason ulkopuolella olevan tilan 4° itsevaaitusalueen avulla ja heilurilukko komponenttien suojaamiseksi kuljetuksen aikana- Integroitu magneettikiinnike vahvoilla maametallimagneeteilla, 1/4"" kolmijalan kierteet ja ripustusreikä mahdollistavat kiinnityksen teräkseen, puuhun ja kolmijalkaan- Magneettikiinnike mahdollistaa laserin 360° kääntämisen ja sisältää myös integroidun hienosäätönupin nopeaan linjaamiseen- Laseriin kiinnitettävä nousukiinnike helpottaa luotipisteiden näkemistä, kun laser on sijoitettu maahan tai teräsraiteen päälle- Vahva päällyste ja IP 54-suojaus tekevät laserista veden- ja kulutuksenkestävän ja se kestää pudotuksen jopa 1 metristä- Lataa kätevästi REDLITHIUM™ USB-akku sisäisesti micro-USB-kaapelilla USB-virtalähteestä tai pistorasiasta- Akun virtamittari laserin päällä ja sivussa mahdollistaa REDLITHIUM™ USB-akun virtatason nopean tarkastamisen- Mukana toimitetaan pidike ja nousukiinnike-Tuote sisältää: USB-ladattava ristiviivalaser - vihreä laserlinja ja luotipisteet, Redlithium 3,0 AH USB-akku (L4 B3), muovilaatikko",449.0,Milwaukee Tools,
4582084000,Milwaukee Laseretäisyysmittari LDM 30,https://tarvike.com/product/milwaukee-laseretaisyysmittari-ldm-30-109479,https://media.tarvike.com/product/images/109479/original/153413.jpg,130.6,"Helppokäyttöinen yhden henkilön osoita ja paina -toiminto, mahdollistaa yksittäiset mittaukset ja jatkuvan seurannan.",89.0,Milwaukee Tools,
4582074000,Milwaukee PVC-/Öljynsuodatinpihdit,https://tarvike.com/product/milwaukee-pvc-oljynsuodatinpihdit-109467,https://media.tarvike.com/product/images/109467/original/153373.jpg,26.2,"Monipuolinen 89 mm leukakapasiteetti kompaktissa 229 mm kokonaiskoossa tarjoaa monia eri ratkaisuja putki- ja autoalan tehtäviinMukavat kahvat, mitkä eivät kuoriuduTaottu malli suojaa pihtejä ruosteelta ja parantaa kestävyyttä",20.0,Milwaukee Tools,
4582038000,Milwaukee laserin vastaanotin LRD100,https://tarvike.com/product/milwaukee-laserin-vastaanotin-lrd100-109443,https://media.tarvike.com/product/images/109443/original/153286.jpg,435.0,"Milwaukee LRD100 -vastaanotin/ilmaisin laajentaa laserlinjatoimintoja jopa 100 metriin yhdessä kaikkien MILWAUKEE®-ristiviiva- ja ristilinjalaserien kanssa, sitä voidaan käyttää pyörivien yleislasereiden kanssa jopa 250 metrin säteellä. Millimetrinäyttö edessä ja takana mahdollistaa lasersäteen helpon ja tarkan tunnistamisen asennusprosessin parantamiseksi",299.0,Milwaukee Tools,
4582030000,"Milwaukee Packout Lokerikko, syvä",https://tarvike.com/product/milwaukee-packout-lokerikko-syva-109435,https://media.tarvike.com/product/images/109435/original/153256.jpg,127.1,"50 % korkeampi kuin tavallinen PACKOUT™-lokerikko, sopii työkalujen, akkujen, laturien ja muiden tuotteiden säilytykseenNopeasti liikuteltavat jakajat mahdollistavat laatikoiden mukauttamisen käyttöön sopivaksi22 kg painokapasiteettiOsa PACKOUT™-säilytysjärjestelmääValmistettu iskunkestävistä polymeereistä kestämään työmaaolosuhteitaIP65-luokiteltu sääsinetti suojaa sateelta ja työmaaroskalta",85.0,Milwaukee Tools,
4582027000,Milwaukee I-Beam Magneettinen Vesivaaka 60cm,https://tarvike.com/product/milwaukee-i-beam-magneettinen-vesivaaka-60cm-109432,https://media.tarvike.com/product/images/109432/original/153240.jpg,52.7,"Kevyt, vahvistettu alumiinirunkoMagneettinen reuna mahdollistaa handsfree-käytön metallin kanssa työskennellessäTarkkuus 0,029° (0.0005"" / in, 0,5 mm / m) normaalissa ja käänteisessä asennossaLibellitekniikka parantaa 1 ja 2 asteen kallistuksen luettavuuttaKorkean kontrastin libellit parantavat näkyvyyttäIskunkestävät päätytulpat",39.0,Milwaukee Tools,
4582023000,Milwaukee piikkaustaltta SDS+ SL 250 mm,https://tarvike.com/product/milwaukee-piikkaustaltta-sds-sl-250-mm-109428,https://media.tarvike.com/product/images/109428/original/153232.jpg,22.6,Piikkaustaltan erittäin pitkä työskentelypituus parantaa materiaalin poistoa ja uudelleenhiottu kärki pysy terävänä pidempään ja ei jumiudu.Jopa 2x pidempi käyttöikä verrattuna yleistalttoihinItsestäänteroittuva kärjen geometriaValmistettu Saksassa,13.0,Milwaukee Tools,
4582022000,Milwaukee 360°  Asennusteline laaserille,https://tarvike.com/product/milwaukee-360-asennusteline-laaserille-109427,https://media.tarvike.com/product/images/109427/original/153216.jpg,99.0,MILWAUKEE® 360° asennusteline nopeuttaa lasertöiden aloittamistaMonitasoisen kiertosäädön avulla käyttäjä voi helposti kiinnittää kaikki MILWAUKEE®-laserit telineeseenMikropystysäätö nopeuttaa vaakaviivojen kohdistamistaMolemminpuoliset maametallimagneetit tuottavat lujan pidon jopa ohuessa teräksessäIntegroitujen ruuvi- ja naulareikien ansiosta laserin asennus on helppoa ja tehokasta missä tahansa ympäristössäIntegroidut ¼″ & ?″ kierteet voidaan liittää helposti useimpiin jalustoihin,59.0,Milwaukee Tools,
4581996000,Milwaukee rullamitta magneetilla 10m,https://tarvike.com/product/milwaukee-rullamitta-magneetilla-10m-109397,https://media.tarvike.com/product/images/109397/original/153148.jpg,49.1,"- Voimakas magneetti mitan alkupäässä on helppo sijoittaa tasaisille pinnoille ja pyöreille putkille- Kompakti ja ergonominen muotoilu- Paranneltu, jopa 3,4 m ulottuvuus- Heijastamaton nylonnauhasuoja tekee rullamitasta jopa 10x kestävämmän työmaalla- 27 mm nauhassa on kaksipuoleinen mitta-asteikon painatus, mikä parantaa luettavuutta- Patentoitu sormipysäytin- 5 kohtaa vahvistettu kotelo- Luokan II tarkkuus- Arkkitehtiasteikko takaa helpon piirrustusten laskemisen- Pituus 8 m- Leveys 27 mm",25.0,Milwaukee Tools,
4578925000,IKH Hylsysarja 172-osainen,https://tarvike.com/product/ikh-hylsysarja-172-osainen-106183,https://media.tarvike.com/product/images/106183/original/148954.jpg,183.0,,149.0,IKH,
4578917000,IKH Kiintolenkkiavainsarja 14-osainen,https://tarvike.com/product/ikh-kiintolenkkiavainsarja-14-osainen-106178,https://media.tarvike.com/product/images/106178/original/148943.jpg,125.0,KromivanadiumterästäSisältää avaimet: 10 - 11 - 12 - 13 - 14 - 17 - 19 - 21 - 22 - 23 - 24 - 26 - 30 - 32 mm,99.0,IKH,
4578784000,Lisävalojen asennusrele can-väylään canm8,https://tarvike.com/product/lisavalojen-asennusrele-can-vaylaan-canm8-106050,https://media.tarvike.com/product/images/106050/original/148749.jpg,99.0,Asennetaan ajoneuvon Can väylän pitkien ja lyhyiden valojen signaaliin .Ohjainlaite tunnistaa ja kytkee 12V 1A virran kun ajoneuvon kaukovalot aktivoituu .Asennusjärjestys : Valkoinen: Can High Sininen : Can Low Musta : 0V Punainen:12V Violetti : Signaali lisävaloreleelle 12VVARMISTA AJONEUVON OIKEAT VÄYLÄLIITTIMET AINA AUTON MAAHANTUOJALTA.,79.2,,
4578653000,W-Light Booster 7 Led Kaukovalo,https://tarvike.com/product/w-light-booster-7-led-kaukovalo-106037,https://media.tarvike.com/product/images/106037/original/148714.jpg,150.8,"W-light Booster 7” lisäkaukovalo on kompakti tehopakkaus Double-up toiminnolla. Erittäin kauas näyttävä valaisin on suunniteltu niille, jotka vaativat kaukovaloilta äärimmäistä keilan kantavuutta. Valaisin on varustettu tukevalla u-raudalla ja pitkällä asennusjohdolla, esipuristetuin liittimin. Valaisin sisältää tukiraudan ja valmiin paikan tukiraudalle.",90.4,W-Light,
4578386000,"Hikoki Mutterinväännin 1/2"" WR18DBDL2 1x2, 0AH",https://tarvike.com/product/hikoki-mutterinvaannin-12-wr18dbdl2-1x2-0ah-105407,https://media.tarvike.com/product/images/105407/original/148401.jpg,252.0,"Hikokin todella vahva ja näppärän kokoinen (kokonaispituus vain 145 mm) mutterinväännin korkealla 305 Nm vääntömomentilla. Hiiliharjaton moottori tarjoaa pidemmän toiminta-ajan yhdellä latauksella sekä pidemmän käyttöiän ja vähäisen huoltotarpeen. kone on hyvin tasapainotettu ja siinä on ergonominen kumipäällystetty otekahva, minkä ansiosta konetta on miellyttävä käyttää ei aiheuta vääntörasitusta käteen tai kyynärvarteen neljä kierros-/iskuluvun säätöasetusta portaaton oikea-/vasenkäynti vakioteholla moottorijarru HPS-ylikuormitussuojaus (Hitachi Protection System) LED-valo akkuindikaattori akun tilan seuraamiseen varustettu vyökoukulla ja ranneremmillä suojausluokka IP56 (pöly- ja roiskesuojaus) akkukiinnitys liuku",201.6,Hikoki,
4578377000,"Milwaukee ruuvinväännin C18 RAD/0, runko",https://tarvike.com/product/milwaukee-ruuvinvaannin-c18-rad0-runko-105405,https://media.tarvike.com/product/images/105405/original/148404.jpg,255.0,Optimaalinen suorituskyky tuottaa 1500 kierr./min. ja 20 Nm. REDLINK™-ylikuormitussuojan elektroniikka työkaluissa ja akussa tuottaa luokkansa parhaan kestävyyden. HUOM! Tuote ei sisällä akkua!,179.0,Milwaukee Tools,
4578257000,"Milwaukee Puukkosaha M18 FSX-0C, runko",https://tarvike.com/product/milwaukee-puukkosaha-m18-fsx-0c-runko-105476,https://media.tarvike.com/product/images/105476/original/148190.jpg,589.0,"M18 FUEL™ Super SAWZALL™ -puukkosaha tuottaa voimaa sahata samalla nopeudella kuin verrattavissa oleva sähkökäyttöinen puukkosaha - sahaa 150 palaa 290 mm x 45 mm puuta yhden 12,0 Ah akun latauksella HIGH OUTPUT™ -järjestelmä nostaa M18 FUEL™ -teknologian uudelle tasolle tuottaen paremman suorituskyvyn ja pidemmän käyttöiän. Tämän järjestelmän työkalut on suunniteltu käytettäväksi yhdessä HIGH OUTPUT™ -akkujen kanssa Sahausliike pitää sahauslinjan puhtaana pirstaleilta ja sahaa puuta nopeammin 3000 isk./min 32 mm iskunpituudella mahdollistaa nopean työskentelyn eri materiaaleissa 5 nopeusasetusta 1500 - 3000 isk./min, jonka ansiosta nopeus on valittavissa materiaaliin sopivaksi Patentoitu FIXTEC™-teränpidin työkaluttomaan teränvaihtoon Kestävä metallikoukku edistää työtilan hallintaa ja turvallisuutta Säädettävä kenkä eri terien käyttöön LED-työvalo valaisee työstettävän alueen Toimii kaikilla MILWAUKEE® M18™ -akuilla",359.0,Milwaukee Tools,
4578173000,"Milwaukee C18 PCG/310C-201B Massapuristin, runko",https://tarvike.com/product/milwaukee-c18-pcg310c-201b-massapuristin-runko-105445,https://media.tarvike.com/product/images/105445/original/148334.jpg,445.0,Milwaukee C18 PCG/310C-201B massapuristimeesa on jopa 4500 N työntötehoa. Massapuristimessa Redlink -ylikuormitussuojan elektroniikka työkaluissa ja akussa tuottaa luokkansa parhaan kestävyyden.,319.0,Milwaukee Tools,
4578163000,"Milwaukee Akkujyrsin M18 FTR8-0X, runko",https://tarvike.com/product/milwaukee-akkujyrsin-m18-ftr8-0x-runko-105444,https://media.tarvike.com/product/images/105444/original/148337.jpg,559.0,"Milwaukee M18 FTR8-0X akkujyrsimessä on hiiliharjaton POWERSTATE™-moottori tuottaa sähkökäyttöisen jyrsimen tehon - maks. 31 000 kierr./min tehokkaaseen jyrsimiseen. Portaaton nopeuden säätö mahdollistaa nopeuden säätämisen 10 000 - 31 00 kierr./min välillä, mikä tuottaa parhaan hallittavuuden työtehtävään.",399.0,Milwaukee Tools,
4578153000,"Milwaukee nauhaviila M12 FBFL13-0, runko",https://tarvike.com/product/milwaukee-nauhaviila-m12-fbfl13-0-runko-105443,https://media.tarvike.com/product/images/105443/original/148343.jpg,395.0,"Milwaukee M12 FBFL12-0 Nauhaviila on maailman ensimmäinen 12V akkunauhaviila 13 mm nauhaleveydellä. 2 nopeustilaa ja portaaton nopeudensäätö tuottavat erinomaisen hallittavuuden hitsausten purkamiseen ja tarkkaan inox-, alumiini- ja puutyöskentelyyn.",285.0,Milwaukee Tools,
4578137000,"Milwaukee akkunakertaja M12 FNB16-0, 1,6mm, runko",https://tarvike.com/product/milwaukee-akkunakertaja-m12-fnb16-0-16mm-runko-105441,https://media.tarvike.com/product/images/105441/original/148348.jpg,615.0,"Milwaukee akkunakertaja on tehokas työkalu metallin leikkaamiseen. -12V akkunakertajan maks. leikkuukapasiteetti kevyeen teräkseen 1,6 mm, ruostumattomaan teräkseen 1,2 mm ja alumiiniin 2,1 mm. -Markkinoiden kevyin 1,6 kg akkunakertaja (6,0 Ah akulla) tuottaa enemmän tehoa kuin kilpailijoiden 18V hiiliharjalliset nakertajat. -5-toimintoinen nopeusvalikko mahdollistaa hyvän hallittavuuden ja sopii ruostumattoman teräksen sekä alumiinin työstämiseen. -Automaattinen käynnistystoiminto käynnistää nakertimen hitaasti ja kiihtyy täyteen nopeuteen, kun leikkaustoiminto suoritetaan. -Työkaluton leikkuusuunnan kääntö 90 asteen välein. -Työkaluton meistin ja matriisin vaihto. -Leikkausjätteen keräyspussi pitää työskentely-ympäristön puhtaana. -LED valaisee työstettävän pinnan. -Ripustuskoukku ja ripustusreikä työkalukiinnittimille. -FUEL™ yhdistää kolme MILWAUKEE®-teknologiaa: hiiliharjattoman POWERSTATE™-moottorin, REDLITHIUM™-akun ja REDLINK PLUS™ -elektroniikan, mitkä tuottavat enemmän voimaa, käyttöaikaa ja -ikää -Toimii kaikilla MILWAUKEE® M12™ -akuilla HUOM! Tuote ei sisällä akkua.",435.0,Milwaukee Tools,
4578113000,"Milwaukee hiiliharjallinen akkuvesipumppu M12 BSWP-0, runko",https://tarvike.com/product/milwaukee-hiiliharjallinen-akkuvesipumppu-m12-bswp-0-runko-105438,https://media.tarvike.com/product/images/105438/original/148356.jpg,315.0,"Ainutlaatuinen HYDROPASS™-suodatusjärjestelmä estää tuloaukon tukkeutumisen ja antaa käyttäjän pumpata vettä aina roskista huolimatta. Pumppaa yli 2000 litraa/tunti ja jopa 1000 litraa yhdellä M12™ 6,0 Ah -akulla, mikä tekee siitä ihanteellisen kaivanteiden, myrskyviemärien, sadetynnyrien ja monien muiden kohteiden tyhjentämiseen. Työkalu voidaan upottaa 85 cm:iin, mikä mahdollistaa isojen lätäköiden helpon pumppaamisen jopa 4,5 metrin korkeudessa. ¾″ BSPT-kierre mahdollistaa 19 mm (sisähalkaisija) letkujen liittämisen. Soveltuu vain valkoiselle, harmaalle ja mustalle vedelle. Virtamittari ilmaisee jäljellä olevan varauksen. Ensiluokkainen 4-napainen moottori, REDLITHIUM™-akku ja REDLINK™-elektroniikka tuottavat enemmän voimaa, käyttöaikaa ja -ikää Toimii kaikilla MILWAUKEE® M12™ -akuilla.",229.0,Milwaukee Tools,
4578108000,"Millwaukee M12 3PL-0C 360° Ristilinjalaser, runko",https://tarvike.com/product/millwaukee-m12-3pl-0c-360-ristilinjalaser-runko-105437,https://media.tarvike.com/product/images/105437/original/148359.jpg,925.0,"Milwaukee 3PL-0C M12 360° Ristilinjalaser vihreällä säteellä heijastaa yhden vaakasuoran ja kaksi pystysuoraa linjaa, mitkä mahdollistavat monipuolisen työskentelyn suuressakin työtilassa. Korkealuokkaiset vihreät diodit tarjoavat jopa 4 kertaa paremman näkyyvyden verrattuna punaiseen laseriin.",629.0,Milwaukee Tools,
4508000,Milwaukee kulmahiomakone AG 22-230 DMS,https://tarvike.com/product/milwaukee-kulmahiomakone-ag-22-230-dms-109477,https://media.tarvike.com/product/images/109477/original/153424.jpg,265.0,"Milwaukee kulmahiomakone AG 22-230 DMS tehokkaassa 2200 W moottorissa jauhepinnoitteella riittää tehoa erilaisiin työtehtäviin. Kulmahiomakoneen kompakti koko 485 mm pituus ja 5,2 kg paino mahdollistavat mukavan työskentelyn.Rikkomasuoja avaimellisella kiinnitykselläHarjat on helppo huoltaaMukana toimitetaan: Rikkomasuoja, sivukahva, laippa, laippamutteri, johto, avain",229.0,Milwaukee Tools,
35387906000,"Hikoki Hiilipari 6,5X7,4",https://tarvike.com/product/hikoki-hiilipari-65x74-150230,https://media.tarvike.com/product/images/150230/original/208850.webp,8.2,"Hikoki Hiilipari 6,5X7,4.",5.7,Hikoki,
3447257001,Milwaukee Pölynimurin suodatin AS30/42,https://tarvike.com/product/milwaukee-polynimurin-suodatin-as3042-127196,https://media.tarvike.com/product/images/127196/original/162130.jpg,130.0,"Sopii MILWAUKEE®-pölynsuodatusjärjestelmään: AS 30 LAC,AS 42 MAC,AS 30 MAC",85.0,Milwaukee Tools,
3447255001,Milwaukee Litteä suutin puhaltimelle,https://tarvike.com/product/milwaukee-littea-suutin-puhaltimelle-127161,https://media.tarvike.com/product/images/127161/original/162040.webp,29.0,"Yhteensopiva kaikkien puhaltimien kanssa, joissa on vaihdettava suutinjärjestelmä.",19.0,Milwaukee Tools,
3447249001,Milwaukee Istukka Röhm 9/16x18,https://tarvike.com/product/milwaukee-istukka-rohm-916x18-127140,https://media.tarvike.com/product/images/127140/original/161990.png,91.92,"Laadukas kokometallinen Röhm varaosaistukka, joka on yhteensopiva mm. Milwaukee M18 FDD, FPD, FDD2 ja FPD2 akkuporakoneisiin.",49.0,Milwaukee Tools,
341387002,Hikoki Katkaisu/Jiirisaha C8FSHG 1100W,https://tarvike.com/product/hikoki-katkaisujiirisaha-c8fshg-1100w-106169,https://media.tarvike.com/product/images/106169/original/148934.jpg,309.0,,247.2,Hikoki,
3384272002,Lasiporanterä Profi Glas,https://tarvike.com/product/lasiporantera-10mm-profi-glas-38483,https://media.tarvike.com/product/images/38483/original/185563.webp,17.99,"Lasin, pullojen, posliinin, keramiikan ym. poraamiseen. Ei iskukäyttöön!",14.0,Alpen,
2820472002,"Hitachi Akku 36V 2,5AH/18V 5,0A BSL36A18",https://tarvike.com/product/hitachi-akku-36v-25ah18v-50a-bsl36a18-150189,https://media.tarvike.com/product/images/150189/original/197290.png,167.0,,133.6,Hitachi,
2820440002,"Hitachi Pyörösahanterä 185X2,0X30mm Z48 Alumiinille",https://tarvike.com/product/hitachi-pyorosahantera-185x20x30mm-z48-alumiinille-150228,https://media.tarvike.com/product/images/150228/original/196893.jpg,135.0,,81.0,Hikoki,
2820438002,Hikoki Kulmahiomakone 125mm 18V G18DSL2 + MV AKKU+L,https://tarvike.com/product/hikoki-kulmahiomakone-125mm-18v-g18dsl2-mv-akkul-150217,https://media.tarvike.com/product/images/150217/original/196895.jpg,252.0,,201.6,Hikoki,
2820436002,Hikoki Nauharuuvain 18V WF18DSL Runko,https://tarvike.com/product/hikoki-nauharuuvain-18v-wf18dsl-runko-150212,https://media.tarvike.com/product/images/150212/original/196897.jpg,369.5,,295.6,Hikoki,
2820434002,Hikoki Poravasara SDS-PLUS 18V DH18DSL Runko,https://tarvike.com/product/hikoki-poravasara-sds-plus-18v-dh18dsl-runko-150206,https://media.tarvike.com/product/images/150206/original/196899.jpg,221.5,,177.2,Hikoki,
2820431002,Hitachi Jatkovarsi 320mm Dreconnect SDS-MAX,https://tarvike.com/product/hitachi-jatkovarsi-320mm-dreconnect-sds-max-150196,https://media.tarvike.com/product/images/150196/original/196883.jpg,65.8,,46.0,Hikoki,
2820430002,Hitachi Kaakelitaltta 40X250mm Taivutettu SDS-PLUS,https://tarvike.com/product/hitachi-kaakelitaltta-40x250mm-taivutettu-sds-plus-150193,https://media.tarvike.com/product/images/150193/original/196884.jpg,36.4,,21.8,Hikoki,
2820427002,"Hitachi Iskevä Ruuvinväännin 10,8V WH10DL Runko",https://tarvike.com/product/hitachi-iskeva-ruuvinvaannin-108v-wh10dl-runko-150187,https://media.tarvike.com/product/images/150187/original/196878.jpg,180.15,,108.0,Hikoki,
2820367002,"Hikoki Työmaaradio UR18DSAL 14,4-18V",https://tarvike.com/product/hikoki-tyomaaradio-ur18dsal-144-18v-150188,https://media.tarvike.com/product/images/150188/original/196903.jpg,184.2,"Hikoki Työmaaradio R18DSAL 14,4-18V",128.9,Hikoki,
2820366002,Hikoki Pora/Ruuvinväännin DS18DSL Runko,https://tarvike.com/product/hikoki-poraruuvinvaannin-ds18dsl-runko-150184,https://media.tarvike.com/product/images/150184/original/196902.jpg,217.6,Hikoki Pora/Ruuvinväännin DS18DSL Runko.,152.3,Hikoki,
2615758002,XBB Smart Button Langaton kauko-ohjain lisävalolle,https://tarvike.com/product/xbb-smart-button-langaton-kauko-ohjain-lisavalolle-156177,https://media.tarvike.com/product/images/156177/original/180653.jpg,101.0,"Langaton kauko- ohjain, mahdollistaa lisävalojen monipuolisen käytön bluetoothin kautta XBB Dongle Unitin avulla. Voit sammuttaa lisävalot vaikka auton kaukovalot olisivat vielä päällä esimerkiksi ajettaessa kovassa lumisateessa. Sama nappi voidaan ohjelmoida myös vaikkapa peruutusvalojen käyttöön. (toimii CR2032 paristolla)",85.8,XBB,
2615750002,Bullboy Proline Reactor Double 774 lisävalo,https://tarvike.com/product/bullboy-proline-reactor-double-774-lisavalo-156167,https://media.tarvike.com/product/images/156167/original/180722.jpg,235.0,"Uusi työvalosarja tuo markkinoille parempaa valotehoa, modernin valokuvion ja huippuluokan hyötysyhteen kompaktissa koossa. Sarjan yksi- ja kaksiriviset mallit eri pituuksissa sopivat monipuolisiin asennuskohteisiin ilman tilarajoitteita. Kaikki valot ovat R10- hyväksyttyjä ajoneuvokäyttöön ja tarjoavat reilusti valoa järkevään hintaan.",209.0,Bullboy,
2615686002,Optibeam Super Captain Dual 800 Curved Lisävalo,https://tarvike.com/product/optibeam-super-captain-dual-800-curved-lisavalo-156166,https://media.tarvike.com/product/images/156166/original/180678.jpg,429.0,"Optibeamin suosituin lisävalosarja Super Captain on saanut uudet ja entistä tehokkaammat Super Captain Curved -versiot, jotka tarjoavat enemmän valotehoa, päivitettyä elektroniikkaa ja kaarevan muotoilun parempaa valaistusta varten. Uusi sarja on kehitetty käyttäjien palautteen perusteella ja täyttää vaativimpienkin käyttäjien odotukset parannetulla tehokkuudella ja luotettavuudella, joka kattaa 36 kuukauden takuun.",364.6,Optibeam,
2544601002,Milwaukee Pikalaturi M18 DBSC,https://tarvike.com/product/milwaukee-pikalaturi-m18-dbsc-169465,https://media.tarvike.com/product/images/169465/original/194981.webp,419.0,M18 DBSC Pikalaturi tuottaa 6x nopeamman akun latauksen 80 prosentin kapasiteettiin vs. tavallinen laturi,275.0,Milwaukee Tools,
2544597002,Milwaukee Poravasara M18 FHAC16-0,https://tarvike.com/product/milwaukee-poravasara-m18-fhac16-0-169447,https://media.tarvike.com/product/images/169447/original/194967.webp,405.0,"M18 FHAC16-0 Poravasaran FUEL™ yhdistää kolme MILWAUKEE®-teknologiaa: hiiliharjattoman POWERSTATE™-moottorin, REDLITHIUM™-akun ja REDLINK PLUS™ -elektroniikan, mitkä tuottavat enemmän voimaa, käyttöaikaa ja -ikää.",329.0,Milwaukee Tools,
2544596002,Milwaukee Kulmamutterin väännin M18 BRAIW-0,https://tarvike.com/product/milwaukee-kulmamutterin-vaannin-m18-braiw-0-169446,https://media.tarvike.com/product/images/169446/original/194974.webp,255.0,M18 BRAIW-0 Kulmamutterin vääntimen REDLINK™-ylikuormitussuojan elektroniikka työkaluissa ja akussa tuottaa luokkansa parhaan kestävyyden.,179.0,Milwaukee Tools,
24330820000,Greenworks Akku 40V Li-ion 4Ah,https://tarvike.com/product/greenworks-akku-40v-li-ion-4ah-105116,https://media.tarvike.com/product/images/105116/original/147869.jpg,229.0,G-MAX 40 V 4 Ah Li-Ion akku. Akun varaustason ilmaisin sisäänrakennettuna.,199.0,Greenworks,
2316492002,Hitsauskone Hakas,https://tarvike.com/product/hitsauskone-hakas-147714,https://media.tarvike.com/product/images/147714/original/180197.webp,969.0,"HAKAS PLUSMIG 200 on käyttäjää opastava automaattisilla synergisillä hitsausohjelmilla varustettu MIG-, TIG (DC, ei sovellu alumiinin hitsaukseen) ja MMA puikkohitsauskone. Ominaisuuksiensa puolesta kone sopii niin ammattilaisen jatkuvaan kuin esimerkiksi satunnaisempaan maatalous- ja autotallikäyttöön.",899.0,HAKAS,
22296576001,Hitachi Vispilä 120mmX600mm M14,https://tarvike.com/product/hitachi-vispila-120mmx600mm-m14-150229,https://media.tarvike.com/product/images/150229/original/197296.jpg,22.3,,13.3,Hitachi,
22296562001,Milwaukee Akkuapukäynnistin M18 JS2000-0,https://tarvike.com/product/milwaukee-akkuapukaynnistin-m18-js2000-0-169517,https://media.tarvike.com/product/images/169517/original/194906.png,549.0,"Akkuapukäynnistin M18 JS2000-0 on käyttövalmis alle 70 sekunnissa, mikä säästää arvokasta aikaa hätätilanteissa. Sisäiset kondensaattorit on mitoitettu jopa 500 000 käyttökertaan, mikä takaa pitkän käyttöiän ja erinomaisen luotettavuuden.",409.0,Milwaukee Tools,
20583727001,Puukkosahanterä Sarja 5P,https://tarvike.com/product/puukkosahantera-sarja-5p-169409,https://media.tarvike.com/product/images/169409/original/194712.png,50.2,,25.0,Milwaukee Tools,
20575400001,Milwaukee Alusmutteri,https://tarvike.com/product/milwaukee-alusmutteri-169519,https://media.tarvike.com/product/images/169519/original/195140.png,7.6,,7.0,Milwaukee Tools,
20575397001,"Milwaukee Pyörösahan terä 165/30/36T 2,6",https://tarvike.com/product/milwaukee-pyorosahan-tera-1653036t-26-169487,https://media.tarvike.com/product/images/169487/original/195125.png,81.5,,39.0,Milwaukee Tools,
20502026001,Milwaukee Hepa-Kuivasuodatin M18 VC2,https://tarvike.com/product/milwaukee-hepa-kuivasuodatin-m18-vc2-169560,https://media.tarvike.com/product/images/169560/original/194650.png,35.8,,16.0,Milwaukee Tools,
20502018001,"Milwaukee Niitti 5,7X20/RC/G/C1 6000P",https://tarvike.com/product/milwaukee-niitti-57x20rcgc1-6000p-169516,https://media.tarvike.com/product/images/169516/original/195002.png,39.3,,25.0,Milwaukee Tools,
20502007001,Milwaukee Pikalaturi M18 PC6,https://tarvike.com/product/milwaukee-pikalaturi-m18-pc6-169495,https://media.tarvike.com/product/images/169495/original/194995.png,435.0,M18 PC6 Pikalaturi on yhteensopiva kaikkien M18™-akkujen kanssa. Lataa 2 akkua samanaikaisesti nopealla latausteholla,329.0,Milwaukee Tools,
20502003001,Milwaukee Akkuruuvinväännin M12 BD-0,https://tarvike.com/product/milwaukee-akkuruuvinvaannin-m12-bd-0-169492,https://media.tarvike.com/product/images/169492/original/194987.webp,189.0,M12 BD-0 Akkuruuvinvääntimen REDLINK™-ylikuormitussuojan elektroniikka työkaluissa ja akussa tuottaa luokkansa parhaan kestävyyden. Optimoitu kahva tarjoaa paremman hallittavuuden ja parannetun otteen.,149.0,Milwaukee Tools,
20501992001,Pölypusi Fleece 30L 5P,https://tarvike.com/product/polypusi-fleece-30l-5p-169459,https://media.tarvike.com/product/images/169459/original/194982.png,83.8,,62.0,Milwaukee Tools,
20501981001,"Pyörösahanterä MS W216X30X2,4X48",https://tarvike.com/product/pyorosahantera-ms-w216x30x24x48-169410,https://media.tarvike.com/product/images/169410/original/194743.webp,85.7,PTFE-pinnoitteen ansiosta terä sahaa viileämmin ja nopeammin sekä suojaa terää kulutukselta ja hartsin kertymiseltä.,55.0,Milwaukee Tools,
20261330001,Milwaukee Kaakelinpoistotaltta SDSPLUS 250X40,https://tarvike.com/product/milwaukee-kaakelinpoistotaltta-sdsplus-250x40-169574,https://media.tarvike.com/product/images/169574/original/194649.png,52.9,"Pää kulmassa, jotta talttaus ei vaurioita seinää kaakeleita irroitettaessa.",25.0,Milwaukee Tools,
20261320001,"Milwaukee Pyörösahanterä W+N190X30X1,6X24",https://tarvike.com/product/milwaukee-pyorosahantera-wn190x30x16x24-169532,https://media.tarvike.com/product/images/169532/original/194721.png,73.0,"Nämä terät on suunniteltu erityisesti vaativiin työmaaolosuhteisiin, kuten nauloilla ja kiinnikkeillä varustetun puun sahaamiseen.",49.0,Milwaukee Tools,
20261312001,Milwaukee Metallileikkuri M18 BMS20-0,https://tarvike.com/product/milwaukee-metallileikkuri-m18-bms20-0-169527,https://media.tarvike.com/product/images/169527/original/194895.webp,445.0,Metallileikurin ainutlaatuinen 360° kääntyvä pää lukkiutuu 12 asentoon ja mahtuu ahtaisiinkin paikkoihin lisäten käyttömukavuutta.,319.0,Milwaukee Tools,
20261308001,Milwaukee Kärkisarja Shockwave CD XL 75P,https://tarvike.com/product/milwaukee-karkisarja-shockwave-cd-xl-75p-169518,https://media.tarvike.com/product/images/169518/original/194898.png,108.3,,45.0,Milwaukee Tools,
20261299001,"Milwaukee Pyörösahanterä MS W216X30X2,4X60",https://tarvike.com/product/milwaukee-pyorosahantera-ms-w216x30x24x60-169506,https://media.tarvike.com/product/images/169506/original/194743.webp,100.7,PTFE-pinnoitteen ansiosta terä sahaa viileämmin ja nopeammin sekä suojaa terää kulutukselta ja hartsin kertymiseltä.,74.9,Milwaukee Tools,
20261295001,Milwaukee Mutterinväännin M18 FIW2F12-0,https://tarvike.com/product/milwaukee-mutterinvaannin-m18-fiw2f12-0-169485,https://media.tarvike.com/product/images/169485/original/194870.webp,425.0,"Milwaukeen mutterinväännin M18 FIW2F12-0 on todella kompakti 124 mm muotoilu mahdollistaa pääsyn ahtaisiin työskentelytiloihin. Mutterinpoiston hallinta mahdollistaa täyden vääntömomentin ja pienentää kierroslukuja kun mutteri on löysätty, jotta kiinnikkeen putoaminen voidaan estää",189.0,Milwaukee Tools,
20261291001,Milwaukee Kohdistinlevy HI-VIS,https://tarvike.com/product/milwaukee-kohdistinlevy-hi-vis-169481,https://media.tarvike.com/product/images/169481/original/194913.png,17.0,MILWAUKEE® HI-VIS-kohdistinlevy mahdollistaa nopean ja näkyvän linjaamisen leveän magneettialustan avulla lattioihin ja rautapintoihin.,12.5,Milwaukee Tools,
20261280001,Milwaukee Kemikaaliruisku M12 BHCS3L-0,https://tarvike.com/product/milwaukee-kemikaaliruisku-m12-bhcs3l-0-169442,https://media.tarvike.com/product/images/169442/original/194942.webp,229.0,"Välitön, jatkuva ja säädettävä paine mahdollistaa luokkansa parhaan hallittavuuden. Kolme paineasetusta mahdollistavat suorituskyvyn optimoinnin monenlaisiin työtehtäviin, kuten piste-, levitys- ja etäruiskutukseen.",175.0,Milwaukee Tools,
20261278001,Milwaukee Hylsysarja 1' STD B&T 5P,https://tarvike.com/product/milwaukee-hylsysarja-1-std-bt-5p-169438,https://media.tarvike.com/product/images/169438/original/194943.png,177.1,,99.0,Milwaukee Tools,
20261276001,Milwaukee Terä SHW Display PZ2 X 50 P10,https://tarvike.com/product/milwaukee-tera-shw-display-pz2-x-50-p10-169435,https://media.tarvike.com/product/images/169435/original/194944.webp,19.1,SHOCKWAVE™ IMPACT DUTY -ruuvauskärjet on suunniteltu käytettäväksi iskevissä ruuvinvääntimissä. Terät ovat ihanteellisia vaativiin iskutoimintosovelluksiin ja tarjoavat täyden ratkaisun kaikkiin kiinnitystarpeisiin.,10.0,Milwaukee Tools,
20261272001,Milwaukee Vasarapora SDS+ MX4 16X215,https://tarvike.com/product/milwaukee-vasarapora-sds-mx4-16x215-169431,https://media.tarvike.com/product/images/169431/original/194919.png,40.2,"MILWAUKEE® MX4 SDS-Plus -poranterät on suunniteltu vaativimpiin käyttökohteisiin. Niissä on täysin hitsattu kiinteä kovametallikärki (⌀ 20 mm asti), joka takaa maksimaalisen kestävyyden raudoituksissa sekä ylivoimaisen porausnopeuden betonissa.",23.0,Milwaukee Tools,
20251731001,Milwaukee Puukkosahanterä Metalli 230X14T 5P,https://tarvike.com/product/milwaukee-puukkosahantera-metalli-230x14t-5p-169558,https://media.tarvike.com/product/images/169558/original/194652.png,42.7,Paranneltu hampaiden geometria takaa parhaan nopeuden ja kaksinkertaisen käyttöiän.,29.0,Milwaukee Tools,
20251730001,Milwaukee Puukkosahanterä Metalli 150X14T 5P,https://tarvike.com/product/milwaukee-puukkosahantera-metalli-150x14t-5p-169531,https://media.tarvike.com/product/images/169531/original/194653.png,33.3,Paranneltu hampaiden geometria takaa parhaan nopeuden ja kaksinkertaisen käyttöiän.,21.0,Milwaukee Tools,
20251727001,Puukkosahanterä 240/3TPI 3P,https://tarvike.com/product/puukkosahantera-2403tpi-3p-169448,https://media.tarvike.com/product/images/169448/original/194695.png,32.6,3x nopeampi ja aggressiivinen kolminkertaisesti teroitettu hammasgeometria mahdollistaa nopeat ja halkeamattomat sahaukset.,15.0,Milwaukee Tools,
20251716001,Sähkölämmitin 15 kW 400 V Meganex,https://tarvike.com/product/sahkolammitin-15-kw-400-v-meganex-151480,https://media.tarvike.com/product/images/151480/original/194671.webp,369.0,"Jännite 400 V, Max teho 15000w.",299.0,Meganex,
19575843001,Vaijerileikkuri 190mm 95 61 190,https://tarvike.com/product/vaijerileikkuri-190mm-95-61-190-150965,https://media.tarvike.com/product/images/150965/original/194198.webp,66.0,,49.0,KNIPEX,
18861885001,Milwaukee M18 FPP6H3-502B M18 FUEL™ -akkukonesarja,https://tarvike.com/product/milwaukee-m18-fpp6h3-502b-m18-fuel-akkukonesarja-245546,https://media.tarvike.com/product/images/245546/original/214316.png,2219.0,"Kuuden koneen M18 FUEL™ -sarja, jossa iskuporakone, ½″ kompakti iskevä mutterinväännin, kompakti pyörösaha, SAWZALL™-puukkosaha, 125 mm kulmahiomakone ja LED-valaisin. Mukana kaksi 5,0 Ah REDLITHIUM™-akkua, pikalaturi ja työkalulaukku. Mutterinvääntimen 339 Nm vääntö tekee sarjasta vahvan valinnan myös metalli-, huolto- ja asennustöihin.",1089.0,Milwaukee Tools,
18751017002,Milwaukee reikäjyrsinsarja HSSAC SET - 6 PCS,https://tarvike.com/product/milwaukee-reikajyrsinsarja-hssac-set-6-pcs-109384,https://media.tarvike.com/product/images/109384/original/153133.jpg,316.1,"- 100 % nopeampi: Reikäjyrsin leikkaa vain leikkausmateriaalin reiän reunoja, kun taas tavallinen poranterä leikkaa reiän koko halkaisijalta. Reikäjyrsin sisältää myös kaksi terävää kulmaa, mitkä auttavat leikkaamaan nopeammin ja pienemmällä vastuksella.- 30 % tuottavampi: reikäjyrsin leikkaa vain reiän reunoja. Reikäjyrsin vähentää moottorin kulutusta ja poraaminen onnistuu pienemmällä teholla. Mitä isompi läpileikkaus sitä isompi energiansäästö.- Pidempi käyttöikä: reikäjyrsinterien leikkausteho vaatii vähemmän työtä vs. tavallinen poranterä. 6 mm paksu runko erityisellä hammasgeometrialla takaa korkean pitävyyden ja vähentää murtumisen riskiä poratessa.- Paksuseinäiset HSS-reikäjyrsimet tuottavat paremman kestävyyden ja pidemmän käyttöiän.- Sopii 19 mm Weldon yleiskaraan.- Leikkaussyvyys 30 / 50 mm.",149.0,Milwaukee Tools,
18750977002,"Milwaukee Pöyrösahanterä, F 150 X 20 X 34 - 1 PC",https://tarvike.com/product/milwaukee-poyrosahantera-f-150-x-20-x-34-1-pc-109348,https://media.tarvike.com/product/images/109348/original/153057.jpg,129.0,"Milwaukee pöyrösahanterät katkaisee puhtaasti, viileästi ja nopeasti. Särmättömät reunat vähentävät ylimääräistä viimeistelyä, materiaalia voidaan käsitellä välittömäst katkaisun jälkeen ja nopeampi kuin mikään muu perinteinen katkaisumenetelmä.",79.0,Milwaukee Tools,
18750966002,"Milwaukee Puukkosahanterä, TCT Torch Nitrus 150 X 8 - 1PC",https://tarvike.com/product/milwaukee-puukkosahantera-tct-torch-nitrus-150-x-8-1pc-109337,https://media.tarvike.com/product/images/109337/original/153014.jpg,45.1,Milwaukee TORCH™-purkuterät NITRUS CARBIDE™ -hampailla sisältävät seuraavan sukupolven karbiditeknologian. Erityinen NITRUS™-karbidisekoite on suunniteltu katkaisemaan 3x vahvemmin kuin olemassa olevat karbidihammasterät.,29.0,Milwaukee Tools,
18750926002,"Milwaukee Puukkosahanterät, SU 230/6TPI 5P",https://tarvike.com/product/milwaukee-puukkosahanterat-su-2306tpi-5p-109326,https://media.tarvike.com/product/images/109326/original/152986.jpg,59.7,"Milwaukkee 230 X 6 TPI - 5 PCS Puukkosahanterä puulle ja muoville, 3x nopeampi ja aggressiivisempi kolminkertaisesti teroitettu hammasgeometria mahdollistaa nopean ja halkeamattomat sahaukset.Kovetetut ja kolminkertaisesti terotetut hampaat mahdollistavat terävät ja halkeamattomat sahaukset.1,6 mm paksuinen terä ei taivu, vähentää tärinää ja terän tylsymistä sahattaessa.",39.0,Milwaukee Tools,
18748034002,Hikoki Sirkkelinteräsarja 216mm,https://tarvike.com/product/hikoki-sirkkelinterasarja-216mm-106160,https://media.tarvike.com/product/images/106160/original/148917.jpg,169.0,"Pyörösahanteriä 3kpl eri hammastuksellaKoko 216 x 2,3 x 30 mm Z24 / Z48 / Z60Max. 6500 rpmAlumiinilaukku",135.2,Hikoki,
18747664002,"Milwaukee laastin irroitustaltta 75X165mm, SDS-PLUS",https://tarvike.com/product/milwaukee-laastin-irroitustaltta-75x165mm-sds-plus-105412,https://media.tarvike.com/product/images/105412/original/148391.jpg,55.5,- SDS-Plus taltta laastin ja keramiikkakaakeleiden irroitukseen - kokonaispituus 165 mm - leveys 75 mm,35.0,Milwaukee Tools,
18747611002,Milwaukee Kulmaruuvinväännin M4 D-202B,https://tarvike.com/product/milwaukee-kulmaruuvinvaannin-m4-d-202b-105406,https://media.tarvike.com/product/images/105406/original/148402.jpg,275.0,"Kompakti Milwaukeen 244 mm ruuvinväännin, jossa paras tarkkuus luokassaan, sähköisellä kytkimellä 8% toleranssi. Ruuvinvääntimesstä löytyy 2-nopeukinen vaihteisto poraamiseen ja ruuvaamiseen, sähköistä kytkintä lukuunottamatta nopeuden säätön. ¼″ Hex-istukka mahdollistaa nopeat terän vaihdot. Kahteen asentoon kääntyvä kahva ja paras tasapaino. Virtamittari ilmaisee jäljellä olevan varauksen. Sisältää: Sauvaruuvinväännin/porakone, 2kpl akkua, laturi",219.0,Milwaukee Tools,
18747530002,Milwaukee Iskuporakone M18 BLPDRC-502C,https://tarvike.com/product/milwaukee-iskuporakone-m18-blpdrc-502c-105391,https://media.tarvike.com/product/images/105391/original/148429.jpg,569.0,"Todella kompakti 145 mm pituus mahdollistaa pääsyn ahtaisin tiloihin. Hiiliharjaton moottori, REDLITHIUM™-akku ja REDLINK™-elektroniikka tuottavat enemmän voimaa, käyttöaikaa ja -ikää.",299.0,Milwaukee Tools,
18747490002,Milwaukee M12™ FUEL™ ¼″ kompakti iskevä mutterinväännin,https://tarvike.com/product/milwaukee-m12-fuel-kompakti-iskeva-mutterinvaannin-105386,https://media.tarvike.com/product/images/105386/original/148439.jpg,275.0,"Enemmän voimaa, enemmän hallittavuutta, kompaktimpi koko, jopa 115 Nm vääntömomentti ja 136 Nm mutterinpoisto, ¼″ alaisin kitkarenkaalla mahdollistavat nopeat ja helpot hylsyjen vaihdot. Hiiliharjaton POWERSTATE™-moottori tuottaa enemmän voimaa kompaktimmassa koossa. Huom, tuote ei sisällä akkua!",199.0,Milwaukee Tools,
18747431002,"Milwaukee mutterinväännin M12 FRAIWF12-0, runko",https://tarvike.com/product/milwaukee-mutterinvaannin-m12-fraiwf12-0-runko-105378,https://media.tarvike.com/product/images/105378/original/148449.jpg,375.0,"Milwaukee M12 FRAIWF12-0 Mutterinväännin tuottaa jopa 270 Nm vääntömomentin ja 300 Nm kiristysmomentin. 4-tilan DRIVE CONTROL sisältää automaattisen sammutustilan ja mutterin poistotilan, mitkä estävät ylikiristymistä ja tuottavat paremman hallittavuuden.",269.0,Milwaukee Tools,
18747329002,"Milwaukee sinkilänaulain M18 FFUS-0C, runko",https://tarvike.com/product/milwaukee-sinkilanaulain-m18-ffus-0c-runko-105474,https://media.tarvike.com/product/images/105474/original/148200.jpg,1075.0,Milwaukee M18 FFUS-0C Sinkilänaulain laukaisee 40 - 50 mm MILWAUKEE® 9G -sinkilöitä. Ready to fire -tekniikan ansiosta naulain on välittömästi valmis laukaisemaan uudestaan.,789.0,Milwaukee Tools,
18747297002,Milwaukee laturi M12-18 C,https://tarvike.com/product/milwaukee-laturi-m12-18-c-105453,https://media.tarvike.com/product/images/105453/original/148322.jpg,135.0,"Laturi kaikille M18™, M14™ ja M12™ REDLITHIUM™-ION -akuille Lataa akut peräkkäin, jolloin ensimmäisenä laturiin laitettu akku ladataan ensimmäiseksi, ja näin lataussyklien hallintaan menee vähemmän aikaa REDLITHIUM-ION 3,0 Ah / 4,0 Ah -akut latautuvat jopa 60 / 80 minuutissa REDLITHIUM-ION 1,5 Ah / 2,0 Ah -akut latautuvat jopa 30 / 40 minuutissa",101.0,Milwaukee Tools,
18747266002,Milwaukee Betonivibra M18 Fuel FCVN12-0,https://tarvike.com/product/milwaukee-betonivibra-m18-fuel-fcvn12-0-105446,https://media.tarvike.com/product/images/105446/original/148331.jpg,869.0,"M18 FUEL™ -betonivibra lujittaa betonia kompakti ja kevyt muotoilu lisää liikkuvuutta työskenteltäessä eri työtehtävien parissa. Lujittaa jopa yhden betonirekan (8 m³) verran betonia yhden M18™ HIGH OUTPUT™ 5,5 Ah -akun latauksella.",629.0,Milwaukee Tools,
18747262002,"Milwaukee puukkosaha M18 FHZ-0X, runko",https://tarvike.com/product/milwaukee-puukkosaha-m18-fhz-0x-runko-105478,https://media.tarvike.com/product/images/105478/original/148188.jpg,399.0,"Hiiliharjaton POWERSTATE™-moottori tuottaa enemmän voimaa, käyttöaikaa ja -ikää REDLINK PLUS™ -elektroniikka tarjoaa kehittyneen digitaalisen ylikuormitussuojan sekä työkalulle että akulle parantaen ainutlaatuisella tavalla työkalun suorituskykyä kuormituksessa REDLITHIUM™-ION-akun ylivoimainen rakenne, elektroniikka ja jatkuva suorituskyky takaavat pidemmän käyttöajan ja -iän 22 mm iskunpituus ja kuormittamaton iskunopeus 3000 iskua/min. Kallistuvan kengän ansiosta käyttäjä voi valita parhaan mahdollisen sahausasennon Työkalun LED-työvalo parantaa näkyvyyttä työskenneltäessä hämärässä Patentoitu FIXTEC™-mutteri mahdollistaa helpot ja nopeat terän vaihdot Toimii kaikilla MILWAUKEE® M18™ -akuilla HUOM! Tuote ei sisällä akkua.",279.0,Milwaukee Tools,
18747253002,"Milwaukee massapuristin putkilolle M12 PCG/310C-0, runko",https://tarvike.com/product/milwaukee-massapuristin-putkilolle-m12-pcg310c-0-runko-105435,https://media.tarvike.com/product/images/105435/original/148364.jpg,275.0,"- Jopa 1780 N työntöteho - REDLINK™-ylikuormitussuojan elektroniikka työkaluissa ja akussa tuottaa luokkansa parhaan kestävyyden - Optimoitu suorituskyky kaikille saumausaineille jopa alhaisilla lämpötiloilla - Valumisenestotoiminto estää materiaalin ulostulon kun kone kytketään pois päältä - 6-asteinen nopeudensäätö - Suuri työnnin takaa jatkuvan puristuspaineen saumausaineille ja työntää putkiloista viimeisimmätkin rippeet - Yksittäisten akun kennojen valvonta optimoi työkalun käyttöajan ja varmistaa akun kestävyyden - Virtamittari ilmaisee jäljellä olevan varauksen - REDLITHIUM™-akun ylivoimainen rakenne, elektroniikka ja jatkuva suorituskyky takaavat pidemmän käyttöajan ja -iän - Toimii kaikilla MILWAUKEE® M12™ -akuilla HUOM! Tuote ei sisällä akkua.",205.0,Milwaukee Tools,
18747247002,Milwaukee juotin M12 SI-0,https://tarvike.com/product/milwaukee-juotin-m12-si-0-105429,https://media.tarvike.com/product/images/105429/original/148371.jpg,135.0,"- Lämpenee nopeasti ja työkalu on käyttövalmis 20 - 30 sekunnissa - Pää lukittavissa 3 asentoon - 0°, 45°, 90°, jolloin juotinta voidaan käyttää halutussa kulmassa - Kärkien vaihtoon ei tarvita työkaluja - Kaksiväriset LED-työvalot: vilkkuva vihreä työkalun lämmetessä, kiinteä vihreä työkalun ollessa käyttövalmis ja kiinteä punainen työkalun ollessa sammutettu mutta kärki on vielä liian kuuma koskettamiseen, kunnes merkkivalo on sammunut - Lämmöntarkkailu pitää lämmön tasaisena haastavimmissakin sovelluksissa - Kirkas LED-työvalo parantaa näkyvyyttä juotettaessa - Toimii kaikilla MILWAUKEE® M12 -akuilla HUOM! Tuote ei sisällä akkua.",109.0,Milwaukee Tools,
18747223002,"Milwaukee Epäkeskohiomakone M18 BOS125-0, runko",https://tarvike.com/product/milwaukee-epakeskohiomakone-m18-bos125-0-runko-105422,https://media.tarvike.com/product/images/105422/original/148381.jpg,255.0,"Milwaukee M18 BOS125-0 Epäkeskohiomakoneen suorituskykyinen moottori tuottaa 14 000 - 24 000 kierr./min. REDLINK™-ylikuormitussuojan elektroniikka työkaluissa ja akussa tuottaa luokkansa parhaan kestävyyden. Mukana toimitetaan: Pölypussi, imuriadapteri, jatkoadapteri, 2 x hiomapaperi",149.0,Milwaukee Tools,
18739691002,"Milwaukee M12 FJS-0 Pistosaha, runko",https://tarvike.com/product/milwaukee-m12-fjs-0-pistosaha-runko-105763,https://media.tarvike.com/product/images/105763/original/148522.jpg,315.0,"Milwaukee M12 FJS-0 Pistosaha on todella tehokas pistosaha joka sahaa 24 metriä 19 mm OSB-levyä (4,0 Ah akulla). Patentoitu FIXTEC™-teränpidin mahdollistaa nopeat ja helpot teränvaihdot.",229.0,Milwaukee Tools,
18739677002,"Milwaukee yhdistelmävasara M18FHM-OC, runko",https://tarvike.com/product/milwaukee-yhdistelmavasara-m18fhm-oc-runko-105750,https://media.tarvike.com/product/images/105750/original/148513.jpg,1265.0,"M18 FHM tuottaa sähkökäyttöisen työkalun voiman akkukäyttöisessä M18™-järjestelmässä HIGH OUTPUT™ -järjestelmä nostaa M18 FUEL™ -teknologian uudelle tasolle tuottaen paremman suorituskyvyn ja pidemmän käyttöiän. Tämän järjestelmän työkalut on suunniteltu käytettäväksi yhdessä HIGH OUTPUT™ -akkujen kanssa ONE-KEY™-työkaluseuranta ja -turvallisuus tarjoavat ilmaisen pilviteknologialla toimivan työkaluhallinta-alustan, joka mahdollistaa työkalujen etälukituksen AUTOSTOP™ sammuttaa työkalun automaattisesti 45 asteessa tapahtuvan äkkinäisen liikkeen sattuessa Kytkimen lukitus mahdollistaa piikkaamisen pitkällä aikavälillä ilman, että kytkintä täytyy pitää pohjassa koko työskentelyn ajan Iso AVS-takakahva vähentää tärinälle altistumista Huollon merkkivalo kertoo milloin työkalu tarvitsee huoltoa AVS-sivukahva vähentää tärinälle altistumista Toimii kaikilla MILWAUKEE® M18™ -akuilla HUOM! Tuote ei sisällä akkua.",799.0,Milwaukee Tools,
18339561001,"Master Infrapunalämmitin, akku 17KW DC61",https://tarvike.com/product/master-infrapunalammitin-akku-17kw-dc61-103090,https://media.tarvike.com/product/images/103090/original/144367.jpg,1749.0,"Master Infrapunalämmitin 17KW DC61 sopii monenlaiseen käyttötarkoitukseen, kuten esimerkiksi rakennustyömaiden lämmitykseen, tilojen ja materiaalien kuivaukseen, autotallien ja varastojen lämmitykseen sekä maataloudessa esimerkiksi karjarakennusten lämmitykseen ja viljelykasvien kuivaukseen.",1430.0,Master,
18169309001,Milwaukee Akkukaiutin M18,https://tarvike.com/product/milwaukee-akkukaiutin-m18-127187,https://media.tarvike.com/product/images/127187/original/162103.jpg,245.0,"Milwaukee M18 SPEJSG2 on Bluetooth® 5.3 -työmaakaiutin, joka tarjoaa 44 W äänenvoimakkuuden, 60 m kantaman ja USB-C-latauksen – ihanteellinen työmaalle.",149.0,Milwaukee Tools,
18169295001,"MilwaukeeM12™-suorahiomakone, ilman akkua",https://tarvike.com/product/milwaukeem12-suorahiomakone-ilman-akkua-127131,https://media.tarvike.com/product/images/127131/original/161953.png,275.0,"Milwaukee M12 BLROT -suorahiomakone tarjoaa portaattoman nopeudensäädön (5000–27 500 rpm), 12 nopeusasetusta ja kompaktin, tasapainoisen muotoilun tarkkaan työskentelyyn.",199.0,Milwaukee Tools,
18169260001,Milwaukee Vasarapora SDS+ MX4 10x165,https://tarvike.com/product/milwaukee-vasarapora-sds-mx4-10x165-127207,https://media.tarvike.com/product/images/127207/original/162142.png,13.6,"Uusi kierremuotoilu: ohut ura kärjessä poistaa porausroskat tehokkaammin, tuottaa suuremman nopeuden ja vähentää kitkan syntymistä.",9.0,Milwaukee Tools,
18169258001,Milwaukee Vasarapora SDS+ MX4 8X215,https://tarvike.com/product/milwaukee-vasarapora-sds-mx4-8x215-127203,https://media.tarvike.com/product/images/127203/original/162138.jpg,14.2,"Uusi kierremuotoilu: ohut ura kärjessä poistaa porausroskat tehokkaammin, tuottaa suuremman nopeuden ja vähentää kitkan syntymistä.",9.0,Milwaukee Tools,
18169252001,Milwaukee Porrasporanteräsarja 4-12/4-20,https://tarvike.com/product/milwaukee-porrasporanterasarja-4-124-20-127181,https://media.tarvike.com/product/images/127181/original/162086.jpg,341.7,SHOCKWAVE™ IMPACT DUTY -porrasporanterät on suunniteltu tuottamaan luokkansa parhaan suorituskyvyn iskevissä ruuvinvääntimissä ja porakoneissa.,215.0,Milwaukee Tools,
18169250001,Milwaukee Piikkaustaltta SL. SDS+ 250mm,https://tarvike.com/product/milwaukee-piikkaustaltta-sl-sds-250mm-127158,https://media.tarvike.com/product/images/127158/original/162037.png,23.8,Jopa 3x pidempi käyttöikä verrattuna yleistalttoihin!,15.0,Milwaukee Tools,
18169245001,Milwaukee Puristuspihdit räikällä,https://tarvike.com/product/milwaukee-puristuspihdit-raikalla-127179,https://media.tarvike.com/product/images/127179/original/162081.png,108.0,"Milwaukee eristetyt puristuspihdit räikkämekanismilla takaavat varmat liitokset 0,3–6,0 mm² liittimille.",85.0,Milwaukee Tools,
18169244001,Milwaukee Kuorintapihdit puristimella,https://tarvike.com/product/milwaukee-kuorintapihdit-puristimella-127178,https://media.tarvike.com/product/images/127178/original/162072.png,33.2,"Milwaukee Kuorintapihdit puristimella – 7-in-1-työkalu, joka kuorii, leikkaa, puristaa ja katkaisee. Ergonominen muotoilu ja ruostesuojaus takaavat kestävyyden.",25.0,Milwaukee Tools,
18167182001,"Milwaukee M18 FUEL™ yläkahvallinen pistosaha, runko",https://tarvike.com/product/milwaukee-m18-fuel-ylakahvallinen-pistosaha-runko-127134,https://media.tarvike.com/product/images/127134/original/161969.webp,425.0,"Milwaukee M18 FJS on 18V hiiliharjaton yläkahvallinen pistosaha, jossa on 3500 iskua/min, 135 mm leikkuukapasiteetti puuhun ja FIXTEC™-teränvaihto – tarkkaan sahaamiseen.",285.0,Milwaukee Tools,
17861788000,Akkutarkastuskamera M12 ATB-0C,https://tarvike.com/product/akkutarkastuskamera-m12-atb-0c-169571,https://media.tarvike.com/product/images/169571/original/192081.png,545.0,"Mukana toimitetaan: 1 x 5 mm / 90 cm digitaalinen kamerakaapeli, 1 x 32 GB micro SD-kortti",409.0,Milwaukee Tools,
17861779000,Milwaukee Pölynimurin suodatin 300/500ELCP,https://tarvike.com/product/milwaukee-polynimurin-suodatin-300500elcp-169580,https://media.tarvike.com/product/images/169580/original/192071.png,95.1,"Sopii MILWAUKEE®-pölynsuodatusjärjestelmään AS 300 ELCP,AS 500 ELCP,AS 2-250 ELCP",71.0,Milwaukee Tools,
17861774000,Milwaukee Suorakulma 400 X 600mm,https://tarvike.com/product/milwaukee-suorakulma-400-x-600mm-169587,https://media.tarvike.com/product/images/169587/original/192061.png,54.9,,40.0,Milwaukee Tools,
17861773000,Milwaukee Akkupuhallin M18 BLHSB-0,https://tarvike.com/product/milwaukee-akkupuhallin-m18-blhsb-0-169588,https://media.tarvike.com/product/images/169588/original/192058.png,219.0,"Mukana toimitetaan: Tuloilmasuodatin, 6 mm suutin, 10 mm suutin, täyttösuutin, suutinpidike",159.0,Milwaukee Tools,
1770731000,Hydrauliventtiili 1/2,https://tarvike.com/product/hydrauliventtiili-12-145298,https://media.tarvike.com/product/images/145298/original/176782.webp,279.0,"2- karainen, 2- toiminen BM50.",195.0,BIB hydraulic,
17369686001,Milwaukee M12 C4 laturi,https://tarvike.com/product/milwaukee-m12-c4-laturi-105156,https://media.tarvike.com/product/images/105156/original/147877.jpg,173.0,Lataa jopa neljä akkua toisensa jälkeen. Valitse latausportti jonka haluat latautuvan ensiksi. Integroidut reiät laturin ripustamiseen ja kompakti koko,129.0,Milwaukee Tools,
17369651001,"Hikoki Akku 36V 2,5AH / 18V 5,0AH BSL36A18 2KPL MV",https://tarvike.com/product/hikoki-akku-36v-25ah-18v-50ah-bsl36a18-2kpl-mv-105117,https://media.tarvike.com/product/images/105117/original/147870.jpg,296.5,"Multi Volt-akku on yhteensopiva Hitachin Multi Volt 36 V- sekä koko 18 V-konevalikoiman kanssa Akku vaihtaa voltti- ja ampeerimääränsä sen mukaan, käytätkö 36 V vai 18 V konetta Akkuindikaattori näyttää jäljellä olevan virran Ei muisti-ilmiötä Vähäinen itsepurkautuminen: akku kestää käyttämättömänä olemista Akun turvaominaisuudet suojaavat ylikuormitukselta, yli- ja alilataukselta sekä ylikuumenemiselta Yhteensopiva kaikkien Hitachin liukuakkukiinnityksellä olevien li-ion-latauslaitteiden kanssa",207.5,Hikoki,
17369536001,AWD Sähkötalja 200/400kg,https://tarvike.com/product/awd-sahkotalja-200400kg-105111,https://media.tarvike.com/product/images/105111/original/147864.jpg,196.8,AWD Sähkötalja 200/400kg.,179.0,AWD,
17369535001,"Ixes korkeapaineruisku 230V 207bar 1,1 l/ min IXES",https://tarvike.com/product/ixes-korkeapaineruisku-230v-207bar-11-l-min-ixes-105110,https://media.tarvike.com/product/images/105110/original/147853.jpg,302.5,"Ixes Korkeapaineruiskussa on kannettava ruisku joten se soveltuu erinoimaisesti maalaamiseen ja pinnoittamiseen. Ihanteellinen sekä DIY-käyttöön että ammattilaisille, pieniin ja isoihin maalaustöihin. Soveltuu kaikenlaisille pinnoille sekä erilaisille maalityypeille.",272.25,IXES,
17369533001,"Paineilmaletkukela MAN Soft 1/4"" 30m",https://tarvike.com/product/paineilmaletkukela-man-soft-14-30m-105108,https://media.tarvike.com/product/images/105108/original/147855.jpg,291.0,"Kevyt ja erittäin joustava PVC kompressoriletku, joka kestää kylmässä ympäristössä Käyttölämpötila -40...+65 °C Max. työpaine 20 bar Silikonivapaa Materiaali Soft PVC Sisähalkaisija Ø 1/4"" Pituus 30 m Paino 8,2 kg",261.9,IKH,
17369522001,Kemppi MIH-hitsauslaite Minarmig Evo 200,https://tarvike.com/product/kemppi-mih-hitsauslaite-minarmig-evo-200-105097,https://media.tarvike.com/product/images/105097/original/147851.jpg,1810.64,"MIG-hitsauslaite liikkuvan hitsaajan tarpeisiin. Tarkka hitsausjälki ja valokaaren syttyminen. PFC-tekniikan ansiosta energiatehokkuus on huippuluokkaa ja hitsausaika pitenee, koska jäähdytystaukoja on vähemmän. Sopii sekä verkkovirta- että generaattorikäyttöön. Toimii jopa 100 metrin virtakaapeleilla. Automaattinen ja manuaalinen hitsaustila. Suuri graafinen näyttö opastaa käyttäjää. Helppotajuinen levynvahvuuden säätö (mm) nopeuttaa käyttöönottoa.",1599.0,Kemppi,
16971748001,"Hikoki Sirkkelinterä TCT 190x2,0x30mm",https://tarvike.com/product/hikoki-sirkkelintera-tct-190x20x30mm-106161,https://media.tarvike.com/product/images/106161/original/148921.jpg,49.0,"Koko 190 x 2,0 / 1,5 x 30 mm Z40",34.3,Hikoki,
16971562001,"Bullpro Led-auravalo 9-36V, vasen",https://tarvike.com/product/bullpro-led-auravalo-9-36v-vasen-106021,https://media.tarvike.com/product/images/106021/original/148680.jpg,303.0,"Bullpro Led-auravalo,lasissa automaattinen lämmitys: sulattaa lumen ja estää jäätymisen - kytkeytyy pois päältä kun valaisimen sisälämpötila saavuttaa +50°C.",181.8,Bullpro,
16971335001,Milwaukee M18 FUEL™ ¼″ Hex iskevä ruuvinväännin,https://tarvike.com/product/milwaukee-m18-fuel-hex-iskeva-ruuvinvaannin-105404,https://media.tarvike.com/product/images/105404/original/148406.jpg,375.0,"Nopeampi ruuvausnopeus edelliseen malliin verrattuna - jopa 3900 rpm ja 4400 ipm. Todella kompakti 113 mm pituus mahdollistaa pääsyn ahtaisin tiloihin, jopa 226 Nm teho kuormituksessa",209.0,Milwaukee Tools,
16971306001,Hikoki Pora/ruuvinväännin DS18DD 3AH HSC,https://tarvike.com/product/hikoki-poraruuvinvaannin-ds18dd-3ah-hsc-105395,https://media.tarvike.com/product/images/105395/original/148419.jpg,221.5,"pienikokoinen, kevyt ja tasapainoinen pora/ruuvinväännin pienempi runko on mukavampi käyttää ja mahtuu helpommin ahtaisiin paikkoihin esim. kalusteasennuksissa vahva kone korkealla kierrosluvulla ja momentilla hiiliharjaton moottori takaa koneen pitkän eliniän, pitemmän käyttöajan per lataus ja pienemmän huoltotarpeen ergonominen, kumipinnoitettu kahva HPS-ylikuormitussuojaus (Hitachi Protection System) tehokas LED-valo valaisee työskentelyalueen 13 mm pikaistukka mukana käytännöllinen konelaukku helppoon säilytykseen ja kuljetukseen akku BSL1830C / laturi UC18YFSL (latausaika 45 min) akkukiinnitys slide",177.2,Hikoki,
16971264001,"Milwaukee räikkäavain M12 FIR12-0, runko",https://tarvike.com/product/milwaukee-raikkaavain-m12-fir12-0-runko-105385,https://media.tarvike.com/product/images/105385/original/148442.jpg,315.0,"Jopa 81 Nm maks. vääntömomentti ja 175 kierr./min. tekee työkalusta erinomaisen automekaanikoille sekä huolto- ja korjausammattilaisille Pään muotoilu mahdollistaa työskentelyn ahtaissa tiloissa Alan johtava FUEL™-teknologia yhdistettynä vahvistettuun mekanismiin ja valettuun moottorin koteloon tarjoavat parhaan mahdollisen kestävyyden ammattikäyttäjälle REDLINK PLUS™ -elektroniikka tarjoaa kehittyneen digitaalisen ylikuormitussuojan sekä työkalulle että akulle parantaen ainutlaatuisella tavalla työkalun suorituskykyä kuormituksessa REDLITHIUM™-ION-akun ylivoimainen rakenne, elektroniikka ja jatkuva suorituskyky takaavat pidemmän käyttöajan ja -iän Metallinen nopeudensäätökytkin Ensiluokkainen kumipäällyste kestää kuluttavia materiaaleja ja lisää käyttömukavuutta LED-työvalo valaisee työstettävän pinnan ja virtamittari ilmaisee jäljellä olevan käyttöajan Mukana toimitetaan ⅜″ adapteri Toimii kaikilla MILWAUKEE® M12™ -akuilla HUOM! Tuote ei sisällä akkua!",225.0,Milwaukee Tools,
16971196001,Milwaukee Räikkäavain runko M12 FHIR14LR-0,https://tarvike.com/product/milwaukee-raikkaavain-runko-m12-fhir14lr-0-105375,https://media.tarvike.com/product/images/105375/original/148172.jpg,385.0,"Jopa 47 Nm maks. vääntömomentti ja 450 kierr./min tekee työkalusta nopeamman ja tuottavamman 19 mm kompakti pään profiili ja pidennetty kaula helpottavat ahtaissa tiloissa työskentelyä Alan johtava FUEL™-teknologia yhdistettynä vahvistettuun mekanismiin ja valettuun moottorin koteloon tarjoavat parhaan mahdollisen kestävyyden ammattikäyttäjälle Portaaton nopeudensäätökytkin tuottaa työkalun parhaan hallittavuuden Ensiluokkainen kumipäällyste kestää kuluttavia materiaaleja ja lisää käyttömukavuutta Virtamittari ja LED-työvalo FUEL™ yhdistää kolme MILWAUKEE®-teknologiaa: hiiliharjattoman POWERSTATE™-moottorin, REDLITHIUM™-akun ja REDLINK PLUS™ -elektroniikan, mitkä tuottavat enemmän voimaa, käyttöaikaa ja -ikää Toimii kaikilla MILWAUKEE® M12™ -akuilla",249.0,Milwaukee Tools,
16971157001,Hikoki Combo 6 Konetta 2 x 5.0 AH Akku,https://tarvike.com/product/hikoki-combo-6-konetta-2-x-50-ah-akku-105370,https://media.tarvike.com/product/images/105370/original/148164.jpg,1415.0,Hikoki kuuden työkalun akkutyökalusarja kahdella MultiVolt-akulla ja pikalaturilla. Tehokas hiiliharjaton moottori takaa pitkän käyttöiän ja vähäisen huollon tarpeen. HPS-ylikuormitussuojaus,1132.0,Hikoki,
16970691001,"Milwaukee akkunauhaviila M12 FBFL10-0, runko",https://tarvike.com/product/milwaukee-akkunauhaviila-m12-fbfl10-0-runko-105442,https://media.tarvike.com/product/images/105442/original/148347.jpg,385.0,"Milwaukee M12 FBFL10-0 akkunauhaviilassa on kaksi nopeustilaa, portaaton nopeuden säätö ja käyttäjän valittavassa oleva hiomanauhan suunta. 360° työkaluton pään säätö mahdollistaa säädettävyyden eri työympäristöihin ja tekee työkalusta helpon säilytettävän.",275.0,Milwaukee Tools,
16970639001,"Milwaukee Vannesaha M18 CBS125-0, runko",https://tarvike.com/product/milwaukee-vannesaha-m18-cbs125-0-runko-105426,https://media.tarvike.com/product/images/105426/original/148376.jpg,879.0,"Hiiliharjaton POWERSTATE™-moottori kestää jopa 10x pidempään ja on jopa 2x tehokkaampi verrattuna muihin akkukäyttöisiin ratkaisuihin REDLINK PLUS™ -elektroniikka tarjoaa kehittyneen digitaalisen ylikuormitussuojan sekä työkalulle että akulle parantaen ainutlaatuisella tavalla työkalun suorituskykyä kuormituksessa REDLITHIUM™-akun ylivoimainen rakenne, elektroniikka ja jatkuva suorituskyky takaavat pidemmän käyttöajan ja -iän Sahauskapasiteetti jopa 125 x 125 mm 5-portainen portaaton nopeudensäätö 0 - 116 m/min Pikalukollinen teränvaihtomekanismi mahdollistaa nopeat ja helpot teränvaihdot Vankka, metallinen koukku helpottaa varastointia Kapea, täysmetallinen moottorin muotoilu ja LED-työvalo Toimii kaikilla MILWAUKEE® M18™ -akuilla HUOM! Tuote ei sisällä akkua!",499.0,Milwaukee Tools,
16970623001,"Milwaukee märkä-/kuivaimuri M18 VC2, runko",https://tarvike.com/product/milwaukee-marka-kuivaimuri-m18-vc2-runko-105424,https://media.tarvike.com/product/images/105424/original/148378.jpg,255.0,"Milwaukee M18 VC2 märkä-/kuivaimurin tehokas 18V moottori, jopa 1300 l/min / 80 baarin ilmavirta tuottaa erinomaisen imutehon sekä kuiva- että märkäkäyttöön HUOM! Tuote ei sisällä akkua!",189.0,Milwaukee Tools,
16959268001,"Milwaukee akkupyörösaha puulle ja muoville M18 FCSG66-0, runko",https://tarvike.com/product/milwaukee-akkupyorosaha-puulle-ja-muoville-m18-fcsg66-0-runko-105759,https://media.tarvike.com/product/images/105759/original/148516.jpg,699.0,"M18 FUEL™ -pyörösaha tuottaa saman tehon, kuin verrattavissa oleva sähkökäyttöinen pyörösaha - sahaa 750 palaa 90 mm x 45 mm puuta yhdellä 12,0 Ah akun latauksella 190 mm terä mahdollistaa 66 mm sahaussyvyyden, joka vastaa kolmen pinotun OSB-levyn sahaamista Magnesiumkenkä sopii yhteen MILWAUKEE®-ohjauskiskon kanssa (myydään erikseen). Kenkä mahdollistaa suorien ja tarkkojen katkaisujen tekemisen nopeasti Kestävä metallikoukku takaa työtilan hallinnan ja turvallisuuden Mukana tuleva imuadapteri sopii yhteen kaikkien MILWAUKEE®-pölynpoistajien kanssa Viistekapasiteetti 56° Kirkas LED-työvalo valaisee työstettävän pinnan Uuden sukupolven hiiliharjaton POWERSTATE™-moottori, REDLINK PLUS™ -elektroniikka ja REDLITHIUM™ HIGH OUTPUT™ 12,0 Ah -akku tuottavat erinomaisen suorituskyvyn, kestävyyden ja käyttöajan vaativissakin työtehtävissä Toimii kaikilla MILWAUKEE® M18™ -akuilla Sahanterä, sivutuki, pölynpoistokuilu, avain terien vaihtoon. HUOM! Tuote ei sisällä akkua!",399.0,Milwaukee Tools,
16959266001,"Milwaukee pöytäsaha M18 FTS210-0, runko",https://tarvike.com/product/milwaukee-poytasaha-m18-fts210-0-runko-105758,https://media.tarvike.com/product/images/105758/original/148517.jpg,985.0,"Milwaukee ONE-KEY™ M18 FUEL™ -pöytäsaha tuottaa yhtä paljon voimaa sahaamiseen kuin vastaavat sähkökäyttöiset sahat - sahaa 190 metriä 19 mm OSB-levyä yhden 12,0 Ah akun latauksella. HIGH OUTPUT™ -järjestelmä nostaa M18 FUEL™ -teknologian uudelle tasolle tuottaen paremman suorituskyvyn ja pidemmän käyttöiän. Tämän järjestelmän työkalut on suunniteltu käytettäväksi yhdessä HIGH OUTPUT™ -akkujen kanssa.",739.0,Milwaukee Tools,
16959259001,"Milwaukee yhdistelmävasara M18 ONEFHP-0X,  runko",https://tarvike.com/product/milwaukee-yhdistelmavasara-m18-onefhp-0x-runko-105754,https://media.tarvike.com/product/images/105754/original/148505.jpg,725.0,"-Tehokas vasarointimekanismi tuottaa jopa 5,0 J (EPTA) iskuenergian tärinätason pysyessä matalana 6,9 m/s² -Poraa jopa 10 kpl ⌀ 18 x 100 mm reikää yhden M18™ HIGH OUTPUT™ 5,5 Ah -akun latauksella -AUTOSTOP™-toiminto katkaisee virransyötön automaattisesti käyttäjän suojaamiseksi -ONE-KEY™-työkaluseuranta ja -turvallisuus tarjoavat ilmaisen pilviteknologialla toimivan työkaluhallinta-alustan, joka mahdollistaa työkalujen etälukituksen -Täysmetallinen vaihteisto lisää kestävyyttä -4-toimintoinen: poraus iskulla, poraus ilman iskua, talttaustoiminto ja variolock-toiminto lisäävät monipuolisuutta -Yhteensopiva M18 FPDDEXL -pölynimurin kanssa -FUEL™ yhdistää kolme MILWAUKEE®-teknologiaa: hiiliharjattoman POWERSTATE™-moottorin, REDLITHIUM™-akun ja REDLINK PLUS™ -elektroniikan, mitkä tuottavat enemmän voimaa, käyttöaikaa ja -ikää -HIGH OUTPUT™ -järjestelmä nostaa M18 FUEL™ -teknologian uudelle tasolle tuottaen paremman suorituskyvyn ja pidemmän käyttöiän. Tämän järjestelmän työkalut on suunniteltu käytettäväksi yhdessä HIGH OUTPUT™ -akkujen kanssa HUOM! Tuote ei sisällä akkua.",519.0,Milwaukee Tools,
16959257001,"Milwaukee M18 FDDEXL-0 Poravasaran imuri, runko",https://tarvike.com/product/milwaukee-m18-fddexl-0-poravasaran-imuri-runko-105753,https://media.tarvike.com/product/images/105753/original/148507.jpg,325.0,"Milwaukee M18 FDDEXL-0 Poravasaran imuri on suunniteltu keräämään porauspölyt tehokkaasti. AUTOPULSE™ on alan ensimmäinen automaattinen suodattimen puhdistusmekanismi työkalun pölynimurille, mikä pidentää ilmavirran tehokkuutta ja suodattimen käyttöikää.",229.0,Milwaukee Tools,
16959253001,"Milwaukee pölynimuri poravasaralle M18 CDEX-0, runko",https://tarvike.com/product/milwaukee-polynimuri-poravasaralle-m18-cdex-0-runko-105751,https://media.tarvike.com/product/images/105751/original/148512.jpg,255.0,"Suunniteltu keräämään tehokkaasti porauspölyt kun työkalu kytketään kytkimestä päälle HEPA-suodatin: pidetään parhaana suodattimena, joka suodattaa kaiken kokoiset roskat jopa 99,75 % tarkkuudella Suuri pölynkeräysrasia Alumiininen pölynpoistoputki voidaan säätää poranterään sopivaksi, maks. pituus 16 mm ja syvyys 90 mm Yhteensopiva M18 CDEX-0 -mallin kanssa Toimii kaikilla MILWAUKEE® M18™ -akuilla HUOM! Tuote ei sisällä akkua!",149.0,Milwaukee Tools,
16959230001,"Milwaukee Suorahiomakone M18 FDGROVB-0X, runko",https://tarvike.com/product/milwaukee-suorahiomakone-m18-fdgrovb-0x-runko-105748,https://media.tarvike.com/product/images/105748/original/148488.jpg,509.0,"5-vaiheinen nopeusvalikko sopii erinomaisesti ruostumattoman teräksen, kovametallipurseiden ja jopa 75 mm tarvikkeiden kanssa työskentelyyn Tuottaa 1200 W sähkökäyttöistä työkalua vastaavan tehon ONE-KEY™-työkaluseuranta ja -turvallisuus tarjoavat ilmaisen pilviteknologialla toimivan työkaluhallinta-alustan, joka mahdollistaa työkalujen etälukituksen Karalukko helpottaa tarvikkeiden vaihtamista RAPIDSTOP™-toiminto pysäyttää kaikki tarvikkeet alle 2 sekunnissa Vakiokiinnitys sopii sekä 6 että 8 mm tarvikkeille 2 LED-työvaloa valaisevat työstettävän kohteen Ohut kahvan muotoilu Irrotettava pölysuoja estää roskien pääsyn moottoriin pidentäen sen ikää Kuminen etuosa lisää käyttömukavuutta Jälleenkäynnistymissuoja estää automaattiset vahinkokäynnistymiset FUEL™ yhdistää kolme MILWAUKEE®-teknologiaa: hiiliharjattoman POWERSTATE™-moottorin, REDLITHIUM™-akun ja REDLINK PLUS™ -elektroniikan, mitkä tuottavat enemmän voimaa, käyttöaikaa ja -ikää Toimii kaikilla MILWAUKEE® M18™ -akuilla",369.0,Milwaukee Tools,
16959070001,"Milwaukee M12 FDGS Fuel Suorahiomakone, runko",https://tarvike.com/product/milwaukee-m12-fdgs-fuel-suorahiomakone-runko-105745,https://media.tarvike.com/product/images/105745/original/148496.jpg,345.0,"Ensimmäinen suoralinjainen akkusuorahiomakone tuottaa enemmän tehoa vs. pneumaattiset mallit. Luokkansa paras koko (262 mm pitkä) mahdollistaa työskentelyn ahtaissa tiloissa. 3-toimintoinen ja portaaton nopeudensäätö tuottaa parhaan hallittavuuden. Käytettäväksi maks. ⌀ 50 mm laikkojen kanssa. Mukana toimitetaan 6 ja 8 mm kiristysholkit. FUEL™ yhdistää kolme MILWAUKEE®-teknologiaa: hiiliharjattoman POWERSTATE™-moottorin, REDLITHIUM™-akun ja REDLINK PLUS™ -elektroniikan, mitkä tuottavat enemmän voimaa, käyttöaikaa ja -ikää. Toimii kaikilla MILWAUKEE® M12™ -akuilla. Huom! Tuote ei sisällä akkua ja laturia!",239.0,Milwaukee Tools,
16959064001,"Milwaukee M12 UCl-0 Työvalaisin, runko",https://tarvike.com/product/milwaukee-m12-ucl-0-tyovalaisin-runko-105743,https://media.tarvike.com/product/images/105743/original/148473.jpg,295.0,"Milwaukee M12 UCL-0 Työvalaisimessa on 1200 lumenin TRUEVIEW™-teräväpiirtotekniikka, ja jopa 15 tunnin käyttöaika M12™ 4,0 Ah -akun latauksella.",205.0,Milwaukee Tools,
16959062001,"Milwaukee M18 HOAL-0 Aluevalaisin, runko",https://tarvike.com/product/milwaukee-m18-hoal-0-aluevalaisin-runko-105742,https://media.tarvike.com/product/images/105742/original/148475.jpg,385.0,"Milwaukee M18 HOAL-0 Aluevalaisimessa on 4000 lumenin TRUEVIEW™-teräväpiirtotekniikka, ja jopa 12 tunnin käyttöaika yhdellä M18™ REDLITHIUM™ 5,0 Ah -akulla.",279.0,Milwaukee Tools,
16959059001,Milwaukee M18 HOSALC-0 Jalallinen aluevalaisin laturilla,https://tarvike.com/product/milwaukee-m18-hosalc-0-jalallinen-aluevalaisin-laturilla-105741,https://media.tarvike.com/product/images/105741/original/148477.jpg,759.0,"Milwaukee M18 HOSALC-0 jalallisella aluevalaisimesta löytyy 6000 lumenin TRUVIEW™-teräväpiirtotekniikka, jopa 10 tunnin käyttöaika yhdellä M18 Redlithium 8,0 Ah -akulla.",550.0,Milwaukee Tools,
16959056001,Milwaukee akkuvalaisin M18 PAL-0,https://tarvike.com/product/milwaukee-akkuvalaisin-m18-pal-0-105740,https://media.tarvike.com/product/images/105740/original/148479.jpg,235.0,"TRUEVIEW™-teräväpiirtotekniikka tuottaa jopa 1500 lumenin valaisutehon ja 20 tunnin käyttöajan korvaa helposti 500 W halogeenivalaisimen 2 vahvaa magneettia, jousitettu puristin ja kokoontaittuva kääntyvä valaisinpää tarjoavat monia asennusmahdollisuuksia ja valaisun mistä tahansa kulmasta Iskunkestävä polykarbonaattilinssi kestää pudotuksen jopa 2,7 metristä Erittäin pienikokoinen M18™-aluevalaisin on suunniteltu erityisesti huolto- ja korjausalojen tarpeisiin IP54-luokitus suojaa valaisinta pölyltä ja vesiroiskeilta Integroitu kahva/kiinnityspiste, josta valaisinta voidaan joko kantaa tai se voidaan sitoa kiinni nostolavalla käytettäessä Alhaisen virran merkkivalo välkkyy, kun akussa on virta vähissä Toimii kaikilla MILWAUKEE® M18™ -akuilla HUOM!! Tuote ei sisällä akkua!",149.0,Milwaukee Tools,
16959051001,Milwaukee led työmaavalaisin M18 HAL-0,https://tarvike.com/product/milwaukee-led-tyomaavalaisin-m18-hal-0-105738,https://media.tarvike.com/product/images/105738/original/148481.jpg,255.0,"TRUEVIEW™-teräväpiirtotekniikka 8 suorituskykyistä LED-valoa tarjoavat 1500 lumenin valotehon, mikä on 30 % kirkkaampi kuin 250 watin halogeenivalo Kompakti turvakehikko takaa erinomaisen kestävyyden Kätevän sisäänrakennetun kahvan avulla valaisin voidaan ripustaa pysty- tai vaakasuunnassa Voidaan kiinnittää pystysuunnassa halkaisijaltaan korkeintaan 13 mm putkeen, kierretankoon tai raudoitukseen Toimii kaikilla MILWAUKEE® M18™ -akuilla",149.0,Milwaukee Tools,
16959048001,"Milwaukee M18 BLSAG125X-0 Kulmahiomakone, runko",https://tarvike.com/product/milwaukee-m18-blsag125x-0-kulmahiomakone-runko-105737,https://media.tarvike.com/product/images/105737/original/148457.jpg,319.0,Milwaukee M18 BLSAG125X-0 Kulmahiomakoneen 11 000 kierr./min tuottaa tehoa katkaisu- ja hiontatöihin. Hiiliharjaton POWERSTATE™-moottori kestää tuottaa 800 W kulmahiomakonetta vastaavan tehon.,159.0,Milwaukee Tools,
16959034001,Hikoki Kulmahiomakone 125MM 18V G18DBBVL RUNKO HSC,https://tarvike.com/product/hikoki-kulmahiomakone-125mm-18v-g18dbbvl-runko-hsc-105732,https://media.tarvike.com/product/images/105732/original/148469.jpg,278.5,"Ominaisuudet: - pienikokoinen, tasapainoinen ja vahva kulmahiomakone - varustettu liukukytkimellä sekä nopeasti reagoivalla moottorijarrulla, joka pysäyttää laikan alle 3 sekunnissa liipaisimen vapauttamisesta - tehokas hiiliharjaton moottori takaa pitkän käyttöiän ja vähäisen huollon tarpeen - pehmeä käynnistys ja käynnistysvirranrajoitin - Kickback-turvatoiminto - portaaton nopeudensäätö: valitse sopiva nopeus työstettävän kohteen mukaan - pölyn- ja vedenkestävä: pölysuodatin lisää koneen käyttöikää merkittävästi - ergonominen kumipäällystetty otekahva (ympärysmitta vain 152 mm) - tärinävaimennettu sivukahva, jonka voi asentaa sekä oikealle että vasemmalle - karalukko helppoon laikan vaihtoon - matalan rakenteen ansiosta työskentely ahtaissa kohteissa onnistuu vaivattomasti - HPS (Hitachi Protection System) ylikuormitussuojaus - akkuindikaattori näyttää akun tilan - akkukiinnitys liuku",222.8,Hikoki,
16959029001,"Hikoki Kulmahiomakone 125MM 36V G3613DA 2,5AH MV HSC",https://tarvike.com/product/hikoki-kulmahiomakone-125mm-36v-g3613da-25ah-mv-hsc-105730,https://media.tarvike.com/product/images/105730/original/148471.jpg,660.0,"Ominaisuudet: - todella tehokas kulmahiomakone 1270W teholla! - 36 V Multi Volt kulmahiomakone suoriutuu raskaista töistä teholla, johon 18 V koneet eivät pysty - hiiliharjaton moottori - voimakas moottori kykenee pitämään kierrosnopeuden tasaisena ja ylikuormittuminen on epätodennäköistä - kevyt ja pienikokoinen kone kapealla otekahvalla tekevät työskentelystä helppoa ja tehokasta - portaaton nopeudensäätö (3000 - 9500 rpm) ja Auto Mode toiminto, joka säätää nopeutta kuormituksen mukaan - nopeasti reagoiva moottorijarru pysäyttää laikan alle 2 sekunnissa liipaisimen vapauttamisesta - liukukytkin koneen sivulla - pehmeä käynnistys ja käynnistysvirranrajoitin - Kickback-turvatoiminto - pölyn- ja vedenkestävä - akkuindikaattori - liukuakkukiinnitys",528.0,Hikoki,
1677302000,"Scheppach Kompressori 180L 1,2KW 24L öljytön",https://tarvike.com/product/scheppach-kompressori-180l-12kw-24l-oljyton-127489,https://media.tarvike.com/product/images/127489/original/166863.webp,149.0,"Scheppach HC24x -kompressori, jossa on 8 baarin työpaine, on luotettava apuväline niin verstaalla, autotallissa kuin työmaallakin. Sen 24 litran paineilmasäiliö ja 180 litran imutuotto tekevät siitä ihanteellisen koti- ja harrastekäyttöön.",129.0,Scheppach,
15398114001,Milwaukee M18 FUEL™ -puhallin,https://tarvike.com/product/milwaukee-m18-fuel-puhallin-169546,https://media.tarvike.com/product/images/169546/original/192268.png,339.0,"Tuottaa jopa 14,2 m³/min ilmamäärän ja 193 km/h nopeuden vaativiin lehtien, hiekan ja roskien siivoamiseen",209.0,Milwaukee Tools,
15397641001,KIILLOTUSKONE M18 FROP15-0X,https://tarvike.com/product/kiillotuskone-m18-frop15-0x-169473,https://media.tarvike.com/product/images/169473/original/192164.png,615.0,"Mukana toimitetaan: 125 mm tukinapa, pölysuoja",435.0,Milwaukee Tools,
15394483001,Milwaukee M18™-työmaavalaisin,https://tarvike.com/product/milwaukee-m18-tyomaavalaisin-169573,https://media.tarvike.com/product/images/169573/original/192078.png,275.0,"TRUEVIEW™teräväpiirtovalaisu tuottaa 2200 lumenin aluevalaisutehon ja 1000 lumenin tilavalaisutehon Edistyksellinen LED-teknologia valaisee 360° alueella sekä myös 90° alueella hyödyntäen yksittäisiä LED-valoja sivuilla Kompakti kantokahvan muotoilu mahdollistaa yhden käden kuljetuksen työmaalla Polykarboniittilinssi kestää iskuja sekä kemikaaleja 10,8 cm itsekeskittävän metallikoukun avulla valaisimen voi ripustaa eri paikkoihin Valo ilmoittaa akun matalasta virtatasosta vilkkumalla Toimii kaikilla MILWAUKEE® M18™ -akuilla",175.0,Milwaukee Tools,
14916511000,Valokenno,https://tarvike.com/product/valokenno-150615,https://media.tarvike.com/product/images/150615/original/181652.webp,41.0,,30.0,ITM,
14611048001,Hitsausmuuntaja 1.140 Telwin,https://tarvike.com/product/hitsausmuuntaja-1140-telwin-154994,https://media.tarvike.com/product/images/154994/original/191457.jpg,100.2,"- kytkentäjännite 230 V/16 A - tyhjäkäyntijännite 39-47 V - hitsausvirta-alueet 55 A ja 80 A - suurin puikkokoko Ø 2,5 mm - sisältää maskin ja kuonahakun/harjan - ylikuumenemisen merkkivalo",75.0,IKH,
14310596001,Ankkurinaula 34gr 4x42mm vgr a1000,https://tarvike.com/product/ankkurinaula-34gr-4x42mm-vgr-a1000-150180,https://media.tarvike.com/product/images/150180/original/189405.webp,47.5,Kuumasinkitty. Sopii 34° lippaaseen.,38.0,MFT,
13805997001,Yleismittari,https://tarvike.com/product/yleismittari-175668,https://media.tarvike.com/product/images/175668/original/198034.webp,23.9,"Tasa- ja vaihtojännitteen, tasavirran ja vastuksen mittaamiseen sekä diodien ja paristojen testaamiseen. Yleismittari on erittäin hyödyllinen mittausväline kenttätyössä, laboratorioissa, korjaamoissa sekä kotikäytössä",19.95,IKH,
13240403000,Pyörösahanterä sarja 165x30mm Z14/24/40,https://tarvike.com/product/pyorosahantera-sarja-165x30mm-z142440-150198,https://media.tarvike.com/product/images/150198/original/188716.webp,126.0,"3 kpl pyörösahanteriä eri hammastuksella. Koko 165 x 2,6 x 30 mm Z14 / Z24 / Z40. Alumiinilaukku",75.6,Hitachi,
13240401000,Pistosahanterä 56mm HM G30 JC10 Kaakeli 2kpl,https://tarvike.com/product/pistosahantera-56mm-hm-g30-jc10-kaakeli-2kpl-150204,https://media.tarvike.com/product/images/150204/original/188714.webp,19.0,"Käyttökohde: keramiikka, putket, lasi ja lasikuituvahvistetut muovit.",11.4,Hitachi,
13232086000,"Vesipumppu 1500W valurauta 1""",https://tarvike.com/product/vesipumppu-1500w-valurauta-1-149616,https://media.tarvike.com/product/images/149616/original/188466.webp,249.0,Laadukas jatkuvaan käyttöön tarkoitettu vesipumppu puhtaalle vedelle. JPV1500B,211.65,Elpumps,
13232075000,"Uppopumppu CT3274S 650W inox/muovi 1 1/4"" lika",https://tarvike.com/product/uppopumppu-ct3274s-650w-inoxmuovi-1-14-lika-149614,https://media.tarvike.com/product/images/149614/original/188441.webp,139.0,Soveltuu sekä puhtaalle että likaiselle vedelle.,125.1,Elpumps,
12920189000,Kytkentäsarja 3 Lisävalolle DT2,https://tarvike.com/product/kytkentasarja-3-lisavalolle-dt2-156175,https://media.tarvike.com/product/images/156175/original/180708.jpg,50.0,"Kytkentäsarja kolmelle lisävalolle, 3 x 2-nap. Deutsch DT -liittimiä kolmen valon asennukseen.",42.5,W-Light,
12914702000,"Led työvalaisin 14,4V/18V UB18DGL runko",https://tarvike.com/product/led-tyovalaisin-144v18v-ub18dgl-runko-150209,https://media.tarvike.com/product/images/150209/original/188299.webp,89.9,Vahva ja leveä LED-valaisu. 2-portainen valoteho: High / Low.,71.9,Hikoki,
12455275001,Kärkisarja puupolttimeen 6-os,https://tarvike.com/product/karkisarja-puupolttimeen-6-os-150766,https://media.tarvike.com/product/images/150766/original/189236.webp,11.9,Sopii esim. KEM1500KIT puupolttimeen. 6-osainen kärkisarja puupolttimeen.,8.0,Kemper,
11548038000,Kiviporanterä 8X120MM A1,https://tarvike.com/product/kiviporantera-8x120mm-a1-150205,https://media.tarvike.com/product/images/150205/original/185561.webp,8.0,"Kestävä spiraaliporanterä, helppo keskittää ja ei kuluta alustaa.",4.8,Hitachi,
11489210001,Epäkeskohiomakone SV15YC 350W,https://tarvike.com/product/epakeskohiomakone-sv15yc-350w-150223,https://media.tarvike.com/product/images/150223/original/188703.webp,399.0,Valittavissa kaksi hioma-asetusta: hieno tai karkeampi hiomaliike.,319.2,Hikoki,
11489205001,Hikoki Kulmahiomakone 230mm 36V G3623DA Runko MV,https://tarvike.com/product/hikoki-kulmahiomakone-230mm-36v-g3623da-runko-mv-150215,https://media.tarvike.com/product/images/150215/original/188708.webp,529.0,"Huom! pelkkä konerunko (akku, laturi ja lisävarusteet eivät sisälly toimitukseen).",370.3,Hikoki,
11051721001,Teippikone 38-50mm teipille,https://tarvike.com/product/teippikone-38-50mm-teipille-149758,https://media.tarvike.com/product/images/149758/original/188403.webp,14.95,Soveltuu 38 - 50mm teipille.,12.95,Fixit,
10529037001,"Teroituslaikka 100X3,5X10mm Teräketjulle",https://tarvike.com/product/teroituslaikka-100x35x10mm-teraketjulle-155895,https://media.tarvike.com/product/images/155895/original/187594.webp,11.9,,9.0,IKH,
10098533000,Optibeam Pure 185 lisävalo,https://tarvike.com/product/optibeam-pure-185-lisavalo-106030,https://media.tarvike.com/product/images/106030/original/148700.jpg,199.0,"Ennennäkemätön valoteho-koko suhde, äärimmäisen leveä valokuvio, maksimaalisella kantamalla sekä tyylikäs kaareva runko tekevät tästä sarjasta kauden valovoimaisimman uutuuden. Optibeam on erityisesti panostanut valojen optisiin ominaisuuksiin ja laadukkaisiin komponentteihin ja takeena siitä on mm. led –yksikköjen poikkeuksellisen korkea CRI -arvo, joka takaa luonnollisen värien toiston.",159.2,Optibeam,
10098531000,"Bullpro Led-auravalo 9-36V, oikea",https://tarvike.com/product/bullpro-led-auravalo-9-36v-oikea-106020,https://media.tarvike.com/product/images/106020/original/148686.jpg,303.0,"Bullpro Led-auravalo,lasissa automaattinen lämmitys: sulattaa lumen ja estää jäätymisen - kytkeytyy pois päältä kun valaisimen sisälämpötila saavuttaa +50°C.",181.8,Bullpro,
8374288002,Pihtiavain,https://tarvike.com/product/pihtiavain-180mm-86-03-180-39450,https://media.tarvike.com/product/images/39450/original/189132.webp,76.5,"Muovipinnoitetut kädensijat. Soveltuu erityisesti tartuntaan, kiinnipitämiseen sekä työkappaleen painamiseen ja taivuttamiseen, myös päällystepintaisten kiinnikkeiden tarkkaan asennukseen",,KNIPEX,
13315239000,Visiirisuodin,https://tarvike.com/product/visiirisuodin-tummuus-8-39277,https://media.tarvike.com/product/images/39277/original/188846.webp,22.5,,,Euromaski,
12914624000,Jatkojohto voimavirta 16A,https://tarvike.com/product/jatkojohto-voimavirta-10m-16a-39032,https://media.tarvike.com/product/images/39032/original/188225.webp,59.9,"Kumi-/neopreenikaapeli 10m, 5x2,5H07RN-F.",,CRX,
732287001,"Työkalusarja 1/4! ja 1/2"" 127-os.",https://tarvike.com/product/tyokalusarja-14-ja-12-127-os-145323,https://media.tarvike.com/product/images/145323/original/176818.webp,149.0,Sarja sisältää monipuoliset työkalut.,99.0,IKH,
6573299002,M18 FUEL™ -akkukonesarja,https://tarvike.com/product/m18-fuel-akkukonesarja-201918,https://media.tarvike.com/product/images/201918/original/214315.png,2219.0,"Kuuden koneen M18 FUEL™ -sarja, joka kattaa poraamisen, ruuvaamisen, sahaamisen ja hiomisen samalla akulla. Mukana iskuporakone, iskevä ruuvinväännin, kompakti pyörösaha, SAWZALL™-puukkosaha, 125 mm kulmahiomakone ja LED-valaisin – sekä kaksi 5,0 Ah REDLITHIUM™-akkua, pikalaturi ja työkalulaukku. Hiiliharjattomat POWERSTATE™-moottorit tuottavat verkkovirtakoneiden tehon ilman johtoa.",1149.0,Milwaukee Tools,
4582039000,Milwaukee Sinkilät 45mm HDG-P960,https://tarvike.com/product/milwaukee-sinkilat-45mm-hdg-p960-109448,https://media.tarvike.com/product/images/109448/original/153283.jpg,130.4,"Milwaukee Sinkilät M18 FFUS -mallille. Sinkilät sopii kaikenlaiseen puuhun kiinnitettävään aitalankaan, kuten karja-aitaan, neliö-/ketju-/piikkilankaan ja korkean vetolujuuden sisältävään lankaan.",99.0,Milwaukee Tools,
17369731001,NGK sytytystulppa BPR8ES,https://tarvike.com/product/ngk-sytytystulppa-bpr8es-105251,https://media.tarvike.com/product/images/105251/original/148042.jpg,5.5,Varmatoiminen sytytystulppa.,,NGK,
17369576001,Champion Sytytystulppa CJ7Y,https://tarvike.com/product/champion-sytytystulppa-cj7y-105296,https://media.tarvike.com/product/images/105296/original/148086.jpg,5.1,Champion sytytystulppa petrol/bensiinimoottoreille.,,Ratioparts,
17369548001,Champion sytytystulppa J19LM,https://tarvike.com/product/champion-sytytystulppa-j19lm-105267,https://media.tarvike.com/product/images/105267/original/148058.jpg,5.1,Champion sytytystulppa petrol/bensiinimoottoreille.,,Ratioparts,
17369730001,NGK sytytystulppa BR9ES-kiinteä nippa,https://tarvike.com/product/ngk-sytytystulppa-br9es-kiintea-nippa-105250,https://media.tarvike.com/product/images/105250/original/148041.jpg,5.6,Varmatoiminen sytytystulppa.,,NGK,
2397502002,"Katkaisulaikka 230x2,0x22,2mm gold",https://tarvike.com/product/katkaisulaikka-230x20x222mm-gold-150571,https://media.tarvike.com/product/images/150571/original/194591.webp,2.99,GOLD -tuotelinjan kestävä yleiskatkaisulaikka nopeaan ja tarkkaan leikkaukseen.,,IMA,
17369540001,NGK sytytystulppa BR9EYA,https://tarvike.com/product/ngk-sytytystulppa-br9eya-105259,https://media.tarvike.com/product/images/105259/original/148050.jpg,6.1,Varmatoiminen sytytystulppa.,,NGK,
17369552001,NGK tulpanhattu LB05E,https://tarvike.com/product/ngk-tulpanhattu-lb05e-105271,https://media.tarvike.com/product/images/105271/original/148062.jpg,5.1,90°\t14 mm:lle / iso nippa,,NGK,
17369564001,NGK sytytystulppa BPR9ES SOLID,https://tarvike.com/product/ngk-sytytystulppa-bpr9es-solid-105284,https://media.tarvike.com/product/images/105284/original/148074.jpg,6.1,Varmatoiminen sytytystulppa.,,NGK,
2397500002,"Katkaisulaikka 125x2,0x22,2mm Gold",https://tarvike.com/product/katkaisulaikka-125x20x222mm-gold-150570,https://media.tarvike.com/product/images/150570/original/194592.webp,1.8,GOLD -tuotelinjan kestävä yleiskatkaisulaikka nopeaan ja tarkkaan leikkaukseen.,,IMA,
23644671000,Hiomasiieni 100x70x28 mm M/F P60/P100,https://tarvike.com/product/hiomasiieni-100x70x28-mm-mf-p60p100-151607,https://media.tarvike.com/product/images/151607/original/195263.webp,2.1,Karkeus: keskikarkea/hieno (P60/P100). Koko 100 x 70 x 28mm,,MIRKA,
17369733001,NGK sytytystulppa BR8ECS,https://tarvike.com/product/ngk-sytytystulppa-br8ecs-105252,https://media.tarvike.com/product/images/105252/original/148043.jpg,12.4,Varmatoiminen sytytystulppa.,,NGK,
16371549000,"Opaste 300x400 Työmaa-alue, asiattomilta pääsy kielletty",https://tarvike.com/product/opaste-300x400-tyomaa-alue-asiattomilta-paasy-kielletty-155190,https://media.tarvike.com/product/images/155190/original/191160.webp,11.95,"Kieltomerkki tekstillä ""TYÖMAA-ALUE, ASIATTOMILTA PÄÄSY KIELLETTY"".",,IKH,
18339569001,"Philips polttimo 12V 60/55W Vision +30%, kaukovalo",https://tarvike.com/product/philips-polttimo-12v-6055w-vision-30-kaukovalo-105915,https://media.tarvike.com/product/images/105915/original/148560.jpg,4.26,"Philips polttimo, joka antaa jopa 30 % enemmän näkyvyyttä.Jännite 12 VNimellisteho 60/55 WKantamalli P43t-38",,Philips,
1677282000,Yleispuukko RST,https://tarvike.com/product/yleispuukko-rst-144901,https://media.tarvike.com/product/images/144901/original/176340.webp,2.9,Yleispuukko ruostumattomasta teräksestä,,IKH,
2397504002,Lamellilaikka 125mm G40 Zircon,https://tarvike.com/product/lamellilaikka-125mm-g40-zircon-150573,https://media.tarvike.com/product/images/150573/original/194597.webp,3.99,Koko Ø 125 x 22 mm,,Imperial,
13232128000,Naulauskulma,https://tarvike.com/product/naulauskulma-40x40x20x20mm-39182,https://media.tarvike.com/product/images/39182/original/188485.webp,0.4,"40x40x2,0x20mm",,Fixit,
17369735001,NGK sytytystulppa BR8HS,https://tarvike.com/product/ngk-sytytystulppa-br8hs-105254,https://media.tarvike.com/product/images/105254/original/148045.jpg,5.5,Varmatoiminen sytytystulppa.,,NGK,
17369541001,NGK tulpanhattu LB05F,https://tarvike.com/product/ngk-tulpanhattu-lb05f-105260,https://media.tarvike.com/product/images/105260/original/148051.jpg,5.0,90°\t14 mm:lle / pikku nippa,,NGK,
18339568001,Philips Vision Polttimo 12V/55W +30%,https://tarvike.com/product/philips-vision-polttimo-12v55w-30-105914,https://media.tarvike.com/product/images/105914/original/148556.jpg,5.1,"Tämän polttimon avulla saat jopa 30 % enemmän näkyvyyttä tielle.H1Jännite 12 VNimellisteho 55 WKantamalli P14,5s",,Philips,
4871655002,"Monitoimiteippi Musta, 6200 HPX",https://tarvike.com/product/monitoimiteippi-musta-6200-hpx-156743,https://media.tarvike.com/product/images/156743/original/187859.jpg,10.5,Yleiskäyttöön soveltuva erittäin vahva kangasteippi. HPX 48MMx25M,,HPX,
16972605001,"Kärkisarja 31-osainen, Wiha",https://tarvike.com/product/karkisarja-31-osainen-wiha-106602,https://media.tarvike.com/product/images/106602/original/149630.jpg,26.8,"Valmistettu kestävästä ja joustavasta molybdeeni-vanadium teräksestä. Kestävä muovirasia jossa vyökiinnike.Kärkissarja sisältää:2x PH1, 3x PH2,1x PH3, 2x PZ1, 3x PZ2, 1x PZ32x T10, 2x T15, 3x T20, 2x T25, 1x T30, 1x T40Suoraurat 1x 4,5, 1x 5,5, 1x 6,5 mmKuusiokolot 1x 3,0, 1x 4,0, 1x 5,0, 1x 6,0 mmMagneettinen kärjenpidin 58 mmPakkauksen koko (PxLxK) 191 x 107 x 85 mmPaino 280 g31-osainen peruskärkisarja: 30 kärkeä ja yksi magneettinen kärjenpidin.",,IKH,
17369729001,NGK sytytystulppa CR9EKB,https://tarvike.com/product/ngk-sytytystulppa-cr9ekb-105249,https://media.tarvike.com/product/images/105249/original/148040.jpg,18.6,Varmatoiminen sytytystulppa.,,NGK,
7752980002,Ledcore RS53 5W Paristokäyttöinen otsavalo,https://tarvike.com/product/ledcore-rs53-5w-paristokayttoinen-otsavalo-166519,https://media.tarvike.com/product/images/166519/original/188826.webp,17.9,"Ledcore RS53 on monipuoliseen käyttöön suunniteltu valaisin. Se toimii otsalamppuna sen mukana tulevan pannan ansiosta, mutta tarvittaessa pannan saa irti ja se toimii tavallisena taskulamppuna. Valaisimen LED on Amerikkalaisen Creen valmistama. Valaisin on IPX4 vesitiivis ja se kestää pudotuksen 1,2m korkeudelta.",,Ledcore,
18747820002,Bullpro Led työvalo Ecoline 48W,https://tarvike.com/product/bullpro-led-tyovalo-ecoline-48w-106004,https://media.tarvike.com/product/images/106004/original/148666.jpeg,19.5,"8x5W Osram, leveä valokuvio, 4500lm, RFI/EMC-hyväksytty, CE R10, Valtra -malli. alumiinirunko, Lexan PC-linssi, kiinnitys takaa tai U-kiinnikkeellä (sis.), takakiinnitykseen 2 erilevyistä kiinnityspalaa: 35mm ja uudempiin Valtra N/T malleihin sopiva 45mm, Deutsch-liitin, IP68",,Bullpro,
16971856001,"Kemper Kaasupatruuna Pro/But 220G 7/16"" Novacet plus",https://tarvike.com/product/kemper-kaasupatruuna-probut-220g-716-novacet-plus-106199,https://media.tarvike.com/product/images/106199/original/148968.jpg,11.99,"Novacet Plus toimii tarvittaessa myös pullo ylösalaisinKierreventtiili (kierre 7/16"")Liekin lämpötila max. 2200°CLiekin lämpötila yhdessä hapen kanssa max. 3100°CAlin käyttölämpötila -20°CEN417:n mukainen säiliöNettopaino 220 g (380 ml)",,Kemper,
9962930001,Kynä Timpurin 175MM,https://tarvike.com/product/kyna-timpurin-175mm-149054,https://media.tarvike.com/product/images/149054/original/186356.webp,1.49,,,Fixit,
2397506002,Lamellilaikka 125mm G60 Zircon,https://tarvike.com/product/lamellilaikka-125mm-g60-zircon-150574,https://media.tarvike.com/product/images/150574/original/194596.webp,3.99,Koko Ø 125 x 22 mm.,,Imperial,
17369736001,NGK sytytystulppa DCPR8E,https://tarvike.com/product/ngk-sytytystulppa-dcpr8e-105255,https://media.tarvike.com/product/images/105255/original/148046.jpg,8.8,Varmatoiminen sytytystulppa.,,NGK,
11489267001,Pakkausteippi 57167 PP kirkas 66 m / 50 mm,https://tarvike.com/product/pakkausteippi-57167-pp-kirkas-66-m-50-mm-155213,https://media.tarvike.com/product/images/155213/original/191136.webp,4.5,Koko 50 mm x 66 m.,,Tesa,
17369543001,Hyper Tulpanhattu LB05E,https://tarvike.com/product/hyper-tulpanhattu-lb05e-105262,https://media.tarvike.com/product/images/105262/original/148053.jpg,3.8,90°\t14 mm:lle / iso nippa,,Hyper,
5444991002,Ledcore 10W 2x2200mAH Ladattava otsavalo,https://tarvike.com/product/ledcore-10w-2x2200mah-ladattava-otsavalo-166520,https://media.tarvike.com/product/images/166520/original/188829.webp,15.9,"Ledcore 10W Head light on erittäin tehokas ladattava otsavalo.Valaisimessa on kaksi 18650 akkua. Akut ovat suojattu ylilataukselta omalla sisäisellä piirillä. Valaisimen led tyyppi on CREE T6 mikä on yksi parhaista markkinoilla. Se on erittäin tehokas ja valonsäteen kantama on lähes 500m. Led tuottaa noin 800lumenin valotehon. Valaisimen lataus tapahtuu millä tahansa matkapuhelin USB laturilla sekä mukana tulevalla johdolla. Valaisimessa on erillinen suojapiiri joka säätää latausta sekä varmistaa, ettei ylilatausta pääse tapahtumaan. Suojapiiri varmistaa myös valaisimen akkujen pitkän käyttöiän.",,Ledcore,
2231681002,IKH Katkoterät 18mm 10kpl,https://tarvike.com/product/ikh-katkoterat-18mm-10kpl-155888,https://media.tarvike.com/product/images/155888/original/205808.jpg,4.4,IKH Katkoterät 18mm 10kpl,,IKH,
16673900000,Vedenkestävä musta tussi 1-4mm Pyöreä Kärki,https://tarvike.com/product/vedenkestava-musta-tussi-1-4mm-pyorea-karki-150128,https://media.tarvike.com/product/images/150128/original/191297.webp,2.0,Pyöreäkärkinen vedenkestävä tussi kaikille pinnoille,,IKH,
10245063000,Käsikiriste 100mm x 150m,https://tarvike.com/product/kasikiriste-100mm-x-150m-156128,https://media.tarvike.com/product/images/156128/original/180450.webp,5.9,100 mm / 150 m. Vahvuus 21 My.,,IKH,
17369574001,NGK sytytystulppa CR9EK,https://tarvike.com/product/ngk-sytytystulppa-cr9ek-105294,https://media.tarvike.com/product/images/105294/original/148087.jpg,15.8,Varmatoiminen sytytystulppa.,,NGK,
17369578001,Champion Sytytystulppa,https://tarvike.com/product/champion-sytytystulppa-105298,https://media.tarvike.com/product/images/105298/original/148090.jpg,5.1,CHAMPION sytytystulppa bensiini/bensiinimoottoreille.,,Ratioparts,
17369547001,Sytytystulppa Champion,https://tarvike.com/product/sytytystulppa-champion-105266,https://media.tarvike.com/product/images/105266/original/148057.jpg,8.47,Varmatoiminen sytytystulppa.,,,
12828105000,Polttimo 12V/50W,https://tarvike.com/product/polttimo-12v50w-156928,https://media.tarvike.com/product/images/156928/original/187618.jpg,18.5,PG13 GE885.,,JAHN,
17369601001,CTEK Spm 570 latauspistokkeen adapteri Ctek -laturille,https://tarvike.com/product/ctek-spm-570-latauspistokkeen-adapteri-ctek-laturille-106645,https://media.tarvike.com/product/images/106645/original/149665.jpg,16.9,Polaris Spm 570 latauspistokkeen adapteri Ctek -laturille / CTEK Comfort Indicator - pigtail,,Ctek,
8374318002,Koussi,https://tarvike.com/product/koussi-6mm-39523,https://media.tarvike.com/product/images/39523/original/189261.webp,0.8,,,IKH,
1772494000,"Philips Polttimo 12V 3W W2,1X9,5d",https://tarvike.com/product/philips-polttimo-12v-3w-w21x95d-129080,https://media.tarvike.com/product/images/129080/original/168946.jpg,1.1,,,Philips,
17369569001,NGK sytytystulppa B8ES,https://tarvike.com/product/ngk-sytytystulppa-b8es-105289,https://media.tarvike.com/product/images/105289/original/148079.jpg,4.0,Varmatoiminen sytytystulppa.,,NGK,
17369563001,NGK tulpanhattu TB05EM silikoni,https://tarvike.com/product/ngk-tulpanhattu-tb05em-silikoni-105283,https://media.tarvike.com/product/images/105283/original/148073.jpg,14.3,90°\t14 mm:lle / iso nippa / Silik.,,NGK,
1772486000,Solero Polttimo 12V 35/35 PX15D ATV,https://tarvike.com/product/solero-polttimo-12v-3535-px15d-atv-129075,https://media.tarvike.com/product/images/129075/original/168951.jpg,4.5,,,Solero,
11623422000,Husqvarna ruuvauskärki terille 5kpl,https://tarvike.com/product/husqvarna-ruuvauskarki-terille-5kpl-124017,https://media.tarvike.com/product/images/124017/original/158169.png,14.2,Bits for changing Robotic mower Blades - Contains 5 pcs,,Husqvarna,
19006089001,Robota DC-Q18V akku 4Ah,https://tarvike.com/product/robota-dc-q18v-akku-4ah-246356,https://media.tarvike.com/product/images/246356/original/214349.webp,39.9,"Robota DC-Q18V on laadukas 18 voltin litiumioniakku, joka tarjoaa tehokasta ja pitkäkestoista virtaa kaikille Robota-akkutyökalusarjan laitteille. 4,0 ampeeritunnin kapasiteetti mahdollistaa pidemmän työskentelyn ilman katkoksia ja parantaa työtehoa huomattavasti.",,Robota,
19006087001,Robota laturi DC-CH 18V,https://tarvike.com/product/robota-laturi-dc-ch-18v-246334,https://media.tarvike.com/product/images/246334/original/214347.webp,19.9,Robota pikalaturi Robotan 18 V akuille. Verkkovirtalaturi Robotan DC 18V akuille.,,Robota,
18748065002,Philips kaukovalo polttimo,https://tarvike.com/product/philips-kaukovalo-polttimo-105920,https://media.tarvike.com/product/images/105920/original/148561.jpg,17.21,Täydellinen suoja mekaanisia iskuja vastaan.H7Jännite 24 VNimellisteho 70 WKantamalli PX26d,,Philips,
14310701001,Kemper Kaasupoltin Micro,https://tarvike.com/product/kemper-kaasupoltin-micro-106188,https://media.tarvike.com/product/images/106188/original/148959.jpg,26.9,Taskuun mahtuva monikäyttöinen minikaasupoltin. Kätevä esim. jäätyneen riippulukon sulattamiseen. Voidaan täyttää kaasun loputtua.,,Kemper,
4578914000,Philips kaukovalo polttimo 12V 60/55W,https://tarvike.com/product/philips-kaukovalo-polttimo-12v-6055w-105921,https://media.tarvike.com/product/images/105921/original/148565.jpg,30.94,"Philips autolamput ovat autovalmistajien hyväksymiä laadukkaita ensiasennuspolttimoita lähes kaikissa automerkeissä.H13Jännite 12 VNimellisteho 60/55 WKantamalli P26,4t",,Philips,
18748132002,Kemper Kertakäyttökaasu 190G sulkeutuva malli,https://tarvike.com/product/kemper-kertakayttokaasu-190g-sulkeutuva-malli-106191,https://media.tarvike.com/product/images/106191/original/148953.jpg,2.99,"Propaani/butaani seosgas Stop System estää kaasusäiliön nopean tyhjenemisen irroitettaessasoveltuu retkikeittimille, kaasulampuille ja kaasupolttimilleAlin käyttölämpötila 0°CEN417:n mukainen säiliöNettopaino 190 g (360 ml)",,Kemper,
16971793001,Philips kaukovalo polttimo  24V/70W,https://tarvike.com/product/philips-kaukovalo-polttimo-24v70w-105918,https://media.tarvike.com/product/images/105918/original/148553.jpg,6.49,"Täydellinen suoja mekaanisia iskuja vastaan.H1Jännite 24 VNimellisteho 70 WKantamalli P14,5s",,Philips,
5216202002,Leikkuurengas,https://tarvike.com/product/leikkuurengas-6mm-ll-39142,https://media.tarvike.com/product/images/39142/original/188398.webp,1.3,,,IKH,
1772512000,Flösser Polttimo 12V27W 2.5x16d P27W Blister Polaris,https://tarvike.com/product/flosser-polttimo-12v27w-25x16d-p27w-blister-polaris-129090,https://media.tarvike.com/product/images/129090/original/176855.jpg,7.4,,,Flösser,
1772508000,Flösser Polttimo R10W 12V 10W BA15s,https://tarvike.com/product/flosser-polttimo-r10w-12v-10w-ba15s-129088,https://media.tarvike.com/product/images/129088/original/176853.jpg,1.2,,,Flösser,
17369558001,NGK tulpanhattu LD05F,https://tarvike.com/product/ngk-tulpanhattu-ld05f-105278,https://media.tarvike.com/product/images/105278/original/148068.jpg,5.1,90°\t10/12 mm:lle pikku nippa,,NGK,
706431001,CRX Työvalo Led Magna,https://tarvike.com/product/crx-tyovalo-led-magna-144904,https://media.tarvike.com/product/images/144904/original/176346.webp,24.9,"Magna 3370P LED-työvalo/peruutusvalo, jonka runko on iskunkestävää alumiinia.",,CRX,
6716547002,Robota DC-B6 18V 6Ah akku,https://tarvike.com/product/robota-dc-b6-18v-6ah-akku-246315,https://media.tarvike.com/product/images/246315/original/214345.webp,69.9,Robota DC-B6 18V 6Ah akku on Li-Ion mallinen akku kaikille Robotan akkutyökaluille. 6.0Ah akku kestää suuremman ampeerituntimääränsä vuoksi merkittävästi pidempään ja auttaa raskaammissa ja vaativammissa käyttökohteissa.,,Robota,
2397499002,"Katkaisulaikka 75x1,6x10mm Gold",https://tarvike.com/product/katkaisulaikka-75x16x10mm-gold-150569,https://media.tarvike.com/product/images/150569/original/194593.webp,2.1,GOLD -tuotelinjan kestävä yleiskatkaisulaikka nopeaan ja tarkkaan leikkaukseen,,IMA,
16971849001,"Kemper Kaasupatruuna Pro/But 336G 7/16"" Novacet",https://tarvike.com/product/kemper-kaasupatruuna-probut-336g-716-novacet-106198,https://media.tarvike.com/product/images/106198/original/148964.jpg,9.99,"NovacetKierreventtiili (kierre 7/16"")Liekin lämpötila max. 2200°CLiekin lämpötila yhdessä hapen kanssa max. 3100°CAlin käyttölämpötila -20°CEN417:n mukainen säiliöNettopaino 336 g (600 ml)",,Kemper,
16971761001,Philips polttimo 12V/10W sisävalo,https://tarvike.com/product/philips-polttimo-12v10w-sisavalo-105912,https://media.tarvike.com/product/images/105912/original/148548.jpg,4.97,Philips autolamput ovat autovalmistajien hyväksymiä laadukkaita ensiasennuspolttimoita lähes kaikissa automerkeissä.H10WJännite 12 VNimellisteho 10 WKantamalli BA9s,,Philips,
16291470000,Pyörötanko,https://tarvike.com/product/pyorotanko-8x2000mm-vedetty-teras-39879,https://media.tarvike.com/product/images/39879/original/191082.webp,6.49,,,IKH,
11858256002,Katkoteräveitsi 18mm DRIVER CUTTER DC-560,https://tarvike.com/product/katkoteraveitsi-18mm-driver-cutter-dc-560-154889,https://media.tarvike.com/product/images/154889/original/192809.webp,12.7,"Katkoteräveitsi raskaampaan käyttöön, pehmeällä kädensijalla ja automaattisella terän lukituksella.",,Tajima,
5717751002,Airam Mega1000 LED Taskulamppu 20W,https://tarvike.com/product/airam-mega1000-led-taskulamppu-20w-166899,https://media.tarvike.com/product/images/166899/original/189081.jpeg,18.8,"Mega 1000 -taskulampun valokeila loistaa jopa 250 metrin päähän! Käyttöaika parhaimmillaan 20 tuntia. Paristokäyttöiset taskulamput ovat näppärä apu monessa yllättävässä tilanteessa. Pidä taskulamppuja saatavilla kotona, autossa, retkeillessä ja mökillä - lisävalon tarve voi tulla eteen yllättäen.",,Airam,
2231682002,AgriLife Veräjäkahva,https://tarvike.com/product/agrilife-verajakahva-151700,https://media.tarvike.com/product/images/151700/original/205815.webp,2.5,AgriLife Veräjäkahva. Voimakas jousi.,,Agrilife,
16371565000,Putkiteippi valk. 12m/12mm,https://tarvike.com/product/putkiteippi-valk-12m12mm-155214,https://media.tarvike.com/product/images/155214/original/191139.webp,2.8,"Kierteiden, venttiilien, vesihanojen jne. luotettavaan tiivistämiseen. Koko 12mm x 12m.",,Tesa,
16371562000,Vulkanoituva teippi 62822 10m/19mm Tesa,https://tarvike.com/product/vulkanoituva-teippi-62822-10m19mm-tesa-155204,https://media.tarvike.com/product/images/155204/original/191146.webp,10.7,Koko 19 mm x 10 m.,,Tesa,
760487001,Sno-X Ulosvetäjä 14mm TRA Ski-Doo,https://tarvike.com/product/sno-x-ulosvetaja-14mm-tra-ski-doo-131575,https://media.tarvike.com/product/images/131575/original/170585.jpg,25.3,"• Oem# 529-0079-00 • Mitat: 14mm (t.R.A) • Hinta: 24,-",,Sno-X,
1772518000,Flösser Polttimo HY21W 12V 21W BAW9s Amber,https://tarvike.com/product/flosser-polttimo-hy21w-12v-21w-baw9s-amber-129093,https://media.tarvike.com/product/images/129093/original/176858.jpg,15.0,,,Flösser,
1772510000,Flösser Polttimo 12V 45/40W BA20d,https://tarvike.com/product/flosser-polttimo-12v-4540w-ba20d-129089,https://media.tarvike.com/product/images/129089/original/176854.jpg,4.2,,,Flösser,
1772506000,Flösser Polttimo P21/5W 12V 21/5W BAY15d,https://tarvike.com/product/flosser-polttimo-p215w-12v-215w-bay15d-129087,https://media.tarvike.com/product/images/129087/original/176852.jpg,1.2,,,Flösser,
1772504000,Flösser Polttimo R5W 12V 5W BA15s,https://tarvike.com/product/flosser-polttimo-r5w-12v-5w-ba15s-129086,https://media.tarvike.com/product/images/129086/original/176851.jpg,1.2,,,Flösser,
1772492000,Flösser Polttimo W16W 12V 16W T15,https://tarvike.com/product/flosser-polttimo-w16w-12v-16w-t15-129079,https://media.tarvike.com/product/images/129079/original/176850.jpg,1.2,,,Flösser,
1772491000,Philips Polttimo 12V 6W BAX9s halogen,https://tarvike.com/product/philips-polttimo-12v-6w-bax9s-halogen-129078,https://media.tarvike.com/product/images/129078/original/168942.jpg,6.6,,,Philips,
17369550001,NGK sytytystulppa DCPR8EIX,https://tarvike.com/product/ngk-sytytystulppa-dcpr8eix-105269,https://media.tarvike.com/product/images/105269/original/148060.jpg,18.6,Varmatoiminen sytytystulppa.,,NGK,
8802124001,Pyörä vaunun Käänt. 80MM Musta,https://tarvike.com/product/pyora-vaunun-kaant-80mm-musta-155769,https://media.tarvike.com/product/images/155769/original/180793.webp,5.99,,,IKH,
5866950002,"Rautasahanterä 300X13X0,63mm 20-24",https://tarvike.com/product/rautasahantera-300x13x063mm-20-24-151657,https://media.tarvike.com/product/images/151657/original/189370.webp,2.9,"Hammasväli 1 - 1,2 mm. Hampaita / tuuma 20 - 24.",,MPS,
4582656000,Airam Airflood led-valoheitin IP44 20W/1600lm,https://tarvike.com/product/airam-airflood-led-valoheitin-ip44-20w1600lm-110023,https://media.tarvike.com/product/images/110023/original/153997.jpeg,22.0,"Moderni, kompakti Airflood led-heitin on suunniteltu pihapiirin, varastojen, kulkuväylien ja pysäköintialueiden turvalliseen ja käytännölliseen valaistukseen. Reunuksettoman muotoilun ansiosta valaisin istuu tyylikkäästi monenlaisten rakennusten julkisivuihin ja etupaneeli antaa miellyttävän tasaista valoa koko pinta-alaltaan. Kaikissa heittimissä on säädettävä valaistuskulma. Heittimissä on pistotulppaliitäntä ja kumikaapeli. Valikoimassa myös liiketunnistimella varustetut PIR-mallit.",,Airam,
22205944001,"Viima Puhallus- ja saumarae Okto 0,1-0,5mm 25kg",https://tarvike.com/product/viima-puhallus-ja-saumarae-okto-01-05mm-25kg-155698,https://media.tarvike.com/product/images/155698/original/188530.webp,10.99,Okto-puhallusrae on karkea hiekkapuhallukseen sopiva materiaali ammatti- ja yksityiskäyttöön. Kova rae soveltuu myös pihakivien saumausaineeksi,,Viima,
17369664001,Ctek Akkulaturi 5.0 Polar 12V/5A,https://tarvike.com/product/ctek-akkulaturi-50-polar-12v5a-105134,https://media.tarvike.com/product/images/105134/original/147913.jpg,153.0,"12V | Monipuolinen, lyijyhappoakun elvytystoiminnolla varustettu laturi äärimmäisen kylmiin olosuhteisiin.",,Ctek,
17369546001,Polaris Sytytystulppa Champion RN57YCC,https://tarvike.com/product/polaris-sytytystulppa-champion-rn57ycc-105265,https://media.tarvike.com/product/images/105265/original/148056.jpg,7.7,Varmatoiminen sytytystulppa.,,Polaris,
12313997000,Ledcore VX60 800Lumenin ladattava otsavalo,https://tarvike.com/product/ledcore-vx60-800lumenin-ladattava-otsavalo-163738,https://media.tarvike.com/product/images/163738/original/186638.webp,29.9,Ledcore VX60 on vaativaan käyttöön suunniteltu valaisin. Led Core VX60 800LM valaisin toimii normaalina taskulamppuna sekä otsavalaisimena sen mukana tulevan pannan avulla. Valaisimessa on myös irroitettava ja säädettävä klipsi jonka avulla valaisin pysyy tukevasti esim. rintataskussa tai kauluksessa. Valaisimella on useita käteviä kiinnitystapoja jotta käyttäjä voi työskennellä kädet vapaana.,,Ledcore,
12834872000,Kutistejatko,https://tarvike.com/product/kutistejatko-keltainen-10kpl-38950,https://media.tarvike.com/product/images/38950/original/187991.jpg,15.5,,,AUTOLINE,
1772516000,Flösser Polttimo HY6W 12V 6W BAZ9s Amber,https://tarvike.com/product/flosser-polttimo-hy6w-12v-6w-baz9s-amber-129092,https://media.tarvike.com/product/images/129092/original/176857.jpg,16.2,,,Flösser,
17369549001,NGK sytytystulppa BKR7E,https://tarvike.com/product/ngk-sytytystulppa-bkr7e-105268,https://media.tarvike.com/product/images/105268/original/148059.jpg,5.2,Varmatoiminen sytytystulppa.,,NGK,
8374253002,Talttapuukko STK,https://tarvike.com/product/talttapuukko-stk-150376,https://media.tarvike.com/product/images/150376/original/188730.webp,10.7,"Terä 3 mm paksua hiiliterästä, karkaistu.",,Hultafors,
5864678002,Ledlenser Kidbeam4 Lasten Taskulamppu,https://tarvike.com/product/kidbeam4-green-box-39543,https://media.tarvike.com/product/images/39543/original/189299.png,19.9,"Lapset rakastavat tutustua maailmaan omin silmin - ja tästä lähtien he voivat käyttää myös omaa valoaan. Maailman tutkiminen ensimmäisen oman taskulampun avulla: Vankka Kidbeam4 syttyy neljässä eri värissä ja tekee vaikutuksen käytännöllisillä, lapsikohtaisilla ominaisuuksilla, kuten integroidulla klipsillä tai automaattisella sammutustoiminnolla.",,Ledlenser,
5017874002,"Metallikantapolttimo, Blick",https://tarvike.com/product/metallikantapolttimo-blick-156629,https://media.tarvike.com/product/images/156629/original/188072.jpg,1.8,12V 21/5W BA15D.,,BLICK,
4578815000,"Ledwise Legen Gen2 otasalamppu, ladattava",https://tarvike.com/product/ledwise-legen-gen2-otasalamppu-ladattava-106058,https://media.tarvike.com/product/images/106058/original/148760.jpg,99.5,"LEDWISE LEGEND Gen2 - Lämmin valkoinen valo - monitoimivalaisin tuottaa huiman 1500 lumenin todellisen valotehon (teoreettinen valoteho 2150lm). Uudistettu Ledwise Legend Gen2 on erittäin kompaktin kokoinen valaisin, joka on suunniteltu jokapäiväiseen käyttöön ja on todellinen ammattilaisen työkalu. Uudistettu yksinkertainen käyttöjärjestelmä on helppo käyttää ja oikea valoteho löytyy jokaiseen käyttöön helposti. Aiempaan verrattuna 33% enemmän valotehoa pidemmällä paloajalla. 3500mAh akun huolehtiessa virran riittävyydestä. Valon lähteenä toimii Cree XHP 50.2 LED, värilämpönä 4000K. Strobo ja SOS- moodit on karsittu kokonaan pois. Valaisimen lataus on toteutettu tehokkaalla USB- magneettilataus pistokkeella, kuluvia tai irrotettavia osia ei ladattaessa ole ja lisäksi uuden laturin myötä korkkia ei tarvitse enää kääntää ladatessa.Tuotteella on 2 vuoden takuu ja se voidaan päivittää rekisteröitymällä www.thelights.fi sivulla 5 vuodeksi.Pakkaus sisältää: Valaisin, 3500mAh akku suojapiirillä, USB- magneettilatausjohto, metallinen vyöklipsi, otsanauha, 2kpl vara o-rengasta, käyttöohje FI/EN/SV",,Ledwise,
20251721001,Sanko 10 l tummanharmaa,https://tarvike.com/product/sanko-10-l-tummanharmaa-151970,https://media.tarvike.com/product/images/151970/original/194702.webp,2.9,"Laadukas, elintarvikekelpoinen 10 litran sanko.",,Smartstore By Orthex,
16371557000,Eristysteippi 53988 20m/19mm vihreä Tesa,https://tarvike.com/product/eristysteippi-53988-20m19mm-vihrea-tesa-155209,https://media.tarvike.com/product/images/155209/original/191142.webp,2.3,"Luotettava apulainen sähköasentajille, mekaniikoille ja muille ammattilaisille.",,Tesa,
16371556000,Eristysteippi 53988 10m/15mm punainen Tesa,https://tarvike.com/product/eristysteippi-53988-10m15mm-punainen-tesa-155207,https://media.tarvike.com/product/images/155207/original/191143.webp,1.0,"Tesaflex® 53988 -sähköteippi on luotettava apulainen sähköasentajille, mekaniikoille ja muille ammattilaisille.",,Tesa,
14845127001,Wiha Ty-Ruuvauskärkisarja 8-osainen,https://tarvike.com/product/wiha-ty-ruuvauskarkisarja-8-osainen-155672,https://media.tarvike.com/product/images/155672/original/205804.jpg,47.0,Wiha Ty-Ruuvauskärkisarja 8-osainen. BITBUDDY 29mm TORX SB,,Wiha,
14136071000,Ledlenser MH5 Otsalamppu,https://tarvike.com/product/ledlenser-mh5-otsalamppu-167125,https://media.tarvike.com/product/images/167125/original/189320.png,59.9,"Kun urheilet metsässä tai vuorella, sinun on varauduttava kaikkiin tilanteisiin. On hyvä voida luottaa otsalamppuun. MH5, jota voi käyttää myös monikäyttöisenä valaisimena kiinnitysjärjestelmän ansiosta, kiehtoo joustavuudellaan ja näyttää myös hyvältä. Nopeasta tarkennuksesta huolehtii Advanced Focus System. Magnetic Charge System on mukana akun helppoa lataamista varten. Vaihtoehtoisesti voidaan käyttää kertakäyttöakkuja. Lisäksi MH5 voidaan nyt kytkeä myös punaiselle valolle.",,Ledlenser,
19175668002,Sno-X Iskunvaimentajan työkalu,https://tarvike.com/product/sno-x-iskunvaimentajan-tyokalu-79835,https://media.tarvike.com/product/images/79835/original/29115.jpg,8.1,Sopii melkein kaikki iskareihin,,Sno-X,
1772502000,Philips Polttimo H7 RacingVision GT200 Moto 12V/55W/PX26d,https://tarvike.com/product/philips-polttimo-h7-racingvision-gt200-moto-12v55wpx26d-129085,https://media.tarvike.com/product/images/129085/original/168943.jpg,29.4,,,Philips,
1772178000,"Yuasa akku, YTX14-BS (cp) Happopatruuna mukana (4)",https://tarvike.com/product/yuasa-akku-ytx14-bs-cp-happopatruuna-mukana-4-129325,https://media.tarvike.com/product/images/129325/original/172424.png,86.5,"VRLA (Valve Regulated Lead Acid) tarkoittaa akkua, joka on täydellinen ihmisille, joilla on parempaa tekemistä kuin akkujen huolto! Pysyvästi suljettu VRLA-akku ei tarvitse koskaan täyttöä, mutta se tarvitsee kuitenkin säännöllisen latauksen. Ihanteellinen moottoripyöriin, skoottereihin, mönkijöihin, ajoleikkureihin ja vesiskoottereihin.",,Yuasa,
17369565001,NGK sytytystulppa BR9ES Kierettävä Nippa,https://tarvike.com/product/ngk-sytytystulppa-br9es-kierettava-nippa-105285,https://media.tarvike.com/product/images/105285/original/148075.jpg,5.6,Varmatoiminen sytytystulppa.,,NGK,
17369553001,NGK tulpanhattu VB05F,https://tarvike.com/product/ngk-tulpanhattu-vb05f-105272,https://media.tarvike.com/product/images/105272/original/148063.jpg,6.9,120°/PITKÄ\t14 mm:lle / pikku nippa,,NGK,
17369544001,Tulpanhattu kumi,https://tarvike.com/product/tulpanhattu-kumi-105263,https://media.tarvike.com/product/images/105263/original/148054.jpg,3.8,Sop. 5mm ja 7mm sytytysjohdoille,,NGK,
1772498000,Philips Polttimo 12V 35/35W BA20d,https://tarvike.com/product/philips-polttimo-12v-3535w-ba20d-129083,https://media.tarvike.com/product/images/129083/original/168960.jpg,6.1,,,Philips,
17369737001,NGK sytytystulppa B7HS,https://tarvike.com/product/ngk-sytytystulppa-b7hs-105256,https://media.tarvike.com/product/images/105256/original/148047.jpg,4.0,Varmatoiminen sytytystulppa.,,,
8629165001,"Murtotappi 6,3X33/37",https://tarvike.com/product/murtotappi-63x3337-156059,https://media.tarvike.com/product/images/156059/original/180545.jpeg,4.5,"6,3x33/37.",,Espina,
5454080000,SHARK Akkulaturi CI-4000 Lyijy & LI-ION,https://tarvike.com/product/shark-akkulaturi-ci-4000-lyijy-li-ion-127265,https://media.tarvike.com/product/images/127265/original/162307.png,79.0,"Tämä tehokas, automaattinen 12V / 6V älylaturi lataa tai korjaa kaikki 6 V: n ja 12 V: n lyijy-, AGM- ja geeliakut sekä 12 V: n Li-ion (LiFePO4) -akut. Yhteensopiva kaikentyyppisten ajoneuvojen kanssa.",,Shark,
5454079000,SHARK Akkulaturi CB-750,https://tarvike.com/product/shark-akkulaturi-cb-750-127264,https://media.tarvike.com/product/images/127264/original/162298.png,39.0,"Tämä kompakti, automaattinen akkulaturi sopii erinomaisesti kaikentyyppisten 12 / 6 V: n moottoripyörän, mönkijän ja muiden pienkoneiden akkujen lataamiseen ja ylläpitoon.",,Shark,
4579752000,"Hiomapaperi 115mm x 2,5m G80",https://tarvike.com/product/hiomapaperi-115mm-x-25m-g80-106307,https://media.tarvike.com/product/images/106307/original/149156.jpg,6.49,"Karkeus P80Koko 115 mm x 2,5 mPuun, maalin pinnoitteiden käsihiontaan",,IKH,
19006091001,Robota DC-B2 18V 2Ah akku,https://tarvike.com/product/robota-dc-b2-18v-2ah-akku-246362,https://media.tarvike.com/product/images/246362/original/214360.webp,29.9,"Robota DC-B2 18V 2Ah akku on Li-Ion mallinen akku kaikille Robotan akkutyökaluille. 2.0Ah akku on merkittävästi kevyempi ja fyysisesti pienempi, mikä on usein tarpeen jos halutaan keventää reippaassa käytössä olevan työkalun kokonaispainoa. Akku sisältää selkeän varaustilan näytön Led-valoilla. Voidaan ladata Robota -latureilla.",,Robota,
16971702001,"Ledwise Legen Gen2 otsalamppu, viileä valkoinen, ladattava",https://tarvike.com/product/ledwise-legen-gen2-otsalamppu-viilea-valkoinen-ladattava-106057,https://media.tarvike.com/product/images/106057/original/148751.jpg,99.5,"LEDWISE LEGEND Gen2 - Viileä valkoinen valo - monitoimivalaisin tuottaa huiman 1500 lumenin todellisen valotehon (teoreettinen valoteho 2300lm). Uudistettu Ledwise Legend Gen2 on erittäin kompaktin kokoinen valaisin, joka on suunniteltu jokapäiväiseen käyttöön ja on todellinen ammattilaisen työkalu. Uudistettu yksinkertainen käyttöjärjestelmä on helppo käyttää ja oikea valoteho löytyy jokaiseen käyttöön helposti. Aiempaan verrattuna 33% enemmän valotehoa pidemmällä paloajalla. 3500mAh akun huolehtiessa virran riittävyydestä. Valon lähteenä toimii Cree XHP 50.2 LED, värilämpönä 6000K. Strobo ja SOS- moodit on karsittu kokonaan pois. Valaisimen lataus on toteutettu tehokkaalla USB- magneettilataus pistokkeella, kuluvia tai irrotettavia osia ei ladattaessa ole ja lisäksi uuden laturin myötä korkkia ei tarvitse enää kääntää ladatessa. Tuotteella on 2 vuoden takuu ja se voidaan päivittää rekisteröitymällä www.thelights.fi sivulla 5 vuodeksi. Pakkaus sisältää: Valaisin, 3500mAh akku suojapiirillä, USB- magneettilatausjohto, metallinen vyöklipsi, otsanauha, 2kpl vara o-rengasta, käyttöohje FI/EN/SV",,Ledwise,
16371563000,Eristysteippi Tesaflex 53988 10m/15mm sininen,https://tarvike.com/product/eristysteippi-tesaflex-53988-10m15mm-sininen-155206,https://media.tarvike.com/product/images/155206/original/191144.webp,1.0,"Luotettava apulainen sähköasentajille, mekaniikoille ja muille ammattilaisille.",,Tesa,
11623219000,Led-polttimo H3 12-24v,https://tarvike.com/product/led-polttimo-h3-12-24v-106056,https://media.tarvike.com/product/images/106056/original/181989.jpg,35.5,"Tyyppi: 25W Jännite: 12V-24V 6000KErinomainen valoteho ja erittäin tarkka valokuvio.Aerodynaaminen jäähdytysjärjestelmä nanopinnoitteella. ECE R10.Vain off road -käyttöön, ei tieliikennekäyttöön",,Startax,
17369734001,NGK sytytystulppa BR9EIX,https://tarvike.com/product/ngk-sytytystulppa-br9eix-105253,https://media.tarvike.com/product/images/105253/original/148044.jpg,21.3,Varmatoiminen sytytystulppa.,,NGK,
17369554001,NGK tulpanhattu SD05F,https://tarvike.com/product/ngk-tulpanhattu-sd05f-105274,https://media.tarvike.com/product/images/105274/original/148064.jpg,5.8,Suora\t10/12 mm:lle / pikku nippa,,NGK,
5717835002,"Kutistejatkoliitin keltainen, 5 kpl, 4,0–6,0 mm²",https://tarvike.com/product/kutistejatkoliitin-keltainen-5-kpl-4060-mm-153359,https://media.tarvike.com/product/images/153359/original/189143.webp,10.9,Tinarengas juottaa sulaessaan kaksi johdinta yhteen.,,CRX,
4582662000,Airam Airflood led-valoheitin PIR IP44 50W/4000lm,https://tarvike.com/product/airam-airflood-led-valoheitin-pir-ip44-50w4000lm-110029,https://media.tarvike.com/product/images/110029/original/154017.jpeg,41.5,"Liiketunnistimella varustettu moderni, kompakti Airflood led-heitin on suunniteltu pihapiirin, varastojen, kulkuväylien ja pysäköintialueiden turvalliseen ja käytännölliseen valaistukseen. Reunuksettoman muotoilun ansiosta valaisin istuu tyylikkäästi monenlaisten rakennusten julkisivuihin ja etupaneeli antaa miellyttävän tasaista valoa koko pinta-alaltaan. Kaikissa heittimissä on säädettävä valaistuskulma. Heittimissä on pistotulppaliitäntä ja kumikaapeli.",,Airam,
4582659000,Airam Airflood led-valoheitin PIR IP44 10W/800lm,https://tarvike.com/product/airam-airflood-led-valoheitin-pir-ip44-10w800lm-110026,https://media.tarvike.com/product/images/110026/original/154002.jpeg,30.3,"Liiketunnistimella varustettu moderni, kompakti Airflood led-heitin on suunniteltu pihapiirin, varastojen, kulkuväylien ja pysäköintialueiden turvalliseen ja käytännölliseen valaistukseen. Reunuksettoman muotoilun ansiosta valaisin istuu tyylikkäästi monenlaisten rakennusten julkisivuihin ja etupaneeli antaa miellyttävän tasaista valoa koko pinta-alaltaan. Kaikissa heittimissä on säädettävä valaistuskulma. Heittimissä on pistotulppaliitäntä ja kumikaapeli.",,Airam,
20581155001,Kontaktliima 160 ml,https://tarvike.com/product/kontaktliima-160-ml-153086,https://media.tarvike.com/product/images/153086/original/195243.webp,9.6,"Monikäyttöinen liuotinohenteinen liima, jolla voidaan liimata esim. metallia, puuta, puukuitulevyjä, pahvia, keramiikkaa, nahkaa, kumia sekä muoveja (ei sovellu rasvaisille muoveille).",,Casco,
19651164001,Ilmasahanterä 100mm BIM 24TPI 3742 Metalli 5kpl,https://tarvike.com/product/ilmasahantera-100mm-bim-24tpi-3742-metalli-5kpl-151647,https://media.tarvike.com/product/images/151647/original/194397.webp,13.5,,,MPS,
18339993001,Bullboy Led-työvalo/Peruutusvalo 18W,https://tarvike.com/product/bullboy-led-tyovaloperuutusvalo-18w-43818,https://media.tarvike.com/product/images/43818/original/15388.jpg,29.5,"6x3W, 6000K, 1440lm, leveä valokeila 60 °, johdon pituus 210mm, ei pistoketta, R23- hyväksytty peruutusvaloksi",,Bullboy,
16971769001,Philips Vision Polttimo 12V/55W,https://tarvike.com/product/philips-vision-polttimo-12v55w-105913,https://media.tarvike.com/product/images/105913/original/148552.jpg,4.05,"Tämän polttimon avulla saat jopa 30 % enemmän näkyvyyttä tielle.H1Jännite 12 VNimellisteho 55 WKantamalli P14,5s",,Philips,
16371560000,Silikoniteippi vulkanoituva 3m/25mm 4600 musta,https://tarvike.com/product/silikoniteippi-vulkanoituva-3m25mm-4600-musta-155216,https://media.tarvike.com/product/images/155216/original/191137.webp,17.7,Koko 25 mm x 3 m. Liimaton silikonipohjainen itsevulkanisoituva teippi (teippi tarttuu vain itseensä).,,Tesa,
16371546000,Opaste Ampuma-alue 300x400 alu,https://tarvike.com/product/opaste-ampuma-alue-300x400-alu-155197,https://media.tarvike.com/product/images/155197/original/191148.webp,19.9,Koko 300 x 400 mm.,,IKH,
10531824001,"Liitosjohto, Eyelet 400mm",https://tarvike.com/product/liitosjohto-eyelet-400mm-156737,https://media.tarvike.com/product/images/156737/original/187906.jpg,7.1,"Comfort Connect -Eyelet 400mm, M6 rengasliittimillä. Blister pakkaus.",,Ctek,
3384265002,Metalliporanterä HSS SUPER DIN338 2KPL,https://tarvike.com/product/metalliporantera-130mm-hss-super-din338-38473,https://media.tarvike.com/product/images/38473/original/185566.webp,20.3,"Poranterät, hiotut, lujuus yhdistettynä hyvään poraustehoon",,Alpen,
18750680002,"Tulpanavain 10/12/14 mm (kierre), avain 16/18/21mm",https://tarvike.com/product/tulpanavain-101214-mm-kierre-avain-161821mm-108982,https://media.tarvike.com/product/images/108982/original/152606.jpg,9.2,10/12/14mm tulpilleAvain 16/18/21mm,,,
1772930000,"Sno-X Ulosvetäjä 3/4""x16unf Polaris",https://tarvike.com/product/sno-x-ulosvetaja-34x16unf-polaris-131578,https://media.tarvike.com/product/images/131578/original/170581.jpg,34.5,Mitat: 3/4 x 16 unf,,Sno-X,
1772489000,Philips Polttimo HB3 12V 65W P20d PREMIUM,https://tarvike.com/product/philips-polttimo-hb3-12v-65w-p20d-premium-129077,https://media.tarvike.com/product/images/129077/original/168959.jpg,13.2,,,Philips,
1772484000,Solero Polttimo H4 12V 60/55W P43T,https://tarvike.com/product/solero-polttimo-h4-12v-6055w-p43t-129074,https://media.tarvike.com/product/images/129074/original/168948.jpg,5.5,,,Solero,
17369738001,NGK sytytystulppa BR8ES,https://tarvike.com/product/ngk-sytytystulppa-br8es-105257,https://media.tarvike.com/product/images/105257/original/148048.jpg,5.3,Varmatoiminen sytytystulppa.,,NGK,
17369599001,CTEK Comfort Indicator Puristinliitin,https://tarvike.com/product/ctek-comfort-indicator-puristinliitin-106643,https://media.tarvike.com/product/images/106643/original/149657.jpg,17.9,Varaosat ja lisävarusteet.,,Ctek,
17369542001,NGK tulpanhattu XB05F,https://tarvike.com/product/ngk-tulpanhattu-xb05f-105261,https://media.tarvike.com/product/images/105261/original/148052.jpg,7.1,102°\t14 mm:lle / pikku nippa,,NGK,
17369545001,NGK tulpanhattu LB05EMH,https://tarvike.com/product/ngk-tulpanhattu-lb05emh-105264,https://media.tarvike.com/product/images/105264/original/148055.jpg,13.6,90°\t14 mm:lle / iso nippa,,,
8802859001,CRX Työvalo Led Magna 2500 30W,https://tarvike.com/product/crx-tyovalo-led-magna-2500-30w-157836,https://media.tarvike.com/product/images/157836/original/181588.webp,29.9,Magna 2500 LED-työvalo. Valovirta teoreettinen 2500 lm / käytännön 2400 lm.,,CRX,
5866904002,"Kutist letku liimalla, 6–18 mm",https://tarvike.com/product/kutist-letku-liimalla-618-mm-150636,https://media.tarvike.com/product/images/150636/original/189144.webp,69.9,HISA = liimallinen ohutseinämä kutistemuoviletku. Kustistesuhde 3:1.,,IKH,
5864677002,Ledlenser Kidled4R lasten otsalamppu,https://tarvike.com/product/kidled4r-purple-box-39542,https://media.tarvike.com/product/images/39542/original/189288.jpg,19.9,"Lapset rakastavat tutustua maailmaan omin silmin. Ledlenser Kidled4R:n avulla nuoret seikkailijat ovat hyvin valmistautuneita retkille pimeyteen. Olipa kyse sitten lukemisesta, yökävelyistä, värikkäästä merkkivalosta tai valolelusta: tämä monipuolinen, ladattava otsalamppu vakuuttaa lukuisilla lapsikohtaisilla toiminnoilla ja yksityiskohdilla, esimerkiksi turvallista koulumatkaa varten.",,Ledlenser,
4963986000,Meganex Sähkölämmitin 2KW 230 V,https://tarvike.com/product/meganex-sahkolammitin-2kw-230-v-103094,https://media.tarvike.com/product/images/103094/original/144377.jpg,34.99,Kompakti sähkölämmitin tilojen lämmittämiseen 2KW teholla. Päällä kätevä kantokahva helppoa kuljettamista varten.,,Meganex,
4963984000,"Meganex Sähkölämmitin 3,3 KW",https://tarvike.com/product/meganex-sahkolammitin-33-kw-103093,https://media.tarvike.com/product/images/103093/original/144379.jpg,49.99,Kompakti ja tehokas sähkölämmitin tilojen lämmittämiseen. Päällä kuljettamista helpottava kätevä kantokahva.,,Meganex,
4871747002,"Ryöstäjäliitin, Punainen 10-kpl",https://tarvike.com/product/ryostajaliitin-punainen-10-kpl-156673,https://media.tarvike.com/product/images/156673/original/188008.jpg,2.7,"Punainen, 10kpl blister.",,AUTOLINE,
4582661000,Airam Airflood led-valoheitin PIR IP44 30W/2400lm,https://tarvike.com/product/airam-airflood-led-valoheitin-pir-ip44-30w2400lm-110028,https://media.tarvike.com/product/images/110028/original/154008.jpeg,45.5,"Liiketunnistimella varustettu moderni, kompakti Airflood led-heitin on suunniteltu pihapiirin, varastojen, kulkuväylien ja pysäköintialueiden turvalliseen ja käytännölliseen valaistukseen. Reunuksettoman muotoilun ansiosta valaisin istuu tyylikkäästi monenlaisten rakennusten julkisivuihin ja etupaneeli antaa miellyttävän tasaista valoa koko pinta-alaltaan. Kaikissa heittimissä on säädettävä valaistuskulma. Heittimissä on pistotulppaliitäntä ja kumikaapeli.",,Airam,
4582660000,Airam Airflood led-valoheitin PIR IP44 20W/1600lm,https://tarvike.com/product/airam-airflood-led-valoheitin-pir-ip44-20w1600lm-110027,https://media.tarvike.com/product/images/110027/original/153996.jpeg,36.3,"Liiketunnistimella varustettu moderni, kompakti Airflood led-heitin on suunniteltu pihapiirin, varastojen, kulkuväylien ja pysäköintialueiden turvalliseen ja käytännölliseen valaistukseen. Reunuksettoman muotoilun ansiosta valaisin istuu tyylikkäästi monenlaisten rakennusten julkisivuihin ja etupaneeli antaa miellyttävän tasaista valoa koko pinta-alaltaan. Kaikissa heittimissä on säädettävä valaistuskulma. Heittimissä on pistotulppaliitäntä ja kumikaapeli.",,Airam,
4579831000,"Kuivahiomapaperi 115mm x 2,5m G240",https://tarvike.com/product/kuivahiomapaperi-115mm-x-25m-g240-106312,https://media.tarvike.com/product/images/106312/original/149163.jpg,6.49,"Karkeus P240Koko 115 mm x 2,5 mPuun, maalin pinnoitteiden käsihiontaan",,IKH,
4579758000,"Kuivahiomapaperi 115mm x 2,5m G180",https://tarvike.com/product/kuivahiomapaperi-115mm-x-25m-g180-106311,https://media.tarvike.com/product/images/106311/original/149154.jpg,6.49,"Karkeus P180Koko 115 mm x 2,5 mPuun, maalin pinnoitteiden käsihiontaan",,IKH,
4578598000,Bullpro Led-Työvalo 50W 9-23V,https://tarvike.com/product/bullpro-led-tyovalo-50w-9-23v-106005,https://media.tarvike.com/product/images/106005/original/148648.jpeg,79.0,"5x10W CREE LED, alumiinirunko, polykarbonaattilinssi, optimoitu aktiivialueen valaisuun, EMC-hyväksytty. johto 1.50m, IP68",,Bullpro,
37451095000,Robota DC-HAG18V akkukuumailmapuhallin runko,https://tarvike.com/product/robota-dc-hag18v-akkukuumailmapuhallin-runko-246351,https://media.tarvike.com/product/images/246351/original/214703.webp,59.9,"Robota DC-HAG18V akkukuumailmapuhallin on tehokas ja kevyt työkalu kutistesukkien käsittelyyn, tarranpoistoon, maalin pehmentämiseen ja muihin kuumailmatöihin. Johdoton rakenne lisää liikkumavapautta, ja ergonominen muotoilu helpottaa tarkkaa työskentelyä työmaalla ja verstaalla. Ei sisällä akkua tai laturia",,Robota,
2542477002,Bullboy Led-työvalo 9-36V 40W,https://tarvike.com/product/bullboy-led-tyovalo-9-36v-40w-106003,https://media.tarvike.com/product/images/106003/original/148658.jpg,79.0,"Led-työvalo alumiinirungolla, kiinnitys takaa tai U-kiinnikkellä.",,Bullboy,
19175726002,Polaris variaattorinhihnan vaihtotyökalu L-mallinen,https://tarvike.com/product/polaris-variaattorinhihnan-vaihtotyokalu-l-mallinen-94353,https://media.tarvike.com/product/images/94353/original/98221.jpg,18.8,"Variaattorinhihnan vaihtotyökalu jolla pakotetaan kytkin auki, jolloin hihnavaihto onnistuu helpommin. Käy useisiin Polaris moottorikelkkoihin, sekä Side by Side mönkijöihin sekä uuteen 2021 Sportsman 570 malliin. Katso tarkempi sopivuus teknisistä tiedoista.",,Polaris,
19158068001,Robota DC-DXW18V akkukulmahiomakone runko,https://tarvike.com/product/robota-dc-dxw18v-akkukulmahiomakone-runko-246370,https://media.tarvike.com/product/images/246370/original/214464.webp,79.9,"Robota DC-DXW18V Akkukulmahiomakone on tehokas ja käytännöllinen kulmahiomakone (eli rälläkkä) arjen ja työmaan töihin. Akkukäyttöinen runkolaite tekee työskentelystä joustavaa, ja sama 18V akkujärjestelmä sopii useisiin Robota-työkaluihin. Kun haussa on akkurälläkkä, tämä malli tarjoaa varmaa suorituskykyä ja helpon käyttömukavuuden. Ei sisällä akkua ja laturia",,Robota,
18340001001,Bullpro Bully 3000 LED työvalo 12-48V,https://tarvike.com/product/bullpro-bully-3000-led-tyovalo-12-48v-43822,https://media.tarvike.com/product/images/43822/original/15377.jpg,70.0,Bullpro Bully– sarjan työvalot ovat todellinen ammattilaisen valinta työvaloksi. Laadukkaista materiaaleista valmistetut valaisimet on suunniteltu uusimpia komponentteja hyödyntäen ja valaisimien koko-teho suhde onkin erinomainen.,,Bullpro,
18339997001,Led Työvalo Ecoline 800LM 10-30V,https://tarvike.com/product/led-tyovalo-ecoline-800lm-10-30v-43820,https://media.tarvike.com/product/images/43820/original/15387.jpg,13.5,"5x teho-LED, 800LM, alumiinirunko, polykarbonaattilinssi. johto 0.25m, IP67",,,
18339991001,Bullboy Agriline led-työvalo 3 x 15W,https://tarvike.com/product/bullboy-agriline-led-tyovalo-3-x-15w-43817,https://media.tarvike.com/product/images/43817/original/15395.jpg,59.0,"3 x 15W LED, 360° pyörivä ruostumaton kiinnikejalka, erittäin leveä valokuvio 170°, alumiinirunko, polykarbonaattilinssi, virrankulutus 12V / 2,93A",,Bullboy,
18339706001,Hallilämmitin Öljy 20KW 230V,https://tarvike.com/product/hallilammitin-oljy-20kw-230v-155883,https://media.tarvike.com/product/images/155883/original/187597.webp,305.0,,,IKH,
17369744001,"Honda Latausjohto, EU10, EU20 EU30",https://tarvike.com/product/honda-latausjohto-eu10-eu20-eu30-106612,https://media.tarvike.com/product/placeholders/productImageComingSoong.jpg,49.65,,,Honda,
16972424001,"Kuivahiomapaperi 115mm x 2,5m G120",https://tarvike.com/product/kuivahiomapaperi-115mm-x-25m-g120-106309,https://media.tarvike.com/product/images/106309/original/149149.jpg,6.49,"Karkeus P120Koko 115 mm x 2,5 mPuun, maalin pinnoitteiden käsihiontaan",,IKH,
14359974000,Lautasharjasarja 5-OS,https://tarvike.com/product/lautasharjasarja-5-os-151920,https://media.tarvike.com/product/images/151920/original/189375.webp,19.9,"Käyttökohteet: metallintyöstö (kuppiharja suurille alueille, lautasharja kapeille alueille ja tupsuharja sisäpinnoille, kulmille ja reunoille).",,Osborn,
12828107000,Led- äärivalo.,https://tarvike.com/product/led-aarivalo-156913,https://media.tarvike.com/product/images/156913/original/187619.jpg,22.5,"Heijastimella oleva äärivalo. Ruuviväli 85mm. Kirkas 12v, 5m.",,Talmu,
10711906000,"Rasvanippa suora 10MMX1,0MM 10KPL",https://tarvike.com/product/rasvanippa-suora-10mmx10mm-10kpl-155878,https://media.tarvike.com/product/images/155878/original/180743.webp,5.0,,,,
760489001,Sno-X Ulosvetäjä 3/4-16UNF Polaris,https://tarvike.com/product/sno-x-ulosvetaja-34-16unf-polaris-131579,https://media.tarvike.com/product/images/131579/original/170586.jpg,54.7,"• Oem# 2872084 • Mitat: 14mm x 1.5 • Hinta: 28,-",,Sno-X,
1772926000,Pakoputken jousityökalu,https://tarvike.com/product/pakoputken-jousityokalu-129057,https://media.tarvike.com/product/images/129057/original/168930.jpg,14.6,,,,
1772170000,"Yuasa akku, Y50-N18L-A (cp) Happopatruuna mukana (2)",https://tarvike.com/product/yuasa-akku-y50-n18l-a-cp-happopatruuna-mukana-2-129316,https://media.tarvike.com/product/images/129316/original/172320.png,143.0,"Vesiskootterit, moottorikelkat ja mönkijät asettavat erityisvaatimuksia - ja YUASAn YuMicron-akku vastaa niihin. Huipputekninen, tehoa lisäävä rakenne tekee YuMicronista ihanteellisen myös lisävarusteilla varustetuille matkapyörille ja muunnetuille ajoneuvoille.",,Yuasa,
1772147000,BS akku BTX9-BS MF (cp) Maintenance Free,https://tarvike.com/product/bs-akku-btx9-bs-mf-cp-maintenance-free-132111,https://media.tarvike.com/product/images/132111/original/172469.png,64.9,MF Maintenance Free akuissa on VRLA (Valve Regulated Lead Acid) jonka ansiosta ovat lähes huoltovapaita eikä esim. Akkuvettä tarvitse koskaan lisätä. Akkujen mukana toimitetaan happopatruuna jolla akku aktivoidaan ennen ensimmäistä käyttökertaa.,,,
1772145000,BS akku BTX4L-BS+ MF (cp) Maintenance Free,https://tarvike.com/product/bs-akku-btx4l-bs-mf-cp-maintenance-free-132109,https://media.tarvike.com/product/images/132109/original/170868.jpg,30.9,MF Maintenance Free akuissa on VRLA (Valve Regulated Lead Acid) jonka ansiosta ovat lähes huoltovapaita eikä esim. Akkuvettä tarvitse koskaan lisätä. Akkujen mukana toimitetaan happopatruuna jolla akku aktivoidaan ennen ensimmäistä käyttökertaa.,,,
17369728001,NGK sytytystulppa BPR7ES,https://tarvike.com/product/ngk-sytytystulppa-bpr7es-105248,https://media.tarvike.com/product/images/105248/original/148039.jpg,4.2,Varmatoiminen sytytystulppa.,,NGK,
17369556001,NGK tulpanhattu VD05F,https://tarvike.com/product/ngk-tulpanhattu-vd05f-105276,https://media.tarvike.com/product/images/105276/original/148066.jpg,6.8,120°/PITKÄ\t10/12 mm:lle pikku nippa,,NGK,
17369575001,NGK sytytystylppa BR10ES,https://tarvike.com/product/ngk-sytytystylppa-br10es-105295,https://media.tarvike.com/product/images/105295/original/148088.jpg,7.1,Varmatoiminen sytytystulppa.,,NGK,
9439070000,Rakenneilmaisin Multiscan,https://tarvike.com/product/rakenneilmaisin-multiscan-147694,https://media.tarvike.com/product/images/147694/original/180082.webp,99.0,"Futech Multiscan. Tunnistaa metallit, koolauspuut sekä virraliset sähköjohdot.",,FUTECH,
8628731001,Käsikiriste 450mm/300m,https://tarvike.com/product/kasikiriste-450mm300m-156127,https://media.tarvike.com/product/images/156127/original/180453.jpeg,15.9,Käsikiriste 450mm/300m. Vahvuus 15 my,,IKH,
5717749002,Otsavalo 3W LED 200LM,https://tarvike.com/product/otsavalo-3w-led-200lm-166898,https://media.tarvike.com/product/images/166898/original/189082.jpeg,6.1,Otsavalon avulla näet itse tai tulet nähdyksi - tarpeen mukaan. Tehokkaan 3 W otsavalon valokeila loistaa jopa 70 metrin päähän! Eri valotoimintoja vaihdat portaittain on/of-napista.,,Airam,
5717744002,Airam 1-OS. Jatkojohto oranssi IP20 10,https://tarvike.com/product/airam-1-os-jatkojohto-oranssi-ip20-10-166894,https://media.tarvike.com/product/images/166894/original/189057.jpeg,25.5,"Trimmerijohdot on tarkoitettu vain tilapäiseen käyttöön ulkona kuivalla säällä mm. sähkökäyttöisiin pensas- ja ruohonleikkureihin, trimmereihin ja sähkösahoihin. Jatkojohdon oranssi turvaväri erottuu helposti vihreästä nurmikosta tai hiekasta.",,Airam,
5171646002,Silikonipuristin 9' Luuranko,https://tarvike.com/product/silikonipuristin-9-luuranko-155766,https://media.tarvike.com/product/images/155766/original/188134.webp,6.99,,,Fixit,
37452552001,"Robota DC-MU18V akkumonitoimityökalu, runko",https://tarvike.com/product/robota-dc-mu18v-akkumonitoimityokalu-runko-246336,https://media.tarvike.com/product/images/246336/original/214847.jpg,59.0,"Monitoimityökalu hiiliharjattomalla moottorilla, joka soveltuu erinomaisesti mm. erilaisiin puun, muovin tai metallin sahauksiin, hiomisiin tai kaapimiseen. Ei sisällä akkua ja laturia",,Robota,
2615568002,Rautasaha (mini),https://tarvike.com/product/rautasaha-mini-156029,https://media.tarvike.com/product/images/156029/original/180584.jpeg,8.35,Muovinen kädensija. Terän pituus 305mm.,,Fixit,
20575406001,Milwaukee o-rengas,https://tarvike.com/product/milwaukee-o-rengas-169542,https://media.tarvike.com/product/images/169542/original/195115.png,1.4,,,Milwaukee Tools,
19175719002,Soimet kelkkanostin,https://tarvike.com/product/soimet-kelkkanostin-80211,https://media.tarvike.com/product/images/80211/original/29866.jpg,119.0,"Kätevä kelkkapukki! Pintakäsitelty mustalla pulverimaalilla. Kisapukin suoja on isompi ja valmistettu 2 mm alumiinista. Uusin malli on varustettu pikasäädettävällä nostokorvakolla. KÄYTTÖOHJEITA Käytä kelkkapukkia vain kovalla ja tasaisella alustalla. Varmista että kelkka on tukevasti pukin päällä, ja tela on irti maasta. Katso ettei ketään ole kelkan edessä tai takana. Muista kiinnittää sammutusvaijeri ennen kelkan käynnistämistä. Älä pyöritä telaa yli 20 km/h.",,Soimet,
19158076001,"Robota DC-IW18V akkumutterinväännin 1/2"" runko",https://tarvike.com/product/robota-dc-iw18v-akkumutterinvaannin-12-runko-246347,https://media.tarvike.com/product/images/246347/original/214484.webp,69.9,"Robota akkumutterinväännin on suunniteltu erityisesti auton renkaiden pulttien ja muttereiden avaamiseen ja kiristämiseen, vaikka ne olisivatkin tiukasti kiinni. Tämä tehokas pulttipyssy on varustettu neljällä nopeusvaihtoehdolla, mikä mahdollistaa tarkemman työskentelyn eri tilanteissa. Ei sisällä akkua ja laturia",,Robota,
18340622001,StrongLine sähkövinssi M2500 / 2500 lb,https://tarvike.com/product/strongline-sahkovinssi-m2500-2500-lb-44404,https://media.tarvike.com/product/images/44404/original/16915.jpg,205.0,"Tekniset tiedot: Vetokyky 1136 kg (2500 lb) Moottori 0,7 kW / 0,9 hv / 12V Vaihteisto: 3-vaiheinen planeettapyörästö Välityssuhde 136:1 Vapautus manuaalinen Jarru: automaattinen kuormanpitojarru Köyden mitat: 4 mm x 15,2 m Rummun halkaisija: 52 mm Rummun pituus: 74 mm Köyden ohjain: alumiininen liukuohjain Koukun koko: 1/4"" Ohjain: ohjaustangon ohjain + langaton ohjain Akun suositus: 450 CCA Sähkökaapelit: 10 mm² Akkukaapelien pituus: 1,8 m Vinssin mitat: 334 x 118 x 115 mm Paino: 10,5 kg Vaijerin kapasiteetti/nopeus-taulukko liitteenä",,StrongLine,
18339720001,Shark BP-150 kannettava ilmakompressori,https://tarvike.com/product/shark-bp-150-kannettava-ilmakompressori-172660,https://media.tarvike.com/product/images/172660/original/209027.png,49.9,"Tämä monikäyttöinen apuväline on ihanteellinen kaikille, jotka tarvitsevat renkaiden nopeaa ja tehokasta täyttämistä. Tällä kompaktilla laitteella voit täyttää autojen, moottoripyörien, polkupyörien tai mönkijöiden renkaat. Tarkan painemittarin ansiosta voit aina olla varma, että renkaat on täytetty oikein. Kompressorin lisäksi laite toimii myös hätävirtapankkina latausta varten sekä LED-taskulamppuna.",,Shark,
18339566001,Husqvarna GC-500-Akkulaturi,https://tarvike.com/product/husqvarna-gc-500-akkulaturi-105139,https://media.tarvike.com/product/images/105139/original/159579.png,199.0,"Husqvarna QC500 -laturi on optimoitu Husqvarnan reppuakkujen ja integroidun BLi300-akun nopeaa lataamista varten. 500 watin lähtötehon ja aktiivisen akun jäähdytyksen ansiosta lataus onnistuu jopa 50 % nopeammin kuin QC330-laturilla, mikä parantaa tuottavuutta ja lyhentää seisonta-aikaa.",,Husqvarna,
1711688002,Nira Pumpun Sylinterin Tiiviste 6B,https://tarvike.com/product/nira-pumpun-sylinterin-tiiviste-6b-155635,https://media.tarvike.com/product/images/155635/original/188611.webp,9.5,"Varaosa tuotteelle VV850002 Nira Pumppu 6B vedelle, öljylle",,Nira,
16972427001,"Kuivahiomapaperi 115mm x 2,5m G150",https://tarvike.com/product/kuivahiomapaperi-115mm-x-25m-g150-106310,https://media.tarvike.com/product/images/106310/original/149157.jpg,6.49,"Karkeus P150Koko 115 mm x 2,5 mPuun, maalin pinnoitteiden käsihiontaan",,IKH,
16972426001,"Kuivahiomapaperi 115mm x 2,5m G40",https://tarvike.com/product/kuivahiomapaperi-115mm-x-25m-g40-106305,https://media.tarvike.com/product/images/106305/original/149141.jpg,6.49,"Karkeus P40Koko 115 mm x 2,5 mPuun, maalin pinnoitteiden käsihiontaan",,IKH,
16971796001,Philips kaukovalo polttimo MD24V 75/70W,https://tarvike.com/product/philips-kaukovalo-polttimo-md24v-7570w-105919,https://media.tarvike.com/product/images/105919/original/148557.jpg,7.12,Täydellinen suoja mekaanisia iskuja vastaan.Jännite 24 VNimellisteho 75/70 WKantamalli P43t-38,,Philips,
16673902000,Merkkauskynä Vihreä 1mm Terävä Kärki,https://tarvike.com/product/merkkauskyna-vihrea-1mm-terava-karki-150131,https://media.tarvike.com/product/images/150131/original/191299.webp,2.0,,,,
12914006000,Jatkojohto 3-osainen,https://tarvike.com/product/jatkojohto-3-osainen-230v-15x3h05rr-39030,https://media.tarvike.com/product/images/39030/original/188220.webp,17.9,"1,5X3H05RR. 5m",,CRX,
10531825001,"Liitosjohto, (Harley Davidson)",https://tarvike.com/product/liitosjohto-harley-davidson-156738,https://media.tarvike.com/product/images/156738/original/187905.jpg,12.5,"Comfort Indicator H-D, Liitosjohto SAE-adapterilla, yhteensopiva Harley Davidson moottoripyörien akkuun. LED-”liikennevalot” osoittamaan akun varaustilaa.",,Ctek,
11051709001,Kattokoukku,https://tarvike.com/product/kattokoukku-80mm-sink-2kpl-39141,https://media.tarvike.com/product/images/39141/original/188396.webp,1.7,,,Fixit,
788865001,Hyper Lankarullat M10X1.25 musta,https://tarvike.com/product/hyper-lankarullat-m10x125-musta-130330,https://media.tarvike.com/product/images/130330/original/169633.jpg,30.6,,,Hyper,
760491001,"Sno-X Ulosvetäja TRA, ei 583cc",https://tarvike.com/product/sno-x-ulosvetaja-tra-ei-583cc-131602,https://media.tarvike.com/product/images/131602/original/170610.jpg,31.4,"OEM# 529-000-063, 529-000-064, 529-0224-00, 529-0362-75, 529-0224-00 OVERALL: 206.3MM, OD: 13.9/11/13.8/11MM",,Sno-X,
760485001,Sno-X Ulosvetäjä Yamaha,https://tarvike.com/product/sno-x-ulosvetaja-yamaha-131573,https://media.tarvike.com/product/images/131573/original/170579.jpg,31.4,"• Oem# 90890-01898 • Halkasija: 18mm • Hinta: 24,-",,Sno-X,
19175531002,Sno-X Iskunvaimentajan esij. säätötyökalu,https://tarvike.com/product/sno-x-iskunvaimentajan-esij-saatotyokalu-79745,https://media.tarvike.com/product/images/79745/original/28997.jpg,14.0,Työkalu iskunvaimentimen esijännityksen säätöön.,,Sno-X,
1772522000,"Solero Poltin 12V 37,5W 9005 HB3",https://tarvike.com/product/solero-poltin-12v-375w-9005-hb3-130761,https://media.tarvike.com/product/images/130761/original/176860.jpg,10.0,,,Solero,
1772201000,"Motobatt akku, MBYZ16H HeavyDuty",https://tarvike.com/product/motobatt-akku-mbyz16h-heavyduty-129349,https://media.tarvike.com/product/images/129349/original/172378.png,115.0,"Tehdasaktivoitu, ei happoa täytettäväksi, vain tarkista lataus ja mene!12 kuukauden vaihtotakuuReplaces: Yuasa YB12BB2, YTX12BS, YTX14, YTX14L, YTX14BS, YTX14H, YTX14HBS, YTX14LBS, KMX14BS, GYZ16H, GYZ16HLDEKA ETX14, ETX14LHarley Davidson, Triumph, Honda TRX500",,Motobatt,
1772200000,"Motobatt akku, MBTX14AU",https://tarvike.com/product/motobatt-akku-mbtx14au-129348,https://media.tarvike.com/product/images/129348/original/172375.png,112.0,"Tehdasaktivoitu, ei happoa täytettäväksi, vain tarkista lataus ja mene!12 kuukauden vaihtotakuuReplaces: Yuasa YTX14AH,YTX14AHL,YTX14AHBS, YTX14AHLBS, YB14A1, YB14A2, YB14AA, YB14AA1, YB14AA2, YB14B1, YB14B2, YB14LA1, YB14LA2, YB14LB2, YB14LA2WS, SYB14LA2, SYB14LB2, 12N143A, 12N143BDEKA ETX15, ETX15L",,Motobatt,
1772176000,"Yuasa akku, YTX4L-BS (cp) Happopatruuna mukana (5)",https://tarvike.com/product/yuasa-akku-ytx4l-bs-cp-happopatruuna-mukana-5-129323,https://media.tarvike.com/product/images/129323/original/172496.png,38.0,"VRLA (Valve Regulated Lead Acid) tarkoittaa akkua, joka on täydellinen ihmisille, joilla on parempaa tekemistä kuin akkujen huolto! Pysyvästi suljettu VRLA-akku ei tarvitse koskaan täyttöä, mutta se tarvitsee kuitenkin säännöllisen latauksen. Ihanteellinen moottoripyöriin, skoottereihin, mönkijöihin, ajoleikkureihin ja vesiskoottereihin.",,,
1772175000,"Yuasa akku, YTX9-BS (cp) Happopatruuna mukana (5)",https://tarvike.com/product/yuasa-akku-ytx9-bs-cp-happopatruuna-mukana-5-129322,https://media.tarvike.com/product/images/129322/original/172473.png,63.0,Ominaisuudet9 AGM-lisäakkua2 tulvattua apuakkua1 AGM-käynnistinakku,,,
1772172000,"Yuasa akku, YB14-B2 (cp) Happopatruuna mukana (4)",https://tarvike.com/product/yuasa-akku-yb14-b2-cp-happopatruuna-mukana-4-129318,https://media.tarvike.com/product/images/129318/original/172392.png,105.5,"Vesiskootterit, moottorikelkat ja mönkijät asettavat erityisvaatimuksia - ja YUASAn YuMicron-akku vastaa niihin. Huipputekninen, tehoa lisäävä rakenne tekee YuMicronista ihanteellisen myös lisävarusteilla varustetuille matkapyörille ja muunnetuille ajoneuvoille.",,Yuasa,
1772167000,"Yuasa akku, YB16AL-A2 (cp) Happopatruuna mukana (4)",https://tarvike.com/product/yuasa-akku-yb16al-a2-cp-happopatruuna-mukana-4-129313,https://media.tarvike.com/product/images/129313/original/172321.png,141.0,"Vesiskootterit, moottorikelkat ja mönkijät asettavat erityisvaatimuksia - ja YUASAn YuMicron-akku vastaa niihin. Huipputekninen, tehoa lisäävä rakenne tekee YuMicronista ihanteellisen myös lisävarusteilla varustetuille matkapyörille ja muunnetuille ajoneuvoille.",,Yuasa,
1772165000,"Yuasa akku, YB4L-B (cp) Happopatruuna mukana (10)",https://tarvike.com/product/yuasa-akku-yb4l-b-cp-happopatruuna-mukana-10-129310,https://media.tarvike.com/product/images/129310/original/169141.jpg,33.0,"Vesiskootterit, moottorikelkat ja mönkijät asettavat erityisvaatimuksia - ja YUASAn YuMicron-akku vastaa niihin. Huipputekninen, tehoa lisäävä rakenne tekee YuMicronista ihanteellisen myös lisävarusteilla varustetuille matkapyörille ja muunnetuille ajoneuvoille.",,Yuasa,
17369739001,NGK sytytystulppa BPR9EIX,https://tarvike.com/product/ngk-sytytystulppa-bpr9eix-105258,https://media.tarvike.com/product/images/105258/original/148049.jpg,20.9,Varmatoiminen sytytystulppa.,,NGK,
18750679002,"Tulpanavain 14/18mm(kierre), avain 21/26",https://tarvike.com/product/tulpanavain-1418mmkierre-avain-2126-108981,https://media.tarvike.com/product/images/108981/original/152598.jpg,14.6,14/18mm tulpalleAvain 21/26,,,
8802128001,Pyörä vaunun kiinteä 125MM Musta,https://tarvike.com/product/pyora-vaunun-kiintea-125mm-musta-155773,https://media.tarvike.com/product/images/155773/original/180789.webp,6.99,,,IKH,
8802127001,Pyörä vaunun kiinteä 100MM Musta,https://tarvike.com/product/pyora-vaunun-kiintea-100mm-musta-155772,https://media.tarvike.com/product/images/155772/original/180790.webp,4.9,,,IKH,
8629177001,Suorakulma 400x600mm,https://tarvike.com/product/suorakulma-400x600mm-156031,https://media.tarvike.com/product/images/156031/original/180578.jpeg,15.9,Maalattu musta. Koko: 400 x 600mm,,IKH,
8374314002,Liimauspuristin,https://tarvike.com/product/liimauspuristin-80x150-38816,https://media.tarvike.com/product/images/38816/original/187390.webp,6.99,Koko 80 x 150 mm,,IKH,
761119001,Maalisekoitin 60x8x400mm,https://tarvike.com/product/maalisekoitin-60x8x400mm-145380,https://media.tarvike.com/product/images/145380/original/176912.webp,5.5,"Siivet 60mm, varsi 8mm, pituus 400mm.",,Fixit,
734884002,Led kaukovalo 85MM,https://tarvike.com/product/led-kaukovalo-85mm-145303,https://media.tarvike.com/product/images/145303/original/176790.webp,89.0,E-hyväksytty LED-kaukovalo.,,CRX,
7261233002,Muunnoskappale kartioksi 8 mm,https://tarvike.com/product/muunnoskappale-kartioksi-8-mm-151400,https://media.tarvike.com/product/images/151400/original/189682.webp,27.5,"Tyyppi kartiosuutin Ø 8 mm, erit. kardaaniristikoille.Letkujen suukappaleisiin.",,matO,
6863190002,Robota DC-D18V akkuporakone 13mm istukalla runkorunko,https://tarvike.com/product/robota-dc-d18v-akkuporakone-13mm-istukalla-runkorunko-246378,https://media.tarvike.com/product/images/246378/original/214377.webp,49.9,"Akkuporakone talliin ja työhön. 20 alueinen momentin säätö, kaksi vaihdetta, eteen ja taakse. Ei sisällä akkua ja laturia",,Robota,
6863177002,Robota akkuporakone DCWI18V runko,https://tarvike.com/product/robota-akkuporakone-dcwi18v-runko-246326,https://media.tarvike.com/product/images/246326/original/214406.webp,119.0,Vääntävä Robota DC-WI18V akkuiskuporakone on tehokas akkuporakone monenlaiseen käyttöön. Tämä kone tarjoaa jopa 150Nm vääntövoiman mikä sopii koviinkin ruuvaus- ja poraustöihin. Koneen laaja nopeusalue ja iskutoiminto mahdollistaa tarkan säädön jokaiseen tilanteeseen ja tarpeeseen. Ei sisällä akkua ja laturia,,Robota,
6716553002,Robota DC-MS18V akkuhiomakone 140x96.6 mm runko,https://tarvike.com/product/robota-dc-ms18v-akkuhiomakone-140x966-mm-runko-246379,https://media.tarvike.com/product/images/246379/original/214371.webp,34.9,Akkukäyttöinen hiomakone Ei sisällä akkua ja laturia,,Robota,
5866927002,Otsalamppu aria 1 350lm,https://tarvike.com/product/otsalamppu-aria-1-350lm-167487,https://media.tarvike.com/product/images/167487/original/189337.webp,43.0,"PTZL ARIA 1 on kompakti, kestävä ja vedenpitävä otsalamppu, joka on suunniteltu lähivalaistukseen.",,Petzl,
5017909002,"Naula T Sähkös 2,2X64 1000Kpl",https://tarvike.com/product/naula-t-sahkos-22x64-1000kpl-155808,https://media.tarvike.com/product/images/155808/original/188115.webp,24.2,,,IKH,
5017895002,"Sumuvalopolttimo, Osram 12V P27/7W",https://tarvike.com/product/sumuvalopolttimo-osram-12v-p277w-156607,https://media.tarvike.com/product/images/156607/original/188107.jpg,5.0,Lumenit: 475/36lm.,,Osram,
4579756000,"Kuivahiomapaperi 115mm x 2,5m G60",https://tarvike.com/product/kuivahiomapaperi-115mm-x-25m-g60-106306,https://media.tarvike.com/product/images/106306/original/149148.jpg,6.49,"Karkeus P60Koko 115 mm x 2,5 mPuun, maalin pinnoitteiden käsihiontaan",,IKH,
33131730000,"Milwaukee Vasarapora SDS+ MX4 6,5X215",https://tarvike.com/product/milwaukee-vasarapora-sds-mx4-65x215-169586,https://media.tarvike.com/product/images/169586/original/192062.png,20.6,"MILWAUKEE® MX4 SDS-Plus -poranterät on suunniteltu vaativimpiin käyttökohteisiin. Niissä on täysin hitsattu kiinteä kovametallikärki (⌀ 20 mm asti), joka takaa maksimaalisen kestävyyden raudoituksissa sekä ylivoimaisen porausnopeuden betonissa.",,Milwaukee Tools,
2938041002,CRX Työvalo Led Optimum 6000Z 60W,https://tarvike.com/product/crx-tyovalo-led-optimum-6000z-60w-159532,https://media.tarvike.com/product/images/159532/original/183247.webp,89.0,Optimum 6000Z LED-työvalo leveällä valokeilalla.,,CRX,
2615695002,Vaununpyörä käänt.,https://tarvike.com/product/vaununpyora-kaant-80mm-tapilla-harmaa-38420,https://media.tarvike.com/product/images/38420/original/180707.webp,7.99,Useita eri kokoa/väriä.,,IKH,
25342234000,"Viima Paineilmatyökaluöljy 0,5l",https://tarvike.com/product/viima-paineilmatyokaluoljy-05l-155676,https://media.tarvike.com/product/images/155676/original/188723.webp,10.49,"Erittäin laadukas ja suorituskykyinen erikoisöljy paineilmalaitteiden voiteluun, pidentää laitteiden käyttöikää.",,Viima,
20581160001,Kattotiivistemassa 300 ml mu,https://tarvike.com/product/kattotiivistemassa-300-ml-mu-153094,https://media.tarvike.com/product/images/153094/original/195232.webp,19.5,Elastinen liima- ja tiivistysmassa kaikkeen tiivistämiseen katolla. Erityisesti kattohuovan tiivistyksiin ja kiinnittämiseen.,,Casco,
20502016001,Milwaukee 1/4? Kärkipidin 1/4? HEX,https://tarvike.com/product/milwaukee-14-karkipidin-14-hex-169509,https://media.tarvike.com/product/images/169509/original/195000.webp,10.4,"Jousikaulus pitää kärjet turvallisesti paikallaan, kromiviimeistely suojaa ruosteelta",,Milwaukee Tools,
20251703001,Niittimutteri M6x16 mm 40kpl teräs,https://tarvike.com/product/niittimutteri-m6x16-mm-40kpl-teras-152915,https://media.tarvike.com/product/images/152915/original/194648.webp,4.35,"Kierre M6 ja koko Ø 8,9 x 16,0 mm",,Scell-It,
19577881001,Holkki Liukulaakereille 34/60X40mm Hitsattava,https://tarvike.com/product/holkki-liukulaakereille-3460x40mm-hitsattava-151191,https://media.tarvike.com/product/images/151191/original/194260.webp,25.0,"Hitsattavat holkit esim. kone- ja laiterakennukseen. Hitsataan osaan, jossa tappi pyörii sisällä, sisäreikä sorvattu liukulaakerien mitoille.",,IKH,
19577871001,Holkki Kiinteä 30/55X40mm Hitsattava,https://tarvike.com/product/holkki-kiintea-3055x40mm-hitsattava-151181,https://media.tarvike.com/product/images/151181/original/194247.webp,24.0,"Hitsattavat holkit esim. kone- ja laiterakennukseen. Hitsataan osaan, jossa tappi ei liiku sisällä, sisäreikä sorvattu suoraan tappimitalle",,IKH,
19577869001,Holkki Kiinteä 20/40X20mm Hitsattava,https://tarvike.com/product/holkki-kiintea-2040x20mm-hitsattava-151179,https://media.tarvike.com/product/images/151179/original/194247.webp,12.0,"Hitsattavat holkit esim. kone- ja laiterakennukseen. Hitsataan osaan, jossa tappi ei liiku sisällä, sisäreikä sorvattu suoraan tappimitalle",,IKH,
19544574001,Robota DC-CS18V akkuruiskupullo 5 l runko,https://tarvike.com/product/robota-dc-cs18v-akkuruiskupullo-5-l-runko-246335,https://media.tarvike.com/product/images/246335/original/214571.webp,49.9,"Kätevä akkukäyttöinen ruisku/sumutuspullo. Suuri 5 litran säiliö. Erillinen kahva liipaisimella sumutusta varten. Sopii hyvin puutarhaan, kasvihuoneeseen ja vastaavaan. Ei sisällä akkua ja laturia",,Robota,
19544573001,Robota akkoporakone DC-IT218V runko,https://tarvike.com/product/robota-akkoporakone-dc-it218v-runko-246333,https://media.tarvike.com/product/images/246333/original/214570.webp,99.0,"Robota DC-IT218V on tehokas 18V akkuporakone, joka tarjoaa jopa 150 Nm vääntövoiman kovimpiinkin ruuvaus- ja poraustehtäviin. Laaja nopeusalue 550–1900 rpm mahdollistaa tarkan säädön tilanteeseen sopien. Porakoneen 13 mm metallinen istukka takaa tukevan otteen poranterille. Ei sisällä akkua ja laturia",,Robota,
19544568001,Robota DC-CO18V akkukompressori runko,https://tarvike.com/product/robota-dc-co18v-akkukompressori-runko-246323,https://media.tarvike.com/product/images/246323/original/214537.webp,49.9,"Robotan akkukäyttöinen ilmapumppu soveltuu muun muassa renkaiden, uimalelujen sekä pallojen täyttämiseen. LED-valo helpottaa työskentelyä hämärässä. Maksimipaine 10,3 bar ja mukana yleisimmät adapterit. Kompressori pysähtyy automaattisesti, kun haluttu paine on saavutettu. Runkoversio ilman akkua ja laturia. Ei sisällä akkua ja laturia",,Robota,
19544566001,Robota DC-G2V akkurasvaprässi 18V runko,https://tarvike.com/product/robota-dc-g2v-akkurasvaprassi-18v-runko-246321,https://media.tarvike.com/product/images/246321/original/214523.webp,179.0,"Robota DC-G218V Akkurasvaprässi. Robota DC-G218V on tehokas ja kestävä akkurasvaprässi, joka on suunniteltu ammattilaisten ja vaativien harrastajien käyttöön. Kätevä kohteissa, johdottoman akkukäyttöisen laitteen saat vietyä vaativampiinkin kohteisiin vaivattomasti, eikä tarvitse käyttää vanhanaikaisia käsikäyttöisiä prässejä. Ei sisällä akkua ja laturia",,Robota,
19158077001,Robota Akkumutterinväännin 3/4 runko,https://tarvike.com/product/robota-akkumutterinvaannin-34-runko-246367,https://media.tarvike.com/product/images/246367/original/214491.webp,219.0,"Robota DC-IW218V on raskaan sarjan iskevä akkumutterinväännin, joka tarjoaa jopa 1600 Nm vääntövoimaa kaikkein tiukimpien pulttien ja muttereiden avaamiseen. Laite sopii erinomaisesti raskaaseen kone- ja ajoneuvokäyttöön, missä tarvitaan suurta voimaa ja luotettavuutta. Mukana toimitettava 3/4""–1/2"" adapteri tuo lisää valikoimaa hylsyvalintoihin. Ei sisällä akkua ja laturia",,Robota,
19158069001,Robota akkukulmahiomakone DC-G 18V runko,https://tarvike.com/product/robota-akkukulmahiomakone-dc-g-18v-runko-246371,https://media.tarvike.com/product/images/246371/original/214459.webp,79.0,"Robota DC-G 18V akkukäyttöinen kulmahiomakone sopii moneen käyttöön. Akkukulmahiomakone on erittäin tehokas ja kestävä kaikenlaisissa hionta- ja katkaisutöissä – eivätkä johdot häiritse. Kapean runkomuotoilun ansiosta kulmahiomakoneesta saa hyvän ja pitävän otteen, mikä helpottaa työskentelyä. Kulmahiomakoneessa on tärinävaimennettu sivukahva, joka tekee koneen käytöstä miellyttävää. Elektroninen ylikuormitussuoja suojaa sekä laitetta että sen käyttäjää. Akun suojausjärjestelmä suojaa akkua ylikuormitukselta, ylikuumenemiselta ja syväpurkautumiselta ja parantaa siten työturvallisuutta. Ei sisällä akkua ja laturia",,Robota,
19150512002,Husqvarna Vari-Cut S45 400MM 25.4/20 12,https://tarvike.com/product/husqvarna-vari-cut-s45-400mm-25420-12-126451,https://media.tarvike.com/product/images/126451/original/160634.webp,298.82,"Hopea-sarjaan kuuluva Vari-Cut S45 -laikka on suunniteltu erityyppisten betonilaatujen leikkaamiseen. Terässä on kaksi eri segmenttimallia, jotka yhdessä vähentävät tärinää, kitkaa ja tehostavat lietteen poistumista.",,Husqvarna,
19006107001,"Robota DC-CS36V akkuketjusaha 36V 14"" runko",https://tarvike.com/product/robota-dc-cs36v-akkuketjusaha-36v-14-runko-246317,https://media.tarvike.com/product/images/246317/original/214431.webp,119.0,"Kätevä 36V moottorisaha. Toimii kahdella 18V akulla, on erinomainen puutarhaan, polttopuutöihin ja rakentamiseen. Hiiliharjaton moottori, max. ketjunopeus 11,5 m/s. Ei sisällä akkua ja laturia",,Robota,
19006103001,Robota akkutasohiomakone DC-OB18V runko,https://tarvike.com/product/robota-akkutasohiomakone-dc-ob18v-runko-246313,https://media.tarvike.com/product/images/246313/original/214414.webp,34.9,"Robota DC-OB18V on tehokas ja kevyt 18V tasohiomakone, joka tarjoaa tarkan ja tasaisen jäljen hiontatöihin. Laite toimii 12 000rpm nopeudella, minkä ansiosta se soveltuu niin puu-, metalli- ja maalipintojen viimeistelyyn. Ei sisällä akkua ja laturia",,Robota,
19006092001,Robota DC-DXH18V Tuplalaturi,https://tarvike.com/product/robota-dc-dxh18v-tuplalaturi-246380,https://media.tarvike.com/product/images/246380/original/214366.webp,39.9,"Robota DC-DXH18V tarjoaa 2,3 ampeerin latausvirran kumpaankin latauspaikkaan. Laite toimii tavallisella 230V jännitteellä ja on yhteensopiva kaikkien Robota 18V akkujen kanssa. Laturi on suunniteltu kestämään kovaa käyttöä ja kulutusta. Sen tukeva ja kompakti rakenne tekee sen siirtämisestä ja säilyttämisestä helppoa, ja se sopii hyvin sekä ammattikäyttöön että harrastelijoille.",,Robota,
19006082001,Robota BG-42B työkalulaukku,https://tarvike.com/product/robota-bg-42b-tyokalulaukku-246309,https://media.tarvike.com/product/images/246309/original/214357.webp,69.9,"Robota BG-42B työkalulaukku on jämäkkä avoin työkalulaukku, jossa on useita taskuja, jaettu sisätila, tukeva kahva ja olkahihna. Sopii mm. akkutyökalujen, akkujen ja tarvikkeiden kuljettamiseen työmaalle ja autotalliin.",,Robota,
18748157002,"Kemper Map-Kaasusäiliö 250G 7/16"" Kemap",https://tarvike.com/product/kemper-map-kaasusailio-250g-716-kemap-106201,https://media.tarvike.com/product/images/106201/original/148976.jpg,21.9,"Kierreventtiili (kierre 7/16"")Tehokas kaasuseosKaasusäiliö toimii tarvittaessa myös pullo ylösalaisinLiekin lämpötila max. 2400°CLiekin lämpötila yhdessä hapen kanssa max. 3316°CAlin käyttölämpötila -25°CSoveltuu hitsaukseen ja happileikkaukseenNettopaino 250 g (410 ml)",,Kemper,
18748124002,Kiinnitysteline lisävaloille,https://tarvike.com/product/kiinnitysteline-lisavaloille-105932,https://media.tarvike.com/product/images/105932/original/148563.jpg,21.68,"Asennus rekisterikilven alle. Leveys 380 mm, korkeus 90 mm, kiinnitysreikien väli 360 mm.",,,
18339999001,Bullboy Led Minityövalo 10W 720lm,https://tarvike.com/product/bullboy-led-minityovalo-10w-720lm-43821,https://media.tarvike.com/product/images/43821/original/15389.jpg,44.0,"Hajottava valokuvio. Deutsch-pistoke, tankokiinnitys Ø 22-25mm sekä pulttikiinnitys, IP68",,Bullboy,
17369589001,CRX Siniaaltoinvertteri 12V/230V 150W,https://tarvike.com/product/crx-siniaaltoinvertteri-12v230v-150w-106086,https://media.tarvike.com/product/images/106086/original/148811.jpg,99.0,"Muuntaa 12 V tasajännitteen 230 V vaihtojännitteeksi (puhdas siniaalto)Aallon muoto puhdas siniaalto (yhteensopiva kaikkien 230 V AC laitteiden kanssa)Ottojännite 12 V DCAntojännite 230 V ACNimellisteho 150 WHuipputeho 300 WLaite sammuu automaattisesti kun akun jännite laskee 9,5 V:iin (± 0,5 V)YlikuormasuojaYlijännitesuojaOikosulkusuojaVirrankulutus tyhjäkäynnillä 0,4 A",,CRX,
17369566001,NGK sytytystulppa CR9EH9,https://tarvike.com/product/ngk-sytytystulppa-cr9eh9-105286,https://media.tarvike.com/product/images/105286/original/148076.png,16.0,"Avainväli: 16 mm Ulkokierre [mm]: 10,0 mm Kierteen pituus [mm]: 19,0 mm Sytytystulppa: Liitäntä M4 Kipinäetäisyys [mm]: 1,65 mm Sytytystulppa: Nikkeli-keskielektrodi Sytytystulppa: 1-maaelektroodi Sytytystulppa: Häiriönpoisto, 5 k-ohm Sytytystulppa: suoralla istukalla",,NGK,
16972603001,Hiiliharjapari 7x11mm,https://tarvike.com/product/hiiliharjapari-7x11mm-106601,https://media.tarvike.com/product/images/106601/original/149625.jpg,7.9,,,IKH,
16972422001,"Hiontaliuska 93 x 185mm G120, tarra",https://tarvike.com/product/hiontaliuska-93-x-185mm-g120-tarra-106304,https://media.tarvike.com/product/images/106304/original/149137.jpg,7.99,Välihiomapaperi pinnoitteiden ja tasoitteiden käsihiontaan8 reikääKoko 93 x 185 mmKarkeus P1205kpl/pkt,,IKH,
16972420001,"Kuivahiomapaperi 115mm x 2,5m G100",https://tarvike.com/product/kuivahiomapaperi-115mm-x-25m-g100-106308,https://media.tarvike.com/product/images/106308/original/149155.jpg,6.49,"Karkeus P100Koko 115 mm x 2,5 mPuun, maalin pinnoitteiden käsihiontaan",,IKH,
16971789001,Philips Vision kaukovalo polttimo 12V/55W,https://tarvike.com/product/philips-vision-kaukovalo-polttimo-12v55w-105917,https://media.tarvike.com/product/images/105917/original/148549.jpg,7.29,Jopa 30 % enemmän näkyvyyttäH7Jännite 12 VNimellisteho 55 WKantamalli PX26d,,Philips,
16680801000,Torx kärkihylsy,https://tarvike.com/product/torx-karkihylsy-12-100-mm-t25-39946,https://media.tarvike.com/product/images/39946/original/191412.webp,7.99,,,IKH,
16673903000,Merkkauskynä Musta 5/1mm STAEDTLER LUMOCOLOR DUO,https://tarvike.com/product/merkkauskyna-musta-51mm-staedtler-lumocolor-duo-150132,https://media.tarvike.com/product/images/150132/original/191298.webp,4.49,,,,
16371551000,Opaste 200x300 alueella tallentava kameravalvonta,https://tarvike.com/product/opaste-200x300-alueella-tallentava-kameravalvonta-155192,https://media.tarvike.com/product/images/155192/original/191153.webp,5.99,"Varoitusmerkki/-kyltti tekstillä ""ALUEELLA TALLENTAVA KAMERAVALVONTA"".",,IKH,
14527226001,"Ikkunatiiviste P-profiili 25m 9mm x 5,5mm valk.",https://tarvike.com/product/ikkunatiiviste-p-profiili-25m-9mm-x-55mm-valk-155218,https://media.tarvike.com/product/images/155218/original/191168.webp,39.0,"Valkoinen, itsekiinnittyvä, helposti asennettava P-profiilin ikkunatiiviste.",,Tesa,
12914626000,Jatkojohto kumi 230V,https://tarvike.com/product/jatkojohto-kumikaapeli-10m-39034,https://media.tarvike.com/product/images/39034/original/188222.webp,19.9,"Kumikaapeli 230V.1,5x3 H05RR.",,CRX,
12828222000,"Led-äärivalo kirkas 24V/0,5M",https://tarvike.com/product/led-aarivalo-kirkas-24v05m-156812,https://media.tarvike.com/product/images/156812/original/187748.jpg,15.5,"kestävä, pitkäikäinen, huoltovapaa äärivalo.",,Startax,
12828118000,Varaterä XCM330 Leikkuriin,https://tarvike.com/product/varatera-xcm330-leikkuriin-155815,https://media.tarvike.com/product/images/155815/original/187610.webp,12.0,,,IKH,
10098528000,BullPro Led-työvalo 80W,https://tarvike.com/product/bullpro-led-tyovalo-80w-106002,https://media.tarvike.com/product/images/106002/original/148654.jpg,151.0,"4 x 20W Cree, 4100lm (tehollinen) – 5500lm (laskennallinen), 5000K, leveä valokuvio, alumiinirunko: korroosiosuojattu, lasilinssi, asennusjalka ruostumatonta terästä (316), integroitu DT-2-liitin, kumikaapeli. 12V 3.68A – 24V 1.69A, ADR, EMC CISPR 25 Class 5, käyttölämpötila -40°C … +85°C",,Bullpro,
18339852001,X-vision Valokiinnikkeet,https://tarvike.com/product/x-vision-valokiinnike-63-mm-38349,https://media.tarvike.com/product/images/38349/original/148744.jpg,19.5,Ø63 mmRuostumatonta terästä,,X-vision,
14527242001,Rullamitta Hi-Lock,https://tarvike.com/product/rullamitta-7m-hi-lock-25-39919,https://media.tarvike.com/product/images/39919/original/191214.webp,24.0,,,Tajima,
11548036000,Ruuvauskärki 5KPL värirenkaalla,https://tarvike.com/product/ruuvauskarki-5kpl-50mm-t30-varirengas-38453,https://media.tarvike.com/product/images/38453/original/185553.webp,8.1,,,IKH,
10245192000,"Vaununpyörä, kiinteä",https://tarvike.com/product/vaununpyora-kiintea-160mm-musta-38415,https://media.tarvike.com/product/images/38415/original/180695.webp,12.6,Useita kokoja/värejä.,,IKH,
760484001,Kimpex Ulosvetäjä Ski-Doo,https://tarvike.com/product/kimpex-ulosvetaja-ski-doo-131572,https://media.tarvike.com/product/images/131572/original/170575.jpg,65.0,,,Kimpex,
18750689002,"Ulosvetäjä 25mm x 1,5/22mm x 1,0",https://tarvike.com/product/ulosvetaja-25mm-x-1522mm-x-10-108991,https://media.tarvike.com/product/images/108991/original/152620.jpg,15.0,"Koko: 25mm x 1,5/22mm x 1,0",,Scorpion,
1772193000,"Yuasa akku, YTX20HL-BS-PW (cp) with acid pack tt",https://tarvike.com/product/yuasa-akku-ytx20hl-bs-pw-cp-with-acid-pack-tt-129341,https://media.tarvike.com/product/images/129341/original/172283.png,207.5,"Jos suuri teho on tärkein prioriteetti vaihto-akussa, valitse Yuasa High Performance Maintenance Free -akut. Yuasa tarkoittaa enemmän tehoa, vähemmän huoltoa ja pidempää käyttöikää. Yuasa High Performance Maintenance Free -akut ovat paras valinta moottoripyöriin, hyötyajoneuvoihin, skoottereihin, mönkijöihin, ajoleikkureihin, vesiskoottereihin ja...",,Yuasa,
1772191000,"Yuasa akku, YTX14AHL-BS (cp)",https://tarvike.com/product/yuasa-akku-ytx14ahl-bs-cp-129339,https://media.tarvike.com/product/images/129339/original/172315.png,135.5,"Jos suuri teho on tärkein prioriteetti vaihto-akussa, valitse Yuasa High Performance Maintenance Free -akut. Yuasa tarkoittaa enemmän tehoa, vähemmän huoltoa ja pidempää käyttöikää. Yuasa High Performance Maintenance Free -akut ovat paras valinta moottoripyöriin, hyötyajoneuvoihin, skoottereihin, mönkijöihin, ajoleikkureihin, vesiskoottereihin ja...",,Yuasa,
1772189000,"Yuasa akku, YB16CL-B (cp) Happopatruuna mukana (2)",https://tarvike.com/product/yuasa-akku-yb16cl-b-cp-happopatruuna-mukana-2-129337,https://media.tarvike.com/product/images/129337/original/172300.png,159.5,"Vesiskootterit, moottorikelkat ja mönkijät asettavat erityisvaatimuksia - ja YUASAn YuMicron-akku vastaa niihin. Huipputekninen, tehoa lisäävä rakenne tekee YuMicronista ihanteellisen myös lisävarusteilla varustetuille matkapyörille ja muunnetuille ajoneuvoille.",,Yuasa,
1772188000,"Yuasa akku, YB12AL-A2 (cp) Happopatruuna mukana (4)",https://tarvike.com/product/yuasa-akku-yb12al-a2-cp-happopatruuna-mukana-4-129336,https://media.tarvike.com/product/images/129336/original/172403.png,95.5,"Vesiskootterit, moottorikelkat ja mönkijät asettavat erityisvaatimuksia - ja YUASAn YuMicron-akku vastaa niihin. Huipputekninen, tehoa lisäävä rakenne tekee YuMicronista ihanteellisen myös lisävarusteilla varustetuille matkapyörille ja muunnetuille ajoneuvoille.",,Yuasa,
1772186000,"Yuasa akku, YTX14L-BS (cp)",https://tarvike.com/product/yuasa-akku-ytx14l-bs-cp-129334,https://media.tarvike.com/product/images/129334/original/172297.png,167.0,,,Yuasa,
1772185000,"Yuasa akku, YTX24HL-BS (cp)",https://tarvike.com/product/yuasa-akku-ytx24hl-bs-cp-129333,https://media.tarvike.com/product/images/129333/original/172279.png,226.0,,,Yuasa,
1772183000,"Yuasa akku, YT14B-BS (YT14B-4) (cp) Happopatruuna mukana (4)",https://tarvike.com/product/yuasa-akku-yt14b-bs-yt14b-4-cp-happopatruuna-mukana-4-129330,https://media.tarvike.com/product/images/129330/original/172351.png,135.5,"VRLA (Valve Regulated Lead Acid) tarkoittaa akkua, joka on täydellinen ihmisille, joilla on parempaa tekemistä kuin akkujen huolto! Pysyvästi suljettu VRLA-akku ei tarvitse koskaan täyttöä, mutta se tarvitsee kuitenkin säännöllisen latauksen. Ihanteellinen moottoripyöriin, skoottereihin, mönkijöihin, ajoleikkureihin ja vesiskoottereihin.",,Yuasa,
1772180000,"Yuasa akku, YTX20L-BS (cp) Happopatruuna mukana (3)",https://tarvike.com/product/yuasa-akku-ytx20l-bs-cp-happopatruuna-mukana-3-129327,https://media.tarvike.com/product/images/129327/original/172313.png,160.0,"VRLA (Valve Regulated Lead Acid) tarkoittaa akkua, joka on täydellinen ihmisille, joilla on parempaa tekemistä kuin akkujen huolto! Pysyvästi suljettu VRLA-akku ei tarvitse koskaan täyttöä, mutta se tarvitsee kuitenkin säännöllisen latauksen. Ihanteellinen moottoripyöriin, skoottereihin, mönkijöihin, ajoleikkureihin ja vesiskoottereihin.",,Yuasa,
1772177000,"Yuasa akku, YTX12-BS (cp) Happopatruuna mukana (4)",https://tarvike.com/product/yuasa-akku-ytx12-bs-cp-happopatruuna-mukana-4-129324,https://media.tarvike.com/product/images/129324/original/172419.png,78.5,"VRLA (Valve Regulated Lead Acid) tarkoittaa akkua, joka on täydellinen ihmisille, joilla on parempaa tekemistä kuin akkujen huolto! Pysyvästi suljettu VRLA-akku ei tarvitse koskaan täyttöä, mutta se tarvitsee kuitenkin säännöllisen latauksen. Ihanteellinen moottoripyöriin, skoottereihin, mönkijöihin, ajoleikkureihin ja vesiskoottereihin.",,,
1772168000,"Yuasa akku, YB16-B (cp) Happopatruuna mukana (2)",https://tarvike.com/product/yuasa-akku-yb16-b-cp-happopatruuna-mukana-2-129314,https://media.tarvike.com/product/images/129314/original/172347.png,136.5,"Vesiskootterit, moottorikelkat ja mönkijät asettavat erityisvaatimuksia - ja YUASAn YuMicron-akku vastaa niihin. Huipputekninen, tehoa lisäävä rakenne tekee YuMicronista ihanteellisen myös lisävarusteilla varustetuille matkapyörille ja muunnetuille ajoneuvoille.",,Yuasa,
1772154000,BS akku BTZ10S (FA) SLA - Sealed & Activated,https://tarvike.com/product/bs-akku-btz10s-fa-sla-sealed-activated-132118,https://media.tarvike.com/product/images/132118/original/172399.png,99.9,"BTZ10S-akku kuuluu SLA-mallistoon. Tämä 12V 9Ah akku on käyttövalmis, 100 % huoltovapaa ja vuotamaton.Erittäin helppo asentaa ja kuljettaa.Tarjoaa enemmän tehoa, pidemmän käyttöiän ja maksimaalisen luotettavuuden kaikkiin moottoriurheiluajoneuvoihin, jotka vaativat suurta suorituskykyä.AGM-rakenneVRLA-akkuTehtaalla suljettu ja aktivoituEi hapon käsittelyä...",,,
1772132000,"Motobatt akku, MB16AU",https://tarvike.com/product/motobatt-akku-mb16au-129352,https://media.tarvike.com/product/images/129352/original/172335.png,139.0,"Tehdasaktivoitu, ei happoa täytettäväksi, vain tarkista lataus ja mene!12 kuukauden vaihtotakuuReplaces: Yuasa YB16BA, YB16BA1, YB16BA2",,Motobatt,
17369570001,NGK sytytystulppa BKR7EIX,https://tarvike.com/product/ngk-sytytystulppa-bkr7eix-105290,https://media.tarvike.com/product/images/105290/original/148080.jpg,19.6,Varmatoiminen sytytystulppa.,,NGK,
18750681002,"Tulpanavain 10mm (kierre),avain 16mm pit.140mm",https://tarvike.com/product/tulpanavain-10mm-kierreavain-16mm-pit140mm-108983,https://media.tarvike.com/product/images/108983/original/152614.jpg,6.4,10mm tulpalleAvainmitta 16mmPituus 140 mm,,,
18339574001,CTEK Comfort Connect 2.5m Jatkojohto,https://tarvike.com/product/ctek-comfort-connect-25m-jatkojohto-106639,https://media.tarvike.com/product/images/106639/original/149655.jpg,19.9,"CONNECT-jatkojohto on kätevä ja turvallinen ratkaisu, jos CTEK-laturin on oltava kauempana akusta tai ajoneuvosta. Kytke vain 2,5 metrin kaapeli laturin lisävarusteliitäntään ja kiinnitä toinen pää lisävarusteiden liittimiin.",,,
1772190000,"Yuasa akku, YTX20CH-BS (cp)",https://tarvike.com/product/yuasa-akku-ytx20ch-bs-cp-129338,https://media.tarvike.com/product/images/129338/original/172286.png,243.5,"Jos suuri teho on tärkein prioriteetti vaihto-akussa, valitse Yuasa High Performance Maintenance Free -akut. Yuasa tarkoittaa enemmän tehoa, vähemmän huoltoa ja pidempää käyttöikää. Yuasa High Performance Maintenance Free -akut ovat paras valinta moottoripyöriin, hyötyajoneuvoihin, skoottereihin, mönkijöihin, ajoleikkureihin, vesiskoottereihin ja...",,Yuasa,
1772184000,"Yuasa akku, YTX14AH-BS (cp)",https://tarvike.com/product/yuasa-akku-ytx14ah-bs-cp-129332,https://media.tarvike.com/product/images/129332/original/172306.png,132.5,,,Yuasa,
17369567001,NGK sytytystulppa CR9EIX,https://tarvike.com/product/ngk-sytytystulppa-cr9eix-105287,https://media.tarvike.com/product/images/105287/original/148077.jpg,21.3,Varmatoiminen sytytystulppa.,,NGK,
8772993002,Kierreharja 16mm 6mm messinki,https://tarvike.com/product/kierreharja-16mm-6mm-messinki-155163,https://media.tarvike.com/product/images/155163/original/191170.webp,4.49,"Maalin, ruosteen, hitsauksen poistoon sekä metallin puhdistamiseen.",,PG,
8772989002,"Kuppiharja aalto 75x23 M14 0,3 RST",https://tarvike.com/product/kuppiharja-aalto-75x23-m14-03-rst-151919,https://media.tarvike.com/product/images/151919/original/191199.webp,34.9,"Harjasmateriaali: teräslanka, aallotettu, ruostumaton (joustava).",,Osborn,
8374321002,Lyöntituurna,https://tarvike.com/product/lyontituurna-2mm-39526,https://media.tarvike.com/product/images/39526/original/189266.webp,8.49,,,Rennsteigwerkzeuge,
734942002,"Konenaula 2,9x75",https://tarvike.com/product/konenaula-29x75-145308,https://media.tarvike.com/product/images/145308/original/176800.webp,46.0,Kuumasinkitty 2000kpl ks kampa. Vinolipasnaula.,,Fixit,
7261235002,Rasvaprässin suukappale 1/8 BSPT takaiskuvent,https://tarvike.com/product/rasvaprassin-suukappale-18-bspt-takaiskuvent-151402,https://media.tarvike.com/product/images/151402/original/189684.webp,9.9,Liitäntäkierre R 1/8.,,matO,
5866953002,"Kuppiharja M14 100 mm teräslanka 0,50 mm",https://tarvike.com/product/kuppiharja-m14-100-mm-teraslanka-050-mm-151915,https://media.tarvike.com/product/images/151915/original/189376.webp,42.9,Aallotetut teräsharjakset. Ruosteen- ja maalinpoistoon.,,Osborn,
5718144002,Pakkausteippi PE 4668 33 m / 50 mm Tesa,https://tarvike.com/product/pakkausteippi-pe-4668-33-m-50-mm-tesa-155202,https://media.tarvike.com/product/images/155202/original/188785.webp,14.55,Koko 50 mm x 33 m.,,Tesa,
5718131002,Jännitetesteri 3-48V,https://tarvike.com/product/jannitetesteri-3-48v-150494,https://media.tarvike.com/product/images/150494/original/189167.webp,9.99,"Soveltuu ainoastaan 3 - 48 V tasavirtajärjestelmien testaukseen. Kaksi LED valoa, jotka ilmaisevat jännitteisen virtapiirin ja +/- napaiduuden.",,CRX,
5717745002,Airam 2-OS. Haaroitin Y-Malli Musta IP44,https://tarvike.com/product/airam-2-os-haaroitin-y-malli-musta-ip44-166895,https://media.tarvike.com/product/images/166895/original/189059.jpeg,7.8,"IP44-luokan haaroittimilla saat tuplattua pistokepaikkojen määrän sekä sisä-, että ulkotiloissa. Ulkokäyttöön tarkoitettu haaroitin on varustettu läppäkansilla ja on roiskevesitiivis. Y-malli tarjoaa riittävästi tilaa isommillekin muuntajille tai pistokkeille, esim. ajastimille.",,Airam,
5717743002,"Airam 3-OS.+2USB Jatkojohto+Kytkin 1,5",https://tarvike.com/product/airam-3-os2usb-jatkojohtokytkin-15-166893,https://media.tarvike.com/product/images/166893/original/189060.jpg,22.3,"3-osainen jatkojohto, jossa on/off-kytkin ja kaksi USB-A-porttia, maks. 2,1 A. Valitse jatkojohto litteällä pistotulpalla silloin, kun pistorasia jäisi ison huonekalun, kuten sohvan tai kaapin, taakse. Litteä pistotulpan pää ei vie paljoa tilaa. Saat sijoitettua huonekalut seinän viereen, ja pääset silti hyödyntämään piiloon jäävää pistorasiaa!",,Airam,
5171664002,Kuumaliimapuikko 7mm/100mm 12 kpl,https://tarvike.com/product/kuumaliimapuikko-7mm100mm-12-kpl-149226,https://media.tarvike.com/product/images/149226/original/188314.webp,4.99,"Koko 7 x 100 mm, 12kpl/pakkaus.",,CRX,
5018078002,Naulakiinnike,https://tarvike.com/product/naulakiinnike-8-12mm-100kpl-39014,https://media.tarvike.com/product/images/39014/original/188184.webp,4.6,"Materiaali iskunkestävä polypropeeni (PP), halogeeniton ja UV-suojattu.",,EGANT,
5017908002,"Naula T Sähkös 2,2X50 1000Kpl",https://tarvike.com/product/naula-t-sahkos-22x50-1000kpl-155807,https://media.tarvike.com/product/images/155807/original/188116.webp,18.9,,,IKH,
4963974000,Honda EU30is generaattori,https://tarvike.com/product/honda-eu30is-generaattori-103066,https://media.tarvike.com/product/images/103066/original/144304.jpg,2890.0,"Hondan invertteritekniikka, jonka poikkeuksellisen pieni taajuuden ja ja jännitteen vaihtelu (+/- 1%) antaa mahdollisuuden erityisen herkkien sähkölaitteiden, kuten television ja tietokoneen käyttöön.",,Honda,
4934644000,Husqvarna Tacti-Cut S35S BAT 250- 25.4,https://tarvike.com/product/husqvarna-tacti-cut-s35s-bat-250-254-126452,https://media.tarvike.com/product/images/126452/original/160634.webp,166.29,"Tacti-Cut™ S35S BAT -katkaisulaikka on suunniteltu erityisesti akkukäyttöisen K 540i -laikkaleikkurin tehoa ja kierrosnopeutta silmällä pitäen, ja siinä on ainutlaatuinen, laajennettu ulkohalkaisija, joka lisää leikkaussyvyyttä jopa 100 mm. Se sopii satunnaisille käyttäjille sekä alkuleikkaustöihin, ja siinä on älykkäät ilmaisimet ja hiljainen ydin. Laikka tarjoaa kilpailukykyisen hinnan suhteessa sen erinomaiseen suorituskykyyn.",,Husqvarna,
4871746002,"Lattaliitin ""lippu"", Sininen,10-kpl",https://tarvike.com/product/lattaliitin-lippu-sininen10-kpl-156674,https://media.tarvike.com/product/images/156674/original/188005.jpg,2.3,"6.3mm eristetty, naaras, sininen, Blister, Pakkauksessa 10 kpl.",,AUTOLINE,
4871724002,"Häiriönpoistaja, Deutsch",https://tarvike.com/product/hairionpoistaja-deutsch-156710,https://media.tarvike.com/product/images/156710/original/187956.jpg,21.5,Työ- ja ajovaloille. Deutsch pistokkeilla.,,Startax,
4579754000,"Hiontaliuska 93 x 185mm G80, tarra",https://tarvike.com/product/hiontaliuska-93-x-185mm-g80-tarra-106303,https://media.tarvike.com/product/images/106303/original/149133.jpg,7.99,Välihiomapaperi pinnoitteiden ja tasoitteiden käsihiontaan8 reikääKoko 93 x 185 mmKarkeus P805kpl/pkt,,IKH,
4578901000,"Hultafors käsisaha 550mm 7/""",https://tarvike.com/product/hultafors-kasisaha-550mm-7-106173,https://media.tarvike.com/product/images/106173/original/148929.jpg,17.5,"Terän pituus 550 mm7 hammasta/tuumaYleissahassa on kumipinnoitettu lasikuituvahvisteinen kahva, jossa on merkitsemistä helpottavat 45° ja 90° kulmatSahanterä on 1 mm paksuista terästä, se lisää vakautta ja tarkkuutta ja vähentää voimia kuluttavaa tärinää2-vaihehionta antaa tehokkuutta ja pidentää käyttöikääTerän kapea kärki helpottaa pääsyä ahtaisiin paikkoihin ja sahauksen aloittamista keskeltä levyäKumipäällysteinen lasikuituvahvisteinen kahvaKestävä perusteränsuoja",,IKH,
4577730002,Adapterisarja 1/4'-1/4'/3/8'/1/2,https://tarvike.com/product/adapterisarja-14-143812-155865,https://media.tarvike.com/product/images/155865/original/187601.webp,7.99,,,IKH,
37451100000,"Robota DC-SRS18V akkupuukkosaha, runko",https://tarvike.com/product/robota-dc-srs18v-akkupuukkosaha-runko-246365,https://media.tarvike.com/product/images/246365/original/214733.webp,79.9,"Robota DC-SRS18V on 18V akkupuukkosaha monipuoliseen sahaamiseen ja purkutöihin. Tämä runkoversio sopii käyttäjälle, joka tarvitsee kätevän ja tehokkaan akkukäyttöisen puukkosahan erilaisiin katkaisu- ja purkutöihin kotona, työmaalla tai remonttikohteessa. Ei sisällä akkua ja laturia",,Robota,
2615557002,Magneettikärki,https://tarvike.com/product/magneettikrki-10mm-45mm-38366,https://media.tarvike.com/product/images/38366/original/180573.jpeg,3.9,"Kuusiomuttereille ja -ruuveille. Vääntiö 1/4"" kuusikulmainen. Ruuvauskärki hylsypäällä.",,IKH,
2615546002,"Ruuvauskärki 4kpl, 25mm",https://tarvike.com/product/ruuvauskarki-4kpl-25mm-pz3-p-38362,https://media.tarvike.com/product/images/38362/original/180572.jpeg,4.4,,,IKH,
2544194002,Sivuleikkurit 155mm,https://tarvike.com/product/sivuleikkurit-155mm-150532,https://media.tarvike.com/product/images/150532/original/194873.webp,23.9,Kahvan muotoilu ja materiaali mahdollistavat hyvän ja lujan työskentelyotteen.,,IKH,
23644670000,Hiomakivi / teroituskivi 200x40x16 mm,https://tarvike.com/product/hiomakivi-teroituskivi-200x40x16-mm-151606,https://media.tarvike.com/product/images/151606/original/195264.webp,8.99,"Viikatteen, sirpin, puukon, kirveen, vesurin yms. teroitukseen.",,MIRKA,
23644665000,Hiomapyörö 5kpl,https://tarvike.com/product/hiomapyoro-125-mm-8r-p60-punainen-5-kpl-41235,https://media.tarvike.com/product/images/41235/original/195260.webp,5.49,,,MIRKA,
20251700001,"Konenaula 3,1x90 34ast 2000kpl ks kampa",https://tarvike.com/product/konenaula-31x90-34ast-2000kpl-ks-kampa-150977,https://media.tarvike.com/product/images/150977/original/194639.webp,58.0,"Vinolipasnaula, kuumasinkitty.",,Fixit,
20251699001,"Konenaula 2,9x64 34ast 2000kpl ks kampa",https://tarvike.com/product/konenaula-29x64-34ast-2000kpl-ks-kampa-150976,https://media.tarvike.com/product/images/150976/original/194639.webp,42.0,"Vinolipasnaula, Kuumasinkitty.",,Fixit,
20251698001,"Konenaula 2,9x50 34ast 2000kpl ks kampa",https://tarvike.com/product/konenaula-29x50-34ast-2000kpl-ks-kampa-150975,https://media.tarvike.com/product/images/150975/original/194639.webp,35.0,"Vinolipasnaula, kuumasinkitty.",,Fixit,
20216433000,Lattiaharjasetti,https://tarvike.com/product/lattiaharjasetti-155628,https://media.tarvike.com/product/images/155628/original/188631.webp,16.5,Sinin rikkalapio ja harja,,Sini,
19768244002,Robota ESP2L akkuruiskupullo 2l,https://tarvike.com/product/robota-esp2l-akkuruiskupullo-2l-246344,https://media.tarvike.com/product/images/246344/original/214650.webp,19.9,Kätevä akkutoiminen 2 litran ruiskupullo. Pullossa USB-C liitäntä jonka avulla pullon akku ladataan.,,Robota,
19767787000,Varaterät 9mm Katkoteräveitselle 10kpl,https://tarvike.com/product/varaterat-9mm-katkoteraveitselle-10kpl-154887,https://media.tarvike.com/product/images/154887/original/192912.webp,4.4,,,Tajima,
19651167001,Monitoimileikkurin terä 50X35 Puu CV Starlock,https://tarvike.com/product/monitoimileikkurin-tera-50x35-puu-cv-starlock-151649,https://media.tarvike.com/product/images/151649/original/194395.webp,17.5,,,MPS,
19651160001,Pistosahanterä 75mm BIM 8TPI 3118F Multi 5kpl,https://tarvike.com/product/pistosahantera-75mm-bim-8tpi-3118f-multi-5kpl-151645,https://media.tarvike.com/product/images/151645/original/194390.webp,13.5,,,MPS,
19577883001,Holkki Liukulaakereillle 50/70X50mm Hitsattava,https://tarvike.com/product/holkki-liukulaakereillle-5070x50mm-hitsattava-151193,https://media.tarvike.com/product/images/151193/original/194260.webp,27.0,"Hitsattavat holkit esim. kone- ja laiterakennukseen. Hitsataan osaan, jossa tappi pyörii sisällä, sisäreikä sorvattu liukulaakerien mitoille.",,IKH,
19159354001,Robota DC-QT18V iskevä akkuruuvinväännin runko,https://tarvike.com/product/robota-dc-qt18v-iskeva-akkuruuvinvaannin-runko-246355,https://media.tarvike.com/product/images/246355/original/214505.webp,69.9,"Kompakti mutta tehokas 18V iskevä ruuvinväännin, joka soveltuu niin ammattilaiselle kuin vaativalle harrastajalle. Sen vaikuttava 210 Nm maksimivääntö ja jopa 4000 iskua minuutissa takaavat suorituskyvyn, jolla selätät tiukimmatkin ruuvit. Ei sisällä akkua ja laturia",,Robota,
19159351001,Robota DC-JP18V akkupistosaha runko,https://tarvike.com/product/robota-dc-jp18v-akkupistosaha-runko-246354,https://media.tarvike.com/product/images/246354/original/214514.webp,79.9,"Robota DC-JP18V akku pistosaha on tehokkaampi versio pikkuveljestään DC-J18V akkupistosahasta. Tällä pistosahalla sahaat puuta, muovia tai metallia, kun terä on vain oikea. Pistosahan iskun pituus on 25,4 mm ja terän nopeus on säädettävä 0 - 3200 rpm väliltä.Pistosahan kapasiteetti puulle on 135 mm, teräkselle 10 mm ja alumiinille 20 mm. Ei sisällä akkua ja laturia",,Robota,
19159347001,Robota DC-IS18V iskevä akkuruuvinväännin runko,https://tarvike.com/product/robota-dc-is18v-iskeva-akkuruuvinvaannin-runko-246345,https://media.tarvike.com/product/images/246345/original/214500.webp,49.9,"Akkukäyttöinen iskevä ruuvinväännin. Koneeseen käy yleisimmät 1/4” kärjet. Koneen jännite: 18 V, akun koko min. 2.0Ah. Vääntö: 280 N.m, iskujen määrä: -4500bpm. Ei sisällä akkua ja laturia",,Robota,
19150513002,Husqvarna Vari-Cut S35 400MM 12 25.4/20,https://tarvike.com/product/husqvarna-vari-cut-s35-400mm-12-25420-126450,https://media.tarvike.com/product/images/126450/original/160633.webp,396.2,Hopea-sarjaan kuuluva Vari-Cut S35 -laikka on suunniteltu kovien materiaalien ja raudoitetun betonin vaivattomaan ja tehokkaaseen leikkaamiseen. Terässä on pienempi sivukitka ja tärinä sekä tehokas lietteenpoisto.,,Husqvarna,
19006113001,Robota DC-CDX 18V akkuporakone 10mm runko,https://tarvike.com/product/robota-dc-cdx-18v-akkuporakone-10mm-runko-246366,https://media.tarvike.com/product/images/246366/original/214398.webp,29.9,Robota DC-CDX 18V on kompakti ja monipuolinen akkuporakone poraukseen ja ruuvaukseen. 10 mm istukka sopii yleisimpiin poranteriin ja ruuvauskärkiin. Toimitetaan runkoversiona ilman akkua ja laturia. Ei sisällä akkua ja laturia,,Robota,
18748112002,Kemper Kaasupoltin MINI + 3X 660ML Kaasusäiliö,https://tarvike.com/product/kemper-kaasupoltin-mini-3x-660ml-kaasusailio-106187,https://media.tarvike.com/product/images/106187/original/148955.jpg,38.9,"Kierre 7/16""Sisältää 3 kpl kaasusäiliöitä 336 gPropaanibutaani seos 35 % 65 %Liekin lämpötila max. 1800 °CEN417:n mukainen säiliö",,Kemper,
1770794000,"Jatkojohto kumi 3-os 20m, 230V 2,5X3H07RN",https://tarvike.com/product/jatkojohto-kumi-3-os-20m-230v-25x3h07rn-145320,https://media.tarvike.com/product/images/145320/original/176813.webp,76.9,"Kumikaapeli 20 m, H07RN-F 3x2,5 mm². 3 x 230 v pistorasia.",,CRX,
1770766000,"Konenaula 3,1x90",https://tarvike.com/product/konenaula-31x90-145309,https://media.tarvike.com/product/images/145309/original/176801.webp,55.9,Kuumasinkitty sileä 2000kpl vinolipasnaula.,,Fixit,
17369672001,"Husqvarna 40-C80 Akkulaturi, 80 W",https://tarvike.com/product/husqvarna-40-c80-akkulaturi-80-w-105142,https://media.tarvike.com/product/images/105142/original/159689.png,62.9,Husqvarna 40-C80 on pienikokoinen yksipaikkainen pöytälaturi satunnaiseen käyttöön. Tarjoaa turvallisen ja tehokkaan latauksen Husqvarnan akuille.,,Husqvarna,
17369585001,"CRX Caravan-adapteri 0,4 2,5 x 3H07RN-F",https://tarvike.com/product/crx-caravan-adapteri-04-25-x-3h07rn-f-106082,https://media.tarvike.com/product/images/106082/original/148812.jpg,6.99,"Adapteri 230 V Schuko pistorasian muuntamiseksi kolminapaiseksi 230 V CEE 16A pistorasiaksiKumikaapeli H07RN-F 3x2,5 mm²Pituus 0,4 mSuojausluokka IP44",,CRX,
16972579001,Korjaussarja Tubeless,https://tarvike.com/product/korjaussarja-tubeless-106588,https://media.tarvike.com/product/images/106588/original/149603.jpg,15.0,Sisältö:KierretyökaluSilmukkaneulaVeitsi3 kpl 100 mm ja 5 kpl 150 mm karvapaikkojaLiima,,IKH,
16972489001,Hiomanauha 13 x 457mm G80,https://tarvike.com/product/hiomanauha-13-x-457mm-g80-106330,https://media.tarvike.com/product/images/106330/original/149192.jpg,6.1,Karkeus P80Koko 13 x 457 mmLaatu Hiolit XO,,IKH,
16971833001,"Kemper Retkikaasu 460G 7/16"" Venttiili",https://tarvike.com/product/kemper-retkikaasu-460g-716-venttiili-106193,https://media.tarvike.com/product/images/106193/original/148961.jpg,15.0,"Kierreventtiili (kierre 7/16"")Propaani/butaani seos 30 % / 70 %Alin käyttölämpötila -15°CEN417:n mukainen säiliöNettopaino 460 g",,Kemper,
16371548000,"Opaste 400x100 Kaasupullot, muovi",https://tarvike.com/product/opaste-400x100-kaasupullot-muovi-155189,https://media.tarvike.com/product/images/155189/original/191161.webp,9.0,"Paloturvallisuusopaste/-kyltti ""KAASUPULLOT"".",,IKH,
16371545000,Opaste Pysäköinti kielletty 200x300 muovi,https://tarvike.com/product/opaste-pysakointi-kielletty-200x300-muovi-155196,https://media.tarvike.com/product/images/155196/original/191149.webp,5.99,Koko 200 x 300 mm.,,IKH,
16371544000,Opaste Sammutin 100x100 tarra,https://tarvike.com/product/opaste-sammutin-100x100-tarra-155195,https://media.tarvike.com/product/images/155195/original/191150.webp,4.4,Koko 100 x 100 mm.,,IKH,
14845132001,"Rasvanippa 45astetta / 10mmX1,0mm",https://tarvike.com/product/rasvanippa-45astetta-10mmx10mm-155879,https://media.tarvike.com/product/images/155879/original/205820.jpg,6.5,"Rasvanippa 45astetta / 10mmX1,0mm,",,IKH,
14608200001,Yhden käden puristin/levitin 150 mm,https://tarvike.com/product/yhden-kaden-puristinlevitin-150-mm-150505,https://media.tarvike.com/product/images/150505/original/191400.webp,21.9,Voidaan helposti vaihtaa puristimesta levittimeksi.,,IKH,
14527258001,Rasvaprässin letku jousella 450mm,https://tarvike.com/product/rasvaprassin-letku-jousella-450mm-153536,https://media.tarvike.com/product/images/153536/original/191233.webp,8.2,Letkun pituus 450 mm.,,GROZ,
14359492000,Harjasarja porakoneeseen,https://tarvike.com/product/harjasarja-porakoneeseen-14-hex-4-osainen-pehmea-39162,https://media.tarvike.com/product/images/39162/original/188409.webp,9.99,4-osainen harjasarja.,,Fixit,
14310618001,LED Työvalo 1000 LM 10W Ladattava,https://tarvike.com/product/led-tyovalo-1000-lm-10w-ladattava-149245,https://media.tarvike.com/product/images/149245/original/181624.webp,46.0,"Ladattava, akkukäyttöinen LED-työmaavalaisin",,CRX,
14310616001,"Jatkojohto Kumi 2-OS 230V 15M 1,5X3H07RN-F",https://tarvike.com/product/jatkojohto-kumi-2-os-230v-15m-15x3h07rn-f-149236,https://media.tarvike.com/product/images/149236/original/187386.webp,37.9,,,CRX,
14136073000,Ledlenser H7R Otsalamppu,https://tarvike.com/product/ledlenser-h7r-otsalamppu-167124,https://media.tarvike.com/product/images/167124/original/189326.png,119.0,"H7R Core on monipuolinen asiantuntija otsalamppujen joukossa - tehokas, kestävä ja portaattomasti himmennettävä. Ledlenserin patentoidun³ Advanced Focus System -järjestelmän avulla voit helposti vaihtaa valon laajasta valonsäteestä terävästi fokusoituun kaukovaloon. 130 astetta kääntyvä valaisinpää, nopea magneettilataus ja äärimmäinen pöly- ja vesisuojaus tekevät H7R Core -valaisimesta luotettavan monikäyttöisen kannettavan valaisimen.",,Ledlenser,
12828208000,LED merkkivalo,https://tarvike.com/product/led-merkkivalo-156868,https://media.tarvike.com/product/images/156868/original/187704.jpg,4.2,Laattaliitimet. 2x6.3mm liitin. 17mm.,,Startax,
12828137000,"Voimahylsy 3/4""",https://tarvike.com/product/voimahylsy-34-26mm-38837,https://media.tarvike.com/product/images/38837/original/180831.webp,9.49,"DIN 3129 -kromimolybdeeniterästä Avainkoko 26 mm Työkalukiinnitys 3/4"" SQ",,IKH,
11943104002,Meganex Kiintolenkkiavainsarja 11-osainen,https://tarvike.com/product/meganex-kiintolenkkiavainsarja-11-osainen-213096,https://media.tarvike.com/product/images/213096/original/204874.webp,21.0,Kiintolenkkiavainsarja 11 osaa.,,Meganex,
11858258002,Katkoterät 18mm 10pl RAZAR BLACK LCB-50RB,https://tarvike.com/product/katkoterat-18mm-10pl-razar-black-lcb-50rb-154892,https://media.tarvike.com/product/images/154892/original/192799.webp,6.85,Korkealaatuinen katkoterä tarkkaan leikkaukseen,,Tajima,
11548041000,Kiviporanterä Long life,https://tarvike.com/product/kiviporantera-5x85mm-long-life-38457,https://media.tarvike.com/product/images/38457/original/180665.webp,1.99,"Long Life-tyypin kiviporanterät, koneistetut urat",,Alpen,
10897753001,Vannesahanterä MET,https://tarvike.com/product/vannesahantera-met-156091,https://media.tarvike.com/product/images/156091/original/180510.jpeg,66.0,"1638X13X0,65 Z10/14.",,IKH,
10897751001,Vannesahanterä Suomi,https://tarvike.com/product/vannesahantera-suomi-156085,https://media.tarvike.com/product/images/156085/original/180515.jpeg,35.0,2240x12.,,WOODTEC,
10897670001,"Halogenpolttimo, Autoline 12V H5",https://tarvike.com/product/halogenpolttimo-autoline-12v-h5-156631,https://media.tarvike.com/product/images/156631/original/188070.jpg,6.3,(H4) P45T. 60/55W.,,AUTOLINE,
10711904000,"Rasvanippa Suora 8MMX1,0MM 10KPL",https://tarvike.com/product/rasvanippa-suora-8mmx10mm-10kpl-155876,https://media.tarvike.com/product/images/155876/original/180742.webp,4.8,,,,
10711903000,Rasvaprässin neulasuutin,https://tarvike.com/product/rasvaprassin-neulasuutin-145292,https://media.tarvike.com/product/images/145292/original/176773.webp,15.9,"Neulan pituus 40mm, neulan Ø 1,8 mm.",,matO,
10529049001,Viila litteä,https://tarvike.com/product/viila-littea-250mm-38824,https://media.tarvike.com/product/images/38824/original/187586.webp,4.99,250 x 24 x 5 mm muovikumikahva,,Fixit,
10529043001,Monitoimileikkurin Terä 87MM CRV Pika,https://tarvike.com/product/monitoimileikkurin-tera-87mm-crv-pika-155918,https://media.tarvike.com/product/images/155918/original/187395.webp,4.99,"Erittäin monikäyttöinen terä HSS-karkaistujen hampaiden ansiosta. Käyttökohde: puu, liimalevy, lastulevy, muovit.",,Fixit,
10245141000,Mutteri Vasen kierre M10,https://tarvike.com/product/mutteri-vasen-kierre-m10-156053,https://media.tarvike.com/product/images/156053/original/180557.jpeg,6.1,,,IKH,
8374335002,Puupora 250mm Vetävä kärki,https://tarvike.com/product/puupora-18x250mm-vetava-karki-39851,https://media.tarvike.com/product/placeholders/productImageComingSoong.jpg,5.99,,,IKH,
2615663002,Reikäsahan adapteri,https://tarvike.com/product/reikasahan-adapteri-32-210mm-38400,https://media.tarvike.com/product/images/38400/original/180642.webp,8.99,,,IKH,
11197771001,Kutistesukka liimalla,https://tarvike.com/product/kutistesukka-liimalla-95-mm-122-m-musta-39223,https://media.tarvike.com/product/images/39223/original/188613.webp,9.0,,,IKH,
760483001,Sno-X Ulosvetäjä Yleismalli,https://tarvike.com/product/sno-x-ulosvetaja-yleismalli-131569,https://media.tarvike.com/product/images/131569/original/170591.jpg,68.0,Ulkohalkaisija 76mm. Sopii useimppiin koneisiin. Sisältää 3x M6 / 3xM8 Ura 25mm,,Sno-X,
18750875002,Sno-X Ulosvetäjä Arctic Cat/Yamaha,https://tarvike.com/product/sno-x-ulosvetaja-arctic-catyamaha-109177,https://media.tarvike.com/product/images/109177/original/152769.jpg,36.5,• OEM: - • Info: 14mm x 1.5 x 281mm,,Sno-X,
18750687002,"Ulosvetäjä 27mm x 1,0/24mm x 1,0",https://tarvike.com/product/ulosvetaja-27mm-x-1024mm-x-10-108989,https://media.tarvike.com/product/images/108989/original/152627.jpg,17.2,"Buzzetti ulosvetäjä sopii seuraaviin malleihin KTM 2t 125/144/150/200/250/300 Magneeton ulosvetäjä 2-päinen 27x1,0 (vasen kierre) / 24x1,0 (oikea kierre)",,Scorpion,
18750685002,Ulosvetäjä 27 x 1mm Vas.,https://tarvike.com/product/ulosvetaja-27-x-1mm-vas-108987,https://media.tarvike.com/product/images/108987/original/152612.jpg,15.2,"Buzzetti ulosvetäjä sopii seuraaviin malleihin Suzuki PV50 / 50-125cc Crossit ja mopotkoko: 27mm x 1mm, kierre vasen kätinen",,Scorpion,
1772933000,Sno-X Variaattori työkalu C-Clamp,https://tarvike.com/product/sno-x-variaattori-tyokalu-c-clamp-131599,https://media.tarvike.com/product/images/131599/original/170595.jpg,6.1,"Pidikkeet, kaikkiin kykimiin",,Sno-X,
1772932000,"Sno-X Hihnatyökalu, Polaris",https://tarvike.com/product/sno-x-hihnatyokalu-polaris-131598,https://media.tarvike.com/product/images/131598/original/170612.jpg,39.5,,,Sno-X,
1772202000,"Motobatt akku, MBTX16U",https://tarvike.com/product/motobatt-akku-mbtx16u-129350,https://media.tarvike.com/product/images/129350/original/172348.png,130.0,"Tehdasaktivoitu, ei happoa täytettäväksi, vain tarkista lataus ja mene!12 kuukauden vaihtotakuuReplaces:Yuasa YTX16BS, YTX16BS1, YTX20ABS, YTX20CHBS",,Motobatt,
1772192000,"Yuasa akku, YTX20H-BS (cp)",https://tarvike.com/product/yuasa-akku-ytx20h-bs-cp-129340,https://media.tarvike.com/product/images/129340/original/172291.png,208.5,"Jos suuri teho on tärkein prioriteetti vaihto-akussa, valitse Yuasa High Performance Maintenance Free -akut. Yuasa tarkoittaa enemmän tehoa, vähemmän huoltoa ja pidempää käyttöikää. Yuasa High Performance Maintenance Free -akut ovat paras valinta moottoripyöriin, hyötyajoneuvoihin, skoottereihin, mönkijöihin, ajoleikkureihin, vesiskoottereihin ja...",,Yuasa,
1772181000,"Yuasa akku, YTX20-BS (cp) Happopatruuna mukana (3)",https://tarvike.com/product/yuasa-akku-ytx20-bs-cp-happopatruuna-mukana-3-129328,https://media.tarvike.com/product/images/129328/original/172316.png,160.0,"VRLA (Valve Regulated Lead Acid) tarkoittaa akkua, joka on täydellinen ihmisille, joilla on parempaa tekemistä kuin akkujen huolto! Pysyvästi suljettu VRLA-akku ei tarvitse koskaan täyttöä, mutta se tarvitsee kuitenkin säännöllisen latauksen. Ihanteellinen moottoripyöriin, skoottereihin, mönkijöihin, ajoleikkureihin ja vesiskoottereihin.",,Yuasa,
1772179000,"Yuasa akku, YTX7L-BS (cp) Happopatruuna mukana (5)",https://tarvike.com/product/yuasa-akku-ytx7l-bs-cp-happopatruuna-mukana-5-129326,https://media.tarvike.com/product/images/129326/original/172475.png,58.0,"VRLA (Valve Regulated Lead Acid) tarkoittaa akkua, joka on täydellinen ihmisille, joilla on parempaa tekemistä kuin akkujen huolto! Pysyvästi suljettu VRLA-akku ei tarvitse koskaan täyttöä, mutta se tarvitsee kuitenkin säännöllisen latauksen. Ihanteellinen moottoripyöriin, skoottereihin, mönkijöihin, ajoleikkureihin ja vesiskoottereihin.",,,
1772173000,"Yuasa akku, YB14A-A2 (cp) Happopatruuna mukana (4)",https://tarvike.com/product/yuasa-akku-yb14a-a2-cp-happopatruuna-mukana-4-129319,https://media.tarvike.com/product/images/129319/original/172384.png,106.0,"Vesiskootterit, moottorikelkat ja mönkijät asettavat erityisvaatimuksia - ja YUASAn YuMicron-akku vastaa niihin. Huipputekninen, tehoa lisäävä rakenne tekee YuMicronista ihanteellisen myös lisävarusteilla varustetuille matkapyörille ja muunnetuille ajoneuvoille.",,Yuasa,
1772161000,BS akku BTX16H (FA) SLA MAX - Sealed & Activated,https://tarvike.com/product/bs-akku-btx16h-fa-sla-max-sealed-activated-132125,https://media.tarvike.com/product/images/132125/original/172345.png,139.9,"BTX16H-akku kuuluu SLA Max-mallistoon. Tämä 12V 16Ah akku on suunniteltu äärimmäisiin olosuhteisiin, ja tarjoaa maksimaalisen suorituskyvyn moottoripyörille ja ATV/UTV:lle.Käyttövalmis, 100 % huoltovapaa ja vuotamaton. Tarjoaa lisää tehoa, ylivoimaista kapasiteettia ja maksimaalista luotettavuutta.AGM-rakenneVRLA-akkuTehtaalla suljettu ja aktivoituEi...",,,
1772159000,BS akku 12N5.5-4A/4B (FA) SLA - Sealed & Activated,https://tarvike.com/product/bs-akku-12n55-4a4b-fa-sla-sealed-activated-132123,https://media.tarvike.com/product/images/132123/original/172482.png,53.9,"12N5.5-4A/4B-akku kuuluu SLA-mallistoon. Tämä 12V 5,8Ah akku on käyttövalmis, 100 % huoltovapaa ja vuotamaton.Erittäin helppo asentaa ja kuljettaa.Tarjoaa enemmän tehoa, pidemmän käyttöiän ja maksimaalisen luotettavuuden kaikkiin moottoriurheiluajoneuvoihin, jotka vaativat suurta suorituskykyä.AGM-rakenneVRLA-akkuTehtaalla suljettu ja aktivoituEi hapon...",,,
1772155000,BS akku BTZ12S (FA) SLA - Sealed & Activated,https://tarvike.com/product/bs-akku-btz12s-fa-sla-sealed-activated-132119,https://media.tarvike.com/product/images/132119/original/172362.png,115.9,"BTZ12S-akku kuuluu SLA-mallistoon. Tämä 12V 11,6Ah akku on käyttövalmis, 100 % huoltovapaa ja vuotamaton.Erittäin helppo asentaa ja kuljettaa.Tarjoaa enemmän tehoa, pidemmän käyttöiän ja maksimaalisen luotettavuuden kaikkiin moottoriurheiluajoneuvoihin, jotka vaativat suurta suorituskykyä.AGM-rakenneVRLA-akkuTehtaalla suljettu ja aktivoituEi hapon...",,,
1772148000,BS akku BTX16-BS-1 MF (cp) Maintenance Free,https://tarvike.com/product/bs-akku-btx16-bs-1-mf-cp-maintenance-free-132112,https://media.tarvike.com/product/images/132112/original/172365.png,114.9,MF Maintenance Free akuissa on VRLA (Valve Regulated Lead Acid) jonka ansiosta ovat lähes huoltovapaita eikä esim. Akkuvettä tarvitse koskaan lisätä. Akkujen mukana toimitetaan happopatruuna jolla akku aktivoidaan ennen ensimmäistä käyttökertaa.,,,
1772142000,BS akku BTX20L-BS MF (cp) Maintenance Free,https://tarvike.com/product/bs-akku-btx20l-bs-mf-cp-maintenance-free-132106,https://media.tarvike.com/product/images/132106/original/172352.png,139.9,MF Maintenance Free akuissa on VRLA (Valve Regulated Lead Acid) jonka ansiosta ovat lähes huoltovapaita eikä esim. Akkuvettä tarvitse koskaan lisätä. Akkujen mukana toimitetaan happopatruuna jolla akku aktivoidaan ennen ensimmäistä käyttökertaa.,,,
1772135000,"Motobatt akku, MBTX30U",https://tarvike.com/product/motobatt-akku-mbtx30u-129355,https://media.tarvike.com/product/images/129355/original/172281.png,205.0,"Tehdasaktivoitu, ei happoa täytettäväksi, vain tarkista lataus ja mene!12 kuukauden vaihtotakuueplaces: Yuasa Y60N24A, Y60N24ALB, Y60N24LA, Y60N24LA2, 12N24-3, 12N24-3A, 12N24-4, 12N24-4A, YIX30, YIX30L, YIX30L-PW, YIX30L-BS, YIX30L-BS-PW, YB30LB, YB30CLB, Y60N30LA, Y60N30LB, GYZ32HL, 52515, 53030DYNAVOLT: GHD32HL-BSDEKA ETX30L, ETX30LA, ETX30ODYSSEY...",,Motobatt,
1772133000,"Motobatt akku, MB18U",https://tarvike.com/product/motobatt-akku-mb18u-129353,https://media.tarvike.com/product/images/129353/original/172332.png,149.0,"Tehdasaktivoitu, ei happoa täytettäväksi, vain tarkista lataus ja mene!12 kuukauden vaihtotakuuReplaces: Yuasa 51815, YB18A, YB18LA, YB18LA2",,Motobatt,
17369684001,CTEK MXS 7.0 EU akkulaturi,https://tarvike.com/product/ctek-mxs-70-eu-akkulaturi-105154,https://media.tarvike.com/product/images/105154/original/147879.jpg,185.9,"Suurempien auto- ja ajoneuvoakkujen virransyöttötoiminto Parempaa akun suorituskykyä MXS 7.0 sopii täydellisesti lataamaan suurempia akkuja, joita käytetään matkailuautoissa, veneissä, asuntovaunuissa ja autoissa. MXS 7.0 on täysin automaattinen 8-vaiheinen laturi, joka tuottaa 12 V:n akuille 7 ampeerin virtaa latauskapasiteetilla 14150 Ah ja ylläpitolatauksen maksimikapasiteetilla 225 Ah. Sen ominaisuuksiin kuuluvat akun diagnosointitoiminto, joka selvittää, pystyykö akku vastaanottamaan ja säilyttämään varauksen, erityinen elvytystila happokerrostumista kärsivien ja syväpurkautuneiden akkujen palautukseen ja kunnostukseen, talviohjelma lataukseen kylmällä säällä sekä AGM-akun toiminto. MXS 7.0 -laturia voidaan käyttää myös virtalähteenä 12 V:n laitteilla 7 ampeeriin saakka. -Täysin automaattinen \kytke ja lataa\ -lataus - AGM-, vakio- ja elvytysohjelmat -Lataa akkuja kapasiteetiltaan enintään 150 Ah -Virtalähde 12 V:n laitteille 7 ampeeriin saakka -Viiden vuoden takuu",,Ctek,
17369676001,"CTEK XS 0.8 akkulaturi, EU-pistoke",https://tarvike.com/product/ctek-xs-08-akkulaturi-eu-pistoke-105146,https://media.tarvike.com/product/images/105146/original/147892.jpg,69.0,"Kompakti, tehokas 12 V:n lataus Täysin automaattinen, 6-vaiheinen \kytke ja lataa\ -lataus Patentoitu ylläpitolataus pidemmän käyttöiän saavuttamiseksi Lataa 12 V:n akkuja joiden kapasiteetti on 1,2-32 Ah Patentoitu sulfaatinpoistotoiminto Viiden vuoden takuu",,Ctek,
17369559001,NGK tulpanhattu XD05F,https://tarvike.com/product/ngk-tulpanhattu-xd05f-105279,https://media.tarvike.com/product/images/105279/original/148069.jpg,7.2,102°\t10/12 mm:lle pikku nippa,,NGK,
788864001,"Sivuseisontatuki, Tripod, Motocross",https://tarvike.com/product/sivuseisontatuki-tripod-motocross-129063,https://media.tarvike.com/product/images/129063/original/168928.jpg,15.1,"1. Ø 18mm / Ø 11mm 2. , L. 14,5mm (7,2mm)",,,
760492001,Sno-X Ulosvetäja Polaris,https://tarvike.com/product/sno-x-ulosvetaja-polaris-131603,https://media.tarvike.com/product/images/131603/original/170614.jpg,58.7,"• Oem# 2871855 • Hinta: 44,00",,Sno-X,
760482001,"Forte Magneeton Ulosvetäjä, Ulko M27 x L1.00 Vasen, Suzuki PV50 / Honda Monkey",https://tarvike.com/product/forte-magneeton-ulosvetaja-ulko-m27-x-l100-vasen-suzuki-pv50-honda-monkey-129049,https://media.tarvike.com/product/images/129049/original/168925.jpg,10.1,"Magneeton Ulosvetäjä. Mitat: M27x1mm. Sopivuus: Suzuki PV-50. Honda Monkey. KTM 125-250 2-tahti. FORTE tarjoaa kattavan valikoiman varaosia- ja tarvikkeita mopoihin ja scoottereihin. Monesti nämä osat tulevat samoilta tehtailta kuin alkuperäisosatkin, ainoa ero monesti onkin hinta.",,,
18750638002,"Ulosvetäjä 19mm x 1/ 22 x 1,5 (AM6/Senda)",https://tarvike.com/product/ulosvetaja-19mm-x-1-22-x-15-am6senda-108969,https://media.tarvike.com/product/images/108969/original/152582.jpg,19.6,"Buzzetti ulosvetäjä sopii seuraaviin malleihin AM6/Sendakoko: 19mm x 1/ 22 x 1,5",,Scorpion,
1772929000,"Sno-X Ulosvetäjä 9/16""x18nf Arctic Cat",https://tarvike.com/product/sno-x-ulosvetaja-916x18nf-arctic-cat-131577,https://media.tarvike.com/product/images/131577/original/170576.jpg,39.5,"• Oem# 0644-207 • Mitat: 9/16 x 18 nf • Hinta: 26,-",,Sno-X,
1772092000,Tulpanhattu häiriönpoistajalla Forte vs. MERIT,https://tarvike.com/product/tulpanhattu-hairionpoistajalla-forte-vs-merit-129296,https://media.tarvike.com/product/images/129296/original/169121.jpg,5.0,- Sopivuus: Tunturi,,Champion,
17369572001,NGK sytytystulppa BPR7EIX,https://tarvike.com/product/ngk-sytytystulppa-bpr7eix-105292,https://media.tarvike.com/product/images/105292/original/148082.jpg,20.0,Varmatoiminen sytytystulppa.,,NGK,
12913816000,Buzzetti Ulosvetäjä,https://tarvike.com/product/buzzetti-ulosvetaja-28mm-x-1mm-sisakierre-38973,https://media.tarvike.com/product/images/38973/original/152580.jpg,25.8,"Buzzetti ulosvetäjä sopii seuraaviin malleihin Honda CR125-250 2-t, TRX250-450 4-t koko: 28mm x 1mm, sisäkierre.",,Scorpion,
9962931001,Merkintäkynäsarja Profi-Marker,https://tarvike.com/product/merkintakynasarja-profi-marker-149055,https://media.tarvike.com/product/images/149055/original/186361.webp,35.8,,,,
9962929001,Kynä Profi Varalyijy 5KPL GRAF.(Harmaa),https://tarvike.com/product/kyna-profi-varalyijy-5kpl-grafharmaa-149053,https://media.tarvike.com/product/images/149053/original/186355.webp,3.49,,,,
9962928001,Jännitteenilmaisin 70-1000V,https://tarvike.com/product/jannitteenilmaisin-70-1000v-148928,https://media.tarvike.com/product/images/148928/original/185948.webp,9.99,"Laitteen avulla voidaan tarkistaa pistorasioiden, valaisinasennusten, katkaisinten, johtojen ja kaapeleiden jännite ja paikallistaa johdoista viallinen kohta",,CRX,
9437103001,Suodatinavain Ketju/Väävtiö,https://tarvike.com/product/suodatinavain-ketjuvaavtio-155776,https://media.tarvike.com/product/images/155776/original/185546.webp,9.99,,,IKH,
8802126001,Pyörä vaunun kiinteä 80MM Musta,https://tarvike.com/product/pyora-vaunun-kiintea-80mm-musta-155771,https://media.tarvike.com/product/images/155771/original/180791.webp,7.49,,,IKH,
8802125001,Pyörä vaunun Käänt. 100MM Musta,https://tarvike.com/product/pyora-vaunun-kaant-100mm-musta-155770,https://media.tarvike.com/product/images/155770/original/180792.webp,5.99,,,IKH,
8802123001,Huonekalupyörä 50MM 4KPL MVI Laippa,https://tarvike.com/product/huonekalupyora-50mm-4kpl-mvi-laippa-155938,https://media.tarvike.com/product/images/155938/original/180786.webp,3.2,,,IKH,
8772995002,Kierreharja 38mm 6mm messinki,https://tarvike.com/product/kierreharja-38mm-6mm-messinki-155165,https://media.tarvike.com/product/images/155165/original/191178.webp,6.49,"Maalin, ruosteen, hitsauksen poistoon sekä metallin puhdistamiseen.",,PG,
8772994002,Kierreharja 20mm 6mm messinki,https://tarvike.com/product/kierreharja-20mm-6mm-messinki-155164,https://media.tarvike.com/product/images/155164/original/191177.webp,4.49,"Maalin, ruosteen, hitsauksen poistoon sekä metallin puhdistamiseen.",,PG,
8772985002,Pyörivä viila / puuraspi 13 × 6 mm puulle,https://tarvike.com/product/pyoriva-viila-puuraspi-13-6-mm-puulle-155157,https://media.tarvike.com/product/images/155157/original/191188.webp,6.99,,,PG,
8772984002,Kuppiharja nylon GR80 50mm 6mm kara,https://tarvike.com/product/kuppiharja-nylon-gr80-50mm-6mm-kara-155167,https://media.tarvike.com/product/images/155167/original/191180.webp,12.5,,,PG,
8772982002,Pyörivä viila / puuraspi 17x6mm puulle,https://tarvike.com/product/pyoriva-viila-puuraspi-17x6mm-puulle-155161,https://media.tarvike.com/product/images/155161/original/191183.webp,6.99,,,PG,
8772981002,Pyörivä viila / puuraspi 17x6mm puulle,https://tarvike.com/product/pyoriva-viila-puuraspi-17x6mm-puulle-155160,https://media.tarvike.com/product/images/155160/original/191184.webp,6.99,,,PG,
8772980002,Pyörivä viila / puuraspi 17 × 6 mm puulle,https://tarvike.com/product/pyoriva-viila-puuraspi-17-6-mm-puulle-155159,https://media.tarvike.com/product/images/155159/original/191185.webp,6.99,,,PG,
8772979002,Pyörivä viila / puuraspi 7-15 × 6 mm puulle,https://tarvike.com/product/pyoriva-viila-puuraspi-7-15-6-mm-puulle-155158,https://media.tarvike.com/product/images/155158/original/191186.webp,6.99,,,PG,
8772276002,"Hylsyteline 1/2""",https://tarvike.com/product/hylsyteline-12-150515,https://media.tarvike.com/product/images/150515/original/191094.webp,15.2,"Teline 1/2"" hylsyille.",,IKH,
8629175001,Kierrekammat,https://tarvike.com/product/kierrekammat-156041,https://media.tarvike.com/product/images/156041/original/180568.jpeg,11.9,M / UN / UNC / UNF,,IKH,
8629161001,Lukkorengas ulkop.,https://tarvike.com/product/lukkorengas-ulkop-156060,https://media.tarvike.com/product/images/156060/original/180543.jpeg,2.5,"40mm- P1,05mm.",,Espina,
8629159001,"Vedon kytkentäsarja, oikea",https://tarvike.com/product/vedon-kytkentasarja-oikea-156063,https://media.tarvike.com/product/images/156063/original/180541.jpg,25.0,750-1060mm.,,Espina,
8629137001,Hooninkivet 2KPL,https://tarvike.com/product/hooninkivet-2kpl-156098,https://media.tarvike.com/product/images/156098/original/180505.jpeg,4.7,(XWS191).,,IKH,
8374307002,RASVAPRÄSSI JA PATRUUNA LUBE-SHUTTLE,https://tarvike.com/product/rasvaprassi-ja-patruuna-lube-shuttle-151396,https://media.tarvike.com/product/images/151396/original/209696.webp,54.0,,,,
8374278002,Ruuvitaltta T30 100mm TORX  S,https://tarvike.com/product/ruuvitaltta-t30-100mm-torx-s-155874,https://media.tarvike.com/product/images/155874/original/187608.webp,3.9,,,IKH,
8374277002,Ruuvitaltta T8 75mm TORX  S,https://tarvike.com/product/ruuvitaltta-t8-75mm-torx-s-155872,https://media.tarvike.com/product/images/155872/original/187608.webp,1.9,,,IKH,
8374261002,Torxavainsarja reikä pitkä 9-os.,https://tarvike.com/product/torxavainsarja-reika-pitka-9-os-150488,https://media.tarvike.com/product/images/150488/original/189360.webp,32.0,Materiaali S2 teräs.,,IKH,
8374254002,Veitsi Sähköasentajalle ELK,https://tarvike.com/product/veitsi-sahkoasentajalle-elk-150377,https://media.tarvike.com/product/images/150377/original/188729.webp,7.4,"Terä 1,5 mm paksua hiiliterästä, karkaistu.",,Hultafors,
8374252002,Sorkkarauta 108 380MM 15',https://tarvike.com/product/sorkkarauta-108-380mm-15-150373,https://media.tarvike.com/product/images/150373/original/188733.webp,21.5,"Karkaistua terästä, Pituus 380mm.",,Hultafors,
8366218002,Gardena Työkaluteline,https://tarvike.com/product/gardena-tyokaluteline-169167,https://media.tarvike.com/product/images/169167/original/191031.webp,38.4,"Kun kaikki välineet ovat oikeilla paikoillaan, työstäkin tulee helpompaa. GARDENA-työkaluteline voidaan kiinnittää ruuveilla seinään. Alumiinitelineessä on lasikuidulla vahvistetut muoviset pidikkeet. Luistamattomilla holkeilla varustetut galvanoidut teräsripustimet sopivat halkaisijaltaan 18-40 mm oleville varsille/kahvoille.",,Gardena,
739407002,Maalinsekoitin 80x8x400mm,https://tarvike.com/product/maalinsekoitin-80x8x400mm-145379,https://media.tarvike.com/product/images/145379/original/176912.webp,5.9,"Siivet 80 mm, varsi 8 mm, pituus 400 mm.",,Fixit,
734951002,"Katkaisulaikka 230x2,0",https://tarvike.com/product/katkaisulaikka-230x20-145313,https://media.tarvike.com/product/images/145313/original/176806.webp,22.5,"Mirka katkaisulaikka ruostumattoman teräksen (Inox) ja teräksen eri laatujen katkaisuun, 230x2,0x22,2 inox 5kpl.",,MIRKA,
734566002,Ylläpitolaturi 6/12v 4A,https://tarvike.com/product/yllapitolaturi-612v-4a-145302,https://media.tarvike.com/product/images/145302/original/176789.webp,96.6,Helvi Voyage 4 uuden sukupolven älykäs akkulaturi.,,HELVi,
7261246002,Tynnyripumppu veivattava,https://tarvike.com/product/tynnyripumppu-veivattava-151413,https://media.tarvike.com/product/images/151413/original/189695.webp,98.0,2-kammio. Tuotto 250cm³/kierros.,,matO,
7261245002,Öljynvaihtopuristin 2-toiminen 500cm³,https://tarvike.com/product/oljynvaihtopuristin-2-toiminen-500cm-151412,https://media.tarvike.com/product/images/151412/original/189694.webp,37.0,"Taipuisat imu- ja paineletkut, pituus 500 mm.",,matO,
7261239002,RASVAPRÄSSIN JATKOLETKU 300MM 1/8,https://tarvike.com/product/rasvaprassin-jatkoletku-300mm-18-151406,https://media.tarvike.com/product/images/151406/original/189688.webp,35.0,Sisältää pikaliittimen ja suukappaleen. Pituus 300mm.,,matO,
7261232002,Rasvaprässin putki metallia 180 mm,https://tarvike.com/product/rasvaprassin-putki-metallia-180-mm-151399,https://media.tarvike.com/product/images/151399/original/189681.webp,7.9,Sisältää suukappaleen MA3243821.,,matO,
7261231002,Rasvaprässi yhden käden kumiletkulla,https://tarvike.com/product/rasvaprassi-yhden-kaden-kumiletkulla-151398,https://media.tarvike.com/product/images/151398/original/189679.webp,75.0,Tilavuus 500 cm².,,matO,
7261230002,Rasvaprässi Mato Easylube kumiletkulla,https://tarvike.com/product/rasvaprassi-mato-easylube-kumiletkulla-151397,https://media.tarvike.com/product/images/151397/original/189677.webp,42.0,"Täysteräspuristin, korkealaatuinen sinkkipäällyste.",,matO,
7261223002,"Saumausnaru 3mm, 20m",https://tarvike.com/product/saumausnaru-3mm-20m-151663,https://media.tarvike.com/product/images/151663/original/189674.webp,4.5,"20 m / pakkaus, Ø 3 mm",,Pariere,
708222002,Led ajovalo 155x95mm,https://tarvike.com/product/led-ajovalo-155x95mm-145109,https://media.tarvike.com/product/images/145109/original/176447.webp,105.0,E-hyväksytty LED-ajovalo. Lähivalon teoreettinen valovirta 2400 lm / käytännön 1650 lm.,,CRX,
6716554002,Robota DC-CPS18V akkukiillotuskone runko,https://tarvike.com/product/robota-dc-cps18v-akkukiillotuskone-runko-246846,https://media.tarvike.com/product/images/246846/original/214337.webp,49.9,"Laadukas kiillotuskone Robotan akkutyökalusarjaan. 1 tunnin nopea lataus. Kiillotuskone moneen eri käyttökohteeseen, koneessa mm. 6 tasoinen nopeuden säätö, epäkeskotoiminto. Ei sisällä akkua ja laturia",,Robota,
5866954002,Monitoimileikkurin terä 50×30 puu/met BIM Starlock,https://tarvike.com/product/monitoimileikkurin-tera-5030-puumet-bim-starlock-151653,https://media.tarvike.com/product/images/151653/original/189377.webp,15.9,"Käyttökohde: teräslevy (<2 mm), alumiini, raudattomat metallit (Cu, Ni, Ms, Zn), puu, kipsilevy, muovi, naulainen puu.",,MPS,
5866948002,Hitsausmaski 420 automaatti 9–13,https://tarvike.com/product/hitsausmaski-420-automaatti-913-153071,https://media.tarvike.com/product/images/153071/original/189364.webp,49.95,"420 hitsausmaskia voidaan käyttää kaikentyyppisissä hitsausprosesseissa 5A:sta alkaen (MIG/MAG-elektrodit, TIG/WIG, plasmaleikkaus ja -hitsaus) paitsi laser- ja kaasuhitsauksessa.",,Patron,
5866931002,Merkintäkynä tupella ja teroittimella,https://tarvike.com/product/merkintakyna-tupella-ja-teroittimella-150384,https://media.tarvike.com/product/images/150384/original/189346.webp,11.1,"Ergonominen kynä, josta saa hyvän otteen.",,Hultafors,
5725394000,"Milwaukee M12™ kompakti hiiliharjaton iskevä ruuvinväännin, runko",https://tarvike.com/product/milwaukee-m12-kompakti-hiiliharjaton-iskeva-ruuvinvaannin-runko-127129,https://media.tarvike.com/product/images/127129/original/161947.webp,165.0,"Milwaukee M12 BLIDRC on 12V hiiliharjaton iskevä ruuvinväännin, joka tarjoaa 148 Nm vääntömomentin ja 4 nopeusasetusta kompaktissa 110 mm rungossa.",,Milwaukee Tools,
5719448002,"Hitsauspuikko Kova 3,2 mm 4 kpl",https://tarvike.com/product/hitsauspuikko-kova-32-mm-4-kpl-151473,https://media.tarvike.com/product/images/151473/original/189223.webp,24.0,DIN8555: E10-UM-60-GR.,,StrongLine,
5719447002,"Hitsauspuikko alumiini 2,5 mm 12 kpl",https://tarvike.com/product/hitsauspuikko-alumiini-25-mm-12-kpl-151472,https://media.tarvike.com/product/images/151472/original/189224.webp,21.0,"AWS A5.3: E 4047, DIN 1732: EI AI Si12.",,StrongLine,
5719444002,"Hitsauspuikko 3,25 x 350 mm ESB48 2,5 kg invertteri",https://tarvike.com/product/hitsauspuikko-325-x-350-mm-esb48-25-kg-invertteri-150272,https://media.tarvike.com/product/images/150272/original/189227.webp,14.9,Magmaweld ESB 48 on emäspäällysteinen hitsauspuikko rakenneteräksille.,,Magmaweld,
5719443002,"Hitsauspuikko 2,5 x 350 mm ESR13 2,5 kg muuntaja",https://tarvike.com/product/hitsauspuikko-25-x-350-mm-esr13-25-kg-muuntaja-150269,https://media.tarvike.com/product/images/150269/original/189228.webp,14.99,Magmaweld ESR 13 on rutiilipäällysteinen hitsauspuikko tavallisten seostamattomien ja niukkaseosteisten terästen hitsaukseen.,,Magmaweld,
5719442002,"Hitsauspuikko 2,0 x 350 mm ESR13 2,5 kg muuntaja",https://tarvike.com/product/hitsauspuikko-20-x-350-mm-esr13-25-kg-muuntaja-150268,https://media.tarvike.com/product/images/150268/original/189229.webp,21.9,Magmaweld ESR 13 on rutiilipäällysteinen hitsauspuikko tavallisten seostamattomien ja niukkaseosteisten terästen hitsaukseen.,,Magmaweld,
5718143002,Ulkorengaspaikka 120mm,https://tarvike.com/product/ulkorengaspaikka-120mm-152575,https://media.tarvike.com/product/images/152575/original/189174.webp,13.5,Ristikudosrengaspaikka ulkorenkaan korjaukseen.,,RemaTipTop,
5718132002,Purjerenkaat 10KPL,https://tarvike.com/product/purjerenkaat-10kpl-150500,https://media.tarvike.com/product/images/150500/original/189160.webp,6.49,"Itsekiinnittyviä (purista yhteen, koputtele kiinni). Soveltuu kankaalle ja muoville.",,Fixit,
5717836002,"Kutistejatkoliitinsarja, 19 kpl",https://tarvike.com/product/kutistejatkoliitinsarja-19-kpl-153360,https://media.tarvike.com/product/images/153360/original/189141.webp,22.5,,,CRX,
5717834002,"Kutistejatkoliitin sininen 10 kpl, 1,0–2,5 mm²",https://tarvike.com/product/kutistejatkoliitin-sininen-10-kpl-1025-mm-153358,https://media.tarvike.com/product/images/153358/original/189140.webp,7.99,"Duraseal-liitin puristetaan ensin pihdillä ja sen jälkeen kutistetaan lämmittämällä vedenpitäväksi. 1,5 - 2,5 mm² johdolle.",,CRX,
5454081000,SHARK Apukäynnistin & varavirtalähde EPS-400,https://tarvike.com/product/shark-apukaynnistin-varavirtalahde-eps-400-127266,https://media.tarvike.com/product/images/127266/original/162311.png,115.0,"Uusi, monitoiminen apukäynnistin / varavirtalähde, 12,000mAh. Moottorin apukäynnistys, tällä voi ladata esim. kannettavan tietokoneen, matkapuhelimen yms.",,Shark,
5445719002,Vedenpoistaja,https://tarvike.com/product/vedenpoistaja-149575,https://media.tarvike.com/product/images/149575/original/188864.webp,4.5,,,IKH,
5445695002,Kulmaliitin,https://tarvike.com/product/kulmaliitin-149637,https://media.tarvike.com/product/images/149637/original/188838.webp,8.2,,,Espina,
5216234002,"Vannesahaterä 1440x13x0,65mm Z14",https://tarvike.com/product/vannesahatera-1440x13x065mm-z14-149727,https://media.tarvike.com/product/images/149727/original/188440.webp,42.9,,,Femi,
5216233002,"Vannesahaterä 1400x6,4x0,65 Z10",https://tarvike.com/product/vannesahatera-1400x64x065-z10-149729,https://media.tarvike.com/product/images/149729/original/188439.webp,30.0,,,IKH,
5171665002,"Kaapelikela 30m kumi 4-os 3x1,5mm",https://tarvike.com/product/kaapelikela-30m-kumi-4-os-3x15mm-149234,https://media.tarvike.com/product/images/149234/original/188315.webp,99.0,"Kumikaapeli 30 m (H05RR-F 3x1,5 mm²).",,CRX,
5171645002,Rengasrauta 20cm,https://tarvike.com/product/rengasrauta-20cm-155756,https://media.tarvike.com/product/images/155756/original/188249.webp,7.99,,,IKH,
5017927002,Vannesahanterä 1425x8mm,https://tarvike.com/product/vannesahantera-1425x8mm-149018,https://media.tarvike.com/product/images/149018/original/188155.webp,29.9,Terän koko 1425 x 8 mm Valmistettu Suomessa,,AWD,
5017911002,"Naula Hakas 5,8X40 5000Kpl",https://tarvike.com/product/naula-hakas-58x40-5000kpl-155812,https://media.tarvike.com/product/images/155812/original/187613.webp,24.9,,,IKH,
5017906002,"Naula Viimeistely 1,2X1X25 5000Kpl",https://tarvike.com/product/naula-viimeistely-12x1x25-5000kpl-155801,https://media.tarvike.com/product/images/155801/original/188118.webp,8.49,,,IKH,
5017897002,"LED-muutossarja C-Bright, H4",https://tarvike.com/product/led-muutossarja-c-bright-h4-156605,https://media.tarvike.com/product/images/156605/original/188119.jpg,59.0,Ei tieliikennekäyttöön. 3200lm (2x1900lm).,,C-BRIGHT,
5017894002,Xenon polttimo D1S,https://tarvike.com/product/xenon-polttimo-d1s-156608,https://media.tarvike.com/product/images/156608/original/188105.jpg,71.5,,,AUTOLINE,
5017881002,Magneetti 90mm Monikäyttö,https://tarvike.com/product/magneetti-90mm-monikaytto-155795,https://media.tarvike.com/product/images/155795/original/188050.webp,19.9,"Voimakas magneetti pitää kätesi vapaana esim. kokoamistyössä, juottaessa, nostaessa",,IKH,
5017879002,Rengasrauta 375mm,https://tarvike.com/product/rengasrauta-375mm-155785,https://media.tarvike.com/product/images/155785/original/188060.webp,12.9,,,IKH,
4964056000,Husqvarna G3200P Generaattori,https://tarvike.com/product/husqvarna-g3200p-generaattori-110128,https://media.tarvike.com/product/images/110128/original/159243.png,389.0,"Tämä keskikokoinen, koti- tai työmaakäyttöön suunniteltu, 2.7kW (50Hz) virtaa tuottava generaattori on tehokas, luotettava ja helppo käyttää myös vaativissa olosuhteissa, joissa sähkön saanti voi muuten olla rajoitettua.",,Husqvarna,
4963963000,Honda EU30is generaattori kaukokäynnistys,https://tarvike.com/product/honda-eu30is-generaattori-kaukokaynnistys-103060,https://media.tarvike.com/product/images/103060/original/144304.jpg,3490.0,"Hondan invertteritekniikka, jonka poikkeuksellisen pieni taajuuden ja ja jännitteen vaihtelu (+/- 1%) antaa mahdollisuuden erityisen herkkien sähkölaitteiden, kuten television ja tietokoneen käyttöön.",,Honda,
4871706002,"LED polttimo, Pari",https://tarvike.com/product/led-polttimo-pari-156630,https://media.tarvike.com/product/images/156630/original/187947.jpg,5.4,(lasikanta) valkoinen. Ei tieliikennekäyttöön.,,AUTOLINE,
4871653002,"Monitoimiteippi Hopea, 6200 HPX",https://tarvike.com/product/monitoimiteippi-hopea-6200-hpx-156744,https://media.tarvike.com/product/images/156744/original/187856.jpg,10.5,Yleiskäyttöön soveltuva vahva kangasteippi. HPX 48MMx25M.,,HPX,
4579854000,"Hiomakangasrulla 38mm x 2,5m G240",https://tarvike.com/product/hiomakangasrulla-38mm-x-25m-g240-106328,https://media.tarvike.com/product/images/106328/original/149180.jpg,11.5,"AloxPuun ja metallin käsihiontaanSelkä joustavaa J-kangasta, sideaine tekohartsi, tiheäKarkeus P240",,IKH,
4579852000,Tarrakolmio G120/6-R 93MM 5kpl,https://tarvike.com/product/tarrakolmio-g1206-r-93mm-5kpl-106324,https://media.tarvike.com/product/images/106324/original/149177.jpg,5.9,"Jepuflex Alox- 6 reikääErikoispaperi koville puulajeilleSelkämateriaali T/Fpaperi, sideaine tekohartsi, tiheäKarkeus P120",,IKH,
4579849000,TarrakolmioG80/6REI 93MM 5kpl,https://tarvike.com/product/tarrakolmiog806rei-93mm-5kpl-106323,https://media.tarvike.com/product/images/106323/original/149173.jpg,5.9,"Jepuflex Alox- 6 reikääErikoispaperi koville puulajeilleSelkämateriaali T/Fpaperi, sideaine tekohartsi, tiheäKarkeus P80",,IKH,
4579750000,"Hiontaliuska 93 x 185mm G60, tarra",https://tarvike.com/product/hiontaliuska-93-x-185mm-g60-tarra-106302,https://media.tarvike.com/product/images/106302/original/149129.jpg,7.99,Välihiomapaperi pinnoitteiden ja tasoitteiden käsihiontaan8 reikääKoko 93 x 185 mmKarkeus P605kpl/pkt,,IKH,
4579733000,Hioma-arkki 93 x 230mm G100,https://tarvike.com/product/hioma-arkki-93-x-230mm-g100-106293,https://media.tarvike.com/product/images/106293/original/149132.jpg,6.9,Käsihiomapaperi puulle ja maalille8 reikääKoko 93 x 230 mmKarkeus P10010kpl/pkt,,IKH,
4579729000,Hioma-arkki 93 x 230mm G40,https://tarvike.com/product/hioma-arkki-93-x-230mm-g40-106291,https://media.tarvike.com/product/images/106291/original/149146.jpg,6.9,Käsihiomapaperi puulle ja maalille8 reikääKoko 93 x 230 mmKarkeus P4010kpl/pkt,,IKH,
4577733002,Suutinsarja Hiekkapuhallus Keraaminen,https://tarvike.com/product/suutinsarja-hiekkapuhallus-keraaminen-155870,https://media.tarvike.com/product/images/155870/original/187606.webp,19.9,,,IKH,
37452551001,"Robota DC-BL18V akkupuhalluspistooli, runko",https://tarvike.com/product/robota-dc-bl18v-akkupuhalluspistooli-runko-246308,https://media.tarvike.com/product/images/246308/original/214855.jpg,69.9,Puhalluspistooli monipuolisella suutinsarjalla. Auttaa esim. pölyn puhdistuksessa tai ilmapatjan täytössä. Ei sisällä akkua ja laturia.,,Robota,
37452546001,Robota DC-SP18V akkupumppu 18V runko,https://tarvike.com/product/robota-dc-sp18v-akkupumppu-18v-runko-246358,https://media.tarvike.com/product/images/246358/original/214719.webp,74.9,"Akkutoiminen sauvapumppu. Toimii erinomaisesti veneentyhjennyksessä, saunaveden otossa, avantopumppuna tai vaikka retkisuihkuna. Ei sisällä akkua tai laturia.",,Robota,
37451098000,Robota yläjyrsin DC-T 18V runko,https://tarvike.com/product/robota-ylajyrsin-dc-t-18v-runko-246363,https://media.tarvike.com/product/images/246363/original/214724.webp,89.9,Pieni ja kevyt Robota akkukäyttöinen yläjyrsin monenlaiseen projektiin. Todella tarkka syvyydensäätö mahdollistaa tarkan työstämisen. Jyrsimessä on työskentelyä helpottava led-valo. Toimii myös Makita akulla. Robota DC-T 18 V ylätasojyrsin on pieni ja näppärä apuväline. Ei sisällä akkua ja laturia,,Robota,
37451097000,Robota akkutehopuhallin DC-TA18V runko,https://tarvike.com/product/robota-akkutehopuhallin-dc-ta18v-runko-246359,https://media.tarvike.com/product/images/246359/original/214723.webp,39.9,"Hiiliharjallisella moottorilla varustettu tehokas puhallin moneen käyttötarkoitukseen. Tällä pidät puhtaana työtasot, lattiat, pakettiauton tavaratilan ja paljon muuta. Puhaltimessa on perinteinen hiiliharjoin varustettu moottori, joka tuottaa hyvän tehon ja korkean kierrosluvun. Moottorin tuottama teho ja puhallusvoima toimii moneen käyttöön. Ei sisällä akkua ja laturia",,Robota,
37451096000,Robota akkupiikkauskone/poravasara SDS runko,https://tarvike.com/product/robota-akkupiikkauskoneporavasara-sds-runko-246352,https://media.tarvike.com/product/images/246352/original/214716.webp,99.0,"Robota DC-RC18V on 18V akulla toimiva poravasara, joka yhdistää suuren iskuvoiman ja käytettävyyden kompaktissa rungossa. SDS+ -istukka mahdollistaa nopean terän vaihdon, ja harjaton moottori tarjoaa paremman hyötysuhteen sekä pidemmän käyttöiän. Poravasara poraa betonia, tiiltä tai kiviseinää erinomaisesti. Pora on erinomainen valinta ammattilaiselle tai vaativalle kotikäyttäjälle. Sen kestävä rakenne, tehokas iskutoiminto ja helppokäyttöinen SDS+ -järjestelmä tekevät siitä erinomaisen työkalun raskaisiin poraustöihin missä vain! Ei sisällä akkua ja laturia",,Robota,
37451094000,Robota DC-MC18V akkukäyttöiset peltisakset runko,https://tarvike.com/product/robota-dc-mc18v-akkukayttoiset-peltisakset-runko-246350,https://media.tarvike.com/product/images/246350/original/214699.webp,79.9,Akkukäyttöiset peltisakset. Erinomainen apu pellin leikkaukseen. Ei sisällä akkua ja laturia,,Robota,
37451093000,Robota akkukompressori DC-G 18V runko,https://tarvike.com/product/robota-akkukompressori-dc-g-18v-runko-246348,https://media.tarvike.com/product/images/246348/original/214653.webp,179.0,"Robota akkukäyttöinen kompressori on helppo kuljettaa vaikeisiinkin kohteisiin ja käyttö onnistuu paikoissa joissa ei ole sähköä. Akkukompressorilla onnistuu helposti renkaiden täytöt, pienten naulaimien käyttö ja vaikka kynäruiskun käyttö. Moottori on öljytön ja huoltovapaa. Ei sisällä akkua ja laturia",,Robota,
37451077000,"Robota DC-SA18V akkuepäkeskohiomakone, runko",https://tarvike.com/product/robota-dc-sa18v-akkuepakeskohiomakone-runko-246330,https://media.tarvike.com/product/images/246330/original/214596.webp,79.9,"Robota Akkuepäkeskohiomakone 125mm DC-SA18V runko on tehokas ja monipuolinen akkuhiomakone erilaisiin hiontatöihin. Tämä akkuepäkeskohiomakone soveltuu erinomaisesti puun, maalipintojen, tasoitteiden ja muiden materiaalien viimeistelyyn sekä pintojen tasoittamiseen. Ei sisällä akkua ja laturia",,Robota,
3550988002,"Karavaanari-Adapteri 3 NAP. / Schuko 0,5M",https://tarvike.com/product/karavaanari-adapteri-3-nap-schuko-05m-148944,https://media.tarvike.com/product/images/148944/original/186364.webp,9.99,,,Amiga,
3447254001,Milwaukee Vääntiöasetelma M12FHIR14 (varaosa),https://tarvike.com/product/milwaukee-vaantioasetelma-m12fhir14-varaosa-127149,https://media.tarvike.com/product/placeholders/productImageComingSoong.jpg,90.6,"Sopii 1/4"" M12FHIR-räikkävääntimeen.",,Milwaukee Tools,
341389002,Kuumailmapuhallin 2000W + tarvikkeet,https://tarvike.com/product/kuumailmapuhallin-2000w-tarvikkeet-106566,https://media.tarvike.com/product/images/106566/original/149591.jpg,34.9,,,IKH,
341385002,"Hikoki kuumailmapuhallin 2000W, laukku ja tarvikesarja",https://tarvike.com/product/hikoki-kuumailmapuhallin-2000w-laukku-ja-tarvikesarja-106167,https://media.tarvike.com/product/images/106167/original/148927.jpg,70.0,Käyttäjäystävällinen ja helppokäyttöinen kuumailmapuhallin tehokkaalla moottorillaErgonominen kumipäällystetty otepito2 lämpötila-asetusta (matala ja korkea)Viileä puhallus nopeaan viilentämiseenSuojaus ylikuumenemista vastaanRipustuskoukku,,Hikoki,
3384280002,Puuporanterä Senkkaava,https://tarvike.com/product/puuporantera-senkkaava-4mm-38493,https://media.tarvike.com/product/images/38493/original/185567.webp,10.5,Senkkauskartio 13 mm 90°,,IKH,
3384253002,Lasiporanteräsarja 5/6/8MM PROFI GLAS ATM3,https://tarvike.com/product/lasiporanterasarja-568mm-profi-glas-atm3-148905,https://media.tarvike.com/product/images/148905/original/185572.webp,24.95,"Lasin, pullojen, posliinin, keramiikan ym. poraamiseen",,Alpen,
33131729000,Milwaukee Keskiöpora 100mm,https://tarvike.com/product/milwaukee-keskiopora-100mm-169567,https://media.tarvike.com/product/images/169567/original/195096.png,6.2,Keskiöporan THUNDERBOLT™-kapeneva ydin lisää kestävyyttä.,,Milwaukee Tools,
2937290002,Led-Polttimo HB3 9005 12-24V,https://tarvike.com/product/led-polttimo-hb3-9005-12-24v-156722,https://media.tarvike.com/product/images/156722/original/181998.jpg,35.5,"HB3, 6000K, Erinomainen valoteho ja erittäin tarkka valokuvio. Aerodynaaminen jäähdytysjärjestelmä nanopinnoitteella.. ECE R10. Vain off road -käyttöön, ei tieliikennekäyttöön",,Startax,
2816253002,Rengashylyssarja 1/2 17/19/21MM + Momenttivarret,https://tarvike.com/product/rengashylyssarja-12-171921mm-momenttivarret-150453,https://media.tarvike.com/product/images/150453/original/196833.webp,69.0,"6-osainen rengashylsysarja 1/2"".",,IKH,
2815897002,"Mutteri lyönti, 10kpl",https://tarvike.com/product/mutteri-lyonti-m6-10-kpl-sinkitty-41194,https://media.tarvike.com/product/images/41194/original/195166.webp,2.5,Useampia kokoja,,Fixit,
2615649002,"Reikäsaha, pienemmät koot",https://tarvike.com/product/reikasaha17mm-bi-m-38386,https://media.tarvike.com/product/images/38386/original/180627.webp,2.99,"Puun, lastulevyn, muovin ja metallin sahaukseen. Materiaali bimetalli.",,IKH,
2615516002,Hiomanauha 50x1000mm,https://tarvike.com/product/hiomanauha-50x1000mm-156103,https://media.tarvike.com/product/images/156103/original/180500.jpeg,4.2,P80 HIOLIT XO.,,MIRKA,
2397532002,Hiomanauha 10x330mm P120 Zir,https://tarvike.com/product/hiomanauha-10x330mm-p120-zir-151611,https://media.tarvike.com/product/images/151611/original/194600.webp,4.1,Mirka ZIR-kapeanauhat ovat ihanteellisia käytettäväksi yhdessä Mirka® PBS -nauhahiomakoneiden kanssa metallintyöstöön sekä ruostumattoman teräksen hiontaan autoalan jälkimarkkinoilla,,MIRKA,
2397530002,Hiomapaperi 80x230mm P120 Abranet 3kpl,https://tarvike.com/product/hiomapaperi-80x230mm-p120-abranet-3kpl-151603,https://media.tarvike.com/product/images/151603/original/194609.webp,9.99,"Hiomajyvä alumiinioksidi, sideaine tekohartsi, selkämateriaali polyamidiverkko.",,MIRKA,
2397520002,Hiomanauha 20x520mm P60 Hiolit XO,https://tarvike.com/product/hiomanauha-20x520mm-p60-hiolit-xo-151593,https://media.tarvike.com/product/images/151593/original/194602.webp,3.0,"Karkeus P60, koko 20 x 520mm. Laatu Hiolit XO",,MIRKA,
23644664000,Hioma-alusta,https://tarvike.com/product/hioma-alusta-150-mm-m14-pehmea-tarrakiinnitys-41234,https://media.tarvike.com/product/images/41234/original/195261.webp,26.9,,,IKH,
23107236000,"Mustemerkintäkynä musta, ohut kärki",https://tarvike.com/product/mustemerkintakyna-musta-ohut-karki-150387,https://media.tarvike.com/product/images/150387/original/194666.webp,5.0,"Kapeakärkinen merkintäkynä, joka soveltuu hankalien paikkojen sekä eri materiaalien ja pintojen merkitsemiseen.",,Hultafors,
22883036000,Katkaisutaltta 250mm,https://tarvike.com/product/katkaisutaltta-250mm-150981,https://media.tarvike.com/product/images/150981/original/194539.webp,21.5,Käytetään pääasiassa metallintyöstössä. Läpikarkaistu rakenne takaa tehokkaan iskuvoiman välittymisen ja mahdollistaa työpään toistuvan uudelleenhionnan.,,Rennsteigwerkzeuge,
22883035000,Katkaisutaltta 200mm,https://tarvike.com/product/katkaisutaltta-200mm-150980,https://media.tarvike.com/product/images/150980/original/194536.webp,17.9,Käytetään pääasiassa metallintyöstössä. Läpikarkaistu rakenne takaa tehokkaan iskuvoiman välittymisen ja mahdollistaa työpään toistuvan uudelleenhionnan.,,Rennsteigwerkzeuge,
22883034000,Katkaisutaltta 100mm,https://tarvike.com/product/katkaisutaltta-100mm-150979,https://media.tarvike.com/product/images/150979/original/194533.webp,11.5,Käytetään pääasiassa metallintyöstössä. Läpikarkaistu rakenne takaa tehokkaan iskuvoiman välittymisen ja mahdollistaa työpään toistuvan uudelleenhionnan.,,Rennsteigwerkzeuge,
2231725002,"Työkalupussi 3,4L",https://tarvike.com/product/tyokalupussi-34l-153057,https://media.tarvike.com/product/images/153057/original/205836.jpg,25.2,"Työkalupussi 3,4L.",,IKH,
22296575001,Bitsiklipsi 1/4' 50mm IMPACT A10,https://tarvike.com/product/bitsiklipsi-14-50mm-impact-a10-150192,https://media.tarvike.com/product/images/150192/original/197291.webp,20.0,"Kätevä Impact bitsi-setti avaimenperällä. Joustava vääntöalue hajauttaa kuorman suuremmalle alueelle, mikä antaa jopa 15 kertaa pidemmän käyttöiän perinteisiin bitseihin verrattuna.",,Hikoki,
22296561001,Virtaussäädin Regular Mix Argon/CO2,https://tarvike.com/product/virtaussaadin-regular-mix-argonco2-155630,https://media.tarvike.com/product/images/155630/original/189102.webp,69.9,"Laadukas virtauksensäädin Argon/CO2 seoskaasulle 300 bar / 35 l/min Kierre 3/8"" Letkukara",,IKH,
21569859000,Liimauspuristinsarja 4-OS. 18mm Pyykkipoika,https://tarvike.com/product/liimauspuristinsarja-4-os-18mm-pyykkipoika-155183,https://media.tarvike.com/product/images/155183/original/193748.webp,5.49,,,PG,
20581159001,Tiivistemassa harmaa 300 ml Sikaflex 521 UV,https://tarvike.com/product/tiivistemassa-harmaa-300-ml-sikaflex-521-uv-153092,https://media.tarvike.com/product/images/153092/original/195247.webp,21.9,Sikaflex®-521 UV. Tiivistemassa ulkosaumoihin.,,Sika,
20581157001,Primeri 20 ml 4077PM,https://tarvike.com/product/primeri-20-ml-4077pm-153090,https://media.tarvike.com/product/images/153090/original/195245.webp,19.9,Sika® Lock 4077PM parantaa Sika® Lock -syanoakrylaattiliimojen tartuntaominaisuuksia vaikeasti liimattavilla muovilaaduilla. Primeriä ei saa sekoittaa liiman joukkoon jotta vältetään eksotermisen reaktion syntyminen.,,Sika,
20581153001,Kumiliima 50 g RubberFix,https://tarvike.com/product/kumiliima-50-g-rubberfix-153084,https://media.tarvike.com/product/images/153084/original/195239.webp,19.9,"RubberFix on helposti levitettävä paikkausmassa, joka soveltuu useimmille materiaaleille. Erilaisiin liimauksiin, tiivistyksiin ja täyttöihin mm. kumille, nahalle ja tekstiilille.",,Casco,
20581151001,Voimaliima 290 ml SMP XtremFix,https://tarvike.com/product/voimaliima-290-ml-smp-xtremfix-153081,https://media.tarvike.com/product/images/153081/original/195236.webp,29.2,"XtremFix on M1-luokiteltu, SMP-polymeeripohjainen elastinen asennusliima, joka kiinnittää kohteen välittömästi. Kiinnittää heti seinään 200 kg/m² ja kattoon jopa 1000 kg/m².",,Casco,
20581150001,Yleisliima 750 ml Eriekeeper,https://tarvike.com/product/yleisliima-750-ml-eriekeeper-153079,https://media.tarvike.com/product/images/153079/original/195235.webp,15.5,"Vesiohenteinen yleis- ja puuliima imeville materiaaleille. Liima esim. puuta, kartonkia, paperia, pahvia, rakennuslevyjä, keramiikkaa jne.",,Erikeeper,
20581149001,Yleisliima 300 ml Eriekeeper,https://tarvike.com/product/yleisliima-300-ml-eriekeeper-153078,https://media.tarvike.com/product/images/153078/original/195234.webp,10.9,"Vesiohenteinen yleis-ja puuliima imeville materiaaleille. Liimaa esim. puuta, paperia, pahvia, rakennuslevyä, keramiikaa jne.",,Erikeeper,
20575399001,Milwaukee Sahaketju 8'/20CM M18FHS20,https://tarvike.com/product/milwaukee-sahaketju-820cm-m18fhs20-169508,https://media.tarvike.com/product/images/169508/original/195127.png,44.0,,,Milwaukee Tools,
20252804001,Varalasi combi pitkä oikea,https://tarvike.com/product/varalasi-combi-pitka-oikea-153285,https://media.tarvike.com/product/images/153285/original/194821.webp,9.5,"Sopii ST100511, ST100513 ja ST100517.",,AJBA,
20251765001,"Pikaliima 406 20 g, Loctite",https://tarvike.com/product/pikaliima-406-20-g-loctite-150243,https://media.tarvike.com/product/images/150243/original/194722.webp,42.5,"Vaikeasti liimattavalle kumille ja muoville esim. polyeteeni, polypropeeni ja termoplastiset kumit.",,Loctite,
20251726001,Puukkosahanterä AX CARB 230X5T,https://tarvike.com/product/puukkosahantera-ax-carb-230x5t-169413,https://media.tarvike.com/product/images/169413/original/194704.png,36.95,Jopa 50x pidempi käyttöikä kuin tavallisilla bimetalliterillä. Karbidihampaat kestävät käytössä erittäin pitkään kovimmissakin käyttökohteissa ja ne sahaavat ruuvien ja kiinnikkeiden läpi.,,Milwaukee Tools,
20251720001,Vesisaavi 80 l uusiomateriaali taupe,https://tarvike.com/product/vesisaavi-80-l-uusiomateriaali-taupe-151968,https://media.tarvike.com/product/images/151968/original/194705.webp,23.9,Tukeva ja vahvoilla kantokahvoilla varustettu kotimainen saavi.,,Smartstore By Orthex,
20251719001,Vesisaavi 65 l vaaleanharmaa,https://tarvike.com/product/vesisaavi-65-l-vaaleanharmaa-151967,https://media.tarvike.com/product/images/151967/original/194706.webp,21.0,"Laadukas, kotimainen vesisaavi on tukeva ja monikäyttäinen.",,Smartstore By Orthex,
20251702001,Niittimutteri alu M8 20kpl blister,https://tarvike.com/product/niittimutteri-alu-m8-20kpl-blister-152754,https://media.tarvike.com/product/images/152754/original/194642.webp,11.3,"Kierre M8, Koko (d x L) Ø 11,0 x 17,5 mm.",,Rivit,
20251701001,Niittimutteri alu M6 25kpl blister,https://tarvike.com/product/niittimutteri-alu-m6-25kpl-blister-152753,https://media.tarvike.com/product/images/152753/original/194641.webp,11.3,"Kierre M6. Koko (d x L) Ø 9,0 x 16,0 mm.",,Rivit,
20177891001,Jousikoukku T-Kahvalla,https://tarvike.com/product/jousikoukku-t-kahvalla-150485,https://media.tarvike.com/product/images/150485/original/194473.webp,10.0,Jousien asentamiseen ja poistamiseen ahtaissa paikoissa,,IKH,
19768246002,Robota akkuimurin lattiasuulakesarja DC-WD18V,https://tarvike.com/product/robota-akkuimurin-lattiasuulakesarja-dc-wd18v-246357,https://media.tarvike.com/product/images/246357/original/214718.webp,14.9,"Robotan suutinsarja on yhteensopiva Robotan DC-WD18V kannettavan akkuimurin kanssa. Letku- ja suutinsarjalla saat imurin vartta pidemmäksi, sekä perinteisen imurin suuttimen. Sarjan avulla saat akkuimurista monipuolisemman työkalun eri tilanteisiin.",,Robota,
19768243002,"Robota DC-LV18V akkuristilaser vihreä, runko",https://tarvike.com/product/robota-dc-lv18v-akkuristilaser-vihrea-runko-246331,https://media.tarvike.com/product/images/246331/original/214840.jpg,179.0,"Kätevä ristilaser, jonka mukana magneeteilla varustettu jalusta korkeussäädöllä. Myös portaaton syvyydensäätö. Laaserin väri vihreä. Ei sisällä akkua ja laturia.",,Robota,
19651173001,Monitoimileikkurin terä 50X28 Puu/Met BIM Starlock,https://tarvike.com/product/monitoimileikkurin-tera-50x28-puumet-bim-starlock-151652,https://media.tarvike.com/product/images/151652/original/192597.webp,22.5,,,MPS,
19651172001,Monitoimileikkurin terä 34X20 Puu BIM Starlock,https://tarvike.com/product/monitoimileikkurin-tera-34x20-puu-bim-starlock-151651,https://media.tarvike.com/product/images/151651/original/192598.webp,16.5,,,MPS,
19651169001,Monitoimileikkurin Terä 30X10 Puu BIM Starlock,https://tarvike.com/product/monitoimileikkurin-tera-30x10-puu-bim-starlock-151650,https://media.tarvike.com/product/images/151650/original/194394.webp,13.5,,,MPS,
19651158001,Pistosahanterä 50mm HSS 21TPI 3111 Metalli 5kpl,https://tarvike.com/product/pistosahantera-50mm-hss-21tpi-3111-metalli-5kpl-151644,https://media.tarvike.com/product/images/151644/original/194391.webp,8.99,,,MPS,
19577884001,Holkki Liukulaakereillle 55/80X50mm Hitsattava,https://tarvike.com/product/holkki-liukulaakereillle-5580x50mm-hitsattava-151194,https://media.tarvike.com/product/images/151194/original/194260.webp,32.5,"Hitsattavat holkit esim. kone- ja laiterakennukseen. Hitsataan osaan, jossa tappi pyörii sisällä, sisäreikä sorvattu liukulaakerien mitoille.",,IKH,
19577879001,Holkki Liukulaakereille 28/40X25mm Hitsattava,https://tarvike.com/product/holkki-liukulaakereille-2840x25mm-hitsattava-151189,https://media.tarvike.com/product/images/151189/original/194260.webp,13.5,"Hitsattavat holkit esim. kone- ja laiterakennukseen. Hitsataan osaan, jossa tappi pyörii sisällä, sisäreikä sorvattu liukulaakerien mitoille.",,IKH,
19577875001,Holkki Kiinteä 60/90X60mm Hitsattava,https://tarvike.com/product/holkki-kiintea-6090x60mm-hitsattava-151185,https://media.tarvike.com/product/images/151185/original/194260.webp,38.0,"Hitsattavat holkit esim. kone- ja laiterakennukseen. Hitsataan osaan, jossa tappi pyörii sisällä, sisäreikä sorvattu liukulaakerien mitoille.",,IKH,
19577874001,Holkki Kiinteä 45/70X50mm Hitsattava,https://tarvike.com/product/holkki-kiintea-4570x50mm-hitsattava-151184,https://media.tarvike.com/product/images/151184/original/194260.webp,26.5,"Hitsattavat holkit esim. kone- ja laiterakennukseen. Hitsataan osaan, jossa tappi pyörii sisällä, sisäreikä sorvattu liukulaakerien mitoille.",,IKH,
19577873001,Holkki Kiinteä 40/60X40mm Hitsattava,https://tarvike.com/product/holkki-kiintea-4060x40mm-hitsattava-151183,https://media.tarvike.com/product/images/151183/original/194260.webp,24.0,"Hitsattavat holkit esim. kone- ja laiterakennukseen. Hitsataan osaan, jossa tappi pyörii sisällä, sisäreikä sorvattu liukulaakerien mitoille.",,IKH,
19577872001,Holkki Kiinteä 35/60X50mm Hitsattava,https://tarvike.com/product/holkki-kiintea-3560x50mm-hitsattava-151182,https://media.tarvike.com/product/images/151182/original/194247.webp,24.0,"Hitsattavat holkit esim. kone- ja laiterakennukseen. Hitsataan osaan, jossa tappi ei liiku sisällä, sisäreikä sorvattu suoraan tappimitalle",,IKH,
19544600001,"Robota DC-RPS18V akkupuukkosaha, runko",https://tarvike.com/product/robota-dc-rps18v-akkupuukkosaha-runko-247006,https://media.tarvike.com/product/images/247006/original/214744.webp,99.0,"Robota DC-RPS18V akkupuukkosaha on tehokkaampi versio pikkuveljestään DS-S 18V akkupuukkosahasta. Robota akkukäyttöinen puukkosaha puun, metallin ja muovin sahaukseen. Puukkosahassa on terän pikakiinnitys ja pitävä kumikahva. Ei sisällä akkua ja laturia",,Robota,
19544599001,Robota DC-BL18V akkupuhalluspistooli runko,https://tarvike.com/product/robota-dc-bl18v-akkupuhalluspistooli-runko-247005,https://media.tarvike.com/product/images/247005/original/214739.webp,69.9,"Robota DC-BL18V akkupuhalluspistooli on kätevä ja monipuolinen ratkaisu pölyn ja irtolian poistamiseen sekä erilaisiin täyttötöihin. Tämä akkupuhallin kuuluu Robotan akkutyökalusarjaan ja tarjoaa luotettavaa suorituskykyä niin työkalujen, porausreikien kuin suodattimienkin puhdistamiseen. Akkupuhallin sopii myös erinomaisesti puhallettavien lelujen ja ilmapatjojen täyttämiseen. Tyhjentäminen on vaivatonta integroidun imutoiminnon ansiosta. Ei sisällä akkua ja laturia",,Robota,
19544579001,Robota DC-MA18V akkumonitoimikone runko,https://tarvike.com/product/robota-dc-ma18v-akkumonitoimikone-runko-246346,https://media.tarvike.com/product/images/246346/original/214581.webp,79.9,"Erinomainen monitoimikone (monitoimityökalu) sahaukseen, hiontaan ja kaapimiseen. Kun etsit akkumonitoimityökalua remonttiin ja viimeistelyyn, tämä 18V malli hoitaa useat työvaiheet yhdellä koneella. Ei sisällä akkua ja laturia",,Robota,
19544578001,Robota DC-DG18V akkukäyttöinen suorahiomakone runko,https://tarvike.com/product/robota-dc-dg18v-akkukayttoinen-suorahiomakone-runko-246342,https://media.tarvike.com/product/images/246342/original/214576.webp,69.9,"Robota DC-DG18V on kompakti ja tehokas 18 V akkusuorahiomakone tarkkaan hiontaan, viimeistelyyn ja metallipintojen työstöön. Sen johdoton rakenne tekee työskentelystä vaivatonta myös ahtaissa kohteissa. Ei sisällä akkua ja laturia",,Robota,
19544577001,Robota akkuhöylä DC-P 18V runko,https://tarvike.com/product/robota-akkuhoyla-dc-p-18v-runko-246340,https://media.tarvike.com/product/images/246340/original/214591.webp,69.9,Robota akkuhöylä puun höyläämiseen ja viistoamiseen. Höyläysleveys 82mm ja höyläyssyvyys helposti säädettävissä 0-2 mm. Toimii myös Makita LXT18V akulla. Ei sisällä akkua ja laturia,,Robota,
19544576001,Robota DC-RG18V popniittipyssy 18V runko,https://tarvike.com/product/robota-dc-rg18v-popniittipyssy-18v-runko-246339,https://media.tarvike.com/product/images/246339/original/214587.webp,79.9,Robota DC-RG18V on tehokas 18 V akkukäyttöinen popniittipyssy nopeaan ja vaivattomaan niittaukseen. Johdoton rakenne helpottaa työskentelyä eri kohteissa. Ei sisällä akkua ja laturia,,Robota,
19544575001,Robota yläjyrsinlisälaite DC-T18V,https://tarvike.com/product/robota-ylajyrsinlisalaite-dc-t18v-246337,https://media.tarvike.com/product/images/246337/original/214583.webp,34.9,"Robotan akkukäyttöisen yläjyrsimen lisälaite, jonka avulla yläjyrsintä voi käyttää kahdella kädellä perinteiseen tyliin. Lisälaitteessa on hyvät syvyydensäädöt ja lukitukset. Yhteensopiva akkuyläjyrsin DC-T18V.",,Robota,
19544571001,Robota akkunauhahiomakone runko,https://tarvike.com/product/robota-akkunauhahiomakone-runko-246327,https://media.tarvike.com/product/images/246327/original/214558.webp,79.9,"Robota Akkunauhahiomakone DC-SB18V runko on helposti hallittava akkuhiomakone puun, maalipintojen ja muiden materiaalien hiontaan. Tämä akkunauhahiomakone soveltuu erinomaisesti materiaalin poistoon, pintojen tasoittamiseen sekä erilaisiin kunnostus ja viimeistelytöihin. Ei sisällä akkua ja laturia",,Robota,
19544570001,"Robota DC-R18V ½"" akkuräikkä runko",https://tarvike.com/product/robota-dc-r18v-akkuraikka-runko-246325,https://media.tarvike.com/product/images/246325/original/214552.webp,109.0,Akkukäyttöinen räikkäväännin. Ei sisällä akkua ja laturia,,Robota,
19544569001,Robota DC-L18V akkukäyttöinen COB Led työvalo runko,https://tarvike.com/product/robota-dc-l18v-akkukayttoinen-cob-led-tyovalo-runko-246324,https://media.tarvike.com/product/images/246324/original/214544.webp,39.9,"Robotan akkukäyttöinen työvalo yhdellä suurella COB teho ledillä. Valaisimen takana on säädettävä tuki, jolla valaisin pysyy pystyssä haluamassasi kulmassa. Ei sisällä akkua ja laturia",,Robota,
19544567001,Robota akkusilikonipuristin DC-CG18V runko,https://tarvike.com/product/robota-akkusilikonipuristin-dc-cg18v-runko-246322,https://media.tarvike.com/product/images/246322/original/214527.webp,59.9,"Robota akkumassapuristin soveltuu hyvin erilaisten massojen, tiivistysaineiden ja liimojen levittämiseen enintään 310 ml:n patruunoille. Työntövoima (2800 N) on riittävän tehokas jopa korkean viskositeetin massoille. Ei sisällä akkua ja laturia",,Robota,
19159349001,Robota akkuporavasara DC-R 18V runko,https://tarvike.com/product/robota-akkuporavasara-dc-r-18v-runko-246353,https://media.tarvike.com/product/images/246353/original/214495.webp,99.0,"Robotan akkukäyttöinen poravasara on tehokas, kevyt ja kompakti työkalu vaativaan käyttöön. Kolmitoiminen akkuporavasara soveltuu sekä poraukseen, iskuporaukseen että piikkaukseen. Robota akkuporavasaran yksittäisiskuvoima on suuri, ja terä uppoaa juuri haluttuun kohtaan. Ei sisällä akkua ja laturia",,Robota,
19158075001,Robota akkumutterinväännin 18v runko,https://tarvike.com/product/robota-akkumutterinvaannin-18v-runko-246332,https://media.tarvike.com/product/images/246332/original/214478.webp,49.9,"Robota DC-18V sarjan W18 akkumutterinväännin on oikea voimanpesä. Voit käyttää W18konetta myös muiden pulttien ja mutteriden avaamiseen ja aukaisuun. Koneessa on kuparikäämitty tehokas moottori joka pyörittää 1/2” vääntiötä. Vääntiön ja moottorin välissä on momenttiosa joka takaa, ettei kone pääse särkymään. Koneessa on LED kohdevalo joka valaisee työstettävän kohteen. Koneen tehoa voidaan säätää akkukengän yläpuolelta olevasta näppäimistöstä. Kone on varustettu rannelenkillä ja siinä on miellyttävä kumigrippi sekä kumisuojat mikäli kone pääsee putoamaan maahan. Pienet kolhut ei tätä konetta haittaa, sillä Robota robottaa varmasti! Toimii myös Makita akulla. Ei sisällä akkua ja laturia",,Robota,
19158071001,Robota DC-SCR18V akkunauharuuvinväännin runko,https://tarvike.com/product/robota-dc-scr18v-akkunauharuuvinvaannin-runko-246373,https://media.tarvike.com/product/images/246373/original/214453.webp,129.0,"Robota Akkunauharuuvinväännin DC-SCR18V on tehokas ja käytännöllinen työkalu kipsilevyjen sekä muiden levyjen nopeaan kiinnittämiseen. Nauharuuvinväännin syöttää ruuvit automaattisesti nauhalippaasta, mikä tekee työskentelystä sujuvaa ja huomattavasti nopeampaa kuin perinteisillä ruuvausmenetelmillä. Tämä ratkaisu säästää aikaa ja vaivaa erityisesti silloin, kun ruuveja on kiinnitettävä suuria määriä. Ei sisällä akkua ja laturia",,Robota,
19158070001,Robota DC-VC18V akkukäyttöinen imuri runko,https://tarvike.com/product/robota-dc-vc18v-akkukayttoinen-imuri-runko-246372,https://media.tarvike.com/product/images/246372/original/214454.webp,39.9,"Näppärä akkutoiminen rikkaimuri irroitettavalla akulla moneen käyttöön ja käyttökohteeseen. Sopii kotiin, työpaikalle, toimistoon, talliin jne. Imuri latautuu nopeasti ja se toimii yhdellä Robotan 18V akulla. Käyttöaikaa imurilla on yhtäjaksoisesti n. 18min. Imurin reilun kokoinen 0,65L säiliö on riittävä ja se on helppo tyhjentää. Sisältää runsaasti erilaisia suuttimia/päitä. Imurissa on myös latauksen merkkivalot. Ei sisällä akkua ja laturia",,Robota,
19158066001,Robota DC-G36V akkukulmahiomakone 230mm runko,https://tarvike.com/product/robota-dc-g36v-akkukulmahiomakone-230mm-runko-246338,https://media.tarvike.com/product/images/246338/original/214470.webp,129.0,"Jykevä ja tehokas akkurälläkkä, joka tarjoaa johdottoman käytön vapauden ilman kompromisseja tehossa. Tämä 36 voltin kone käyttää kahta Robota 18V akkua samanaikaisesti ja on suunniteltu vaativiin katkaisu- ja hiontatöihin. Robota akkukulmahiomakone 230mm metallin ja kiven leikkaamiseen ja hiomiseen. Ei sisällä akkua ja laturia",,Robota,
19158064001,Robota akkutehopuhallin turbo DC-AJ18V runko,https://tarvike.com/product/robota-akkutehopuhallin-turbo-dc-aj18v-runko-246320,https://media.tarvike.com/product/images/246320/original/214443.webp,69.9,"Turbo Jet Tehopuhallin hiiliharjattomalla moottorilla. Tehokas puhallin moneen käyttötarkoitukseen. Tällä pidät puhtaana työtasot, lattiat, pakettiauton tavaratilan ja paljon muuta. Puhaltimessa on tehokas hiiliharjaton moottori, jonka korkean tehon ja kierrosluvun ansiosta puhaltimen teho on aivan omaa luokkaansa. Ei sisällä akkua ja laturia",,Robota,
19158063001,Robota DC-WF18V akkutuuletin runko,https://tarvike.com/product/robota-dc-wf18v-akkutuuletin-runko-246316,https://media.tarvike.com/product/images/246316/original/214426.webp,59.9,"Akkukäyttöinen tuuletin moneen paikkaan Robota DC-WF18V on kätevä 18V akkutuuletin työmaalle, varastoon, autotalliin, mökille ja muihin tiloihin, joissa tarvitaan siirrettävää ilmanvaihtoa ilman verkkovirtaa. Runkoversiona toimitettava laite sopii käyttäjälle, joka haluaa täydentää olemassa olevaa 18V akkutyökalukalustoa käytännöllisellä ja helposti liikuteltavalla tuulettimella. Ei sisällä akkua ja laturia",,Robota,
19006116001,Robota akkupainepesuri DC-PW18V runko,https://tarvike.com/product/robota-akkupainepesuri-dc-pw18v-runko-246376,https://media.tarvike.com/product/images/246376/original/214382.webp,89.9,"Helppokäyttöinen itseimevä pistoolimallinen Robota DC-PW18V -painepesuri on ihanteellinen jokapäiväiseen siivoukseen - 20-38 baarin paineella se soveltuu esimerkiksi autojen, polkupyörien ja vaikkapa pihakalusteiden pesuun. Säädettävän viuhkasuuttimen sekä standardin puutarhaletku pikaliittimen ansiosta Robota akkupainepesuri on kätevä työväline moniin käyttötarkoituksiin. Itseimevässä pesurissa on lyhyt imuletku mukana. Ei sisällä akkua ja laturia",,Robota,
19006115001,Robota akkuimurin hepa suodatin,https://tarvike.com/product/robota-akkuimurin-hepa-suodatin-246375,https://media.tarvike.com/product/images/246375/original/214391.webp,12.9,"Tehokasta hienopölyn suodatusta. HEPA (High Efficiency Particulate Air) -suodatin tarjoaa erinomaisen ilmanpuhdistustehon myös vaativissa olosuhteissa. Se suodattaa tehokkaasti hienojakoisen pölyn, siitepölyn, rakennuspölyn, eläinallergeenit ja muut pienhiukkaset jopa 99,97 %:n tarkkuudella (? 0,3 mikronin partikkelit). HEPA-suodatin pidentää laitteen käyttöikää, parantaa sisäilman laatua ja suojaa käyttäjää haitallisilta hiukkasilta erityisesti suljetuissa ja pölyisissä tiloissa.",,Robota,
19006109001,Robota akku-uppopumppu DC-GP18V runko,https://tarvike.com/product/robota-akku-uppopumppu-dc-gp18v-runko-246318,https://media.tarvike.com/product/images/246318/original/214433.webp,59.9,"Robota akku-uppovesipumppu on kätevä johdoton valinta veden nostamiseen esimerkiksi kaivosta tai sadevesitynnyristä. Pumpussa on standardin kokoinen hanaliitin, johon saa liitettyä kasteluletkun pikaliittimellä kiinni. Ei sisällä akkua ja laturia",,Robota,
19006105001,Robota akkupistosaha DC-J 18V runko,https://tarvike.com/product/robota-akkupistosaha-dc-j-18v-runko-246314,https://media.tarvike.com/product/images/246314/original/214421.webp,49.9,"Robota akkukäyttöinen pistosaha kolmiasentoisella heiluritoiminnolla puulle, teräkselle ja alumiinille. Pistosahan iskun pituus on 26 mm ja työstökapasiteetti puulle 130 mm, teräkselle 10 mm ja alumiinille 20 mm. Toimii myös Makita akulla. Ei sisällä akkua ja laturia",,Robota,
19006101001,Robota DC-ORS18V akkupuukkosaha yhdenkäden runko,https://tarvike.com/product/robota-dc-ors18v-akkupuukkosaha-yhdenkaden-runko-246312,https://media.tarvike.com/product/images/246312/original/214416.webp,44.9,"Kätevä yhden käden pistosaha. Tee työskentelystä helppoa ja tehokasta kätevällä yhden käden akkupuukkosahalla, joka sopii täydellisesti talliin, verstaalle ja puutarhaan. Tämä monipuolinen työkalu on suunniteltu metallin, puun ja muovin leikkaamiseen, ja siihen sopivat yleisimmät terät, mikä tekee siitä erinomaisen valinnan monenlaisiin projekteihin. Ei sisällä akkua ja laturia",,Robota,
19006093001,Robota akkuyhdistelmänaulain DC-G 18V runko,https://tarvike.com/product/robota-akkuyhdistelmanaulain-dc-g-18v-runko-246381,https://media.tarvike.com/product/images/246381/original/214340.webp,179.0,"Helppoa naulausta ilman letkuja ja kompressoria. Robota akkukäyttöinen yhdistelmänaulain listanaulojen ja hakasten naulaamiseen. Akkunaulaimeen sopii 1,2 mm viimeistelynaulat ja 5,7 mm hakaset. Naulaimessa voi valita yksittäislaukaisun tai kosketuslaukaisun. Naulaussyvyyden säädöllä saat tehtyä hienoa jälkeä esim. listoituksessa. Led-valo valaiseen naulauskohdan. Ei sisällä akkua ja laturia",,Robota,
18750985002,"Milwaukee Upposahan Monimateriaaliterät, SL BIM WM35X42",https://tarvike.com/product/milwaukee-upposahan-monimateriaaliterat-sl-bim-wm35x42-109356,https://media.tarvike.com/product/images/109356/original/153076.jpg,24.0,"Milwaukee® STARLOCK™ -monitoimityökalunterät on suunniteltu nopeaan teränvaihtoon sekä OIS-monitoimityökaluissa että STARLOCK™-monitoimityökaluissa. Nämä bimetalliterät sopivat erinomaisesti ohuiden metallien, kuparin, lasikuidun ja PVC:n leikkaamiseen. Milwaukee®-bimetalliset metalliterät on varustettu aaltomaisella hammastuksella, joka vähentää yksittäisiin hampaisiin kohdistuvaa rasitusta. Lisäksi niissä on erittäin ohut leikkauslinja, joka mahdollistaa nopeat ja sujuvat leikkaukset ei-rautametalleihin. Terien leveydet ovat saatavilla 28 mm, 44 mm ja 102 mm.",,Milwaukee Tools,
18748540002,"Nostotyyny hallitunkkiin, kumia",https://tarvike.com/product/nostotyyny-hallitunkkiin-kumia-106285,https://media.tarvike.com/product/images/106285/original/149123.jpg,4.95,,,IKH,
18748165002,Kemper Kaasupoltin PROF + SUPERGAS 575 600ML,https://tarvike.com/product/kemper-kaasupoltin-prof-supergas-575-600ml-106202,https://media.tarvike.com/product/images/106202/original/148980.jpg,49.99,"Kierre 7/16""Piezo-sytytysSisältää 1 kpl kaasusäiliöitä 336 gPropaanibutaani seos 35 % / 65 %Liekin lämpötila max. 1900 °CEN417:n mukainen säiliö",,Kemper,
18748127002,Kemper Kaasupoltin + Säiliö 300ml,https://tarvike.com/product/kemper-kaasupoltin-sailio-300ml-106190,https://media.tarvike.com/product/images/106190/original/148949.jpg,49.0,"Kierre 7/16""Sopii KEM575 kaasulleLiekin lämpötila 1500°CKulutus 110 g/hSisältää kaasusäiliön 175 gVaraosia / Tarvikkeita:Kaasusäiliö KEM575",,Kemper,
18340624001,StrongLine sähkövinssi M3500 / 3500 lb,https://tarvike.com/product/strongline-sahkovinssi-m3500-3500-lb-44405,https://media.tarvike.com/product/images/44405/original/16912.jpg,245.0,"StrongLine sähkövinssi M3500 vetokyky on jopa 1590 kg (3500 lb) Moottori 0,8 kW / 1,1 hv / 12V Vaihteisto: 3-vaiheinen planeettapyörästö Välityssuhde 136:1 Vapautus manuaalinen Jarru: automaattinen kuormanpitojarru Köyden mitat: 4,8 mm x 15,2 m Rummun halkaisija: 52 mm Rummun pituus: 74 mm Köyden ohjain: alumiininen liukuohjain Koukun koko: 1/4"" Ohjain: ohjaustangon ohjain + langaton ohjain Akun suositus: 450 CCA Sähkökaapelit: 16 mm² Akkukaapelien pituus: 1,8 m Vinssin mitat: 334 x 118 x 115 mm Paino: 10,5 kg Vaijerin kapasiteetti/nopeus-taulukko liitteenä",,StrongLine,
18339995001,BullPro työvalo 60W WIDE 5000K 9-48V 5400lm,https://tarvike.com/product/bullpro-tyovalo-60w-wide-5000k-9-48v-5400lm-43819,https://media.tarvike.com/product/images/43819/original/15383.jpg,131.0,"6 x 9W Osram, 3800lm (tehollinen), 5000lm (lask.), 5000K, leveä valokuvio, alumiinirunko: korroosiosuojamaalattu, lasilinssi, asennusjalka ruostumatonta terästä (316), integroitu Deutsch DT-2 liitin, kumikaapeli. 12V 3.08A – 24V 1.51A, 20Grms (24-2000Hz), ADR, EMC CISPR 25 Class 5, käyttölämpötila-alue -40°C … +85°C",,Bullpro,
18339573001,Tarrakolmio G40/6REI 93MM 5KPL,https://tarvike.com/product/tarrakolmio-g406rei-93mm-5kpl-106322,https://media.tarvike.com/product/images/106322/original/149169.jpg,5.9,"Jepuflex Alox6 reikääErikoispaperi koville puulajeilleselkämateriaali T/Fpaperi, sideaine tekohartsi, tiheäKarkeus P405kpl/pkt",,IKH,
18169247001,Milwaukee Vasarapora SDS+ MX4 6x165,https://tarvike.com/product/milwaukee-vasarapora-sds-mx4-6x165-127138,https://media.tarvike.com/product/images/127138/original/161988.png,10.6,"Uusi kierremuotoilu: ohut ura kärjessä poistaa porausroskat tehokkaammin, tuottaa suuremman nopeuden ja vähentää kitkan syntymistä.",,Milwaukee Tools,
17369681001,Bosch Akkulaturi C30 6/12V,https://tarvike.com/product/bosch-akkulaturi-c30-612v-105151,https://media.tarvike.com/product/images/105151/original/147887.jpg,91.96,"Automaattinen akkulaturi 6/12 V akuille. Muisti-, talvi- ja huoltolataustoiminto. Latausvirta 0,8/3,8 A. Ylikuumenemis-, kipinä- ja käänteisen napaisuuden suojaus. Varustettu irrotettavilla latauskaapeleilla, kantolaukulla sekä ripustuskoukulla. Yhteensopivat akkutyypit: Lyijyhappo, EFB, AGM, GEL, VRLA Jännite 6V / 12V Latausvirta 0,8A / 3,8A Akun kapasiteetti 1,2Ah-14Ah / 1,2Ah-120Ah Laturinmukana: AC virtajohto Irrotettava latauskaapeli puristimilla",,Bosch,
17369587001,"Jatkojohto kumi 2-OS 230V 20M 1,5X3H07RN-F",https://tarvike.com/product/jatkojohto-kumi-2-os-230v-20m-15x3h07rn-f-106084,https://media.tarvike.com/product/images/106084/original/148820.jpg,43.9,"Kumikaapeli 20 m, H07RN-F 3x1,5 mm²2 x 230 V pistorasiaKaksi maadoitettua pistorasiaa itsesulkeutuvilla suojakansillaSuojausluokka IP44",,IKH,
17369584001,"Jatkojohto kumi 3-OS 10M 230V 2,5X3H07RN",https://tarvike.com/product/jatkojohto-kumi-3-os-10m-230v-25x3h07rn-106081,https://media.tarvike.com/product/images/106081/original/148809.jpg,43.9,"Kumikaapeli 10 m, H07RN-F 3x2,5 mm²3 x 230 V pistorasiaKolme maadoitettua pistorasiaa itsesulkeutuvilla suojakansilla",,IKH,
17369580001,Calix Akkulaturisarja BC60 MKMS1525 PT,https://tarvike.com/product/calix-akkulaturisarja-bc60-mkms1525-pt-105959,https://media.tarvike.com/product/images/105959/original/148588.jpg,202.5,"Akkulaturisarja on tarkoitettu ajoneuvoihin, joissa ei ole aiempia Calix-tuotteita. Sarja sisältää laturin lisäksi verkkoliitäntäkaapelin sekä elementtikaapelin.Sisältää:Kytkentäsarja MKMS1525CX 1762625 MS 2,5 Liitäntäkaapeli 2,5mCX 1762461 MK 1,5 Elementtikaapeli 1,5mAkkulaturi BC60 12V/2A",,,
17369579001,K37 Apykäynnistykaapeli 300A 35mm2,https://tarvike.com/product/k37-apykaynnistykaapeli-300a-35mm2-105953,https://media.tarvike.com/product/images/105953/original/148584.jpg,41.2,"Kaapeleiden johdin ja puristimet on valmistettu virtaa hyvin johtavasta kuparialumiiniseoksesta sekä päällyste on pakkasenkestävää PVC-muovia.35 mm2300APituus 2,5m",,,
17369526001,"AWD Paineilmaletku 3/8"" x 20m + liittimet Kumi",https://tarvike.com/product/awd-paineilmaletku-38-x-20m-liittimet-kumi-105101,https://media.tarvike.com/product/images/105101/original/147862.jpg,36.9,"Materiaali kumi Sisältää liittimet Käyttöpaine 20 bar Käyttölämpötila -30°C...+80°C Sisä Ø 10 mm Ulko Ø 16,5 mm Pituus 20 m",,IKH,
17369525001,"AWD Paineilmaletku 3/8"" x 10m + liittimet Kumi",https://tarvike.com/product/awd-paineilmaletku-38-x-10m-liittimet-kumi-105100,https://media.tarvike.com/product/images/105100/original/147863.jpg,23.9,"Materiaali kumi Sisältää liittimet Käyttöpaine 20 bar Käyttölämpötila -30°C...+80°C Sisä Ø 10 mm Ulko Ø 16,5 mm Pituus 10 m",,IKH,
1711690002,Nira Pumpun Sylinterin Tiiviste 9,https://tarvike.com/product/nira-pumpun-sylinterin-tiiviste-9-155637,https://media.tarvike.com/product/images/155637/original/188609.webp,12.9,Tarvitaan 4 kpl / pumppu Varaosa tuotteeseen VV850003 Nira Pumppu 9,,Nira,
16972588001,IKH Kiintolenkkiavainsarja 16-osainen,https://tarvike.com/product/ikh-kiintolenkkiavainsarja-16-osainen-106593,https://media.tarvike.com/product/images/106593/original/149626.jpg,103.5,Koot: 6 - 8 - 10 - 12 - 13 - 15 - 17 - 19 - 21 - 22 - 24 - 27 - 29 - 32 - 34 - 36 mmMuovinen säilytyspussi,,IKH,
16972482001,"Hiomakangasrulla 38mm x 2,5m",https://tarvike.com/product/hiomakangasrulla-38mm-x-25m-106327,https://media.tarvike.com/product/images/106327/original/149174.jpg,11.5,"AloxPuun ja metallin käsihiontaanSelkä joustavaa J-kangasta, sideaine tekohartsi, tiheäKarkeus P120",,IKH,
16972478001,"Hiomakangasrulla 38mm x 3,5m G80",https://tarvike.com/product/hiomakangasrulla-38mm-x-35m-g80-106326,https://media.tarvike.com/product/images/106326/original/149166.jpg,11.5,"AloxPuun ja metallin käsihiontaanSelkä joustavaa J-kangasta, sideaine tekohartsi, tiheäKarkeus P80",,IKH,
16972476001,Tarrakolmio G180/6-R 93MM 5kpl,https://tarvike.com/product/tarrakolmio-g1806-r-93mm-5kpl-106325,https://media.tarvike.com/product/images/106325/original/149162.jpg,5.9,"Jepuflex Alox- 6 reikääEikoispaperi koville puulajeilleSelkämateriaali T/Fpaperi, sideaine tekohartsi, tiheäKarkeus P180",,IKH,
16972384001,Hiomanauha 75 x 533mm G120,https://tarvike.com/product/hiomanauha-75-x-533mm-g120-106290,https://media.tarvike.com/product/images/106290/original/149142.jpg,11.9,Karkeus P120Koko 75 x 533 mmLaatu Hiolit XO,,IKH,
16972376001,Haitaritunkki 1ton,https://tarvike.com/product/haitaritunkki-1ton-106275,https://media.tarvike.com/product/images/106275/original/149126.jpg,20.5,"Max. kapasiteetti 1000 kgNostokorkeus 100 - 370 mmMaalattuPaino 2,3 kg",,IKH,
16971868001,"Kemper Kaasupatruuna Pro/But 60G 7/16"" Novacet plus",https://tarvike.com/product/kemper-kaasupatruuna-probut-60g-716-novacet-plus-106200,https://media.tarvike.com/product/images/106200/original/148972.jpg,8.99,"Novacet Plus toimii tarvittaessa myös pullo ylösalaisinKierreventtiili (kierre 7/16"")Liekin lämpötila max. 2200 °CLiekin lämpötila yhdessä hapen kanssa max. 3100 °CAlin käyttölämpötila -20°CEN417:n mukainen säiliöNettopaino 60 g (110 ml)",,Kemper,
16673904000,Työkalupidin 16-32mm 2kpl Teräs/Valk,https://tarvike.com/product/tyokalupidin-16-32mm-2kpl-terasvalk-149814,https://media.tarvike.com/product/images/149814/original/191266.webp,8.49,,,Fixit,
16371564000,Liikennmerkkikiinnike 60mm,https://tarvike.com/product/liikennmerkkikiinnike-60mm-155198,https://media.tarvike.com/product/images/155198/original/191147.webp,9.9,Saranoitu alumiinikiinnike 60 mm putkelle.,,IKH,
16371559000,Silikoniteippi vulkanoituva 3m/25mm 4600 kirkas,https://tarvike.com/product/silikoniteippi-vulkanoituva-3m25mm-4600-kirkas-155215,https://media.tarvike.com/product/images/155215/original/191138.webp,17.7,Liimaton silikonipohjainen itsevulkanisoituva teippi (teippi tarttuu vain itseensä). Koko 25mm x 3m.,,Tesa,
16371558000,Liukuestoteippi 55588 musta 5m/50mm,https://tarvike.com/product/liukuestoteippi-55588-musta-5m50mm-155212,https://media.tarvike.com/product/images/155212/original/191140.webp,21.9,Erittäin kestävä ja pitävä liukuestoteippi. Koko 50mm x 5m.,,Tesa,
16371553000,Varoitusraita keltainen/punainen 100x10cm,https://tarvike.com/product/varoitusraita-keltainenpunainen-100x10cm-153273,https://media.tarvike.com/product/images/153273/original/191163.webp,16.9,Kelta / puna heijastava tarranauha 100 x 10 cm.,,IKH,
16371552000,Opaste Korjaathan koirasi jätökset 200x300 muovi,https://tarvike.com/product/opaste-korjaathan-koirasi-jatokset-200x300-muovi-155194,https://media.tarvike.com/product/images/155194/original/191151.webp,5.5,Koko 200 x 300 mm.,,IKH,
16371547000,"Opaste 200x200 Sammutin, muovi",https://tarvike.com/product/opaste-200x200-sammutin-muovi-155188,https://media.tarvike.com/product/images/155188/original/191162.webp,5.99,"Paloturvallisuusopaste/-kyltti ""SAMMUTIN"".",,IKH,
16366247000,Kumivasara 65mm harmaa lasikuituvarsi,https://tarvike.com/product/kumivasara-65mm-harmaa-lasikuituvarsi-155106,https://media.tarvike.com/product/images/155106/original/191128.webp,5.99,Kumivasara. Lasikuitivarsi.,,Fixit,
16366245000,Leka 1500gr lasikuituvarsi,https://tarvike.com/product/leka-1500gr-lasikuituvarsi-155103,https://media.tarvike.com/product/images/155103/original/191130.webp,9.99,Moska (painava yhdenkäden vasara/leka).,,Fixit,
16366244000,Leka 1000gr lasikuituvarsi,https://tarvike.com/product/leka-1000gr-lasikuituvarsi-155102,https://media.tarvike.com/product/images/155102/original/191131.webp,7.99,Moska (painava yhdenkäden vasara/leka).,,Fixit,
16291496000,"Käsisaha 550 mm 9"" Hultafors",https://tarvike.com/product/kasisaha-550-mm-9-hultafors-150383,https://media.tarvike.com/product/images/150383/original/191110.webp,41.0,Terän pituus 550 mm.,,Hultafors,
15890898000,Kiintolenkkiavain 36mm,https://tarvike.com/product/kiintolenkkiavain-36mm-155263,https://media.tarvike.com/product/images/155263/original/191039.webp,34.0,Kromivanadiumterästä,,IKH,
14916510000,Lisävaloteline alumiini putkella,https://tarvike.com/product/lisavaloteline-alumiini-putkella-153309,https://media.tarvike.com/product/images/153309/original/181706.webp,55.0,Lisävaloteline rekisterikilven taakse.,,IKH,
14608201001,Yhden käden puristin/levitin 300 mm,https://tarvike.com/product/yhden-kaden-puristinlevitin-300-mm-150506,https://media.tarvike.com/product/images/150506/original/191399.webp,24.0,Kapasiteetti 300 / 490 mm.,,IKH,
14527256001,Porakonepumppu 6mm aks.,https://tarvike.com/product/porakonepumppu-6mm-aks-155181,https://media.tarvike.com/product/images/155181/original/191229.webp,20.5,Akseli 6 mm. Ei polttoaineelle.,,PG,
14527235001,Rullamitta G-Lock,https://tarvike.com/product/rullamitta-5m25mm-g-lock-39920,https://media.tarvike.com/product/images/39920/original/191215.webp,17.9,,,Tajima,
14527227001,"Ikkunatiiviste P-profiili 25m 9mm x 5,5mm ruskea",https://tarvike.com/product/ikkunatiiviste-p-profiili-25m-9mm-x-55mm-ruskea-155219,https://media.tarvike.com/product/images/155219/original/191167.webp,40.5,"Ruskea, itsekiinnittyvä, helposti asennettava P-profiilin ikkunatiiviste.",,Tesa,
14310620001,Jalusta Heavy valonheittimille,https://tarvike.com/product/jalusta-heavy-valonheittimille-149297,https://media.tarvike.com/product/images/149297/original/181642.webp,39.9,,,CRX,
14310619001,LED Valonheitin 2300LM 30W/230V Liiketunnistimella,https://tarvike.com/product/led-valonheitin-2300lm-30w230v-liiketunnistimella-149269,https://media.tarvike.com/product/images/149269/original/181620.webp,25.9,"LED Valonheitin 2300LM 30W/230V, varustettu liiketunnistimella (180°, kantama 4-10 ± 2 m).",,CRX,
13806026001,Väinö Radiant Heater V2000 kaasulämmitin,https://tarvike.com/product/vaino-radiant-heater-v2000-kaasulammitin-163774,https://media.tarvike.com/product/images/163774/original/189742.jpg,169.0,"Väinö Radiant Heater V2000 on tehokas ja turvallinen kannettava kaasulämmitin pieneen kokoonsa nähden. Väinö Radiant Heater sopii erinomaisesti kotatelttaan, pilkkitelttaan, kyttäyskoppiin, veneeseen ja moneen muuhun ulkoilu- ja retkeilykäyttöön kun halutaan saada lämpöä.",,Väinö,
13315266000,"Pölypussi synteettinen luokka L 16,5, 4 kpl",https://tarvike.com/product/polypussi-synteettinen-luokka-l-165-4-kpl-150176,https://media.tarvike.com/product/images/150176/original/188885.webp,23.0,Synteettinen pölypussi Hikoki RP250YDL ja RP300YDL imureihin.,,Hikoki,
13239416000,Jatkojohto 2.5m akkulaturille,https://tarvike.com/product/jatkojohto-25m-akkulaturille-149973,https://media.tarvike.com/product/images/149973/original/188544.webp,29.0,GENIUS1/2/5/10 akkulaturit.,,Noco,
13232060000,Ruuvitalttasarja 5-osainen,https://tarvike.com/product/ruuvitalttasarja-5-osainen-150408,https://media.tarvike.com/product/images/150408/original/188421.webp,21.0,Kromivanadiumterästä.,,IKH,
12941245000,Monitoimityökalun teräsarja 10-os,https://tarvike.com/product/monitoimityokalun-terasarja-10-os-149760,https://media.tarvike.com/product/images/149760/original/188405.webp,19.9,,,Fixit,
12913968000,Sirkkelinterä,https://tarvike.com/product/sirkkelintera-180x20x30mm-z14-39025,https://media.tarvike.com/product/images/39025/original/188213.webp,44.95,"180x2,0x30mm.",,Freud,
12828158000,Vaahdotin,https://tarvike.com/product/vaahdotin-155813,https://media.tarvike.com/product/images/155813/original/187612.webp,16.5,,,IKH,
12828123000,Hylsy Pitkä 19mm (aluvanne),https://tarvike.com/product/hylsy-pitka-19mm-aluvanne-155845,https://media.tarvike.com/product/images/155845/original/180833.webp,9.99,"Kromimolybdeeniterästä Nylon suojaholkki estää alumiinivanteita naarmuuntumasta Ohutseinäinen Avainkoko 19 mm Työkalukiinnitys 1/2"" SQ",,IKH,
12828122000,Hylsy Pitkä 17mm (Aluvanne),https://tarvike.com/product/hylsy-pitka-17mm-aluvanne-155844,https://media.tarvike.com/product/images/155844/original/180834.webp,9.99,"Kromimolybdeeniterästä Nylon suojaholkki estää alumiinivanteita naarmuuntumasta Ohutseinäinen Avainkoko 17 mm Työkalukiinnitys 1/2"" SQ",,IKH,
12828104000,"Polttimo Blick, 12V 5W T10",https://tarvike.com/product/polttimo-blick-12v-5w-t10-156566,https://media.tarvike.com/product/images/156566/original/187616.jpg,1.55,Lasikanta vihreä. Ei tieliikennekäyttöön.,,BLICK,
12819505000,Sulkaviila 150MM,https://tarvike.com/product/sulkaviila-150mm-149050,https://media.tarvike.com/product/images/149050/original/186352.webp,14.9,,,IKH,
12632138001,Karmipora 5x14x152mm hss,https://tarvike.com/product/karmipora-5x14x152mm-hss-150431,https://media.tarvike.com/product/images/150431/original/189407.webp,25.9,"Ikkuna- ja ovikarmien ruuvien upotukseen. Pituus 152mm, sisäterä 5mm, ulkoterä 14mm.",,Fixit,
12528283001,Haka-avain säädettävä 50–120 mm,https://tarvike.com/product/haka-avain-saadettava-50120-mm-150509,https://media.tarvike.com/product/images/150509/original/189319.webp,39.9,Muottiin taottua kromivanadiumterästä.,,IKH,
12455273001,Kärki 50 mm/UNC 1 oikea,https://tarvike.com/product/karki-50-mmunc-1-oikea-155222,https://media.tarvike.com/product/images/155222/original/189235.webp,61.5,"Kierre (B) UNC 1"" oikea.",,Agrilife,
11489269001,Ilmastointiteippi 25 m / 50 mm 4610 Tesa yleiskäyttöön,https://tarvike.com/product/ilmastointiteippi-25-m-50-mm-4610-tesa-yleiskayttoon-155220,https://media.tarvike.com/product/images/155220/original/188787.webp,5.99,Koko 50 mm x 25 m.,,Tesa,
11489268001,Ilmastointiteippi 4662 50 m / 48 mm Tesa,https://tarvike.com/product/ilmastointiteippi-4662-50-m-48-mm-tesa-155201,https://media.tarvike.com/product/images/155201/original/188788.webp,12.4,Koko 48 mm x 50 m,,Tesa,
11159993000,Hallitunkki 2tonnia,https://tarvike.com/product/hallitunkki-2tonnia-159534,https://media.tarvike.com/product/images/159534/original/183251.webp,64.9,"max. kapasiteetti 2000 kg min. korkeus 85 mm max. korkeus 375 mm mitat 560 x 212 x 145 mm paino 13,2 kg",,IKH,
11043677001,Kuumaliimapistooli 60W 230V  S,https://tarvike.com/product/kuumaliimapistooli-60w-230v-s-155782,https://media.tarvike.com/product/images/155782/original/188063.webp,18.5,,,IKH,
11043674001,Viilapenkki Käänt 100MM,https://tarvike.com/product/viilapenkki-kaant-100mm-155762,https://media.tarvike.com/product/images/155762/original/188138.webp,99.0,Käännettävä,,IKH,
11043574001,Työntömitta,https://tarvike.com/product/tyontomitta-155759,https://media.tarvike.com/product/images/155759/original/188227.webp,9.99,,,IKH,
11006617000,Ajovalo Pyöreä H4 161MM Alakiinnitys,https://tarvike.com/product/ajovalo-pyorea-h4-161mm-alakiinnitys-153389,https://media.tarvike.com/product/images/153389/original/181738.webp,43.0,,,,
11006616000,Ajovalo LED Valtra 155X90MM,https://tarvike.com/product/ajovalo-led-valtra-155x90mm-153386,https://media.tarvike.com/product/images/153386/original/181739.webp,97.0,,,CRX,
10897752001,Vannesahanterä Suomi,https://tarvike.com/product/vannesahantera-suomi-156088,https://media.tarvike.com/product/images/156088/original/180513.webp,40.0,2950X15mm,,WOODTEC,
10897681001,"LED-Ajovalopolttimopari H7/H18, Philips",https://tarvike.com/product/led-ajovalopolttimopari-h7h18-philips-156606,https://media.tarvike.com/product/images/156606/original/188112.jpg,55.5,Päivitä ajoneuvosi ajovalot Philipsin Ultinon Access LED -polttimoilla. Niiden asennus sujuu yhtä nopeasti ja helposti kuin halogeenipolttimoiden!,,Philips,
10711902000,Mato Rasvaprässi,https://tarvike.com/product/mato-rasvaprassi-145291,https://media.tarvike.com/product/images/145291/original/176772.webp,52.0,Tilavuus 500 cm². 400gramman rasvapanoksille tai irtorasvoille.,,matO,
10711900000,Yhden käden rasvaprässi,https://tarvike.com/product/yhden-kaden-rasvaprassi-145289,https://media.tarvike.com/product/images/145289/original/176769.webp,29.9,400gramman rasvapatruunalle tai irtorasvalle.,,GROZ,
10532224001,Muovikantapolttimo- Blist,https://tarvike.com/product/polttimopari-12v-18w-blister-38967,https://media.tarvike.com/product/images/38967/original/188048.jpg,3.1,,,AUTOLINE,
10529047001,Viila neliö 200mm,https://tarvike.com/product/viila-nelio-200mm-155900,https://media.tarvike.com/product/images/155900/original/187584.webp,4.99,,,Fixit,
10245112000,Hiomanauha 50x1000mm,https://tarvike.com/product/hiomanauha-50x1000mm-156104,https://media.tarvike.com/product/images/156104/original/180499.jpeg,4.6,P80 HIOLIT YPZ.,,MIRKA,
10098530000,Bullboy Led-työvalo 50W 10-30V lämmitettävä lasi,https://tarvike.com/product/bullboy-led-tyovalo-50w-10-30v-lammitettava-lasi-106009,https://media.tarvike.com/product/images/106009/original/148659.jpg,111.0,Bullboy työvalo lämmityksellä. Tehokas osramin tekniikalla varustettu työvalo ei jätä pulaan pahimmassakaan kelissä. Älykkäällä lämmönhallinnalla varustettu valaisin optimoi valotehon ulkoisten olosuhteiden mukaan. Erillisellä johdotuksella toteutettu lasin lämmitys sulattaa tehokkaasti valaisimeen kertyvän jään ja loskan. Kun sisälämpötila saavuttaa +52 C lämmitys menee pois päältä. Alkaa lämmittämään automaattisesti uudestaan kun sisälämpötila laskenut +5 C asteeseen. 5000K värilämpö takaa työskentelymukavuuden isommillakin työmailla.,,Bullboy,
8374312002,"Hylsy 1/2"" (naaras)",https://tarvike.com/product/hylsy-12-e-torxe20-naaras-38359,https://media.tarvike.com/product/images/38359/original/180530.webp,3.3,Kromivanadiumterästä.,,IKH,
3384277002,Metalliporanterä HSS-CO PZ-COBALT DIN1897,https://tarvike.com/product/metalliporantera-80mm-hss-co-pz-cobalt-din1897-38489,https://media.tarvike.com/product/images/38489/original/185562.webp,13.9,"5% kobolttiseosteiset, suuritehoiset poranterät vahvistetulla uralla. Sopii erityisesti ruostumattoman teräksen, haponkestävän teräksen, jousiteräksen ja austeniittisen teräksen poraukseen",,Alpen,
2615683002,"Vaununpyörä, jarrullinen",https://tarvike.com/product/vaununpyora-80mm-kaanjarrul-harmaa-38413,https://media.tarvike.com/product/images/38413/original/180677.webp,10.6,Useita kokoja/värejä.,,IKH,
10897668001,Muovikantapolttimo,https://tarvike.com/product/polttimopari-12v-14w-38971,https://media.tarvike.com/product/images/38971/original/188066.jpg,6.7,T-1/4NW Blister. Musta kanta (2kpl),,AUTOLINE,
788863001,Sno-X Solkityökalu Kapea,https://tarvike.com/product/sno-x-solkityokalu-kapea-131584,https://media.tarvike.com/product/images/131584/original/170584.jpg,104.0,,,Sno-X,
760493001,Sno-X Ulosvetäjä Polaris 550F,https://tarvike.com/product/sno-x-ulosvetaja-polaris-550f-131607,https://media.tarvike.com/product/images/131607/original/170607.jpg,42.5,,,Sno-X,
760486001,"Sno-X Ulosvetäjä 9/16"" x 18nf Arctic Cat,Polaris",https://tarvike.com/product/sno-x-ulosvetaja-916-x-18nf-arctic-catpolaris-131574,https://media.tarvike.com/product/images/131574/original/170583.jpg,35.5,,,Sno-X,
744315002,"Sno-X Hihnan vaihtotyökalu, Arctic Cat",https://tarvike.com/product/sno-x-hihnan-vaihtotyokalu-arctic-cat-131614,https://media.tarvike.com/product/images/131614/original/170621.jpg,10.0,,,Sno-X,
737968002,Hyper Start cables for 9000/12000Ah power station,https://tarvike.com/product/hyper-start-cables-for-900012000ah-power-station-132129,https://media.tarvike.com/product/placeholders/productImageComingSoong.jpg,12.2,,,Hyper,
1772934000,Sno-X Varahihnan pidin,https://tarvike.com/product/sno-x-varahihnan-pidin-131617,https://media.tarvike.com/product/images/131617/original/170623.jpg,8.1,,,Sno-X,
1772923000,Hyper Männäntapin ulosvetäjä,https://tarvike.com/product/hyper-mannantapin-ulosvetaja-129045,https://media.tarvike.com/product/images/129045/original/168912.jpg,69.5,"12,6/15,8/19/22mm",,Hyper,
1772520000,Flösser Polttimo PY21W 12V 21W BAU15s Amber,https://tarvike.com/product/flosser-polttimo-py21w-12v-21w-bau15s-amber-129094,https://media.tarvike.com/product/images/129094/original/176859.jpg,2.2,,,Flösser,
1772198000,"Motobatt akku, MBTX12U",https://tarvike.com/product/motobatt-akku-mbtx12u-129346,https://media.tarvike.com/product/images/129346/original/172406.png,88.9,"Tehdasaktivoitu, ei happoa täytettäväksi, vain tarkista lataus ja mene!12 kuukauden vaihtotakuuReplaces: Yuasa YB12BB2, YTX12BS, YTX12, YTX14BS, YTX14, YTX14L, YTX14H, YTX14HBS, YTX14LBS, KMX14BS, YTX15, YTX15L, YTX15LBSDEKA ETX12,ODYSSEY PC545",,Motobatt,
1772195000,"Motobatt akku, MBTX9U",https://tarvike.com/product/motobatt-akku-mbtx9u-129343,https://media.tarvike.com/product/images/129343/original/172442.png,69.9,"Tehdasaktivoitu, ei happoa täytettäväksi, vain tarkista lataus ja käytä!12 kuukauden takuuReplaces: Yuasa YTX9-BS/YT12A-BS/YTZ12S/YTZ14SDEKA ETX9",,,
1772194000,"Yuasa akku, YTX14H-BS (cp)",https://tarvike.com/product/yuasa-akku-ytx14h-bs-cp-129342,https://media.tarvike.com/product/images/129342/original/172303.png,184.0,"Jos suuri teho on tärkein prioriteetti vaihto-akussa, valitse Yuasa High Performance Maintenance Free -akut. Yuasa tarkoittaa enemmän tehoa, vähemmän huoltoa ja pidempää käyttöikää. Yuasa High Performance Maintenance Free -akut ovat paras valinta moottoripyöriin, hyötyajoneuvoihin, skoottereihin, mönkijöihin, ajoleikkureihin, vesiskoottereihin ja...",,Yuasa,
1772187000,"Yuasa akku, YTZ12S (wc) factory activated (5)",https://tarvike.com/product/yuasa-akku-ytz12s-wc-factory-activated-5-129335,https://media.tarvike.com/product/images/129335/original/172356.png,119.0,"Jos suuri teho on tärkein prioriteetti vaihto-akussa, valitse Yuasa High Performance Maintenance Free -akut. Yuasa tarkoittaa enemmän tehoa, vähemmän huoltoa ja pidempää käyttöikää. Yuasa High Performance Maintenance Free -akut ovat paras valinta moottoripyöriin, hyötyajoneuvoihin, skoottereihin, mönkijöihin, ajoleikkureihin, vesiskoottereihin ja...",,Yuasa,
1772174000,"Yuasa akku, YTX5L-BS (cp) Happopatruuna mukana (5)",https://tarvike.com/product/yuasa-akku-ytx5l-bs-cp-happopatruuna-mukana-5-129321,https://media.tarvike.com/product/images/129321/original/172443.png,65.5,"VRLA (Valve Regulated Lead Acid) tarkoittaa akkua, joka on täydellinen ihmisille, joilla on parempaa tekemistä kuin akkujen huolto! Pysyvästi suljettu VRLA-akku ei tarvitse koskaan täyttöä, mutta se tarvitsee kuitenkin säännöllisen latauksen. Ihanteellinen moottoripyöriin, skoottereihin, mönkijöihin, ajoleikkureihin ja vesiskoottereihin.",,,
1772171000,"Yuasa akku, YB5L-B (cp) Happopatruuna mukana (6)",https://tarvike.com/product/yuasa-akku-yb5l-b-cp-happopatruuna-mukana-6-129317,https://media.tarvike.com/product/images/129317/original/169151.jpg,36.0,"Vesiskootterit, moottorikelkat ja mönkijät asettavat erityisvaatimuksia - ja YUASAn YuMicron-akku vastaa niihin. Huipputekninen, tehoa lisäävä rakenne tekee YuMicronista ihanteellisen myös lisävarusteilla varustetuille matkapyörille ja muunnetuille ajoneuvoille.",,Yuasa,
1772169000,"Yuasa akku, YB18L-A (cp) Happopatruuna mukana (2)",https://tarvike.com/product/yuasa-akku-yb18l-a-cp-happopatruuna-mukana-2-129315,https://media.tarvike.com/product/images/129315/original/172340.png,137.5,"Vesiskootterit, moottorikelkat ja mönkijät asettavat erityisvaatimuksia - ja YUASAn YuMicron-akku vastaa niihin. Huipputekninen, tehoa lisäävä rakenne tekee YuMicronista ihanteellisen myös lisävarusteilla varustetuille matkapyörille ja muunnetuille ajoneuvoille.",,Yuasa,
1772166000,"Yuasa akku, YB10L-A2 (cp) Happopatruuna mukana (4)",https://tarvike.com/product/yuasa-akku-yb10l-a2-cp-happopatruuna-mukana-4-129311,https://media.tarvike.com/product/images/129311/original/172429.png,87.0,"Vesiskootterit, moottorikelkat ja mönkijät asettavat erityisvaatimuksia - ja YUASAn YuMicron-akku vastaa niihin. Huipputekninen, tehoa lisäävä rakenne tekee YuMicronista ihanteellisen myös lisävarusteilla varustetuille matkapyörille ja muunnetuille ajoneuvoille.",,,
1772163000,BS akku BSLI-02 Lithiumakku,https://tarvike.com/product/bs-akku-bsli-02-lithiumakku-132127,https://media.tarvike.com/product/images/132127/original/172400.png,97.9,Technology:LiFePO4Voltage (V):12.8Capacity 10hr (Ah):2Power (Wh):24CCA (A):140Polarity:63Dimensions (mm):107 x 56 x 85,,,
1772156000,BS akku  BTZ7S-BS MF (cp) Maintenance Free,https://tarvike.com/product/bs-akku-btz7s-bs-mf-cp-maintenance-free-132120,https://media.tarvike.com/product/images/132120/original/172485.png,48.9,MF Maintenance Free akuissa on VRLA (Valve Regulated Lead Acid) jonka ansiosta ovat lähes huoltovapaita eikä esim. Akkuvettä tarvitse koskaan lisätä. Akkujen mukana toimitetaan happopatruuna jolla akku aktivoidaan ennen ensimmäistä käyttökertaa.,,,
1772150000,BS akku BT9B-BS MF (cp) Maintenance Free,https://tarvike.com/product/bs-akku-bt9b-bs-mf-cp-maintenance-free-132114,https://media.tarvike.com/product/images/132114/original/172465.png,64.9,MF Maintenance Free akuissa on VRLA (Valve Regulated Lead Acid) jonka ansiosta ovat lähes huoltovapaita eikä esim. Akkuvettä tarvitse koskaan lisätä. Akkujen mukana toimitetaan happopatruuna jolla akku aktivoidaan ennen ensimmäistä käyttökertaa.,,,
1772141000,BS akku BTX16-BS MF (cp) Maintenance Free,https://tarvike.com/product/bs-akku-btx16-bs-mf-cp-maintenance-free-132105,https://media.tarvike.com/product/images/132105/original/172367.png,119.9,MF Maintenance Free akuissa on VRLA (Valve Regulated Lead Acid) jonka ansiosta ovat lähes huoltovapaita eikä esim. Akkuvettä tarvitse koskaan lisätä. Akkujen mukana toimitetaan happopatruuna jolla akku aktivoidaan ennen ensimmäistä käyttökertaa.,,,
1772140000,BS akku BTX14AHL-BS MF (cp) Maintenance Free,https://tarvike.com/product/bs-akku-btx14ahl-bs-mf-cp-maintenance-free-132104,https://media.tarvike.com/product/images/132104/original/172389.png,109.9,MF Maintenance Free akuissa on VRLA (Valve Regulated Lead Acid) jonka ansiosta ovat lähes huoltovapaita eikä esim. Akkuvettä tarvitse koskaan lisätä. Akkujen mukana toimitetaan happopatruuna jolla akku aktivoidaan ennen ensimmäistä käyttökertaa.,,,
1772138000,BS akku BTX14L-BS MF (cp) Maintenance Free,https://tarvike.com/product/bs-akku-btx14l-bs-mf-cp-maintenance-free-132102,https://media.tarvike.com/product/images/132102/original/172413.png,99.0,MF Maintenance Free akuissa on VRLA (Valve Regulated Lead Acid) jonka ansiosta ovat lähes huoltovapaita eikä esim. Akkuvettä tarvitse koskaan lisätä. Akkujen mukana toimitetaan happopatruuna jolla akku aktivoidaan ennen ensimmäistä käyttökertaa.,,,
1772131000,"Motobatt akku, MB16U",https://tarvike.com/product/motobatt-akku-mb16u-129351,https://media.tarvike.com/product/images/129351/original/172346.png,139.0,"Tehdasaktivoitu, ei happoa täytettäväksi, vain tarkista lataus ja mene!12 kuukauden vaihtotakuuReplaces: Yuasa YB16BA, YB16BA1, YB16BA2",,Motobatt,
17369752001,Cteck laturin jatkojohto,https://tarvike.com/product/cteck-laturin-jatkojohto-106631,https://media.tarvike.com/product/images/106631/original/149637.jpg,19.9,"Tämän jatkojohdon avulla CTEK-laturia voidaan käyttää kauempana ajoneuvosta tai akusta.Pituus 2,5 metriä2v takuu",,Ctek,
17369751001,CTEK CT5 asennusteline (Powersport/Time To Go),https://tarvike.com/product/ctek-ct5-asennusteline-powersporttime-to-go-106630,https://media.tarvike.com/product/images/106630/original/149646.jpg,13.9,Kestävä ja näppärä asennusteline laturin ja latauskaapelin säilytykseen. 2v takuu,,Ctek,
17369750001,CTEK CT5 Protect Bumper (Powersport/Time To Go),https://tarvike.com/product/ctek-ct5-protect-bumper-powersporttime-to-go-106629,https://media.tarvike.com/product/images/106629/original/149642.jpg,14.9,"Kestävä silikonikumisuoja CT5-sarjan latureille. Sopii käytettäväksi kaikkien 3,8-5,0 A:n CTEK-latureiden kanssa. CTEK-latureiden BUMPER-suoja istuu tiiviisti laturin rungon ympärille ja suojaa sitä kolhuilta ja naarmuilta. BUMPER on valmistettu kestävästä silikonikumista. Se lisää laturin pitoa liukkailla pinnoilla.",,Ctek,
17369746001,CTEK Bumper 10 latureiden suoja (XS 0.8),https://tarvike.com/product/ctek-bumper-10-latureiden-suoja-xs-08-106625,https://media.tarvike.com/product/images/106625/original/149647.jpg,9.5,Kätevä suojus CTEK-laturille CTEKlatureiden BUMPER-suoja istuu tiiviisti laturin rungon ympärille ja suojaa sitä kolhuilta ja naarmuilta. BUMPER on valmistettu kestävästä silikonikumista. Se lisää laturin pitoa liukkailla pinnoilla. Sillä on kahden vuoden takuu. Sopii käytettäväksi kaikkien 0.8A:n CTEK-latureiden kanssa.,,Ctek,
17369745001,CTEK asennusteline (MXS 3.8/MXS 5.0/Polar/T&C,https://tarvike.com/product/ctek-asennusteline-mxs-38mxs-50polartc-106624,https://media.tarvike.com/product/images/106624/original/154122.jpg,13.5,"CTEK-laturin seinäkiinnitysLaturin ja kaapeleiden kätevä säilytysAvoin rakenne mahdollistaa helpon pääsyn laturin toimintoihinSopii kaikille 3,8 - 5,0 A:n CTEK-latureille",,Ctek,
17369677001,CTEK MXS 10 EU akkulaturi,https://tarvike.com/product/ctek-mxs-10-eu-akkulaturi-105147,https://media.tarvike.com/product/images/105147/original/147891.jpg,229.9,"Suurempien ajoneuvoakkujen virransyöttötoiminto Laturi jossa on kaikki MXS 10 tuo käyttöösi viimeisimmän teknologian. Se sopii loistavasti matkailuvaunujen, matkailuautojen, veneiden ja autojen akkujen ammattimaiseen lataamiseen.",,Ctek,
17369667001,CTEK CTX Indicator Plug laturi,https://tarvike.com/product/ctek-ctx-indicator-plug-laturi-105137,https://media.tarvike.com/product/images/105137/original/147910.jpg,11.9,"Voit ladata akun ja tarkistaa sen tilan kytkemällä CTEK-laturin ajoneuvon 12 V:n tupakansytyttimen tai lisävarusteen liitäntään CTX INDICATOR Plug -liittimen avulla. Tämä yksinkertainen ja kätevä liitin ja ilmaisin sopii kaikkiin 12 V:n latureihin, jotka on varustettu CTEK:n CONNECTjärjestelmällä. 2v takuu",,Ctek,
17369666001,CTEK CTX Indicator Eyelet M8,https://tarvike.com/product/ctek-ctx-indicator-eyelet-m8-105136,https://media.tarvike.com/product/images/105136/original/147911.jpg,16.9,"Käytännöllinen pikaliitin akkuihin, jotka ovat vaikeapääsyisessä paikassa. Käytännöllinen pikaliitin akkuihin, jotka ovat vaikeapääsyisessä paikassa. Näyttää akun jännitetason yksinkertaisesti ja selkeästi. Se toimitetaan kahden vuoden takuulla.",,Ctek,
17369602001,CTEK Comfort Connect Cig Socket,https://tarvike.com/product/ctek-comfort-connect-cig-socket-106646,https://media.tarvike.com/product/images/106646/original/149669.jpg,16.9,"CONNECT Cig Socket kytkee CTEK-laturin siten, että sitä voidaan käyttää virtalähteenä sähkölaitteille, kuten matkapuhelimille, GPS-navigaattoreille, kahvan lämmittimille ja lämmitettäville vaatteille. Se toimitetaan kahden vuoden takuulla. CONNECT Cig Socket on käytännöllinen lisävaruste, jonka avulla CTEK:n CONNECTakkuliittimen käyttöä voidaan laajentaa.Kun CONNECT Cig Socket on liitetty, voit käyttää esim. GPS-laitteita, matkapuhelimia, kahvanlämmittimiä tai vaikkapa lämmitettäviä vaatteita. 1 metrin pituinen kaapeli.Yleinen naarasliitin sopii kaikkiin 12 V:n vakiourosliittimiin Kaapelin pituus 10 cm käytännölliseen virransaantiin.",,Ctek,
17369597001,CTEK Comfort Indicator Panel M8 1.5m,https://tarvike.com/product/ctek-comfort-indicator-panel-m8-15m-106641,https://media.tarvike.com/product/images/106641/original/149663.jpg,34.9,"INDICATOR Panel -paneeli on suunniteltu erityisesti paneelikiinnitykseen. Se käyttää liikennevalojärjestelmää akun varaustilan osoittamiseen. Asenna paneeli käytännölliseen paikkaan ja vedä kaapeli sitten akulle. Laturi on sen jälkeen aina helppo kytkeä paneelin liitäntään. Paneelista on kaksi eri versiota, eripituisilla kaapeleilla, mikä tekee asennuksen ja lataamisen helpoksi, käytännölliseksi ja käteväksi erilaisissa asennusympäristöissä. Punainen valo tarkoittaa, että akun jännite on alle 12,4 V. Akku kannattaa ehdottomasti ladata. Keltainen valo tarkoittaa, että akun jännite on 12,4–12,65 V. Akun lataamista kannattaa pian harkita. Vihreä valo tarkoittaa, että akun jännite on yli 12,65 V. Kaikki kunnossa, ei tarvetta ladata. Toimii kaikkien 12 V:n lyijyhappoakkujen ja enintään 10 ampeerin CTEK-latureiden kanssa. Helppo liitäntä: perustuu CTEKin ainutlaatuiseen CONNECT-järjestelmään Kestävä: kulutusta kestävät ja joustavat kaapelit on suunniteltu ja testattu Ruotsissa",,Ctek,
17369593001,CTEK Comfort Connect M8 liitin,https://tarvike.com/product/ctek-comfort-connect-m8-liitin-106637,https://media.tarvike.com/product/images/106637/original/149666.jpg,8.9,"CONNECT EYELET M8 Connect eyelet -liitin on ihanteellinen ratkaisu, jos akkuun on vaikea päästä käsiksi, jos se on piilossa tai jos et voi käyttää puristusliittimiä. Kytke vain kätevät silmukkaliittimet akkuun ja lataa normaalisti. M8 -silmukkaliittimillä ja CTEK -laturin pikaliittimellä varustettu kaapeli nopeaan ja helppoon lataamiseen. M8 8,4 mm:n silmukkaliitin Kaapelin pituus 0.4 m Turvallinen liitäntä: eritysesti ahtaissa tiloissa oleville akuille. Helppokäyttöinen: CTEKin ainutlaatuinen CONNECT-järjestelmä tekee CTEK-akkulaturin liittämisestä nopeaa ja vaivatonta. Kestävä: laadukkaat silmukkaliittimet ja joustavat, kulutusta kestävät kaapelit on tehty kestämään; suunniteltu ja testattu Ruotsissa.",,Ctek,
17369592001,CTEK Comfort Connect M6 liitin,https://tarvike.com/product/ctek-comfort-connect-m6-liitin-106636,https://media.tarvike.com/product/images/106636/original/149662.jpg,8.9,"CONNECT EYELET M6 Connect eyelet -liitin on ihanteellinen ratkaisu, jos akkuun on vaikea päästä käsiksi, jos se on piilossa tai jos et voi käyttää puristusliittimiä. Kytke vain kätevät silmukkaliittimet akkuun ja lataa normaalisti. M6 -silmukkaliittimillä ja CTEK -laturin pikaliittimellä varustettu kaapeli nopeaan ja helppoon lataamiseen. M6 6,4 mm:n silmukkaliitin Kaapelin pituus 0.4 m Turvallinen liitäntä: eritysesti ahtaissa tiloissa oleville akuille. Helppokäyttöinen: CTEKin ainutlaatuinen CONNECT-järjestelmä tekee CTEK-akkulaturin liittämisestä nopeaa ja vaivatonta. Kestävä: laadukkaat silmukkaliittimet ja joustavat, kulutusta kestävät kaapelit on tehty kestämään; suunniteltu ja testattu Ruotsissa.",,Ctek,
16972636001,Kinwons led kaukovalopaneeli,https://tarvike.com/product/kinwons-led-kaukovalopaneeli-106620,https://media.tarvike.com/product/images/106620/original/149648.jpg,58.6,"Kaukovalopaneeli 10-32 V LEDTeho 36 W, 12 x CREE LED7,5"" (19,05 cm)3240 lm (teoreettinen)Värilämpötila 6000 KIP68AlumiinirunkoDT-liitin",,Scorpion,
788862001,Sno-X Solkityökalu Ski-Doo/Yleismalli 35 ja 25mm,https://tarvike.com/product/sno-x-solkityokalu-ski-dooyleismalli-35-ja-25mm-131583,https://media.tarvike.com/product/images/131583/original/170580.jpg,119.5,,,Sno-X,
760488001,"Sno-X Ulosvetäjä 7/8""x14nf Arctic Cat",https://tarvike.com/product/sno-x-ulosvetaja-78x14nf-arctic-cat-131576,https://media.tarvike.com/product/images/131576/original/170589.jpg,39.5,"• Oem# 0644-096 • Mitat: 7/8 x 14 nf • Hinta: 36,-",,Sno-X,
744311002,NEXT Versatile Monikäyttötyökalu,https://tarvike.com/product/next-versatile-monikayttotyokalu-134246,https://media.tarvike.com/product/images/134246/original/171893.jpg,29.4,,,,
18750688002,"Ulosvetäjä 28mm x 1,0mm oik.",https://tarvike.com/product/ulosvetaja-28mm-x-10mm-oik-108990,https://media.tarvike.com/product/images/108990/original/152625.jpg,16.2,Varaosat ja lisävarusteet.,,Scorpion,
18750682002,Buzzetti Rengasraudat (3kpl) pit.240mm,https://tarvike.com/product/buzzetti-rengasraudat-3kpl-pit240mm-108984,https://media.tarvike.com/product/images/108984/original/152607.jpg,51.6,Sisältää 3kpl 240mm pinnakoukku ja säilytyspussi.,,Scorpion,
18750637002,Buzzetti Ulosvetäjä 18mm X 1mm vasenk. (CPI/Generic),https://tarvike.com/product/buzzetti-ulosvetaja-18mm-x-1mm-vasenk-cpigeneric-108968,https://media.tarvike.com/product/images/108968/original/152576.jpg,15.4,"Buzzetti magneeton ulosvetäjä sopii seuraaviin malleihin CPI SX ja SM koko: 18mm x 1mm, vasen kierre.",,Scorpion,
1772927000,Pinnatyökalu 6in1,https://tarvike.com/product/pinnatyokalu-6in1-129058,https://media.tarvike.com/product/images/129058/original/168934.jpg,11.0,,,Duell,
1772162000,"BS akku  BB14-B2 (cp) Conventional, Dry charged",https://tarvike.com/product/bs-akku-bb14-b2-cp-conventional-dry-charged-132126,https://media.tarvike.com/product/images/132126/original/172434.png,64.9,"Conventional akut ovat perusakkuja joissa käytetään sulfatoitumista hidastavaa teknologiaa joka pidentää akun käyttöikää varsinkin varsinkin valmiustilassa ja kausisäilytyksessä. Tämä akku on täydellinen valinta moottoripyöriin, scoottereihin, ATV/UTV, vesijetteihin, moottorikelkkoihin ja ruohonleikkureihin",,,
17369679001,CTEK LITHIUM XS EU akkulaturi,https://tarvike.com/product/ctek-lithium-xs-eu-akkulaturi-105149,https://media.tarvike.com/product/images/105149/original/147889.jpg,144.9,Automaattinen lataus litiumakuille (12 V LiFePO4),,Ctek,
9963011001,Sulanapitokaapeli 8M 80W/230V,https://tarvike.com/product/sulanapitokaapeli-8m-80w230v-148945,https://media.tarvike.com/product/images/148945/original/186363.webp,69.9,Sulanapitokaapeli itsesäätyvällä lämmityselementillä voidaan asentaa sekä vesiputkien sisä- että ulkopuolelle,,Amiga,
9962927001,Kosteusmittari puulle 6-42%,https://tarvike.com/product/kosteusmittari-puulle-6-42-148927,https://media.tarvike.com/product/images/148927/original/185949.webp,22.9,"Sahatavaran (myös paperin ja kartongin) sekä kovettuvien materiaalien (laasti, betoni ja kipsi) kosteustason mittaamiseen",,CRX,
9740427002,Sirena Starlight Junior Vilkkupaneeli,https://tarvike.com/product/sirena-starlight-junior-vilkkupaneeli-171309,https://media.tarvike.com/product/images/171309/original/192089.jpg,399.0,12-24 V E-hyväksytty R65.,,Fixus,
9661277001,Senkkausteräsarja 3-OS HSS DIN335C,https://tarvike.com/product/senkkausterasarja-3-os-hss-din335c-148904,https://media.tarvike.com/product/images/148904/original/185946.webp,54.9,"Senkkausporasarja raudalle ja raudattomille materiaaleille, koville ja pehmeille synteettisille materiaaleille",,Alpen,
9661276001,"Senkkausterä 10,0MM 90 HSS Cobalt",https://tarvike.com/product/senkkaustera-100mm-90-hss-cobalt-148903,https://media.tarvike.com/product/images/148903/original/185945.webp,19.9,Senkkauspora ja jäysteenpoistotyökalu läpireiällä. Soveltuu erityisesti katkeamattomille materiaaleille kuten alumiini ja on erittäin tehokas sekä kovan että pehmeän puun käsittelyssä,,Alpen,
9575761002,"Hallitunnki 2,5ton matala",https://tarvike.com/product/hallitunnki-25ton-matala-153397,https://media.tarvike.com/product/images/153397/original/204057.jpg,189.0,Kapasiteetti 2500kg,,IKH,
9439058000,Kaapelikela 20m kumi,https://tarvike.com/product/kaapelikela-20m-kumi-147676,https://media.tarvike.com/product/images/147676/original/180060.webp,58.9,"Kumikaapeli 20 m (H05RR-F 3x1,5 mm²). Max. kuormitus kelalla 1000 W, kelalta purettuna 3000 W.",,CRX,
9015660001,Hikoki Mutterinväännin WR36DH Runko,https://tarvike.com/product/hikoki-mutterinvaannin-wr36dh-runko-159529,https://media.tarvike.com/product/images/159529/original/183241.webp,339.0,"Tehokas ja nopea iskevä mutterinväännin, maksimi avausmomentti 700 Nm. Autostop -toiminto estää ylikiristämisen. Autoslow -toiminto estää pulttien ja mutterien tippumisen avaamisvaiheessa.",,Hikoki,
8788532002,Räikkäväännin 1/4 IKH1004A,https://tarvike.com/product/raikkavaannin-14-ikh1004a-169612,https://media.tarvike.com/product/images/169612/original/191340.webp,12.0,"Vääntiö 1/4""",,IKH,
8788495002,Tynnyripumppu veivattava,https://tarvike.com/product/tynnyripumppu-veivattava-151488,https://media.tarvike.com/product/images/151488/original/191338.webp,39.9,"2-kammio, Tuotto 250cm³/kierros.",,Meganex,
8787573002,Hallitunkki matala 2.5TON PU-Pyörä ja poljin,https://tarvike.com/product/hallitunkki-matala-25ton-pu-pyora-ja-poljin-155125,https://media.tarvike.com/product/images/155125/original/180780.webp,265.0,,,Meganex,
8773488002,Mittalasi 127mm lämpömittarilla,https://tarvike.com/product/mittalasi-127mm-lampomittarilla-150267,https://media.tarvike.com/product/images/150267/original/191221.webp,30.5,Mittalasi öljymäärän ja lämpötilan seurantaan.,,IKH,
8772997002,Puuvilla rättilaikka 80mm 6mm,https://tarvike.com/product/puuvilla-rattilaikka-80mm-6mm-155147,https://media.tarvike.com/product/images/155147/original/191196.webp,9.99,,,PG,
8772996002,Kiillotussarja 10-os.,https://tarvike.com/product/kiillotussarja-10-os-151918,https://media.tarvike.com/product/images/151918/original/191201.webp,79.95,,,Osborn,
8772992002,Puhdistuspastasarja 2-os aloitus / viimeistely,https://tarvike.com/product/puhdistuspastasarja-2-os-aloitus-viimeistely-155150,https://media.tarvike.com/product/images/155150/original/191193.webp,7.99,Puhdistuspastasarja metallin kiillotukseen.,,PG,
8772991002,Puhdistuspastasarja 2-os viimeistely,https://tarvike.com/product/puhdistuspastasarja-2-os-viimeistely-155149,https://media.tarvike.com/product/images/155149/original/191194.webp,7.99,Puhdistuspastasarja metallin kiillotukseen.,,PG,
8772990002,Kiillotustyyny 125mm 6mm,https://tarvike.com/product/kiillotustyyny-125mm-6mm-155148,https://media.tarvike.com/product/images/155148/original/191195.webp,13.9,,,PG,
8772978002,Hiomakivisarja 5kpl 6mm,https://tarvike.com/product/hiomakivisarja-5kpl-6mm-155155,https://media.tarvike.com/product/images/155155/original/191187.webp,10.5,,,PG mini,
8772281002,"Hylsy 1/2""- 12mm",https://tarvike.com/product/hylsy-12-12mm-155822,https://media.tarvike.com/product/images/155822/original/188587.webp,2.6,"6-kulma, Kromivanadiumterästä.",,IKH,
8772279002,"Hylsy 1/4""-5,5mm 50mm",https://tarvike.com/product/hylsy-14-55mm-50mm-155817,https://media.tarvike.com/product/images/155817/original/188594.webp,2.6,6-kulma Kromivanadiumterästä,,IKH,
8772278002,"Hylsynväännin 1"" 760 mm T-malli",https://tarvike.com/product/hylsynvaannin-1-760-mm-t-malli-150524,https://media.tarvike.com/product/images/150524/original/191091.webp,99.0,Kromivanadiumterästä. Pituus 760mm.,,IKH,
8772277002,"Hylsysarja 3/8"" öljytulpeille 18-os.",https://tarvike.com/product/hylsysarja-38-oljytulpeille-18-os-150517,https://media.tarvike.com/product/images/150517/original/191093.webp,64.0,,,IKH,
8772275002,"Hylsyteline 1/4""",https://tarvike.com/product/hylsyteline-14-150514,https://media.tarvike.com/product/images/150514/original/191096.webp,14.2,"Teline 1/4"" hylsyille.",,IKH,
8629224001,Voimapihdit 600mm,https://tarvike.com/product/voimapihdit-600mm-156009,https://media.tarvike.com/product/images/156009/original/180607.webp,39.9,,,IKH,
8629171001,Kaasuvaijeri ja kahva 1200mm,https://tarvike.com/product/kaasuvaijeri-ja-kahva-1200mm-156049,https://media.tarvike.com/product/images/156049/original/180561.jpeg,21.3,,,IKH,
8629169001,Kumirengas kitkapyörälle,https://tarvike.com/product/kumirengas-kitkapyoralle-156057,https://media.tarvike.com/product/images/156057/original/180553.jpeg,32.0,,,Espina,
8629162001,Asento alusta,https://tarvike.com/product/asento-alusta-156061,https://media.tarvike.com/product/images/156061/original/180544.jpeg,11.0,,,IKH,
8629160001,Ohjausvaijeri torven kääntö,https://tarvike.com/product/ohjausvaijeri-torven-kaanto-156062,https://media.tarvike.com/product/images/156062/original/180542.jpeg,25.0,960-1030mm.,,Espina,
8629158001,Vetoratas,https://tarvike.com/product/vetoratas-156064,https://media.tarvike.com/product/images/156064/original/180540.jpeg,57.0,"Akseli 20mm, Paksuus 19mm. Halkaisija 70mm.",,Espina,
8629157001,Ohjausvaijeri torven lippa,https://tarvike.com/product/ohjausvaijeri-torven-lippa-156065,https://media.tarvike.com/product/images/156065/original/180539.jpeg,25.0,1260-1500mm,,Espina,
8629133001,Konelehtisahanterä 6kpl,https://tarvike.com/product/konelehtisahantera-6kpl-156109,https://media.tarvike.com/product/images/156109/original/180493.jpeg,32.0,135mm,,IKH,
8629131001,"Hiilipari 6,5X13,5",https://tarvike.com/product/hiilipari-65x135-156111,https://media.tarvike.com/product/images/156111/original/180491.jpeg,13.0,,,IKH,
8629129001,Adapteri 4kpl,https://tarvike.com/product/adapteri-4kpl-156113,https://media.tarvike.com/product/images/156113/original/180489.jpeg,24.0,"Ulkomitta 97,5 - 35, Sisämitta 92-31.",,IKH,
8544364001,Armytek Wizard C2 Pro,https://tarvike.com/product/armytek-wizard-c2-pro-147662,https://media.tarvike.com/product/images/147662/original/180046.webp,95.0,"Armytek Wizard C2 Pro Magnet USB XHP50.2. Tehokas 3-in-1 - monitoimitaskulamppu eri käyttötarkoituksiin: aktiviteetit ja urheilu, kalastus ja metsästys sekä rakentaminen.",,Armytek,
8543298001,"Kiintolenkkiavain sarja, 25-osainen",https://tarvike.com/product/kiintolenkkiavain-sarja-25-osainen-147715,https://media.tarvike.com/product/images/147715/original/180203.webp,82.3,Kiintolenkkiavainsarja 25 osaa.,,Meganex,
8537643001,"Maaliruisku 0,6l 1,5mm",https://tarvike.com/product/maaliruisku-06l-15mm-147686,https://media.tarvike.com/product/images/147686/original/180064.webp,14.5,"Tuotto 160-230 ml/mi, viuhkan leveys 180-220 mm.",,StrongLine,
8374308002,Astekulmamitta 300mm 0–180,https://tarvike.com/product/astekulmamitta-300mm-0180-152910,https://media.tarvike.com/product/images/152910/original/189281.webp,64.0,Asteikko 0-180°.,,Scala,
8374306002,Lyöntituurnasarja 6-os,https://tarvike.com/product/lyontituurnasarja-6-os-150983,https://media.tarvike.com/product/images/150983/original/189260.webp,55.6,"Karkaistua, nuorrutettua kromivanadiumterästä.",,Rennsteigwerkzeuge,
8374305002,Kuorintatyökalu ErgoStrip 16 95 01 SB,https://tarvike.com/product/kuorintatyokalu-ergostrip-16-95-01-sb-150943,https://media.tarvike.com/product/images/150943/original/189250.webp,56.9,"Kaikkien tavanomaisten pyörö- ja kosteatilakaapelien (esim. NYM-kaapeli 3 x 1,5 mm² - 5 x 2,5 mm²), datakaapelien (esim. Twisted-Pair) ja koaksiaalisten kaapeleiden nopeaan vaippojen poistoon ja kuorimiseen.",,KNIPEX,
8374304002,Yleiskuorintatyökalu 125mm,https://tarvike.com/product/yleiskuorintatyokalu-125mm-150942,https://media.tarvike.com/product/images/150942/original/189251.webp,64.6,"Yeiskuorintatyökalu pituusleikkurilla. Sisäpuoleinen, ulostyönnettävä terä.",,KNIPEX,
8374303002,Kuorintaveitsi 165mm Knipex,https://tarvike.com/product/kuorintaveitsi-165mm-knipex-150941,https://media.tarvike.com/product/images/150941/original/189252.webp,33.15,Pyöreiden Ø 8 - 28 mm johtojen kuorintaan.,,KNIPEX,
8374302002,Rullamitta 3M / 16MM,https://tarvike.com/product/rullamitta-3m-16mm-150375,https://media.tarvike.com/product/images/150375/original/188731.webp,31.8,"Pituus 3 m, leveys 16mm",,Hultafors,
8374300002,Tankkauspistooli,https://tarvike.com/product/tankkauspistooli-145296,https://media.tarvike.com/product/images/145296/original/176777.webp,62.0,"Automaattinen polttoainepistooli pyörivällä 1"" BSP- liittimellä.",,Meganex,
8374292002,Räikkälenkki,https://tarvike.com/product/raikkalenkki-13mm-39537,https://media.tarvike.com/product/images/39537/original/189274.webp,11.5,,,IKH,
8374290002,Räikkälenkki nivelellä,https://tarvike.com/product/raikkalenkki-13mm-nivelella-39535,https://media.tarvike.com/product/images/39535/original/189277.webp,12.5,,,IKH,
8374285002,Momenttiavain 20-110nm,https://tarvike.com/product/momenttiavain-20-110nm-156078,https://media.tarvike.com/product/images/156078/original/180520.jpeg,41.0,3/8' + muovilaatikko.,,IKH,
8374284002,Putkentaivutin 3IN1 6/8/10mm,https://tarvike.com/product/putkentaivutin-3in1-6810mm-156025,https://media.tarvike.com/product/images/156025/original/180585.jpeg,24.5,"Putkikoolle 6, 8 ja 10mm. Pehmeille materiaaleille.",,IKH,
8374283002,Juotoskolvi 100W,https://tarvike.com/product/juotoskolvi-100w-155998,https://media.tarvike.com/product/images/155998/original/180599.jpeg,55.0,230V N.500C ST. Juotoslämpötila n. 500°C.,,Stannol,
8374282002,Juotoskolvi 30W,https://tarvike.com/product/juotoskolvi-30w-155997,https://media.tarvike.com/product/images/155997/original/180598.jpeg,39.9,230V N.410C STA. Juotoslämpötila n. 410°C.,,Stannol,
8374281002,Sorkkarauta 60CM,https://tarvike.com/product/sorkkarauta-60cm-155251,https://media.tarvike.com/product/images/155251/original/188781.webp,4.9,60cm,,IKH,
8374280002,"Pikakolvi 100W, Stannol",https://tarvike.com/product/pikakolvi-100w-stannol-155995,https://media.tarvike.com/product/images/155995/original/180600.jpeg,32.9,"230V Stannol. Lämpenee nopeasti, n. 380°C lämpötilaan n. 6 sekunnissa.",,Stannol,
8374279002,Momenttiavain 1/4  5-25NM,https://tarvike.com/product/momenttiavain-14-5-25nm-155936,https://media.tarvike.com/product/images/155936/original/187396.webp,34.9,,,IKH,
8374276002,Muurauskauha 18CM,https://tarvike.com/product/muurauskauha-18cm-151677,https://media.tarvike.com/product/images/151677/original/189662.webp,21.0,Leveys 180 mm. Puukahva,,Pariere,
8374275002,Teräsharjasarja Mini 3-OS,https://tarvike.com/product/terasharjasarja-mini-3-os-155871,https://media.tarvike.com/product/images/155871/original/187607.webp,6.99,,,Fixit,
8374274002,Muurauskauha 15CM,https://tarvike.com/product/muurauskauha-15cm-151676,https://media.tarvike.com/product/images/151676/original/189663.webp,19.0,"Leveys 150mm, Puukahva.",,Pariere,
8374273002,"Ruuvitalttasarja 3-OS T5,6,7 Kännykälle",https://tarvike.com/product/ruuvitalttasarja-3-os-t567-kannykalle-155867,https://media.tarvike.com/product/images/155867/original/187603.webp,5.99,,,IKH,
8374272002,Laatoittajan pesusetti,https://tarvike.com/product/laatoittajan-pesusetti-151675,https://media.tarvike.com/product/images/151675/original/189664.webp,55.5,Neljällä pyörällä varustettu pesuämpäri 24l. Ämpärissä kaksi kuivausrullaa ja pohjalla kivausritilä pesuvälineiden kuivaukseen.,,Pariere,
8374271002,Sinkiläpyssy,https://tarvike.com/product/sinkilapyssy-155758,https://media.tarvike.com/product/images/155758/original/188226.webp,15.9,"4, 6 ja 8 mm niiteille.",,Fixit,
8374270002,Kumilasta 5mm 20cm,https://tarvike.com/product/kumilasta-5mm-20cm-151674,https://media.tarvike.com/product/images/151674/original/189666.webp,2.55,"Kumin paksuus 5 mm, leveys 200 mm.",,Pariere,
8374269002,"Tapettitela 14,5CM pehm.tela",https://tarvike.com/product/tapettitela-145cm-pehmtela-151673,https://media.tarvike.com/product/images/151673/original/189667.webp,7.49,"Pehmeä telaosa, leveys 14,5 cm, Ø 50 mm. Muovivarsi",,Pariere,
8374268002,Ruuvimeisseli 1/4'X125mm Magneettinen Kärjenpidin,https://tarvike.com/product/ruuvimeisseli-14x125mm-magneettinen-karjenpidin-155658,https://media.tarvike.com/product/images/155658/original/188753.webp,29.3,Wiha SoftFinish® ruuvimeisseli magneettisella kärjenpitimellä,,Wiha,
8374267002,Varaterä höylään,https://tarvike.com/product/varatera-hoylaan-151670,https://media.tarvike.com/product/images/151670/original/189668.webp,6.99,Suora terä höylään MR044.,,Pariere,
8374266002,"Letkunkiristinmeisseli 7,0X150mm Taipuisa Varsi",https://tarvike.com/product/letkunkiristinmeisseli-70x150mm-taipuisa-varsi-155657,https://media.tarvike.com/product/images/155657/original/188752.webp,31.0,Wiha SoftFinish letkunsideavain joustavalla varrella esim. portaattomasti säädettävien letkukiinnikkeiden ruuvaukseen ja irrottamiseen,,Wiha,
8374265002,Hohtimet 180mm 50 01 180,https://tarvike.com/product/hohtimet-180mm-50-01-180-150955,https://media.tarvike.com/product/images/150955/original/189258.webp,24.5,DIN ISO 9243. Kiillotetut kärjet.,,KNIPEX,
8374264002,Lukkopehdit 165mm pitkänokka 41 34 165,https://tarvike.com/product/lukkopehdit-165mm-pitkanokka-41-34-165-150948,https://media.tarvike.com/product/images/150948/original/189256.webp,30.9,"Heavy duty-malli. Pitkät, kapeat leuat.",,KNIPEX,
8374263002,Lukkopehdit 225mm 41 24 225,https://tarvike.com/product/lukkopehdit-225mm-41-24-225-150947,https://media.tarvike.com/product/images/150947/original/189255.webp,36.3,Heavy-duty-malli. Suorat leuat.,,KNIPEX,
8374262002,Vaijerileikkuri 190MM,https://tarvike.com/product/vaijerileikkuri-190mm-150496,https://media.tarvike.com/product/images/150496/original/189163.webp,20.0,Jousipalautteinen. Pinnoitetut kädensijat.,,IKH,
8374259002,"Sorkkarauta 190 mm, 7 1/2''",https://tarvike.com/product/sorkkarauta-190-mm-7-12-150469,https://media.tarvike.com/product/images/150469/original/189147.webp,8.49,Materiaali hiiliteräs. Pituus 190mm.,,IKH,
8374258002,Räikkäväännin 1/2',https://tarvike.com/product/raikkavaannin-12-150416,https://media.tarvike.com/product/images/150416/original/189271.webp,27.2,"Kromivanadiumterästä. Vääntiö 1/2"".",,IKH,
8374256002,"Sorkkarauta Teräs 108 Mini 190mm 7,5""",https://tarvike.com/product/sorkkarauta-teras-108-mini-190mm-75-150379,https://media.tarvike.com/product/images/150379/original/188727.webp,10.5,Kolme erilaista toimintoa naulojen ulosvetämiseksi.,,Hultafors,
8374255002,Veitsi maalarille MK,https://tarvike.com/product/veitsi-maalarille-mk-150378,https://media.tarvike.com/product/images/150378/original/188728.webp,8.6,"Trä 2,5 mm paksua hiiliterästä, karkaistu.",,Hultafors,
8374251002,Leka 1200G,https://tarvike.com/product/leka-1200g-150372,https://media.tarvike.com/product/images/150372/original/188734.webp,56.0,Hickory varsi.,,Hultafors,
8374250002,Vesivaaka Magneetti. 200mm,https://tarvike.com/product/vesivaaka-magneetti-200mm-150367,https://media.tarvike.com/product/images/150367/original/188739.webp,19.0,"Kovaan käyttöön, iskunkestävää ABS-muovia. 3 tarkistussilmää.",,Hultafors,
8374248002,Sorkkarauta 300mm,https://tarvike.com/product/sorkkarauta-300mm-149783,https://media.tarvike.com/product/images/149783/original/189146.webp,8.99,"Pituus 300 mm, paino 570g.",,Fixit,
8374247002,Lasiveitsi öljytäytteinen,https://tarvike.com/product/lasiveitsi-oljytaytteinen-149759,https://media.tarvike.com/product/images/149759/original/188404.webp,19.9,Sopii 3 - 8 mm lasille. Öljytäytteinen.,,Fixit,
8374246002,Lasiveitsi muovikahvalla,https://tarvike.com/product/lasiveitsi-muovikahvalla-149757,https://media.tarvike.com/product/images/149757/original/188402.webp,15.9,6 kovametalliterää. Muovi kahva.,,Fixit,
739402002,Työkalupakki 46cm,https://tarvike.com/product/tyokalupakki-46cm-145376,https://media.tarvike.com/product/images/145376/original/176908.webp,32.99,5-osainen haitaripakki.,,Tactix,
735012002,"Jatkojohto voimavirta 20m, 32A 6.0x5H07RN-F",https://tarvike.com/product/jatkojohto-voimavirta-20m-32a-60x5h07rn-f-145322,https://media.tarvike.com/product/images/145322/original/176815.webp,229.9,"400 V / 32 A, kumi- / neopreenikaapeli 20 m, H07RN-F 5 x 6,0 mm².",,CRX,
734528002,Tuplaajaventtiili 6/2 3/8 12v,https://tarvike.com/product/tuplaajaventtiili-62-38-12v-145297,https://media.tarvike.com/product/images/145297/original/176778.webp,219.0,Max. virtaus 40 l/min & max. paine 250 bar.,,Rexroth,
732184001,Rengaspainemittari 80mm,https://tarvike.com/product/rengaspainemittari-80mm-145310,https://media.tarvike.com/product/images/145310/original/176802.webp,79.0,"Eurodainu-renkaantäyttölaite ammattimalli, 07-11Bar.",,Michelin,
732101001,"Akkulaturi 12,5A 12/24v",https://tarvike.com/product/akkulaturi-125a-1224v-145301,https://media.tarvike.com/product/images/145301/original/176788.webp,162.75,Helvi Progress 17 akkulaturi lyijyakuille.,,HELVi,
7261247002,Tynnyripumppu lappotoiminen liuottimille,https://tarvike.com/product/tynnyripumppu-lappotoiminen-liuottimille-151415,https://media.tarvike.com/product/images/151415/original/189696.webp,29.0,"Soveltuu useimmille pesuaineille ja liottimille, esim. asetonille.",,matO,
7261244002,Tynnyripumppu 50-200l Viton tiiviste,https://tarvike.com/product/tynnyripumppu-50-200l-viton-tiiviste-151416,https://media.tarvike.com/product/images/151416/original/189697.webp,63.0,50-200 l astioille. Tuotto 350 cm³/pumppaus.,,matO,
7261243002,Rasvauslaitteen Z nivel,https://tarvike.com/product/rasvauslaitteen-z-nivel-151410,https://media.tarvike.com/product/images/151410/original/189693.webp,66.0,Terästä. Kierre R1/4 Uros/naaras.,,matO,
7261242002,Rasvaruisku Lube-Shuttle,https://tarvike.com/product/rasvaruisku-lube-shuttle-151409,https://media.tarvike.com/product/images/151409/original/189692.webp,485.0,Paineilmakäyttöinen rasvaruisku Lube Shuttle® -patruunoille.,,matO,
7261241002,Rasvapuristin 150cm³ 200bar,https://tarvike.com/product/rasvapuristin-150cm-200bar-151408,https://media.tarvike.com/product/images/151408/original/189691.webp,39.0,Sinkittyä terästä.,,matO,
7261238002,Rasvaprässin pidin magneetilla,https://tarvike.com/product/rasvaprassin-pidin-magneetilla-151405,https://media.tarvike.com/product/images/151405/original/189687.webp,23.0,"Helpottaa rasvaprässin säilyttämistä työkoneessa. Sopii prässeille, joiden säiliön ympärysmitta Ø 56 mm.",,matO,
7261237002,Rasvaprässin suukappale kulma 90 R1/8',https://tarvike.com/product/rasvaprassin-suukappale-kulma-90-r18-151404,https://media.tarvike.com/product/images/151404/original/189686.webp,9.5,90° kulma rasvaprässin suuttimelle.,,matO,
7261236002,Rasvaprässin suukappale kulma 90 M10x1,https://tarvike.com/product/rasvaprassin-suukappale-kulma-90-m10x1-151403,https://media.tarvike.com/product/images/151403/original/189685.webp,9.5,90° kulma rasvaprässin suuttimelle. Kierre M10 x 1.,,matO,
7261234002,Rasvaprässin taso suukappale 16 mm,https://tarvike.com/product/rasvaprassin-taso-suukappale-16-mm-151401,https://media.tarvike.com/product/images/151401/original/189683.webp,12.0,Tasonipoille.,,matO,
7261229002,Rasvaprässi yhden käden Lube-Shuttle,https://tarvike.com/product/rasvaprassi-yhden-kaden-lube-shuttle-151395,https://media.tarvike.com/product/images/151395/original/189676.webp,73.0,"Täysteräspuristin, korkealaatuinen sinkkipäällyste.",,matO,
7261228002,Höylä kipsilevylle,https://tarvike.com/product/hoyla-kipsilevylle-151669,https://media.tarvike.com/product/images/151669/original/189670.webp,24.0,"Kipsilevylle, muoville, puulle. Terä 250 x 40mm.",,Pariere,
7261227002,Varoitusnauha 500mX80mm,https://tarvike.com/product/varoitusnauha-500mx80mm-151668,https://media.tarvike.com/product/images/151668/original/189671.webp,21.0,Vahvuus 50 mì. Mitat 500 x 80mm.,,Pariere,
7261226002,Liisteri harja 170x70mm,https://tarvike.com/product/liisteri-harja-170x70mm-151667,https://media.tarvike.com/product/images/151667/original/189672.webp,3.9,Synteettinen harjas. Harjaosa 170 x 70 x 60mm,,Pariere,
7261225002,Ikkunakaavin 45mm,https://tarvike.com/product/ikkunakaavin-45mm-151666,https://media.tarvike.com/product/images/151666/original/189669.webp,3.9,"Partakoneenterä lasien, laattojen ym. puhdistamiseen maalista. Terä käännettävissä myös sivulle.",,Pariere,
6890001,Milwaukee M12 FIR14LR ANVIL,https://tarvike.com/product/milwaukee-m12-fir14lr-anvil-127136,https://media.tarvike.com/product/placeholders/productImageComingSoong.jpg,63.25,Milwaukee M12 FIR14LR ANVIL 4931472295 Varaosa,,Milwaukee Tools,
6716550002,Robota DC-CSG18V akkumaaliruisku 0.8l 18V runko,https://tarvike.com/product/robota-dc-csg18v-akkumaaliruisku-08l-18v-runko-246377,https://media.tarvike.com/product/images/246377/original/214379.webp,49.9,Akkukäyttöinen maaliruisku. Erittäin hyvä väline pienten ja vähän suurempien kohteiden maalaamiseen. Ei sisällä akkua ja laturia,,Robota,
5866951002,Rautasaha 12',https://tarvike.com/product/rautasaha-12-150422,https://media.tarvike.com/product/images/150422/original/189371.webp,19.9,"Valukahva, pehmustetut kädensijat molemmissa päissä.",,IKH,
5866944002,Hitsauskärry Plustaxi Hakas,https://tarvike.com/product/hitsauskarry-plustaxi-hakas-150099,https://media.tarvike.com/product/images/150099/original/189363.webp,299.0,HAKAS PLUSTAXI hitsauskonevaunu 2-p on tukeva helposti liikuteltava kaksipyöräinen kannettavien hitsauskoneiden kuljetukseen ja säilyttämiseen tarkoitettu hitsauskärry.,,HAKAS,
5866941002,Hitsauskärry,https://tarvike.com/product/hitsauskarry-155910,https://media.tarvike.com/product/images/155910/original/187400.webp,59.99,Ylin hylly kallistettu käytön helpottamiseksi.,,IKH,
5866940002,Työntömitta Digitaalinen 150mm,https://tarvike.com/product/tyontomitta-digitaalinen-150mm-152908,https://media.tarvike.com/product/images/152908/original/189361.webp,59.5,"DIN 862. Sisä-, ulko- ja syvyysmittaukseen.",,Scala,
5863499002,Lukkorengaspihdit,https://tarvike.com/product/lukkorengaspihdit-180mm-19-60mm-sisap-44-31-j22-39516,https://media.tarvike.com/product/images/39516/original/189244.webp,23.6,,,KNIPEX,
5863496002,Lukkorengaspihdit,https://tarvike.com/product/lukkorengaspihdit-185mm-19-60mm-ulkop-46-31-a22-39513,https://media.tarvike.com/product/images/39513/original/189243.webp,26.0,,,KNIPEX,
5733987002,Hikoki Pora/Ruuvinväännin DS18DD 2AH HSC,https://tarvike.com/product/hikoki-poraruuvinvaannin-ds18dd-2ah-hsc-157835,https://media.tarvike.com/product/images/157835/original/181587.webp,159.0,"Pienikokoinen, kevyt ja tasapainoinen pora/ruuvinväännin. Pienempi runko on mukavampi käyttää ja mahtuu helpommin ahtaisiin paikkoihin esim. kalusteasennuksissa.",,Hikoki,
5725392000,Milwaukee Viimeistelynaulain M18 FN18GS,https://tarvike.com/product/milwaukee-viimeistelynaulain-m18-fn18gs-127192,https://media.tarvike.com/product/images/127192/original/162123.jpg,715.0,"Milwaukee M18 FN18GS on tehokas 18V akkuviimeistelynaulain, joka upottaa 18G-naulat tarkasti ilman kaasupatruunoita – jopa 1200 naulaa yhdellä latauksella.",,Milwaukee Tools,
5719446002,"Hitsauspuikko ruostumaton 2,0 mm 14 kpl",https://tarvike.com/product/hitsauspuikko-ruostumaton-20-mm-14-kpl-151467,https://media.tarvike.com/product/images/151467/original/189225.webp,27.0,AWS A5.4: E 316L-17.,,StrongLine,
5719445002,"Hitsauspuikko erikoisteräs 2,5 mm 10 kpl",https://tarvike.com/product/hitsauspuikko-erikoisteras-25-mm-10-kpl-151466,https://media.tarvike.com/product/images/151466/original/189226.webp,36.0,AWS A5.4: E312-17.,,StrongLine,
5718134002,Kuviosaha + 5 terää,https://tarvike.com/product/kuviosaha-5-teraa-150495,https://media.tarvike.com/product/images/150495/original/189164.webp,13.4,"Terät: 2 kpl puulle, 1 kpl paksulle metallille, 1 kpl ohuelle metallille ja muoville, 1 kpl rautasahanterä kaikelle metallille.",,Fixit,
5718133002,Tähtialuslaatta valikoima 300 kpl,https://tarvike.com/product/tahtialuslaatta-valikoima-300-kpl-150502,https://media.tarvike.com/product/images/150502/original/189159.webp,12.2,,,Fixit,
5718130002,Ulosvedin 3-jalka 8'' 200 mm,https://tarvike.com/product/ulosvedin-3-jalka-8-200-mm-150493,https://media.tarvike.com/product/images/150493/original/189165.webp,58.0,"Varret käännettävissä, mahdollisuus sisä- ja ulkopuoliseen ulosvetoon.",,IKH,
5718129002,Lukkorengaslajitelma ulko 130-osainen,https://tarvike.com/product/lukkorengaslajitelma-ulko-130-osainen-150499,https://media.tarvike.com/product/images/150499/original/189161.webp,15.2,,,IKH,
5717837002,Kutisteletku liimaton,https://tarvike.com/product/kutisteletku-liimaton-32-64mm-39483,https://media.tarvike.com/product/images/39483/original/189145.webp,15.9,,,Hellermantyton,
5717779002,Putkenaukaisuvajeri 7 m S,https://tarvike.com/product/putkenaukaisuvajeri-7-m-s-150501,https://media.tarvike.com/product/images/150501/original/189136.webp,10.3,Tukkeutuneiden viemäriputkien aukaisuun.,,IKH,
5717776002,Pitkät kärkipihdit 290mm taivutettu,https://tarvike.com/product/pitkat-karkipihdit-290mm-taivutettu-150450,https://media.tarvike.com/product/images/150450/original/189128.webp,24.0,Materiaali Cr-Mo-teräs. Ptikä malli.,,IKH,
5513873000,Hikoki Kulmahiomakonepaketti KG23SB (S) 2200W / 840W,https://tarvike.com/product/hikoki-kulmahiomakonepaketti-kg23sb-s-2200w-840w-106166,https://media.tarvike.com/product/images/106166/original/148923.jpg,245.0,"Ominaisuudet:- kulmahiomakonepaketti kaikenkokoisiin töihinVakiovarusteet:- sivukahva, haka-avain",,Hikoki,
5454078000,SHARK Akkulaturi CN-4000,https://tarvike.com/product/shark-akkulaturi-cn-4000-127245,https://media.tarvike.com/product/images/127245/original/162204.png,44.9,"Tämä tehokas, automaattinen 12V / 6V älylaturi lataa luotettavasti kaiken tyyppiset moottoripyörä-, mönkijä- ja autoakut, joiden kapasiteetti on 1,2 - 130 Ah.",,Shark,
5445717002,Pääty pumpulle,https://tarvike.com/product/paaty-pumpulle-149572,https://media.tarvike.com/product/images/149572/original/188866.webp,29.9,,,IKH,
5445709002,"Timanttikuppilaikka 125x22,2 mm prof",https://tarvike.com/product/timanttikuppilaikka-125x222-mm-prof-149476,https://media.tarvike.com/product/images/149476/original/188860.webp,69.9,Powerdiam timanttikuppilaikka.,,Powerdiam,
5445704002,Kalustekulma,https://tarvike.com/product/kalustekulma-25x25x29-mm-20-kpl-39274,https://media.tarvike.com/product/images/39274/original/188850.webp,20.0,,,Fixit,
5445700002,Lattiarauta 200 mm terällä,https://tarvike.com/product/lattiarauta-200-mm-teralla-149740,https://media.tarvike.com/product/images/149740/original/188844.webp,59.8,"Terän leveys 200 mm, Mitat 1350 x 200mm.",,Fixit,
5445698002,Uunikauha 60 mm ruostumaton,https://tarvike.com/product/uunikauha-60-mm-ruostumaton-149738,https://media.tarvike.com/product/images/149738/original/188842.webp,10.7,Pyöristetty selus.,,Pariere,
5371053002,Pullotunkki 4TON,https://tarvike.com/product/pullotunkki-4ton-155127,https://media.tarvike.com/product/images/155127/original/188806.webp,34.9,Nostokyky 4 tn.,,Meganex,
5371051002,Pullotunkki 2TON,https://tarvike.com/product/pullotunkki-2ton-155126,https://media.tarvike.com/product/images/155126/original/188805.webp,27.9,Nostokyky 2 tn.,,Meganex,
5371030002,TY-Ruuvauskärki 5kpl SB,https://tarvike.com/product/ty-ruuvauskarki-t30x49mm-5kpl-sb-39256,https://media.tarvike.com/product/images/39256/original/188724.webp,31.0,Monikäyttöinen TY-kärki sopii kaikille ruuveille ja materiaaleille sekä myös iskeville ruuvinvääntimille,,Wiha,
5370998002,Vasara kuulapää 150G,https://tarvike.com/product/vasara-kuulapaa-150g-150369,https://media.tarvike.com/product/images/150369/original/188736.webp,38.0,Saarnivarsi.,,Hultafors,
5370997002,Vasara kirvesmiehen 570G XL,https://tarvike.com/product/vasara-kirvesmiehen-570g-xl-150368,https://media.tarvike.com/product/images/150368/original/188737.webp,57.0,Ergonomisesti muotoiltu.,,Hultafors,
5370992002,Vasara 454GR,https://tarvike.com/product/vasara-454gr-150374,https://media.tarvike.com/product/images/150374/original/188732.webp,27.0,Paino ilman vartta 454 g. Tee se itse-käyttöön,,Hultafors,
5370988002,Vasara Kuulapää 500G,https://tarvike.com/product/vasara-kuulapaa-500g-150371,https://media.tarvike.com/product/images/150371/original/188735.webp,44.0,Paino ilman vartta 500 g. Saarnivarsi.,,Hultafors,
5362246002,Reikäsahan jatkovarsi 11x300 mm Hex 7/16',https://tarvike.com/product/reikasahan-jatkovarsi-11x300-mm-hex-716-151656,https://media.tarvike.com/product/images/151656/original/188601.webp,14.9,Koko Ø 11 x 300 mm.,,MPS,
5216229002,Ruuvitaltta,https://tarvike.com/product/ruuvitaltta-t10x80mm-39173,https://media.tarvike.com/product/images/39173/original/188427.webp,4.1,,,IKH,
5216174002,King Led Taskulamppu,https://tarvike.com/product/king-led-taskulamppu-166391,https://media.tarvike.com/product/images/166391/original/188353.jpg,5.1,Jokaisessa lampussa 9 kirkasta lediä. Valoteho 13000 - 15000 MCD/LED.,,KING,
5171663002,Betonihierra 20x36cm,https://tarvike.com/product/betonihierra-20x36cm-149214,https://media.tarvike.com/product/images/149214/original/188313.webp,14.9,"Koko 20 x 36 cm, Vahvuus 17mm.",,IKH,
5171647002,Rasiaporasarja 60-95mm,https://tarvike.com/product/rasiaporasarja-60-95mm-155774,https://media.tarvike.com/product/images/155774/original/188131.webp,9.9,,,IKH,
5171644002,Venttiilityökalu,https://tarvike.com/product/venttiilityokalu-155755,https://media.tarvike.com/product/images/155755/original/188248.webp,5.5,,,,
5017936002,"Ohjainkapula, AWD",https://tarvike.com/product/ohjainkapula-awd-149015,https://media.tarvike.com/product/images/149015/original/188156.webp,49.0,,,AWD,
5017873002,"Metallikantapolttimo, Safra 2418D 24V",https://tarvike.com/product/metallikantapolttimo-safra-2418d-24v-156637,https://media.tarvike.com/product/images/156637/original/188071.jpg,1.7,24V 15W BA15D.,,SAFRA,
4964053000,Honda EM 5500 generaattori,https://tarvike.com/product/honda-em-5500-generaattori-106618,https://media.tarvike.com/product/images/106618/original/149638.jpg,2990.0,"Tämä generaattori on varustettu vakiona taittuvilla työntöaisoilla ja suurilla renkailla, jotka helpottavat laitteen siirtämistä. Sähkökäynnistys tuo mukavuutta, akku on integroitu laitteen sisään. Suuri polttoainesäiliö riittää koko päivän työskentelyyn.",,Honda,
4964013000,Nira Pumppu 6B Vedelle ja öljylle,https://tarvike.com/product/nira-pumppu-6b-vedelle-ja-oljylle-103109,https://media.tarvike.com/product/images/103109/original/147046.jpg,269.0,"Talousveden, dieselöljyn, moottoripolttoöljyn, voitelu- ja hydrauliikkaöljyjen, glykolin pumppaamiseen.",,Nira,
4963998000,Master Termostaatti TH-5 3M,https://tarvike.com/product/master-termostaatti-th-5-3m-103100,https://media.tarvike.com/product/images/103100/original/144369.jpg,87.0,Asteikko 0°C...+35°C Virtajohto 3 m Kytketään suoraan lämmittimeen omalla pistokkeella,,Master,
4963969000,Honda Generaattori EU32i,https://tarvike.com/product/honda-generaattori-eu32i-103063,https://media.tarvike.com/product/images/103063/original/144285.jpg,3390.0,"Hondan uusi salkkumallinen generaattori tarjoaa tehoa ja älyä kompaktissa paketissa. Pieni mutta mahtava! Moottorissa on polttoaineen ruiskutus joka säästää polttoainekuluissa sekä on helppo käynnistää kelissä kuin kelissä. Sähkön laatu on erinomainen invertteritekniikan ansiosta. Honda my Generator -applikaation avulla voit seurata mm. polttoaineen määrää, sähkön tuottoa tai vaikka sammuttaa laitteen.",,Honda,
4963965000,XL Tools Generaattori 2.1KVA,https://tarvike.com/product/xl-tools-generaattori-21kva-103061,https://media.tarvike.com/product/images/103061/original/144296.webp,754.01,"XL-Tools SE2000i on kevyt ja helposti siirrettävä aggregaatti, joka tarjoaa luotettavaa tehoa vaativiin tarpeisiin. Tämä yksisylinterinen, ilmajäähdytteinen 4-tahtimoottori tuottaa maksimitehona 2100 W ja nimellistehona 1800 W, joten se sopii täydellisesti niin työmaalle kuin vapaa-ajan käyttöön.",,XL Tools,
4963949000,Honda Generaattori EU 70i,https://tarvike.com/product/honda-generaattori-eu-70i-103049,https://media.tarvike.com/product/images/103049/original/144322.jpg,5490.0,Täydellinen varavoimala. Pyörät ja aisat helpottavat liikuttelua. Hiljainen. Sähkökäynnistys. Mahdollisuus kaukokäynnistykseen. Tyhjäkäyntiautomatiikka säästää polttoainetta.,,Honda,
4963932000,StrongLine Kompressori 50L/356L/3HP/230V,https://tarvike.com/product/strongline-kompressori-50l356l3hp230v-103041,https://media.tarvike.com/product/images/103041/original/204786.png,349.0,"Kompressorissa on renkaat ja kahva helppoa siirtämistä varten. Iso 50 litran säiliö takaa, että paineilma riittää isompiinkin töihin.",,StrongLine,
4934645000,Husqvarna K 540i Laikkaleikkuri,https://tarvike.com/product/husqvarna-k-540i-laikkaleikkuri-126460,https://media.tarvike.com/product/images/126460/original/160648.webp,1250.86,"Uusi K 540i on akkukäyttöinen laikkaleikkuri, joka on optimoitu kivi-, muuraus- ja maisematöihin. Se on varustettu Husqvarnan X-Halt™-jarrutoiminnolla, joka parantaa käyttöturvallisuutta. Laikkaleikkurin teho-painosuhde on erinomainen ja tasapaino optimaalinen. Leikkurin leikkaussyvyys on 100 mm, ja sen teränsuojus on säädettävä. Tuote sopii täydellisesti sekä märkiin että kuiviin leikkuutöihin. K 540i on ergonominen sekä käyttäjäystävällinen ja sen tärinäarvot ovat pienet. Laikkaleikkuri ei tuota lainkaan CO₂-päästöjä käytön aikana.",,Husqvarna,
4872022002,"Varalasi, Kirkas / 1268-201",https://tarvike.com/product/varalasi-kirkas-1268-201-156642,https://media.tarvike.com/product/images/156642/original/188046.jpg,6.7,"Varalasi 006717-241 lyhtyyn, (1168).",,Talmu,
4871669002,Siniaalto invertteri 350W,https://tarvike.com/product/siniaalto-invertteri-350w-156733,https://media.tarvike.com/product/images/156733/original/187911.jpg,182.0,"Max virrankulutus 35A, 1x230AC rasia. Hetkellinen tehonkesto 700W, lepovirta <0.7A, 1.5kg.",,INTELLIGENT,
4871364002,Vara-avain 1000-0040,https://tarvike.com/product/vara-avain-1000-0040-156929,https://media.tarvike.com/product/images/156929/original/187620.jpg,5.1,,,Startax,
4582018000,Milwaukee Kolmiosuorakulma 180mm,https://tarvike.com/product/milwaukee-kolmiosuorakulma-180mm-109423,https://media.tarvike.com/product/images/109423/original/153226.jpg,27.2,Tarkat merkintälovet helpottavat merkintöjen tekemistäNäkyvät laseretsatut merkinnätTuki avustamaan putkien katkaisemisessaKorotettu kanta parantaa otetta,,Milwaukee Tools,
4579841000,Tarrapyörö Abralon 150mm K2000,https://tarvike.com/product/tarrapyoro-abralon-150mm-k2000-106320,https://media.tarvike.com/product/images/106320/original/149161.jpg,91.9,"Abralon®Viimeistelyyn, puhdistukseen ja kiillotukseenHiottavat materiaalit esim. alumiini, hiiliteräs, raudattomat metallit, ruostumaton teräs, teräs, kupariseokset, messinki, pronssi, muovi, komposiittipinnat, lasikuitu, maalin hionta, lakatut pinnat, puuTarrakiinnitysKoko 150 mmKarkeus P200020kpl/pkt",,IKH,
4579838000,Hiomaliuska Abranet 80 x 230mm K 80,https://tarvike.com/product/hiomaliuska-abranet-80-x-230mm-k-80-106315,https://media.tarvike.com/product/images/106315/original/149179.jpg,9.99,"Hiomajyvä alumiinioksidi, sideaine tekohartsi, selkämateriaali polyamidiverkkoTarrakiinnitysSoveltuu täyteaineiden, pohja- ja pintavärien sekä kirkaslakkojen hiontaan sekä komposiittien, pehmeän alumiinin, pehmeän puun sekä kipsi- ja MDF-levyjen hiontaanSopii käsihiomatuelle MIR1511Koko 80 x 230 mmKarkeus P803kpl/pkt",,IKH,
4579808000,"Vannenauha, 21 22mm",https://tarvike.com/product/vannenauha-21-22mm-106808,https://media.tarvike.com/product/images/106808/original/149878.jpg,3.3,"21"" vanteelleLeveys 22mmSuojaa sisärengasta pinnojen nipoilta.",,Maxxis,
4578958000,Kemper Nestekaasupoltin 45mm,https://tarvike.com/product/kemper-nestekaasupoltin-45mm-106195,https://media.tarvike.com/product/images/106195/original/148948.jpg,32.9,"Poltin Ø 45 mmPutki 350 mmKulutus: 0,85 kg/h (0,5 bar) / 2,25 kg/h (3 bar)Letkuliitin 6 mm letkulle",,Kemper,
4578944000,Kiinnitysteline lisävaloille,https://tarvike.com/product/kiinnitysteline-lisavaloille-105934,https://media.tarvike.com/product/images/105934/original/148571.jpg,23.75,"Kiinnitysteline lisävaloille, asennus rekisterikilven alle. Sopii EU-rekisterikilville.Leveys 430 mm, korkeus 90 mm",,,
4578936000,Kemper Kaasujuotin micro,https://tarvike.com/product/kemper-kaasujuotin-micro-106189,https://media.tarvike.com/product/images/106189/original/148967.jpg,15.9,Työskentelyaika max. 40 minKaasu ei sisälly toimitukseenVaraosia / Tarvikkeita:Butaanikaasusäiliö WKBU001,,Kemper,
4578909000,IKH Työkalusarja 128-osainen,https://tarvike.com/product/ikh-tyokalusarja-128-osainen-106175,https://media.tarvike.com/product/images/106175/original/148940.jpg,205.0,Laadukas kromi-vanadiumista valmistettu 128-osainen työkalusarja,,IKH,
4578878000,"Hikoki Sirkkelinterä TCT 216x2,3x30mm",https://tarvike.com/product/hikoki-sirkkelintera-tct-216x23x30mm-106162,https://media.tarvike.com/product/images/106162/original/148924.jpg,54.9,"PyörösahanteräKoko 216 x 2,3 / 1,5 x 30 mm Z48",,Hikoki,
4578821000,Ledwise Rogue LED Minitaskulamppu,https://tarvike.com/product/ledwise-rogue-led-minitaskulamppu-106059,https://media.tarvike.com/product/images/106059/original/148774.jpg,50.0,"Ledwise Roguea minivalaisin on pieni, mutta silti tajunnanräjäyttävällä 600lumenin teholla varustettu. Täydellä teholla käyttöaika on jopa 70min. Rogue on vain 54.5mm pitkä ja painaa 27gr ilman akkua. Runko-osa on 6061-T6 alumiiniseosta joka on erittäin kestävää eikä pienistä tai isoistakaan kolhuista hätkähdä. Valokuvio on erittäin leveä ja valaisee lähialueen erittäin tehokkaasti, mutta tehoa riittää pidemmälle myös. Valon neljästä valotehosta löytyy oikea helposti. Valaisimen toinen pää on voimakkaasti magneettinen, joten sen voi kiinnittää vaikka konepeltiin autoa korjatessa.. Akkuna käytetään 16340 tyypin 700mAh USB- ladattavaa mallia joka sisältyy pakkaukseen. Vaihtoehtoisena tuotteena paristo CR123A on sopiva mutta tällöin valoteho jää ilmoitetusta tehosta noin 50%.",,Ledwise,
4577743002,Säädettävä Reikäsaha 30-120mm,https://tarvike.com/product/saadettava-reikasaha-30-120mm-155887,https://media.tarvike.com/product/images/155887/original/187600.webp,7.9,,,IKH,
4577741002,Koneruuvipuristin 150mm,https://tarvike.com/product/koneruuvipuristin-150mm-155886,https://media.tarvike.com/product/images/155886/original/187599.webp,34.9,,,IKH,
4577740002,Koneruuvipuristin 100mm,https://tarvike.com/product/koneruuvipuristin-100mm-155885,https://media.tarvike.com/product/images/155885/original/187599.webp,19.9,,,IKH,
37451092000,Robota DC-M18V Akkuliukujiirisirkkeli runko,https://tarvike.com/product/robota-dc-m18v-akkuliukujiirisirkkeli-runko-246343,https://media.tarvike.com/product/images/246343/original/214631.webp,199.0,Robotan akkutyökalusarjan laadukas akkuliukujiirisirkkeli. Tällä liukutoimisella sirkkelillä sahaat reilummankin kokoiset kappaleet tehokkaasti ja tarkasti. Akkutoiminen kone on helppo viedä myös sinne missä verkkovirtaa ei ole saatavilla. Koneen maksimisahaus suoraan sahatessa on 220x60mm. Ei sisällä akkua ja laturia,,Robota,
3550987002,Jatkopistorasia Voimavirta 32A Tubo-Twist,https://tarvike.com/product/jatkopistorasia-voimavirta-32a-tubo-twist-148943,https://media.tarvike.com/product/images/148943/original/186365.webp,14.9,,,Amiga,
341388002,Hikoki epäkeskohiomakone SV13YA 125mm 230W,https://tarvike.com/product/hikoki-epakeskohiomakone-sv13ya-125mm-230w-106170,https://media.tarvike.com/product/images/106170/original/148938.jpg,169.0,"erittäin kevyt ja kompakti epäkeskohiomakoneerittäin korkea hiomatehokäteen sopiva ergonominen otekahva, yhden käden otteella hallittavissaportaaton nopeudensäätö ja vakionopeussäädintehokas pölynpoisto125 mm hioma-alusta 8 reiällä ja tarrakiinnitykselläPad Control System kontrolloitu käynnistysnopeus mahdollistaa huolitellun työnjäljen",,Hikoki,
341386002,Hikoki Nauhahiomakone SB8V2 1020W,https://tarvike.com/product/hikoki-nauhahiomakone-sb8v2-1020w-106168,https://media.tarvike.com/product/images/106168/original/148930.jpg,259.0,vahva ja näppärän kokoinen nauhahiomakone erittäin tehokkaalla moottorillaergonominen kumipäällystetty otekahva kahdelle kädelleportaaton nopeudensäätötehokas pölynpoistolukitustoiminto kytkimessäsoveltuu myös nurkkahiontaan ja ahtaisiin kohteisiinnauhan aseman tarkistusikkunahiomanauhanvaihto helppoa,,Hikoki,
3384270002,Kaakeliporanterä Keramo Extreme,https://tarvike.com/product/kaakeliporantera-8mm-keramo-extreme-38480,https://media.tarvike.com/product/images/38480/original/185564.webp,23.4,Keramo Extreme on laattaporanterä erikoiskoville keraamisille laatoille (Mohs 9 luokkaan asti) sekä lasille ja posliinille,,IKH,
3384267002,Puuporanterä HOLZ,https://tarvike.com/product/puuporantera-18x460mm-holz-38476,https://media.tarvike.com/product/images/38476/original/185565.webp,21.95,Puun poraukseen. Erittäin tarkka vetävän kärjen ansiosta ja terävä tarkkuushiotun muotoilun ansiosta,,Alpen,
3384257002,"Poranterä 7,0MM HSS Sprint Master DIN338",https://tarvike.com/product/porantera-70mm-hss-sprint-master-din338-148914,https://media.tarvike.com/product/images/148914/original/185568.webp,4.49,HSS Sprint Master poranterä: lujuus ja tarkkuus yhdistettynä hyvään leikkaustehoon,,Alpen,
3384256002,Puuporanteräsarja 8-OS 3-10MM HOLZ,https://tarvike.com/product/puuporanterasarja-8-os-3-10mm-holz-148913,https://media.tarvike.com/product/images/148913/original/185569.webp,18.5,"pehmeän ja kovan puun poraamiseen, lastulevyille, kuitulevyille, tappireikien poraamiseen",,Alpen,
3384255002,Poranterä keramiikalle 8X120MM Profi Keramo,https://tarvike.com/product/porantera-keramiikalle-8x120mm-profi-keramo-148909,https://media.tarvike.com/product/images/148909/original/185570.webp,6.99,"Suuritehoinen poranterä laattojen, keramiikan ja marmorin poraamiseen.",,Alpen,
32839439000,"Fixit Leka 2,7kg Lasikuituvarsi",https://tarvike.com/product/fixit-leka-27kg-lasikuituvarsi-155099,https://media.tarvike.com/product/images/155099/original/205833.webp,22.9,"Fixit Leka 2,7kg Lasikuituvarsi.",,Fixit,
32839422000,Wiha Ruuvimeisseli Speede 5-soainen. 1/4' Akkuavusteinen,https://tarvike.com/product/wiha-ruuvimeisseli-speede-5-soainen-14-akkuavusteinen-155674,https://media.tarvike.com/product/images/155674/original/205805.jpg,105.21,Wiha Ruuvimeisseli Speede 5-soainen. 1/4' Akkuavusteinen.,,Wiha,
2938678002,Yamaha EF3000 ISE generaattori,https://tarvike.com/product/yamaha-ef3000-ise-generaattori-103056,https://media.tarvike.com/product/images/103056/original/144315.jpg,2621.0,"Tällä voimalaitoksella voit sähköistää vaikka koko kesämökin. EF3000iSE-generaattori tarjoaa 3,0 kVA:n tehon, joka antaa vaivattomasti virran suurille laitteille. Pyörät helpottavat generaattorin siirtämistä.",,Yamaha,
2928493002,Tiivistesarja NB5,https://tarvike.com/product/tiivistesarja-nb5-156008,https://media.tarvike.com/product/images/156008/original/180736.webp,85.0,,,,
2928492002,Tiivistesarja B6000 GG680,https://tarvike.com/product/tiivistesarja-b6000-gg680-156007,https://media.tarvike.com/product/images/156007/original/180735.webp,75.0,,,,
2928491002,Ylipaineventtiili 3/8' 10Bar Air Tek,https://tarvike.com/product/ylipaineventtiili-38-10bar-air-tek-156005,https://media.tarvike.com/product/images/156005/original/180734.webp,19.5,,,,
2928490002,Ylipaineventtiili 1/4' 6Bar,https://tarvike.com/product/ylipaineventtiili-14-6bar-156000,https://media.tarvike.com/product/images/156000/original/180732.webp,19.5,,,,
2928489002,Poranteräsarja 6-OS 2-8MM HSS-CO PZ-COBALT,https://tarvike.com/product/poranterasarja-6-os-2-8mm-hss-co-pz-cobalt-148881,https://media.tarvike.com/product/images/148881/original/180666.webp,34.5,,,,
2928488002,"Tiiviste (JC, H,AR + HT) Musta 10KPL",https://tarvike.com/product/tiiviste-jc-har-ht-musta-10kpl-148877,https://media.tarvike.com/product/images/148877/original/180668.webp,29.99,,,,
2928487002,Tiiviste X11  10KPL,https://tarvike.com/product/tiiviste-x11-10kpl-148876,https://media.tarvike.com/product/images/148876/original/180669.webp,42.0,,,,
2928486002,Letku Kynäruiskulle 3M,https://tarvike.com/product/letku-kynaruiskulle-3m-156001,https://media.tarvike.com/product/images/156001/original/180733.webp,5.9,,,,
29203264000,2523 Blåkläder ToolRig™ Työkalulaukku,https://tarvike.com/product/2523-blaklader-toolrig-tyokalulaukku-178820,https://media.tarvike.com/product/images/178820/original/203260.png,89.8,"Kestävä työkalulaukku, joka pitää varusteesi järjestyksessä. Voit kantaa sitä kahvasta tai olalla. Avoin ja vakaa rakenne antaa nopean yleiskuvan ja nopean pääsyn kaikkeen, mitä tarvitset.",,Blåkläder,
28308607001,Kuusiokoloavainsarja 25-OS. mm/Tuuma,https://tarvike.com/product/kuusiokoloavainsarja-25-os-mmtuuma-155757,https://media.tarvike.com/product/images/155757/original/188250.webp,9.99,,,Fixit,
2815913002,Kierrelukite Vahva 2701 50ml,https://tarvike.com/product/kierrelukite-vahva-2701-50ml-150238,https://media.tarvike.com/product/images/150238/original/195165.webp,84.7,Vahva lukitus. Estää korroosion,,Loctite,
2615580002,Painekytkin 1/4',https://tarvike.com/product/painekytkin-14-156014,https://media.tarvike.com/product/images/156014/original/180602.webp,36.0,,,IKH,
2615579002,"Moottori 2,2KW",https://tarvike.com/product/moottori-22kw-156016,https://media.tarvike.com/product/images/156016/original/180601.jpeg,213.0,240V 24MM Kompressoreihin. Kiinnitys 125 x 140 mm.,,StrongLine,
2615576002,Juotoskolvi 200W,https://tarvike.com/product/juotoskolvi-200w-155999,https://media.tarvike.com/product/images/155999/original/180597.jpeg,99.9,230V N.530C ST.,,Stannol,
2615573002,Painekytkin 3/8' 16A,https://tarvike.com/product/painekytkin-38-16a-156020,https://media.tarvike.com/product/images/156020/original/180592.jpeg,36.0,"Säiliön liitos 3/8"".",,StrongLine,
2615572002,Painekytkin mini 8-10BAR,https://tarvike.com/product/painekytkin-mini-8-10bar-156021,https://media.tarvike.com/product/images/156021/original/180591.jpeg,30.0,"Kierre 1/4"".",,StrongLine,
2615571002,Painekytkin 1/4',https://tarvike.com/product/painekytkin-14-156019,https://media.tarvike.com/product/images/156019/original/180590.jpeg,60.0,,,StrongLine,
2615570002,Hihnapyörä 130mm 1U A19,https://tarvike.com/product/hihnapyora-130mm-1u-a19-156022,https://media.tarvike.com/product/images/156022/original/180589.jpeg,27.0,"Kiilahahlon leveys 6 mm, Akselireiän halkaisija Ø 19 mm.",,StrongLine,
2615540002,Sytytyspuola,https://tarvike.com/product/sytytyspuola-156054,https://media.tarvike.com/product/images/156054/original/180556.jpeg,20.2,,,IKH,
2615539002,Hammashihna HTD 5M750,https://tarvike.com/product/hammashihna-htd-5m750-156055,https://media.tarvike.com/product/images/156055/original/180555.jpg,21.3,,,IKH,
2615533002,Säiliön ilmapussi XVP006/008,https://tarvike.com/product/sailion-ilmapussi-xvp006008-156083,https://media.tarvike.com/product/images/156083/original/180516.jpeg,30.3,XVP006/008.,,IKH,
2615530002,Smirgeli kivi/nauha.,https://tarvike.com/product/smirgeli-kivinauha-156096,https://media.tarvike.com/product/images/156096/original/180507.jpg,116.39,150mm 50x690mm 23v.,,Steeltec,
2615525002,Hooninkivet 3KPL,https://tarvike.com/product/hooninkivet-3kpl-156099,https://media.tarvike.com/product/images/156099/original/180504.jpeg,4.95,(XWS195). Sopii hoonaustyökaluun XWS195.,,IKH,
2615520002,Hoonaustyökalu,https://tarvike.com/product/hoonaustyokalu-156101,https://media.tarvike.com/product/images/156101/original/180502.jpeg,41.0,50-175MM (2'-7'). Esim. sylinterien seinämien hiontaan.,,IKH,
2542475002,Optibeam Pure 506 lisävalo,https://tarvike.com/product/optibeam-pure-506-lisavalo-106029,https://media.tarvike.com/product/images/106029/original/148702.jpg,399.0,"Optibeamin Pure 506 on uuden teknologian valo, jonka kehitystyöhön Optibeam on panostanut enemmän kuin mihinkään muuhun. Pure- valon kehitystyöhön on osallistunut ammattilaisia usealta eri toimialalta, jolla varmistettiin valon soveltuvuus eri tyyppisiin ajoneuvoihin.",,Optibeam,
2397536002,Hiomanauha 13x457mm P40 Hiolit XO 3kpl,https://tarvike.com/product/hiomanauha-13x457mm-p40-hiolit-xo-3kpl-151622,https://media.tarvike.com/product/images/151622/original/194598.webp,6.1,Karkeus P40. Koko 13 x 457mm. Laatu Hiolit XO.,,MIRKA,
2397534002,Hiomanauha 13x457mm P80 Zir,https://tarvike.com/product/hiomanauha-13x457mm-p80-zir-151615,https://media.tarvike.com/product/images/151615/original/194599.webp,3.2,Mirka ZIR-kapeanauhat ovat ihanteellisia käytettäväksi yhdessä Mirka® PBS -nauhahiomakoneiden kanssa metallintyöstöön sekä ruostumattoman teräksen hiontaan autoalan jälkimarkkinoilla,,MIRKA,
2397528002,Lamellilaikka kiillotus 125mm hieno,https://tarvike.com/product/lamellilaikka-kiillotus-125mm-hieno-151602,https://media.tarvike.com/product/images/151602/original/194594.webp,15.9,"Koko Ø 125 x 22,2 mm.",,MIRKA,
2397526002,Lamellilaikka kiillotus 125mm medium,https://tarvike.com/product/lamellilaikka-kiillotus-125mm-medium-151601,https://media.tarvike.com/product/images/151601/original/194595.webp,15.9,"Koko Ø 125 x 22,2 mm.",,MIRKA,
2397524002,Hiomapaperi 70x420mm P80 Abranet 50kpl,https://tarvike.com/product/hiomapaperi-70x420mm-p80-abranet-50kpl-151595,https://media.tarvike.com/product/images/151595/original/194610.webp,105.0,"Hiomajyvä alumiinioksidi, sideaine tekohartsi, selkämateriaali polyamidiverkko",,MIRKA,
2397518002,Hiomanauha 75x457mm P120 Hiolit XO 3kpl,https://tarvike.com/product/hiomanauha-75x457mm-p120-hiolit-xo-3kpl-151592,https://media.tarvike.com/product/images/151592/original/194603.webp,11.9,"Laatu Hiolit XO, Koko 75 x 457mm. Karkeus P120",,MIRKA,
2397516002,Hiomanauha 75x457mm P80 Hiolit XO 3kpl,https://tarvike.com/product/hiomanauha-75x457mm-p80-hiolit-xo-3kpl-151591,https://media.tarvike.com/product/images/151591/original/194604.webp,11.9,"Koko 75 x 457mm, karkeus P80. Laatu Hiolit XO",,MIRKA,
2397514002,Hiomanauha 75x457mm P40 Hiolit XO 3kpl,https://tarvike.com/product/hiomanauha-75x457mm-p40-hiolit-xo-3kpl-151590,https://media.tarvike.com/product/images/151590/original/194607.webp,11.9,"Laatu Hiolit XO. Koko 75 x 457mm, karkeus P40",,MIRKA,
23645686000,Kaasupatruuna 40G 2kpl,https://tarvike.com/product/kaasupatruuna-40g-2kpl-150182,https://media.tarvike.com/product/images/150182/original/197297.webp,23.2,"Sopii sinkilänaulain SG31/40-A1, runkonaulain 34GR NR90GC2, runkonaulain 7,2V NR90GC2 (34°), betoninaulain 7,2V NC 40G",,Hitachi,
23645683000,Kaasupatruuna 16G 2kpl,https://tarvike.com/product/kaasupatruuna-16g-2kpl-150181,https://media.tarvike.com/product/images/150181/original/197298.webp,22.5,Standardisoitu 30 ml kaasupatruuna yleiskiinnityksellä. Voiteleva vaikutus.,,Hitachi,
23645673000,"Sirkkelinterä 216x2,8x30mm Z60 NEG.",https://tarvike.com/product/sirkkelintera-216x28x30mm-z60-neg-174498,https://media.tarvike.com/product/images/174498/original/197295.webp,92.0,"Alumiinille, laminaatille ja kovalle puulle",,Hitachi,
23644672000,Hioma-Alusta 80mm Starlock,https://tarvike.com/product/hioma-alusta-80mm-starlock-151654,https://media.tarvike.com/product/images/151654/original/192599.webp,15.5,Koko 80 mm. Käyttökohde: puu ja metalli.,,MPS,
23644661000,Hiomahylsyt 4kpl,https://tarvike.com/product/hiomahylsyt-45x30-mm-p50-4-kpl-41231,https://media.tarvike.com/product/images/41231/original/195262.webp,10.9,Karkeus P50. Koko 45 x 30mm.,,IKH,
23261014000,Robota akku BC-B 18V 4Ah,https://tarvike.com/product/robota-akku-bc-b-18v-4ah-173621,https://media.tarvike.com/product/images/173621/original/194794.jpg,39.9,Robota Li-Ion akku Robotan 18 V akkutyökaluille. Akun varaustilan näyttö Led-valoilla.,,Robota,
2316489002,"Konepyörä, pöytämalli",https://tarvike.com/product/konepyora-poytamalli-147712,https://media.tarvike.com/product/images/147712/original/180192.webp,239.0,"Kapasiteetti 1,5 mm pehmeä teräs, alumiini, kupari.",,Steeltec,
2316111002,"Hylsysarja 1/4"" 21-osainen",https://tarvike.com/product/hylsysarja-14-21-osainen-147692,https://media.tarvike.com/product/images/147692/original/180074.webp,24.9,,,IKH,
2316110002,Puukkosaha 18V CR18DBL- Runko,https://tarvike.com/product/puukkosaha-18v-cr18dbl-runko-147691,https://media.tarvike.com/product/images/147691/original/180072.webp,249.0,Helppokäyttöinen ja tehokas puukkosaha keveän ja ergonomisen rakenteensa ansiosta. Hiiliharjaton moottori (pitkäikäisempi ja tehokkaampi kuin hiiliharjalliset moottorit).,,Hikoki,
2316105002,Paineilmaletkukela 15m,https://tarvike.com/product/paineilmaletkukela-15m-147682,https://media.tarvike.com/product/images/147682/original/180063.webp,89.0,Automaattinen takaisinkelautuminen. Helppo irroittaa sekä uljettaa varastointia varten.,,AWD,
23107256000,Tankkauspistooli sarja letkulla 4 m,https://tarvike.com/product/tankkauspistooli-sarja-letkulla-4-m-151486,https://media.tarvike.com/product/images/151486/original/194678.webp,72.0,"Manuaalinen polttoainepistooli alumiinia, 1"" BSP pyörivä liitin.",,Meganex,
23107235000,Lyijytäytepakkaus merkintäkynään graf.+liitu 10kpl,https://tarvike.com/product/lyijytaytepakkaus-merkintakynaan-grafliitu-10kpl-150386,https://media.tarvike.com/product/images/150386/original/194665.webp,7.5,Kestävät lyijyt sietävät hyvin kosteutta.,,Hultafors,
23107234000,Lyijytäytepakkaus merkintäkynään grafiitti 10kpl,https://tarvike.com/product/lyijytaytepakkaus-merkintakynaan-grafiitti-10kpl-150385,https://media.tarvike.com/product/images/150385/original/194664.webp,8.3,Kestävät lyijyt sietävät hyvin kosteutta.,,Hultafors,
22883040000,Koverrustalttasarja 5-os puukahva,https://tarvike.com/product/koverrustalttasarja-5-os-puukahva-155168,https://media.tarvike.com/product/images/155168/original/191181.webp,29.9,,,PG,
22883038000,Reikämeisti DIN 7200 MM10,https://tarvike.com/product/reikameisti-din-7200-mm10-151035,https://media.tarvike.com/product/images/151035/original/194544.webp,14.0,"Tiivisteiden, tiivisterenkaiden yms. tekemiseen. Lävistää muovia, nahkaa, huopaa, kumia, korkkia, tekstiiliä ym.",,Turnus,
22883037000,Katkaisutaltta 300mm,https://tarvike.com/product/katkaisutaltta-300mm-150982,https://media.tarvike.com/product/images/150982/original/194542.webp,26.5,Käytetään pääasiassa metallintyöstössä. Läpikarkaistu rakenne takaa tehokkaan iskuvoiman välittymisen ja mahdollistaa työpään toistuvan uudelleenhionnan.,,Rennsteigwerkzeuge,
21569862000,Kuusiokoloavainsarja Pallopää 9-Os. Prostar Sb,https://tarvike.com/product/kuusiokoloavainsarja-pallopaa-9-os-prostar-sb-155664,https://media.tarvike.com/product/images/155664/original/188602.webp,54.3,"Wiha 9-osainen pallopääkuusiokoloavainsarja lyhyellä sakaralla ProStar-pidikkeessä. Pallopään ansiosta pääset helposti käsiksi ruuveihin ja voit työskennellä jopa 25 asteen kulmassa. Pidike liukuu yhdellä kädellä sivulle, tarvittava avain nopeasti käyttöön.",,Wiha,
21569861000,Torx Avainsarja Pallopää  8-Os. Sb,https://tarvike.com/product/torx-avainsarja-pallopaa-8-os-sb-155661,https://media.tarvike.com/product/images/155661/original/188604.webp,58.0,Wiha 8-osainen kuusiokoloavainsarja Classic-pidikkeessä. Torx-kuulapää mahdollistaa ruuvauksen jopa 25° kulmassa.,,Wiha,
21569860000,Ergonominen Varsi 1500mm,https://tarvike.com/product/ergonominen-varsi-1500mm-155538,https://media.tarvike.com/product/images/155538/original/189219.webp,26.9,"Alumiinia Ergonominen otepinta Varren otepinta eristetty, Ø 31 mm Varsi ei kestä voimakkaasti liuottavia aineita",,Vikan,
21569858000,Ruuvipuristin 70mm,https://tarvike.com/product/ruuvipuristin-70mm-155182,https://media.tarvike.com/product/images/155182/original/193747.webp,30.5,Ruuvipuristin 70mm,,PG,
21351698001,Nuohoussarja 200mm,https://tarvike.com/product/nuohoussarja-200mm-145363,https://media.tarvike.com/product/images/145363/original/176886.webp,16.9,"Sisältää kuula, harja ja köysi.",,IKH,
20581161001,Sika liimapuristin CTR 220 ml,https://tarvike.com/product/sika-liimapuristin-ctr-220-ml-153095,https://media.tarvike.com/product/images/153095/original/195231.webp,150.0,Tarkoitettu erityisesti SikaPower® 4720 koriliiman puristamiseen.,,Sika,
20581158001,2-komponenttinen koriliima 220 ml Sikapower 4720 A+B,https://tarvike.com/product/2-komponenttinen-koriliima-220-ml-sikapower-4720-ab-153091,https://media.tarvike.com/product/images/153091/original/195246.webp,107.0,"SikaPower® 4720 on 2-komponenttinen, korkealujuuksinen epoksipohjainen rakenneliima erinomaisilla tartuntaominaisuuksilla. Tuote soveltuu metalli- ja komposiittiohutlevyjen rakenteelliseen liimaamiseen auton koriin.",,Sika,
20581154001,Pintatasoite 250 ml yleis valkoinen Multifill,https://tarvike.com/product/pintatasoite-250-ml-yleis-valkoinen-multifill-153085,https://media.tarvike.com/product/images/153085/original/195242.webp,12.49,"MultiFill on valkoinen käyttövalmis viimeistelytasoite sisä- ja ulkokäyttöön. Soveltuvia alustoja ovat kipsilevy, puu, tiili, betoni ja kivi.",,Casco,
20581152001,"Patruunasuutin 12 kpl, 300 ml patruunoille, Sika",https://tarvike.com/product/patruunasuutin-12-kpl-300-ml-patruunoille-sika-153083,https://media.tarvike.com/product/images/153083/original/195237.webp,9.95,sopii 300ml patruunoille.,,Sika,
20501979001,Sähkömeisselisrj 6-Os. Suoraura/Ph Sb,https://tarvike.com/product/sahkomeisselisrj-6-os-suorauraph-sb-155663,https://media.tarvike.com/product/images/155663/original/188605.webp,80.0,Wiha SoftFinish Electric SlimFix sähkömeisselisarja. Jännitteisten osien alueella tehtäviin töihin 1000 V AC saakka. Täysin eristetyillä Wiha SlimFix-terillä pääset ongelmitta käsiksi syvälle oleviin ruuveihin. Patentoitu SoftFinish-kahvan muotoilu suojaa kättä ja käden lihaksia ylimääräiseltä kuormitukselta.,,Wiha,
20501977001,Ketjunkatkaisu / Prässäystyökalusarja,https://tarvike.com/product/ketjunkatkaisu-prassaystyokalusarja-150518,https://media.tarvike.com/product/images/150518/original/194514.webp,83.7,,,IKH,
20252805001,Varalasi,https://tarvike.com/product/varalasi-153320,https://media.tarvike.com/product/images/153320/original/194820.webp,14.9,Sopii ST342115211.,,Talmu,
20252803001,Varalasi combi pitkä vasen,https://tarvike.com/product/varalasi-combi-pitka-vasen-153284,https://media.tarvike.com/product/images/153284/original/194822.webp,9.5,"Sopii ST100510, ST100512 ja ST100516.",,AJBA,
20252801001,Varalasi combi lyhyt vasen,https://tarvike.com/product/varalasi-combi-lyhyt-vasen-153282,https://media.tarvike.com/product/images/153282/original/194824.webp,9.5,"Sopii ST100500, ST100502, ST100504.",,AJBA,
20252800001,"Varalasi, Punainen",https://tarvike.com/product/varalasi-punainen-153220,https://media.tarvike.com/product/images/153220/original/194825.webp,4.6,Sopii tuotteeseen ST0347.,,SIM,
20252799001,Varalasi PV300125,https://tarvike.com/product/varalasi-pv300125-152525,https://media.tarvike.com/product/images/152525/original/194827.webp,53.5,,,IKH,
20252798001,Varalasi PV300133,https://tarvike.com/product/varalasi-pv300133-152524,https://media.tarvike.com/product/images/152524/original/194832.webp,49.5,Sopii PV300133.,,RIV,
20216434000,Lakaisuharja 600mm Puu/Sekoiteharjas,https://tarvike.com/product/lakaisuharja-600mm-puusekoiteharjas-155629,https://media.tarvike.com/product/images/155629/original/188623.webp,33.9,"Puurunko, harja keino- ja luonnonkuitusekoitus Harjaksen pituus 65 mm Korkeus 80 mm Leveys 630 mm Syvyys 95 mm Paino 920 g",,Sini,
20216410000,Lattialasta 400 mm 708852-40,https://tarvike.com/product/lattialasta-400-mm-708852-40-155542,https://media.tarvike.com/product/images/155542/original/188757.webp,12.9,"Vesi, öljy- ja rasvalätäköiden kuivaamiseen.",,Vikan,
20213529000,Pumppu vedelle 12V 28L,https://tarvike.com/product/pumppu-vedelle-12v-28l-149192,https://media.tarvike.com/product/images/149192/original/186328.webp,175.0,,,IKH,
20177892001,Surrikoukku Puukahva,https://tarvike.com/product/surrikoukku-puukahva-150620,https://media.tarvike.com/product/images/150620/original/194472.webp,5.99,,,Arras,
19768245002,"Robota DC-PS36V akkupöytäsaha, runko",https://tarvike.com/product/robota-dc-ps36v-akkupoytasaha-runko-246349,https://media.tarvike.com/product/images/246349/original/214676.webp,295.0,"Tehokkaalla moottorilla varustettu akkukäyttöinen pöytäsaha on jälleen yksi uusi lisäkone, jo ennestään kattavaan Robota DC-V akkutyökalusarjaan. Robota DC-PS36V -pöytäsaha on varustettu 210 mm:n terällä, joka mahdollistaa jopa 70 mm:n katkaisusyvyyden 90 asteen kulmassa. Sahanterän päällä on käyttäjää suojaava teräsuoja. Koneen sivussa oleva kantokahva helpottaa liikuteltavuutta eri työkohteisiin. Ei sisällä akkua ja laturia",,Robota,
19651175001,Monitoimileikkurin Terä Carbiidi BET HM Strarlock,https://tarvike.com/product/monitoimileikkurin-tera-carbiidi-bet-hm-strarlock-151655,https://media.tarvike.com/product/images/151655/original/192601.webp,34.5,,,MPS,
19651166001,Ilmasahanterä 100mm BIM 32TPI 3750 Metalli 5kpl,https://tarvike.com/product/ilmasahantera-100mm-bim-32tpi-3750-metalli-5kpl-151648,https://media.tarvike.com/product/images/151648/original/194396.webp,13.5,,,MPS,
19651162001,Pistosahanterä 110mm BIM 10-14TPI 3150F Multi 5kpl,https://tarvike.com/product/pistosahantera-110mm-bim-10-14tpi-3150f-multi-5kpl-151646,https://media.tarvike.com/product/images/151646/original/194389.webp,16.9,,,MPS,
19651156001,Pistosahanterä 75mm CV 8TPI 3106 Puu 5kpl,https://tarvike.com/product/pistosahantera-75mm-cv-8tpi-3106-puu-5kpl-151643,https://media.tarvike.com/product/images/151643/original/194393.webp,4.99,,,MPS,
19577882001,Holkki Liukulaakereillle 39/60X50m Hitsattava,https://tarvike.com/product/holkki-liukulaakereillle-3960x50m-hitsattava-151192,https://media.tarvike.com/product/images/151192/original/194260.webp,24.0,"Hitsattavat holkit esim. kone- ja laiterakennukseen. Hitsataan osaan, jossa tappi pyörii sisällä, sisäreikä sorvattu liukulaakerien mitoille.",,IKH,
19577880001,Holkki Liukulaakereille 32/50X25mm Hitsattava,https://tarvike.com/product/holkki-liukulaakereille-3250x25mm-hitsattava-151190,https://media.tarvike.com/product/images/151190/original/194260.webp,16.0,"Hitsattavat holkit esim. kone- ja laiterakennukseen. Hitsataan osaan, jossa tappi pyörii sisällä, sisäreikä sorvattu liukulaakerien mitoille.",,IKH,
19575842001,Letkunsidepihdit Vaijerilla 630mm,https://tarvike.com/product/letkunsidepihdit-vaijerilla-630mm-150429,https://media.tarvike.com/product/images/150429/original/194199.webp,68.1,,,IKH,
19545594001,Nedis Lyijyakku | Lyijyhappo |,https://tarvike.com/product/nedis-lyijyakku-lyijyhappo-137438,https://media.tarvike.com/product/images/137438/original/176947.jpg,31.99,"Koe vertaansa vailla oleva luotettavuus huoltovapaan lyijyakun avulla, joka on suunniteltu tuottamaan vakaata virtaa ja korkeaa hyötysuhdetta.",,Nedis,
19182997002,Husqvarna Huoltosarja K 970/K 1270,https://tarvike.com/product/husqvarna-huoltosarja-k-970k-1270-126458,https://media.tarvike.com/product/images/126458/original/186368.webp,67.52,"Pidennä ja paranna laikkaleikkurin käyttöikää huoltosarjalla. Huoltosarja sisältää ilmansuodattimen, polttoainesuodattimen ja sytytystulpan.",,Husqvarna,
19159356001,Robota DC-FS18V akkusähköviila runko,https://tarvike.com/product/robota-dc-fs18v-akkusahkoviila-runko-246368,https://media.tarvike.com/product/images/246368/original/214515.webp,69.9,Akkusähköviila säädettävällä kulmalla. Ei sisällä akkua ja laturia,,Robota,
18750633002,Buzzetti öljyns.avain 74/76mm/15-k,https://tarvike.com/product/buzzetti-oljynsavain-7476mm15-k-108964,https://media.tarvike.com/product/images/108964/original/152570.jpg,8.9,Varaosat ja lisävarusteet.,,,
18748537002,"Hallitunkki 2,5ton",https://tarvike.com/product/hallitunkki-25ton-106284,https://media.tarvike.com/product/images/106284/original/149119.jpg,299.0,"Max. kapasiteetti 2500 kgMin. korkeus 100 mmMax. korkeus 460 mmAlumiinia/terästäSivukahvatKaksoispumppuMitat 650 x 292 x 170 mmPaino 26,4 kg",,IKH,
18748146002,Nestekaasupoltin + Kaasu 190g,https://tarvike.com/product/nestekaasupoltin-kaasu-190g-106197,https://media.tarvike.com/product/images/106197/original/148956.jpg,29.9,Teho 1540 WPiezo- sähkösytytysKulutus 118 g/hSäiliö 190 g (sis. toimitukseen),,Kemper,
18748126002,Kiinnitysteline 3:lle lisävalolle,https://tarvike.com/product/kiinnitysteline-3lle-lisavalolle-105933,https://media.tarvike.com/product/images/105933/original/148567.jpg,29.94,"Kiinnitysteline 3 lisävaloille, asennus rekisterikilven alle. Sopii EU-rekisterikilville. Rosteria.",,,
18748106002,"IKH Hylsysarja paineilma 1/2"" 26-osainen",https://tarvike.com/product/ikh-hylsysarja-paineilma-12-26-osainen-106185,https://media.tarvike.com/product/images/106185/original/148966.jpg,135.0,12 kpl lyhyet paineilmahylsyt: 10 - 12 - 13 - 14 - 16 - 17 - 18 - 19 - 21 - 22 - 24 - 27 mm12 kpl pitkät paineilmahylsyt: 10 - 12 - 13 - 14 - 16 - 17 - 18 - 19 - 21 - 22 - 24 - 27 mmJatkovarsi 125 mmNivelkappale,,IKH,
18748091002,IKH Torx Avainsarja 10-osainen,https://tarvike.com/product/ikh-torx-avainsarja-10-osainen-106180,https://media.tarvike.com/product/images/106180/original/148937.jpg,61.0,"- muotoiltu kahva ripustusaukolla- kromivanadiumterästä- lyhyempi pää varustettu keskiöreiällä- koot: TX10, TX15, TX20, TX25, TX27, TX30, TX40, TX45, TX50, TX55- muovisalkku",,IKH,
18748078002,IKH Kiintolenkkiavainsarja 12-osainen,https://tarvike.com/product/ikh-kiintolenkkiavainsarja-12-osainen-106177,https://media.tarvike.com/product/images/106177/original/148935.jpg,53.0,KromivanadiumterästäSisältää avaimet: 6 - 8 - 9 - 10 - 11 - 12 - 13 - 14 - 15 - 16 - 17 - 19 mm,,IKH,
18748071002,"IKH Työkalusarja 141-os. 1/4"" ja 1/2""",https://tarvike.com/product/ikh-tyokalusarja-141-os-14-ja-12-106176,https://media.tarvike.com/product/images/106176/original/148944.jpg,285.0,"141-osainen työkalusarjaSarja sisältää:10 kpl ruuvitaltat PH2 x 38 - PH1 x 75 - PH2 x 100 - SL3,2 x 75 - SL4 x 75 - SL5 x 100 - T15 x 100 - T20 x 100 - T25 x 100 - T30 x 150 mm11 kpl kiintolenkkiavaimet 7 - 8 - 10 - 11 - 12 - 13 - 14 - 17 - 19 - 22 - 24 mm5 kpl räikkälenkkiavaimet 8 - 10 - 13 - 17 - 19 mm1 kpl sivuleikkurit1 kpl linjapihdit1 kpl kärkipihdit1 kpl siirtoleukapihdit4 kpl kuusiokoloavaimet 1,27 - 1,5 - 2 - 2,5 mm2 kpl jännitekynät 6 - 24 V ja 220 - 250 V1 kpl vasara13 kpl 1/4"" hylsyt 4 - 4,5 - 5 - 5,5 - 6 - 7 - 8 - 9 - 10 - 11 - 12 - 13 - 14 mm8 kpl 1/4"" pitkät hylsyt 6 - 7 - 8 - 9 - 10 - 11 - 12 - 13 mm5 kpl 1/4"" hylsyt E4 - E5 - E6 - E7 - E818 kpl 1/4"" kärkihylsyt H3 - H4 - H5 - H6 - SL4 - SL5,5 - SL7 - PH1 - PH2 - PZ1 - PZ2 - T8 - T10 - T15 - T20 - T25 - T27 - T301 kpl 1/4"" räikkäväännin pikavapauttimella2 kpl 1/4"" jatkovarret 50 - 100 mm1 kpl 1/4"" ruuvitalttaväännin1 kpl 1/4"" T-väännin varrella1 kpl 1/4"" nivelkappale17 kpl 1/2"" hylsyt 10 - 11 - 12 - 13 - 14 - 15 - 16 - 17 - 18 - 19 - 20 - 21 - 22 - 24 - 27 - 30 - 32 mm5 kpl 1/2"" pitkät hylsyt 14 - 15 - 17 - 19 - 22 mm8 kpl 1/2"" hylsyt E10 - E11 - E12 - E14 - E16 - E18 - E20 - E242 kpl 1/2"" tulppahylsyt 16 - 21 mm1 kpl 1/2"" räikkäväännin pikavapauttimella2 kpl 1/2"" jatkovarret 125 - 250 mm1 kpl 1/2"" vääntiö1 kpl 1/2"" nivelkappale1 kpl 1/2"" x 5/16"" adapteri16 kpl 5/16"" ruuvauskärjet H7 - H8 - H10 - H12 - H14 - SL8 - SL10 - SL12 - PH3 - PH4 - PZ3 - PZ4 - T40 - T45 - T50 - T55",,IKH,
18748038002,"Sirkkelinterä 250x2,8x30mm Z40 kovametalli",https://tarvike.com/product/sirkkelintera-250x28x30mm-z40-kovametalli-106078,https://media.tarvike.com/product/images/106078/original/148797.jpg,86.9,"Koko 250 x 2,8 x 30 mm Z40Monikäyttöinen terä joka soveltuu hammaslukunsa vuoksi sekä puun halkaisuun että katkaisuun, soveltuu erinomaisesti myös kipsilevyjen, vanerilevyjen, lastulevyjen jne. sahaukseenPerma Shield -pinnoiteMax. 8000 RPM",,IKH,
1872442002,Jatkovarsi 1/2' 500mm,https://tarvike.com/product/jatkovarsi-12-500mm-150467,https://media.tarvike.com/product/images/150467/original/194340.webp,23.0,,,IKH,
1872441002,Jatkovarsi 1/2' 150mm,https://tarvike.com/product/jatkovarsi-12-150mm-150419,https://media.tarvike.com/product/images/150419/original/194341.webp,7.99,,,IKH,
1872440002,Jatkovarsi 1/2' 75mm,https://tarvike.com/product/jatkovarsi-12-75mm-150418,https://media.tarvike.com/product/images/150418/original/194342.webp,6.49,,,IKH,
1872439002,Jatkovarsi 3/8' 150mm,https://tarvike.com/product/jatkovarsi-38-150mm-150417,https://media.tarvike.com/product/images/150417/original/194343.webp,5.99,,,IKH,
18627929001,"TIMANTTIKUPPILAIKKA 125X22,2MM MIRKA 2-RATA",https://tarvike.com/product/timanttikuppilaikka-125x222mm-mirka-2-rata-151618,https://media.tarvike.com/product/images/151618/original/209797.webp,49.9,"Mirka Diamond tuplarata timanttihiomalaikka. Betonin, luonnonkiven, raudoitetun betonin, puutarhalaattojen, kaakelin, klinkkerin, keraamisten laattojen ja marmorin hiontaan.",,MIRKA,
18339565001,K27 Akkulaturi 4A 6/12V,https://tarvike.com/product/k27-akkulaturi-4a-612v-105135,https://media.tarvike.com/product/images/105135/original/147912.jpg,50.5,"K27 4A 6/12V Akkulaturi on yleismallinen akkulaturi mikroprosessorilla, laturin LCD-näyttö näyttää akun jännitteen, latauksen etenemisen ja tilan. Huoltolataustoiminto, joka pitää lataustilan jatkuvasti optimaalisena. Talvilataustila käytettävissä, kun ulkolämpötila on alle 5 °C. 180 x 75 x 50 mm",,K27,
18339462001,Uppopumppu lika 1100 W / 230 V INOX,https://tarvike.com/product/uppopumppu-lika-1100-w-230-v-inox-244868,https://media.tarvike.com/product/images/244868/original/209143.webp,119.0,"INOX-uppopumppu puhtaan ja likaisen veden siirtoon. Strongline SLUP008 on 1100 W uppopumppu, joka soveltuu sekä puhtaan että likaisen veden pumppaamiseen. Se sopii esimerkiksi tulvavesien poistoon, salaojakaivoihin ja muihin kohteisiin, joissa vedessä voi olla kiinteitä hiukkasia. Pumppu käsittelee jopa 25 mm hiukkasia, ja jopa 283 l/min tuotto mahdollistaa tehokkaan vedenpoiston. Ruostumattomasta teräksestä valmistettu INOX-rakenne soveltuu vaativaan käyttöön. Automaattinen uimurikytkin käynnistää ja pysäyttää pumpun vedenpinnan mukaan.",,StrongLine,
18169246001,Milwaukee Aitapihdit,https://tarvike.com/product/milwaukee-aitapihdit-127180,https://media.tarvike.com/product/images/127180/original/162084.png,33.5,"Milwaukee aitapihdit yhdistävät kuusi toimintoa yhdessä työkalussa: leikkaus, puristus, veto, niittien käsittely ja vasarointi. Musta oksidipinnoite suojaa ruosteelta.",,Milwaukee Tools,
17725006001,Hikoki Iskevä ruuvinväännin WH36DC Runko,https://tarvike.com/product/hikoki-iskeva-ruuvinvaannin-wh36dc-runko-196932,https://media.tarvike.com/product/images/196932/original/208849.webp,339.0,"Pieni ja kevyt, mukava käyttää. Nopea ja tehokas 215 Nm vääntömomentti vaativiin töihin. Hiiliharjaton moottori takaa pitkän käyttöiän ja pienemmän huoltotarpeen. Herkkä kytkin antaa täyden hallinnan, jopa alhaisilla nopeuksilla ja estää liiallisen kiristyksen.",,Hikoki,
17369743001,CRX Kaapelikela Automaatti 10M PVC IP20,https://tarvike.com/product/crx-kaapelikela-automaatti-10m-pvc-ip20-106273,https://media.tarvike.com/product/images/106273/original/149110.jpg,69.0,"PVC-kaapeli 10 m, H05VV-F 3x1,5 mm²Schuko-Schukomax. kuormitus: johto kelalla 1000 W, kelalta purettuna 2500 Wylikuormitussuojatasainen takaisinkelaus ja kaapelin lukitus haluttuun pituuteen180° kääntyvä seinäkiinnitystelinevoidaan asentaa seinään tai kattoonkotelo kestävää polypropeeniaIP20",,CRX,
17369742001,"Noco Muistinsäätäjä kaapeli OBDII Boost GB70, GB1150",https://tarvike.com/product/noco-muistinsaataja-kaapeli-obdii-boost-gb70-gb1150-106095,https://media.tarvike.com/product/images/106095/original/148826.jpg,25.0,"sopii apukäynnistimiin GB70 ja GB150ylläpitää auton sähköjärjestelmää akun vaihdon yhteydessäpituus n. 750 mmHuom! Tarkista aina ajoneuvon valmistajalta sallitun enimmäisvirran syöttö. Jos on alle 10 A, tätä kaapelia ei saa käyttää! Kaapelilla ei saa käynnistää autoa tai varata akkua!",,IKH,
17369741001,CRX Invertteri 12V/230V 600W,https://tarvike.com/product/crx-invertteri-12v230v-600w-106088,https://media.tarvike.com/product/images/106088/original/148818.jpg,84.9,"CRX Invertteri muuntaa 12 V tasajännitteen 230 V vaihtojännitteeksi (muunnettu siniaalto)Aallon muoto muunnettu siniaalto (yhteensopiva useimpien 230 V AC laitteiden kanssa)Ottojännite 12 V DCAntojännite 230 V ACNimellisteho 600 WHuipputeho 1200 WLaite sammuu automaattisesti kun akun jännite laskee 9,5 V:iin (± 0,5 V)YlikuormasuojaYlijännitesuojaOikosulkusuojaVirrankulutus tyhjäkäynnillä 0,7 A",,CRX,
17369740001,CRX Invertteri 12V/230V 300W,https://tarvike.com/product/crx-invertteri-12v230v-300w-106087,https://media.tarvike.com/product/images/106087/original/148815.jpg,54.9,"Muuntaa 12 V tasajännitteen 230 V vaihtojännitteeksi (muunnettu siniaalto)Aallon muoto muunnettu siniaalto (yhteensopiva useimpien 230 V AC laitteiden kanssa)Ottojännite 12 V DCAntojännite 230 V ACNimellisteho 300 WHuipputeho 600 WLaite sammuu automaattisesti kun akun jännite laskee 9,5 V:iin (± 0,5 V)YlikuormasuojaYlijännitesuojaOikosulkusuojaVirrankulutus tyhjäkäynnillä 0,4 A",,CRX,
17369668001,Noco Akkulaturi 6/12V 5A,https://tarvike.com/product/noco-akkulaturi-612v-5a-105138,https://media.tarvike.com/product/images/105138/original/147908.jpg,95.0,"Noco Genius® 5 akku- ja ylläpitolaturi jännite 110-240 V teho max. 75 W latausvirta 5 A 12 V / 5 A 6 V akkukapasiteetti max. 120 Ah, ylläpitolataus kaikki akkukoot toiminnot 6 V, 12 V, 12 V AGM, 12 V Lithium, 12 V Repair pienjännitetunnistus 1 V (Force-toiminto täysin tyhjille akuille) väärinkytkentä- ja ylikuumenemissuoja muistitoiminto: syöttövirran katketessa (esim. sähkökatkon vuoksi) akkulaturi ottaa muistivirran ladattavasta akusta ja jatkaa latausta keskeytyneestä vaiheesta kun virta palautuu käyttölämpötila -20...+40 °C suojausluokka IP65 koko 117 x 74 x 48 mm paino 680 g",,Noco,
17369659001,CRX Akkulaturi Automaattinen 12 V 4 A,https://tarvike.com/product/crx-akkulaturi-automaattinen-12-v-4-a-105129,https://media.tarvike.com/product/images/105129/original/147921.jpg,38.0,"Verkkojännite 230 V Latausjännite 12 V Jatkuva latausvirta 2,7 A (4 A RMS) Kaksivaiheinen automaattilataus, vaihtaa automaattisesti latauksesta ylläpito toimintoon, kun akku on täysin ladattu Soveltuu 12 V (20 - 50 Ah) normaaleille lyijyakuille, suljetuille akuille, vapaa-ajan akuille ja geeliakuille Selkeä LED-näyttö ilmaisee lataustilan Latauskaapelit 1,5 m Virtajohto 2 m Suojaus oikosulkua, ylikuumenemista ja väärinkytkentää vastaan",,CRX,
17369658001,Akkulaturi automaattinen 12V 12A,https://tarvike.com/product/akkulaturi-automaattinen-12v-12a-105128,https://media.tarvike.com/product/images/105128/original/147922.jpg,59.9,"Verkkojännite 230 V Latausjännite 12 V Jatkuva latausvirta 2,5 A (3,75 A RMS) / 8 A (12 A RMS) Kaksivaiheinen automaattilataus, vaihtaa automaattisesti latauksesta ylläpito toimintoon, kun akku on täysin ladattu Soveltuu 12 V (20 - 225 Ah) normaaleille lyijyakuille, suljetuille akuille, vapaa-ajan akuille ja geeliakuille Selkeä LED-näyttö ilmaisee lataustilan Latauskaapelit 1,5 m Virtajohto 2 m Suojaus oikosulkua, ylikuumenemista ja väärää kytkentää vastaan",,IKH,
17369657001,Akkulaturi automaattinen 12V 8A,https://tarvike.com/product/akkulaturi-automaattinen-12v-8a-105127,https://media.tarvike.com/product/images/105127/original/147923.jpg,49.9,"Verkkojännite 230 V Latausjännite 12 V Jatkuva latausvirta 2,5 A (3,75 A RMS) / 5,4 A (8 A RMS) Kaksivaiheinen automaattilataus, vaihtaa automaattisesti latauksesta ylläpito toimintoon, kun akku on täysin ladattu Soveltuu 12 V (20 - 150 Ah) normaaleille lyijyakuille, suljetuille akuille, vapaa-ajan akuille ja geeliakuille Selkeä LED-näyttö ilmaisee lataustilan Latauskaapelit 1,5 m Virtajohto 2 m Suojaus oikosulkua, ylikuumenemista ja väärää kytkentää vastaan",,IKH,
17369656001,Akkulaturi automaattinen 12V 2/10/15A,https://tarvike.com/product/akkulaturi-automaattinen-12v-21015a-105126,https://media.tarvike.com/product/images/105126/original/147924.jpg,107.0,"Verkkojännite 230 V Latausjännite 12 V Jatkuva latausvirta 2 A / 10 A / 15 A Max. latausvirta (RMS) 3 A / 15 A / 22 A 3 lataustehoa: hidas, normaali, nopea Mikroprosessoriohjattu laturi Automaattinen ja älykäs 5-vaiheinen lataus (ks. kuva) Soveltuu 12 V (20 - 400 Ah) normaaleille lyijyakuille, suljetuille akuille, vapaa-ajan akuille, geeliakuille ja syväpurkausakuille Selkeä LED-näyttö näyttää lataustilan (reverse / fault / charging / full) Suoja kipinöitä, oikosulkua, ylikuumenemista ja väärinkytkentää vastaan Lämpötila/jännite kompensaatio Energiaa säästävä Automaattinen virran ja jännitteen säätely ABS muovikotelo Mitat P 150 x L 180 x K 250 mm Suojausluokka IP20",,CRX,
17369655001,Akkulaturi 12/24V 180A,https://tarvike.com/product/akkulaturi-1224v-180a-105125,https://media.tarvike.com/product/images/105125/original/147925.jpg,199.0,Soveltuu 12 V / 24 V lyijyakuille (40 - 700 Ah). Jännite 230V.,,IKH,
17369654001,Calix Akkuvaraaja 12V/5A,https://tarvike.com/product/calix-akkuvaraaja-12v5a-105124,https://media.tarvike.com/product/images/105124/original/147926.webp,145.74,Moottorinlämmitysjärjestelmään liitettävä laturi ajoneuvon akun lataamiseen ja ylläpitoon.,,Calix,
17369534001,AWD Paineilmaletkukela 15m,https://tarvike.com/product/awd-paineilmaletkukela-15m-105109,https://media.tarvike.com/product/images/105109/original/147854.jpg,99.0,"Letkun pituus 15 m Kumiletku, sisähalkaisija 9,5 mm Liitosletku 1,0 m Liittimen kierre 1/4"" uros Max. paine 20 bar Automaattinen sisäänkelaus Metallirunko Letkun ulostuloaukko säädettävissä eri asentoihin",,IKH,
1711687002,Nira Pumpun Varren Tiiviste 6B Nbr,https://tarvike.com/product/nira-pumpun-varren-tiiviste-6b-nbr-155634,https://media.tarvike.com/product/images/155634/original/188614.webp,18.9,"Varaosa tuotteelle VV850002 Nira Pumppu 6B Vedelle, Öljylle Materiaali NBR Soveltuvuus vesi, öljy, polttoöljy, diesel, glykoli Pakkaskestävyys -15° Koko 30 x 15 x 4 mm",,Nira,
16972601001,"Sirkkelinterä 400x30x3,2mm",https://tarvike.com/product/sirkkelintera-400x30x32mm-106600,https://media.tarvike.com/product/images/106600/original/149632.jpg,49.9,"Koko 405 x 3,2 x 30 mm Z32Max. 2850 RPM",,IKH,
16972496001,Hiomanauha 100 x 610mm G120,https://tarvike.com/product/hiomanauha-100-x-610mm-g120-106333,https://media.tarvike.com/product/images/106333/original/149189.jpg,14.5,Karkeus P120Koko 100 x 610 mmLaatu Hiolit XO,,IKH,
16972490001,Hiomanauha 13 x 457mm G120,https://tarvike.com/product/hiomanauha-13-x-457mm-g120-106331,https://media.tarvike.com/product/images/106331/original/149181.jpg,6.1,Karkeus P120Koko 13 x 457 mmLaatu Hiolit XO,,IKH,
16972467001,Tarrapyörö Abralon 150mm K1000,https://tarvike.com/product/tarrapyoro-abralon-150mm-k1000-106319,https://media.tarvike.com/product/images/106319/original/149176.jpg,91.9,"Abralon®Viimeistelyyn, puhdistukseen ja kiillotukseenHiottavat materiaalit esim. alumiini, hiiliteräs, raudattomat metallit, ruostumaton teräs, teräs, kupariseokset, messinki, pronssi, muovi, komposiittipinnat, lasikuitu, maalin hionta, lakatut pinnat, puuTarrakiinnitysKoko 150 mmKarkeus P100020kpl/pkt",,IKH,
16972464001,Tarrapyörö Microstar 150mm G1500,https://tarvike.com/product/tarrapyoro-microstar-150mm-g1500-106318,https://media.tarvike.com/product/images/106318/original/149172.jpg,59.0,"Microstar™Pintojen mattaukseen ja maalivikojen korjaukseenHiottavat materiaalit esim. alumiini, kovapuu, MDF/HDF, maalin hionta, lakatut pinnat, pohjamaali, komposiittipinnat, pehmeät puulajit, vaneri, lasikuituTarrakiinnitysKoko 150 mm15 reikääKarkeus P150050kpl/pkt",,IKH,
16972410001,Tarralaikka 125mm G180,https://tarvike.com/product/tarralaikka-125mm-g180-106297,https://media.tarvike.com/product/images/106297/original/149131.jpg,5.99,"Jepuflex AloxErikoispaperi koville puulajeille, myös metallin hiontaanSelkämateriaali T/F-paperi, sideaine tekohartsi, tiheäTarrakiinnitysKoko 125 mm8 reikääKarkeus P1805kpl/pkt",,IKH,
16972381001,Hiomanauha 75 x 533mm G60,https://tarvike.com/product/hiomanauha-75-x-533mm-g60-106289,https://media.tarvike.com/product/images/106289/original/149138.jpg,11.9,Karkeus P60Koko 75 x 533 mmLaatu Hiolit XO,,IKH,
16971804001,IKH Ruuvitalttasarja 30 osaa,https://tarvike.com/product/ikh-ruuvitalttasarja-30-osaa-106179,https://media.tarvike.com/product/images/106179/original/148932.jpg,17.9,"Kromivanadiumterästä (CRV6150)Talttapäät: 4x75, 5x75 eristetty, 6x100, 8x150Phillips: PH1x75, PH1x75 eristetty, PH2x100Elektroniikkameisselit: talttapäät: 2x50, 2,5x50, 3x50, Phillips: PH00x50, PH0x50, Torx: TX15x50, TX20x50Ruuvauskärjet: talttapäät: 5 mm, 6 mm, Phillips: PH1, PH2, Torx: TX10, TX25, TX27, TX30, TX40, kuusiokolo: H3, H4, H5, H5,5, H6Kahva ja taipuisa jatkovarsi 190 mm ruuvauskärjilleMusta muovisalkku",,IKH,
16971756001,"Hikoki Sirkkelinterä TCT 255x2,3x30 Z60",https://tarvike.com/product/hikoki-sirkkelintera-tct-255x23x30-z60-106164,https://media.tarvike.com/product/images/106164/original/148915.jpg,79.9,"Koko 255 x 2,3 x 30 mm Z60",,Hikoki,
16971310001,"Hikoki Pora/Ruuvinväännin DS18DC 5,0AH HSC, jääkairaan",https://tarvike.com/product/hikoki-poraruuvinvaannin-ds18dc-50ah-hsc-jaakairaan-105398,https://media.tarvike.com/product/images/105398/original/148416.jpg,529.0,Hikoki DS18DC Ruuvinväännin on erittäin vankka ja vahva porakone - vääntöä 140 Nm. Siinä on pidempi yhtäjaksoinen työskentely parannetun jäähdytyksen ansiosta.,,Hikoki,
16970772001,Hikoki Puukkosaha CR18DA RUNKO HSC,https://tarvike.com/product/hikoki-puukkosaha-cr18da-runko-hsc-105477,https://media.tarvike.com/product/images/105477/original/148189.jpg,229.0,Ominaisuudet: - kevyt ja kätevä yhden käden puukkosaha - hyvä ergonomia keskitetyn painopisteen ja lyhyen koneen rungon ansiosta - mahtuu hyvin ahtaisiin paikkoihin - voidaan käyttää sekä puukkosahan että pistosahan teriä - terän voi kääntää 180° - ylikuormitussuoja - työkaluton syvyyden säätö - työkaluton teränvaihto,,Hikoki,
1689529000,Työvalo Magna,https://tarvike.com/product/tyovalo-magna-145110,https://media.tarvike.com/product/images/145110/original/176450.webp,59.0,Magna 3200E LED-työvalo,,CRX,
16680799000,"Voimahylsysarja kuusiokolo 3/4"" H14–H24 6-os.",https://tarvike.com/product/voimahylsysarja-kuusiokolo-34-h14h24-6-os-150433,https://media.tarvike.com/product/images/150433/original/191401.webp,82.0,Erikoiskarkaistua Cr-Mo -terästä.,,IKH,
16680798000,Hakastaivutin sinkitty max 12 mm rautateräkselle,https://tarvike.com/product/hakastaivutin-sinkitty-max-12-mm-rautaterakselle-150826,https://media.tarvike.com/product/images/150826/original/191408.webp,75.0,Raudoitusteräkselle Ø max. 12 mm.,,IKH konepaja,
16680784000,Mattoveitsen terät 10 kpl bi-metal,https://tarvike.com/product/mattoveitsen-terat-10-kpl-bi-metal-150513,https://media.tarvike.com/product/images/150513/original/191395.webp,12.5,"Koko 60 x 19 x 0,65 mm.",,IKH,
16680783000,Kuusiokolohylsy,https://tarvike.com/product/kuusiokolohylsy-34-1460-mm-39944,https://media.tarvike.com/product/images/39944/original/191391.webp,17.9,,,IKH,
16680777000,"Kuusiokolohylsy 1/2"" S2 5 mm",https://tarvike.com/product/kuusiokolohylsy-12-s2-5-mm-150413,https://media.tarvike.com/product/images/150413/original/191388.webp,7.99,Kromivanadiumterästä / S2 terästä.,,IKH,
16673933000,Roskanpoimija Solid,https://tarvike.com/product/roskanpoimija-solid-149937,https://media.tarvike.com/product/images/149937/original/191155.webp,33.8,"Fiskars Solid roskanpoimijalla poimit roskat, oksat ja lehdet kumartumatta, ponnistelematta tai käsiäsi likaamatta",,Fiskars,
16673932000,Monitoimipurkutyökalu Isocore M,https://tarvike.com/product/monitoimipurkutyokalu-isocore-m-149935,https://media.tarvike.com/product/images/149935/original/191157.webp,73.0,"IsoCore tärähdyksen vaimennusmekanismissa on vaimentava kaulus, joka vaimentaa iskuista johtuvat tärähdykset ja värähtelyn jopa 50 % tehokkaammin kuin perinteiset purkutyökalut, vähentäen kehoosi kohdistuvaa rasitusta.",,Fiskars,
16386124001,Sylinterimutteriavain Säädettävä,https://tarvike.com/product/sylinterimutteriavain-saadettava-150534,https://media.tarvike.com/product/images/150534/original/192562.webp,78.7,,,IKH,
16371571000,Hiomateräsarja mini 195-os.,https://tarvike.com/product/hiomaterasarja-mini-195-os-155143,https://media.tarvike.com/product/images/155143/original/191192.webp,20.5,Laaja 195-osainen valikoima erilaisia tarvikkeita pienhiomakoneille.,,PG,
16371569000,Laikkamutteri M14,https://tarvike.com/product/laikkamutteri-m14-155144,https://media.tarvike.com/product/images/155144/original/191191.webp,6.99,,,PG,
16371567000,Laikka-avain säädettävä kulmahiomakoneeseen,https://tarvike.com/product/laikka-avain-saadettava-kulmahiomakoneeseen-155146,https://media.tarvike.com/product/images/155146/original/191189.webp,12.9,,,PG,
16371566000,Laikka-avain kulmahiomakoneeseen 35mm,https://tarvike.com/product/laikka-avain-kulmahiomakoneeseen-35mm-155145,https://media.tarvike.com/product/images/155145/original/191190.webp,6.99,,,PG,
16371554000,"Varoitusnauha ""Pääsy kielletty"" 75mm x 150m",https://tarvike.com/product/varoitusnauha-paasy-kielletty-75mm-x-150m-155193,https://media.tarvike.com/product/images/155193/original/191152.webp,34.95,Koko 100 mm x 150 m.,,IKH,
16371550000,Opaste 200x300 Varo katolta putoavaa lunta ja jäätä,https://tarvike.com/product/opaste-200x300-varo-katolta-putoavaa-lunta-ja-jaata-155191,https://media.tarvike.com/product/images/155191/original/191154.webp,5.7,"Varoitusmerkki/-kyltti tekstillä ""VARO KATOLTA PUTOAVAA LUNTA JA JÄÄTÄ"".",,IKH,
16366246000,Kumivasara 900gr lasikuituvarsi,https://tarvike.com/product/kumivasara-900gr-lasikuituvarsi-155105,https://media.tarvike.com/product/images/155105/original/191129.webp,6.99,Kumivasara lasikuituvarrella.,,Fixit,
16366243000,"Leka 6,3kg lasikuituvarsi",https://tarvike.com/product/leka-63kg-lasikuituvarsi-155101,https://media.tarvike.com/product/images/155101/original/191132.webp,38.7,Lekavasara lasikuituvarrella.,,Fixit,
16366242000,"Leka 4,5kg lasikuituvarsi",https://tarvike.com/product/leka-45kg-lasikuituvarsi-155100,https://media.tarvike.com/product/images/155100/original/191133.webp,29.7,Lekavasara lasikuituvarrella.,,Fixit,
16291499000,Vesivaaka 1200mmx3 silmä,https://tarvike.com/product/vesivaaka-1200mmx3-silma-155096,https://media.tarvike.com/product/images/155096/original/191112.webp,9.99,Maalattu alumiinirunko. 3 Tarkistussilmää,,IKH,
16291498000,Vesivaaka 2000 mm HV,https://tarvike.com/product/vesivaaka-2000-mm-hv-150389,https://media.tarvike.com/product/images/150389/original/191109.webp,118.0,Vatupassi HV 200. Vahva ja hyvän otteen tarjoava alumiinirunko.,,Hultafors,
16291497000,Vesivaaka 600 mm HV,https://tarvike.com/product/vesivaaka-600-mm-hv-150388,https://media.tarvike.com/product/images/150388/original/191108.webp,58.0,Vatupassi HV 60. Vahva ja hyvän otteen tarjoava alumiinirunko.,,Hultafors,
16291469000,Termostaatti,https://tarvike.com/product/termostaatti-149579,https://media.tarvike.com/product/images/149579/original/191070.webp,11.0,,,IKH,
15890897000,Kiintolenkkiavain 21mm,https://tarvike.com/product/kiintolenkkiavain-21mm-155262,https://media.tarvike.com/product/images/155262/original/191038.webp,8.99,Kromivanadiumterästä,,IKH,
15890896000,Kiintolenkkiavain 1/2',https://tarvike.com/product/kiintolenkkiavain-12-155261,https://media.tarvike.com/product/images/155261/original/191037.webp,3.5,Kromivanadiumterästä,,IKH,
15890895000,Kiintolenkkiavain 50 X 540MM,https://tarvike.com/product/kiintolenkkiavain-50-x-540mm-150397,https://media.tarvike.com/product/images/150397/original/191036.webp,115.0,Kromivanadiumterästä,,IKH,
15393669001,"Mutterinväännin 1"" HD 2440NM Paineilma",https://tarvike.com/product/mutterinvaannin-1-hd-2440nm-paineilma-150548,https://media.tarvike.com/product/images/150548/original/191824.webp,669.0,"vääntiö 1"" karan pituus 6"" max. vääntövoima 2440 Nm vapaa kierrosluku 4500 rpm max. ilmankulutus 1699 l/min ilmaliitin 1/2"" käyttöpaine 6,2 bar suositeltavan letkun Ø 13 mm ilman ulostulo sivulta kaksoisvasaramekanismi komposiittirunko pituus 540 mm",,IKH,
15058175001,Husqvarna K 970 SmartGuard Laikkaleikkuri,https://tarvike.com/product/husqvarna-k-970-smartguard-laikkaleikkuri-177628,https://media.tarvike.com/product/images/177628/original/203779.webp,2517.28,"K 970 SmartGuard on kestävä, luotettava, kevyt, tehokas ja heti käyttövalmis. Se on täydellinen valinta, kun tarvitset yleisleikkurin, joka toimii raskaassa käytössä, vaativissa sääolosuhteissa ja eri polttoaineilla. Laite on varustettu laajennetulla SmartGuard-laikansuojalla, joka vähentää takapotkun ja onnettomuuksien vaaraa ohjaamalla oikean tekniikan ja leikkuualueen käyttöön.",,Husqvarna,
14916509000,4-nap. AMP Superseal liitin johdolla uros+naaras,https://tarvike.com/product/4-nap-amp-superseal-liitin-johdolla-urosnaaras-153380,https://media.tarvike.com/product/images/153380/original/189619.webp,11.5,AMP Super Seal naaras ja uros. 4-napainen.,,CRX,
14916508000,4-nap. Deutsch liitin johdolla uros+naaras,https://tarvike.com/product/4-nap-deutsch-liitin-johdolla-urosnaaras-153379,https://media.tarvike.com/product/images/153379/original/189620.webp,18.9,"Deutsch (DT) naaras ja uros. 4-napainen. 300mm 1,5 mm² johdot.",,CRX,
14916507000,2-nap. Deutsch liitin johdolla uros,https://tarvike.com/product/2-nap-deutsch-liitin-johdolla-uros-153378,https://media.tarvike.com/product/images/153378/original/189621.webp,8.0,Deutsch ATP-liitin. DTP- Yhteensopiva.,,CRX,
14916506000,2-nap. Deutsch liitin johdolla naaras,https://tarvike.com/product/2-nap-deutsch-liitin-johdolla-naaras-153377,https://media.tarvike.com/product/images/153377/original/189622.webp,8.0,Deutsch ATP-liitin. DTP-yhteensopiva.,,CRX,
14916505000,Herätevirran liitin H4,https://tarvike.com/product/heratevirran-liitin-h4-153376,https://media.tarvike.com/product/images/153376/original/189623.webp,7.9,Adapterin avulla saat helposti ryöstettyä herätevirran esim. lisäpitkän asennuksessa.,,CRX,
14916504000,Herätevirran liitin H7,https://tarvike.com/product/heratevirran-liitin-h7-153375,https://media.tarvike.com/product/images/153375/original/189624.webp,6.9,Adapterin avulla saat helposti ryöstettyä herätevirran esim. lisäpitkän asennuksessa.,,CRX,
14596863001,Akkulaturi 6/12V 10A,https://tarvike.com/product/akkulaturi-612v-10a-169591,https://media.tarvike.com/product/images/169591/original/191319.webp,166.0,Noco Genius® 10 akku- ja ylläpitolaturi. Jännite 110-240V.,,Noco,
14595279001,Kumilasta 600mm Lattian kuivaukseen,https://tarvike.com/product/kumilasta-600mm-lattian-kuivaukseen-149849,https://media.tarvike.com/product/images/149849/original/191277.webp,17.9,,,Fixit,
14595278001,Solukumilasta 18X730mm Lattiankuivaukseen,https://tarvike.com/product/solukumilasta-18x730mm-lattiankuivaukseen-149848,https://media.tarvike.com/product/images/149848/original/191276.webp,9.49,,,Fixit,
14595277001,Solukumilasta 18X450mm Lattiankuivaukseen,https://tarvike.com/product/solukumilasta-18x450mm-lattiankuivaukseen-149847,https://media.tarvike.com/product/images/149847/original/191275.webp,6.99,,,Fixit,
14595276001,Silikonin poistotyökalu,https://tarvike.com/product/silikonin-poistotyokalu-149785,https://media.tarvike.com/product/images/149785/original/191073.webp,7.99,"Silikonin raaputtamiseen, kuorimiseen ja puhdistamiseen. Helppo käyttää yhdellä kädellä.",,Fixit,
14527259001,Rasvaprässi kahden käden,https://tarvike.com/product/rasvaprassi-kahden-kaden-153539,https://media.tarvike.com/product/images/153539/original/191232.webp,38.0,Ergonominen tuplakahvainen rasvaprässi. Ruuvattaville 400g rasvapatruunoille.,,GROZ,
14527228001,Syvyysrajoitin poranterille 3-os 6/8/10mm,https://tarvike.com/product/syvyysrajoitin-poranterille-3-os-6810mm-155169,https://media.tarvike.com/product/images/155169/original/191182.webp,7.49,Porien Ø 6 - 8 - 10 mm.,,PG,
14527225001,Ikkunatiivisteen asennustyökalu,https://tarvike.com/product/ikkunatiivisteen-asennustyokalu-150480,https://media.tarvike.com/product/images/150480/original/191164.webp,15.8,Vanhemmissa autoissa ja raskaankaluston ajoneuvoissa käytettävien nauhatiivisteiden asennustyökalu.,,IKH,
14359970000,Polttoainepumppu 12V upotettava,https://tarvike.com/product/polttoainepumppu-12v-upotettava-151484,https://media.tarvike.com/product/images/151484/original/189373.webp,34.0,Tuotto 18l /min. Upotettava diesel / vesipumppu.,,Meganex,
14359969000,Asentajan jakkara,https://tarvike.com/product/asentajan-jakkara-167488,https://media.tarvike.com/product/images/167488/original/189372.webp,47.9,"Säädettävä korkeus. Max, kuormitus 135kg.",,Meganex,
14310687001,Kaasupoltin,https://tarvike.com/product/kaasupoltin-150763,https://media.tarvike.com/product/images/150763/original/191114.webp,46.9,"Kierre 7/16"". Liekin lämpötila 1500°C.",,Kemper,
14310685001,"Kaasupoltin 1057 + säiliö 577, 227 g",https://tarvike.com/product/kaasupoltin-1057-sailio-577-227-g-150762,https://media.tarvike.com/product/images/150762/original/191113.webp,27.99,Kemper Micro kaasupoltin 1057 ja butaanipatruuna 577.,,Kemper,
14310621001,Jalusta Kevyt valonheittimille,https://tarvike.com/product/jalusta-kevyt-valonheittimille-149298,https://media.tarvike.com/product/images/149298/original/181641.webp,24.9,,,CRX,
14310617001,Jatkopistorasia 2-OS 230V,https://tarvike.com/product/jatkopistorasia-2-os-230v-149237,https://media.tarvike.com/product/images/149237/original/187385.webp,6.9,,,CRX,
14310614001,Jatkojohto Voimavirta 10M 32A 6.0X5H07RN-F,https://tarvike.com/product/jatkojohto-voimavirta-10m-32a-60x5h07rn-f-149235,https://media.tarvike.com/product/images/149235/original/187387.webp,149.0,,,CRX,
14135828000,Abikopihdit 215mm 97 21 215,https://tarvike.com/product/abikopihdit-215mm-97-21-215-150966,https://media.tarvike.com/product/images/150966/original/189279.webp,33.6,"Kiillotetut, mattamustat kärjet. Muovipinnoitetut kädensijat.",,KNIPEX,
14134877000,Linjapihdit / Kärkipihdit 145mm 08 22 145 T,https://tarvike.com/product/linjapihdit-karkipihdit-145mm-08-22-145-t-150940,https://media.tarvike.com/product/images/150940/original/189253.webp,48.6,Erittäin helppokäytöinen: ihanteellinen käyttää työskennellessä vaikeapääsyisissä työpaikoissa kapean päänmuotonsa ja suippojen leukojensa ansiosta (turvattu hyvin kiertymiseltä),,KNIPEX,
14134872000,Putkipihdit,https://tarvike.com/product/putkipihdit-310mm-90-ast-83-10-010-39519,https://media.tarvike.com/product/images/39519/original/189247.webp,63.2,DIN ISO 5234. Kiinteä säätöruuvi.,,KNIPEX,
14134867000,Päätyleikkurit 120mm elektroniikka 64 32 120 ESD,https://tarvike.com/product/paatyleikkurit-120mm-elektroniikka-64-32-120-esd-150956,https://media.tarvike.com/product/images/150956/original/189259.webp,63.6,DIN EN 100 015 osa 1.,,KNIPEX,
14134860000,Pyöröpihdit 160mm 30 36 160 VDE,https://tarvike.com/product/pyoropihdit-160mm-30-36-160-vde-150946,https://media.tarvike.com/product/images/150946/original/189248.webp,42.7,Kromatut kärjet. DIN ISO 5745.,,KNIPEX,
14134858000,Lattapihdit 140mm 20 02 140,https://tarvike.com/product/lattapihdit-140mm-20-02-140-150944,https://media.tarvike.com/product/images/150944/original/189249.webp,27.3,"Latteat, lyhyet, leveät leuat.",,KNIPEX,
14063097000,Puukolvi + kärkisarja,https://tarvike.com/product/puukolvi-karkisarja-150764,https://media.tarvike.com/product/images/150764/original/189240.webp,32.9,"Sisältää polttokolvin puulle, 7 erilaista poltinkärkeä ja tuen.",,Kemper,
14063096000,Talttasarja 4-osainen 6-kulmainen,https://tarvike.com/product/talttasarja-4-osainen-6-kulmainen-150546,https://media.tarvike.com/product/images/150546/original/189234.webp,9.99,6-kulmainen kara. Pituus 125mm.,,IKH,
14063092000,Vasara 450 g ohut varsi,https://tarvike.com/product/vasara-450-g-ohut-varsi-155104,https://media.tarvike.com/product/images/155104/original/189230.webp,9.99,Kirvesmiehen vasara ohuella varrella.,,Fixit,
14063090000,Vasara 450 g kuulapää lasikuituvarsi,https://tarvike.com/product/vasara-450-g-kuulapaa-lasikuituvarsi-155098,https://media.tarvike.com/product/images/155098/original/189231.webp,5.99,Kuulapäävasara. Lasikuitivarsi,,Fixit,
14063089000,Vasara kuulapää 300 g Hultafors,https://tarvike.com/product/vasara-kuulapaa-300-g-hultafors-150370,https://media.tarvike.com/product/images/150370/original/189233.webp,41.0,Saarnivarsi. Paino ilman vartta 300g.,,Hultafors,
14063087000,Usit lajitelma G1/8'-G1' 120kpl,https://tarvike.com/product/usit-lajitelma-g18-g1-120kpl-150366,https://media.tarvike.com/product/images/150366/original/188717.webp,69.0,Korkealaatuinen 120 kpl Usit-tiivistelajitelma.,,IKH,
14057711000,Ulosvedin 3-jalka,https://tarvike.com/product/ulosvedin-3-jalka-3-75mm-39491,https://media.tarvike.com/product/images/39491/original/189172.webp,12.5,,,IKH,
14057704000,Ulosvedin EU-tyyppi,https://tarvike.com/product/ulosvedin-eu-tyyppi-90x100mm-39486,https://media.tarvike.com/product/images/39486/original/189173.webp,33.0,,,IKH,
13315233000,Painekytki,https://tarvike.com/product/painekytki-149636,https://media.tarvike.com/product/images/149636/original/188837.webp,26.0,,,Espina,
13315232000,Paineletku 48CM,https://tarvike.com/product/paineletku-48cm-149635,https://media.tarvike.com/product/images/149635/original/188836.webp,21.0,,,Espina,
13315228000,"Hitsausmaski Euromaski tummuus 1,7 + 8",https://tarvike.com/product/hitsausmaski-euromaski-tummuus-17-8-149622,https://media.tarvike.com/product/images/149622/original/188832.webp,127.0,CE-merkintä. Erityisesti kaarihitsaukseen ja polttoleikkaukseen.,,Euromaski,
13240402000,"Pyörösahanterä 165x1,6x30mm Z24",https://tarvike.com/product/pyorosahantera-165x16x30mm-z24-150200,https://media.tarvike.com/product/images/150200/original/188715.webp,29.0,"Koko 165 x 1,6 x 30 mm Z24.",,Hitachi,
13232095000,Villaveitsi Fiskars,https://tarvike.com/product/villaveitsi-fiskars-149945,https://media.tarvike.com/product/images/149945/original/188476.webp,23.9,Pitkäreunainen sahanlaitaterä.,,Fiskars,
13232063000,Ruuvitalttasarja mini 6-os. muoviboxi,https://tarvike.com/product/ruuvitalttasarja-mini-6-os-muoviboxi-150430,https://media.tarvike.com/product/images/150430/original/188424.webp,16.7,Pyörivä pää ja kädensijan ergonominen muotoilu helpottavat tarkkaa työskentelyä.,,IKH,
13232061000,Ruuvitalttasarja 7-osainen,https://tarvike.com/product/ruuvitalttasarja-7-osainen-150409,https://media.tarvike.com/product/images/150409/original/188423.webp,33.0,Kromivanadiumterästä. Karkaistut magneettiset kärjet.,,IKH,
13106515001,Nestepumppu pienkoneille,https://tarvike.com/product/nestepumppu-pienkoneille-106283,https://media.tarvike.com/product/images/106283/original/149115.jpg,11.8,"Sopii erinomaisesti polttoaineen ja öljyn vaihtamiseen sekä lappoamiseenSisältää kaksi 120 cm pitkää letkua, halkaisija 1/2""Renkaiden ym. täyttämiseksi kiinnitä vipusuutin tai kartiosuutin ilmaletkuun, molemmat suuttimet sisältyvät pakkaukseenPumppua voi käyttää myös ilman tyhjentämiseen tilaa säästävää varastointia varten",,Meganex,
12914632000,Inventteri / jännitteenmuunnin 12V/230V,https://tarvike.com/product/inventteri-jannitteenmuunnin-12v230v-149266,https://media.tarvike.com/product/images/149266/original/188232.webp,46.0,Muuntaa 12 V tasajännitteen 230 V vaihtojännitteeksi (muunnettu siniaalto). Aallon muoto muunnettu siniaalto (yhteensopiva useimpien 230 V AC laitteiden kanssa).,,CRX,
12913856000,Momenttiavain 620MM 70-350NM,https://tarvike.com/product/momenttiavain-620mm-70-350nm-155765,https://media.tarvike.com/product/images/155765/original/188135.webp,105.0,,,IKH,
12913855000,Reikämeistisarja 9-Osainen,https://tarvike.com/product/reikameistisarja-9-osainen-155764,https://media.tarvike.com/product/images/155764/original/188136.webp,14.7,,,IKH,
12913786000,Kärkisarja 40-OS. Kuusiokolo / XZN / TORX,https://tarvike.com/product/karkisarja-40-os-kuusiokolo-xzn-torx-155786,https://media.tarvike.com/product/images/155786/original/188059.webp,43.7,,,IKH,
12913785000,Voimahylsysarja 1/2' 12-OS. Pitkä,https://tarvike.com/product/voimahylsysarja-12-12-os-pitka-155784,https://media.tarvike.com/product/images/155784/original/188061.webp,49.2,,,IKH,
12913784000,Voimahylsysarja 3/4' 9-OS.,https://tarvike.com/product/voimahylsysarja-34-9-os-155783,https://media.tarvike.com/product/images/155783/original/188062.webp,67.4,,,IKH,
12828221000,Led-karttavalo 12V,https://tarvike.com/product/led-karttavalo-12v-156747,https://media.tarvike.com/product/images/156747/original/187750.jpg,35.5,"300mm taipuvalla varrella oleva karttavalo, jossa microkatkaisija.",,Startax,
12828153000,"Voimahylsy 1/2"" 78mm",https://tarvike.com/product/voimahylsy-12-17mm-78mm-38855,https://media.tarvike.com/product/images/38855/original/181548.webp,5.49,"DIN 3129 -kromimolybdeeniterästä pituus 78 mm Avainkoko 17 mm Työkalukiinnitys 1/2"" SQ",,IKH,
12828147000,"Hylsy 1/2""  12-Kulma",https://tarvike.com/product/hylsy-12-14mm-12-kulma-matta-38848,https://media.tarvike.com/product/images/38848/original/180852.webp,2.3,"Kromivanadiumterästä, mattaviimeistelty 12-kulma Avainkoko 14 mm Työkalukiinnitys 1/2"" SQ",,IKH,
12828136000,"Voimahylsy 1""",https://tarvike.com/product/voimahylsy-1-34mm-pit90mm-38835,https://media.tarvike.com/product/images/38835/original/180803.webp,27.3,"DIN 3129 -kromimolybdeeniterästä pituus 90 mm Avainkoko 34 mm Työkalukiinnitys 1"" SQ",,IKH,
12828131000,"Voimahylsy 1/2""",https://tarvike.com/product/voimahylsy-12-19mm-38829,https://media.tarvike.com/product/images/38829/original/181559.webp,4.6,"DIN 3129 -kromimolybdeeniterästä Avainkoko 19 mm Työkalukiinnitys 1/2"" SQ",,IKH,
12828127000,"Voimahylsyadapteri 1""-3/4""",https://tarvike.com/product/voimahylsyadapteri-1-34-155864,https://media.tarvike.com/product/images/155864/original/180802.webp,15.2,Kromimolybdeeniterästä,,IKH,
12828126000,"Voimahylsyadapteri 3/4""-1""",https://tarvike.com/product/voimahylsyadapteri-34-1-155859,https://media.tarvike.com/product/images/155859/original/180823.webp,21.3,"kromimolybdeeniterästä Työkalukiinnitys 3/4"" SQ, 1"" SQ",,IKH,
12828125000,"Voimahylsyadapteri 3/4""-1/2"" Max 70kg",https://tarvike.com/product/voimahylsyadapteri-34-12-max-70kg-155858,https://media.tarvike.com/product/images/155858/original/180824.webp,21.0,"kromimolybdeeniterästä Työkalukiinnitys 1/2"" SQ, 3/4"" SQ",,IKH,
12828124000,"Hylsy 1/2""- 5/8"" 6-Kulma",https://tarvike.com/product/hylsy-12-58-6-kulma-155847,https://media.tarvike.com/product/images/155847/original/180832.webp,3.5,"Avainkoko 5/8"" Työkalukiinnitys 1/2"" SQ paino 55 g DIN 3124 6-kulma",,IKH,
12828121000,"Hylsy 1/2""- 22mm 12-Kulma Pitkä",https://tarvike.com/product/hylsy-12-22mm-12-kulma-pitka-155828,https://media.tarvike.com/product/images/155828/original/181549.webp,6.49,"Pituus 76 mm 12-kulmainen Avainkoko 22 mm Työkalukiinnitys 1/2"" SQ",,IKH,
12828120000,"Hylsy 1/2""- 12mm 12-Kulma Pitkä",https://tarvike.com/product/hylsy-12-12mm-12-kulma-pitka-155827,https://media.tarvike.com/product/images/155827/original/181557.webp,5.49,"Pituus 76 mm 12-kulmainen Avainkoko 12 mm Työkalukiinnitys 1/2"" SQ",,IKH,
12828119000,Iskumeisselin Vaihtokärkisarja 4-OS,https://tarvike.com/product/iskumeisselin-vaihtokarkisarja-4-os-155816,https://media.tarvike.com/product/images/155816/original/187609.webp,7.2,,,IKH,
12819781000,Teroituslaite 220W Teräketjulle,https://tarvike.com/product/teroituslaite-220w-teraketjulle-155894,https://media.tarvike.com/product/images/155894/original/187593.webp,54.9,,,IKH,
12819780000,Puutalttasarja 6-12-19-25mm 4OS,https://tarvike.com/product/puutalttasarja-6-12-19-25mm-4os-155891,https://media.tarvike.com/product/images/155891/original/187591.webp,12.9,,,IKH,
12819779000,Kelamitta 50m / 10mm,https://tarvike.com/product/kelamitta-50m-10mm-155890,https://media.tarvike.com/product/images/155890/original/187590.webp,25.6,,,IKH,
12819778000,Kelamitta 30m / 10mm,https://tarvike.com/product/kelamitta-30m-10mm-155889,https://media.tarvike.com/product/images/155889/original/187588.webp,17.9,,,IKH,
12819506000,Lukkopihdit 165MM Pitkä Nokka,https://tarvike.com/product/lukkopihdit-165mm-pitka-nokka-155935,https://media.tarvike.com/product/images/155935/original/187397.webp,8.99,,,IKH,
12819504000,Kolmikulmainen Viila 200MM Kahvalla C2,https://tarvike.com/product/kolmikulmainen-viila-200mm-kahvalla-c2-149049,https://media.tarvike.com/product/images/149049/original/186351.webp,14.9,,,IKH,
12819503000,Pyöreä Viila 200MM Kahvalla C2,https://tarvike.com/product/pyorea-viila-200mm-kahvalla-c2-149048,https://media.tarvike.com/product/images/149048/original/186350.webp,11.9,,,IKH,
12819502000,Poraistukan Irtokara,https://tarvike.com/product/poraistukan-irtokara-mk2b18-38821,https://media.tarvike.com/product/images/38821/original/187391.webp,7.99,Ulkokartio MK2/B18,,IKH,
12819500000,Poraistukka Pika 13MM B16,https://tarvike.com/product/poraistukka-pika-13mm-b16-155921,https://media.tarvike.com/product/images/155921/original/187393.webp,39.9,,,IKH,
12602075001,"Hylsysarja 3/4"" 20-os. 6-k 19–50",https://tarvike.com/product/hylsysarja-34-20-os-6-k-1950-155095,https://media.tarvike.com/product/images/155095/original/189359.webp,99.0,6-kulmaiset hylsyt: 19 - 21 - 22 - 23 - 24 - 26 - 27 - 30 - 32 - 34 - 36 - 38 - 41 - 46 - 48 - 50 mm.,,IKH,
12455276001,Kärkipihdit 160mm 25 02 160,https://tarvike.com/product/karkipihdit-160mm-25-02-160-150945,https://media.tarvike.com/product/images/150945/original/189238.webp,32.3,"Leikkauskapasiteetti: keskikova lanka Ø 1,6 mm, pehmeä lanka Ø 2,5 mm.",,KNIPEX,
12455274001,Kärkisarja puupolttimeen 7-osainen,https://tarvike.com/product/karkisarja-puupolttimeen-7-osainen-150765,https://media.tarvike.com/product/images/150765/original/189237.webp,9.99,Sopii esim. KEM1500KIT puupolttimeen.,,Kemper,
11548037000,Kiviporanterä 13X160MM F4 Forte SDS-Plus,https://tarvike.com/product/kiviporantera-13x160mm-f4-forte-sds-plus-148918,https://media.tarvike.com/product/images/148918/original/185560.webp,8.99,"F4 Forte on suorituskykyinen SDS-plus iskuporanterä, jossa 2 lastuavaa kovametallisärmää, patentoitu ""4-step"" -kaksoiskierreprofiili",,Alpen,
11548031000,Ruuvauskärki T25X70 2KPL,https://tarvike.com/product/ruuvauskarki-t25x70-2kpl-155666,https://media.tarvike.com/product/images/155666/original/185549.webp,17.8,Kestävät ja tarkasti hiotut kärjet konepajoille ja teollisuuden yleisiin ruuvaustöihin,,Wiha,
11548030000,Ruuvauskärki T40X90MM,https://tarvike.com/product/ruuvauskarki-t40x90mm-155662,https://media.tarvike.com/product/images/155662/original/185550.webp,10.4,Kestävät ja tarkasti hiotut kärjet konepajoille ja teollisuuden yleisiin ruuvaustöihin,,Wiha,
11548029000,RuuvauskärkisarjaT40X25MM 2KPL,https://tarvike.com/product/ruuvauskarkisarjat40x25mm-2kpl-155660,https://media.tarvike.com/product/images/155660/original/185551.webp,5.49,Kestävät ja tarkasti hiotut kärjet konepajoille ja teollisuuden yleisiin ruuvaustöihin,,Wiha,
11548028000,Ruuvauskärki T15 DOLT 5X100 A2,https://tarvike.com/product/ruuvauskarki-t15-dolt-5x100-a2-151576,https://media.tarvike.com/product/images/151576/original/185552.webp,6.99,,,,
11548027000,Ruuvauskärkisarja 1/4' 33-OS. Turvaruuveille,https://tarvike.com/product/ruuvauskarkisarja-14-33-os-turvaruuveille-150438,https://media.tarvike.com/product/images/150438/original/185558.webp,10.9,,,IKH,
11548026000,Ruuvauskärkisarja 32-OS. Värirenkaalla,https://tarvike.com/product/ruuvauskarkisarja-32-os-varirenkaalla-150432,https://media.tarvike.com/product/images/150432/original/185559.webp,26.9,,,IKH,
11548018000,Suodatinyksikkö SRJ 1/2 SY2 FIL-DEP Maalausilmalle,https://tarvike.com/product/suodatinyksikko-srj-12-sy2-fil-dep-maalausilmalle-151685,https://media.tarvike.com/product/images/151685/original/185544.webp,201.2,"Hyvä ja tehokas yleissuodatin paineilmalle. Poistaa paineilmasta kosteuden, rasvat, pienhiukkaset ja muut epäpuhtaudet",,,
11548017000,Suodatinyksikkö SRJ 1/4 SY1 FIL-DEP Maalausilmalle,https://tarvike.com/product/suodatinyksikko-srj-14-sy1-fil-dep-maalausilmalle-151684,https://media.tarvike.com/product/images/151684/original/185543.webp,131.3,"Hyvä ja tehokas yleissuodatin paineilmalle. Poistaa paineilmasta kosteuden, rasvat, pienhiukkaset ja muut epäpuhtaudet",,,
11489211001,Hikoki Iskuporakone DV22V 13mm Pikaistukka 1120W,https://tarvike.com/product/hikoki-iskuporakone-dv22v-13mm-pikaistukka-1120w-150224,https://media.tarvike.com/product/images/150224/original/188702.webp,265.0,Nopeus kuormittamattomana 0 - 1100 / 0 - 3000 rpm. Teho 1120W.,,Hitachi,
11489204001,Hikoki Pistosaha CJ18DA Runko HSC,https://tarvike.com/product/hikoki-pistosaha-cj18da-runko-hsc-150214,https://media.tarvike.com/product/images/150214/original/188709.webp,229.0,Toimitus sisältää: Runko ja HSC-laukku ilman akkuja ja laturia.,,Hikoki,
11489202001,Hikoki Mutterinväännin WR36DE HSC runko,https://tarvike.com/product/hikoki-mutterinvaannin-wr36de-hsc-runko-150211,https://media.tarvike.com/product/images/150211/original/188711.webp,349.0,"Huom! pelkkä konerunko, toimitetaan HCS-laukussa (akku, laturi ja lisävarusteet eivät sisälly toimitukseen).",,Hikoki,
11489201001,"Hikoki Pora/Ruuvinväännin DS18DE 4,0Ah HSC",https://tarvike.com/product/hikoki-poraruuvinvaannin-ds18de-40ah-hsc-150208,https://media.tarvike.com/product/images/150208/original/188712.webp,345.0,"2 x 4,0 Ah Li-ion akku, latauslaite, laukku.",,Hikoki,
11489199001,"Hikoki Pora/Ruuvinväännin DS18DA 2,0Ah",https://tarvike.com/product/hikoki-poraruuvinvaannin-ds18da-20ah-150207,https://media.tarvike.com/product/images/150207/original/188713.webp,149.0,"2x 2,0 Ah Li-ion akku, latauslaite, laukku.",,Hikoki,
11387681000,Xenon Ballasti 12+4+4-nap.,https://tarvike.com/product/xenon-ballasti-1244-nap-156888,https://media.tarvike.com/product/images/156888/original/185446.jpg,213.0,Xenon Ballasti 12+4+4-nap.,,Xenon,
11159995000,"Hallitunkki 2,5tonnia Matala polkimella",https://tarvike.com/product/hallitunkki-25tonnia-matala-polkimella-159535,https://media.tarvike.com/product/images/159535/original/183257.webp,149.0,Max. kapasiteetti 2500 kg Nostoalue 75-505 mm,,IKH,
11120601002,Miniruuvarisarja 45-os. vaihtopäillä,https://tarvike.com/product/miniruuvarisarja-45-os-vaihtopailla-155180,https://media.tarvike.com/product/images/155180/original/189201.webp,29.9,45-osainen miniruuvarisarja vaihtopäillä.,,PG,
11120432002,Metabo KGS 216 M Jiirisaha,https://tarvike.com/product/metabo-kgs-216-m-jiirisaha-106288,https://media.tarvike.com/product/images/106288/original/149134.jpg,298.0,"suuri sahauskapasiteetti liukutoiminnon ansiosta leveille työkappaleillekompakti ja kevytvankka painevalettu alumiinirakennehelppo kuljettaa ergonomisesti muotoiltujen kahvojen ja lukituksen ansiostatehokas pölynpoistoyleisten kulmien nopea ja tarkka asetus pysäytyspisteiden avullalaser leikkuulinjan tarkkaan näyttöönpöydän leveysjatkeet, myös irrotettavissa erittäin pitkien työkappaleiden allekirkas LED-työvalopikakiinnitteinen puristin työkappaleen turvalliseen kiinnitykseen ylhäältä tai edestäsyvyysohjain urien helppoon tekemiseenhelppo sahanterän vaihto karan lukituksen avulla",,IKH,
11051741001,Rautalanka 50m,https://tarvike.com/product/rautalanka-07mm-x-50m-zn-39179,https://media.tarvike.com/product/images/39179/original/188478.webp,4.75,"0,7mm x 50m.",,Arras,
11051730001,"Ruuvitaltta suoraura 14,0x250mm",https://tarvike.com/product/ruuvitaltta-suoraura-140x250mm-155654,https://media.tarvike.com/product/images/155654/original/188426.webp,36.0,Wiha SoftFinish ruuvitaltta.,,Wiha,
11051729001,Ruuvitalttasarja 6-os. lyhyt PZ/PH/SL,https://tarvike.com/product/ruuvitalttasarja-6-os-lyhyt-pzphsl-150465,https://media.tarvike.com/product/images/150465/original/188425.webp,14.9,Lyhyt malli 38 mm.,,IKH,
11043675001,Ristisyöttöruuvipuristin 100mm  S,https://tarvike.com/product/ristisyottoruuvipuristin-100mm-s-155763,https://media.tarvike.com/product/images/155763/original/188137.webp,149.0,Ristisyöttöruuvipuristin 100mm S,,IKH,
11043672001,Vetoniittipihdit,https://tarvike.com/product/vetoniittipihdit-155753,https://media.tarvike.com/product/images/155753/original/188251.webp,21.5,,,IKH,
11043671001,Jarrujen Ilmauslaite 1L,https://tarvike.com/product/jarrujen-ilmauslaite-1l-155908,https://media.tarvike.com/product/images/155908/original/186287.webp,26.9,,,Meganex,
11043670001,Alasin 10KG,https://tarvike.com/product/alasin-10kg-155907,https://media.tarvike.com/product/images/155907/original/187580.webp,58.3,,,Meganex,
11043669001,Pidätinruuvilajitelma 200-OS.,https://tarvike.com/product/pidatinruuvilajitelma-200-os-155905,https://media.tarvike.com/product/images/155905/original/187581.webp,11.05,,,Fixit,
10897687001,"Päiväajopolttimo 13,5V",https://tarvike.com/product/paivaajopolttimo-135v-156588,https://media.tarvike.com/product/images/156588/original/188141.jpg,48.0,"Päivävaloille (PSA), 24W HP24W.",,Startax,
10897669001,Metallikantapolttimo 12V 3W,https://tarvike.com/product/metallikantapolttimo-12v-3w-156632,https://media.tarvike.com/product/images/156632/original/188069.jpg,1.5,E10 Kierrekanta.,,Startax,
10711907000,"Rasvanippa suora 10MMX1,5MM 10KPL",https://tarvike.com/product/rasvanippa-suora-10mmx15mm-10kpl-155880,https://media.tarvike.com/product/images/155880/original/180743.webp,5.5,,,,
10711901000,Lukittava kaulanippasuutin,https://tarvike.com/product/lukittava-kaulanippasuutin-145290,https://media.tarvike.com/product/images/145290/original/176771.webp,39.0,Lukittava rasvaprässin suutin (SafeLock).,,matO,
10711898000,Veivattava tynnyripumppu ADblue,https://tarvike.com/product/veivattava-tynnyripumppu-adblue-106281,https://media.tarvike.com/product/images/106281/original/149121.jpeg,75.0,"soveltuu urealiuoksille (AdBlue, Air1 jne.) sekä jäähdytysnesteelle, lasinpesunesteelle ja vedellesyöttöletku 210 mmimuputki3/4"" liitin letkulletankkausletku 3 mpaino 3,4 kg",,IKH,
10711897000,Meganex Diesel pumppusarja 12V 40L salkku,https://tarvike.com/product/meganex-diesel-pumppusarja-12v-40l-salkku-106279,https://media.tarvike.com/product/images/106279/original/149109.jpeg,238.0,automaattinen tankkauspistooliitseimevä siipipumppuvarustettu ohivirtausventtiililläON/OFF-kytkinkuljetussalkkuNBR-tiivistesoveltuu dieselille,,IKH,
10711896000,Tynnyripumppu 50-200L NBR tiiviste,https://tarvike.com/product/tynnyripumppu-50-200l-nbr-tiiviste-106272,https://media.tarvike.com/product/images/106272/original/149104.jpeg,49.9,50-200 l astioilletuotto 350 cm³/pumppausteleskooppi-imuputki 450-860 mmrunko sinkittyä terästäirrotettava suutinkiinnitys R2 ja R11/2öljyille SAE90 asti,,IKH,
10711895000,Polttoainepumppusarja Tynnyrille 230V 30L/min,https://tarvike.com/product/polttoainepumppusarja-tynnyrille-230v-30lmin-106271,https://media.tarvike.com/product/images/106271/original/149100.jpeg,345.0,"230 V0,2 kW / 0,9 A30 l/minsoveltuu dieselilleasennus tynnyriin, liitin 2"" BSGimuletku 1,25 mpoistoletku 2,5 mmanuaalinen tankkauspistoolivirtakaapeliimufiltteritiivisteet NBR",,IKH,
10711894000,Diesel Pumppusarja 230V 80L/min,https://tarvike.com/product/diesel-pumppusarja-230v-80lmin-106080,https://media.tarvike.com/product/images/106080/original/148806.jpeg,589.0,"automaattinen tankkauspistooli, pyörivällä liittimelläitseimevä siipipumppuvarustettu ohivirtausventtiililläsisäänrakennettu terässuodatinNBR-tiivistesoveltuu dieselillevalmistusmaa Italia",,IKH,
10711893000,Diesel Pumppu 230V 60l/min,https://tarvike.com/product/diesel-pumppu-230v-60lmin-106079,https://media.tarvike.com/product/images/106079/original/148802.jpeg,249.0,"230 V tuotto 70 l/min imukorkeus 2 m, pohjaventtiilillä 3 m virtakaapeli 2 m itseimevä siipipumppu varustettu ohivirtausventtiilillä sisäänrakennettu terässuodatin max. paine 2 bar pumpun liitännät BSP/G 1"" NBR-tiiviste soveltuu dieselille teho 550 W / 2,9 A käyttölämpötila -20...+50 °C suojausluokka IP55 melutaso 70 dB valmistusmaa Italia",,IKH,
10711892000,Polttoainepumppusarja kotelolla 12V 40L/min,https://tarvike.com/product/polttoainepumppusarja-kotelolla-12v-40lmin-106077,https://media.tarvike.com/product/images/106077/original/148789.jpeg,404.0,"siirreltävä tankkauspumppusarja tukevalla metallisella kotelolla ja kantokahvoillasoveltuu dieselillejännite 12 Vtuotto 40 l / minmanuaalinen tankkauspistoolijakeluletku 4 mimuletku jalkaventtiililläpumpun sisääntulo / ulostulo kierre 3/4""tiivisteet NBRvarustettu erillisellä vedenerotinsuodattimellamax. yhtäjaksoinen käyttöaika 30 minkäyttölämpötila -20°C...+50°C",,,
10711890000,Diesel Pumppu 12V 40L/min,https://tarvike.com/product/diesel-pumppu-12v-40lmin-106075,https://media.tarvike.com/product/images/106075/original/148803.jpeg,220.0,itseimevä siipipumppuvarustettu ohivirtausventtiililläkatkaisinNBR-tiivistesoveltuu dieselillevalmistusmaa Italia,,IKH,
10530947001,Vastus 4-napainen.,https://tarvike.com/product/vastus-4-napainen-156562,https://media.tarvike.com/product/images/156562/original/187614.jpg,112.34,"PSA,FIAT AC",,Startax,
10529046001,Hiilipääty + Hiilet,https://tarvike.com/product/hiilipaaty-hiilet-155930,https://media.tarvike.com/product/images/155930/original/187398.webp,43.0,,,IKH,
10529045001,"Keraaminen suutinsarja 4,5,6,7MM 4KPL",https://tarvike.com/product/keraaminen-suutinsarja-4567mm-4kpl-155928,https://media.tarvike.com/product/images/155928/original/187399.webp,17.0,,,IKH,
10529042001,Jyrsinteräsarja 12-OS 6mm Kara,https://tarvike.com/product/jyrsinterasarja-12-os-6mm-kara-155917,https://media.tarvike.com/product/images/155917/original/187404.webp,19.9,,,Fixit,
10529041001,Alumiinialuslaattalajitelma 450-OS.,https://tarvike.com/product/alumiinialuslaattalajitelma-450-os-155916,https://media.tarvike.com/product/images/155916/original/187403.webp,17.9,,,Fixit,
10529040001,Tiivistelajitelma 383-OS.,https://tarvike.com/product/tiivistelajitelma-383-os-155915,https://media.tarvike.com/product/images/155915/original/187402.webp,12.9,,,IKH,
10529039001,Katto Pressu,https://tarvike.com/product/katto-pressu-155913,https://media.tarvike.com/product/images/155913/original/187401.webp,72.0,,,IKH,
10529038001,Sorvin Teräsarja 5-OS.,https://tarvike.com/product/sorvin-terasarja-5-os-155902,https://media.tarvike.com/product/images/155902/original/187583.webp,41.0,,,Fixit,
10245305000,Hoonaustyökalu 19-60mm,https://tarvike.com/product/hoonaustyokalu-19-60mm-156097,https://media.tarvike.com/product/images/156097/original/180506.jpeg,11.9,(3/4'-2 1/2'). Esim. jarrusylinterien seinämien hiontaan.,,IKH,
10245161000,"Reikäsaha, Isommat koot",https://tarvike.com/product/reikasaha-73mm-bi-m-38371,https://media.tarvike.com/product/images/38371/original/180624.jpeg,8.99,"Puun, lastulevyn, muovin ja metallin sahaukseen. Materiaali bimetalli.",,IKH,
10245142000,Sytytyspuola,https://tarvike.com/product/sytytyspuola-156048,https://media.tarvike.com/product/images/156048/original/180562.jpeg,30.0,,,IKH,
10245108000,Käyttökytkin ON/OFF KJD18 -2017,https://tarvike.com/product/kayttokytkin-onoff-kjd18-2017-156108,https://media.tarvike.com/product/images/156108/original/180495.jpeg,31.0,KJD18 -2017.,,WOODTEC,
760494001,Sno-X Magneeton ulosvedin BRP 600R/850Etec,https://tarvike.com/product/sno-x-magneeton-ulosvedin-brp-600r850etec-131608,https://media.tarvike.com/product/images/131608/original/170611.jpg,61.8,"BODY:M60 X P1.5, OD:59.8MM, L:42.6MM, BOLT: 8.8GRADE, THREAD:M16 X P1.5 X 59.8MM, PROTECTOR:OD:28/ 10.2MM, SHAFT:26.9MM, TOTAL L:34MM, HARDNESS:HRC 35 TO 40.",,Sno-X,
759834001,Hyper Varmistuslanka 0.7mm / 30m,https://tarvike.com/product/hyper-varmistuslanka-07mm-30m-129048,https://media.tarvike.com/product/images/129048/original/168921.jpg,13.6,,,Hyper,
744314002,SPI Ulosvetäjä Polaris 2000- (Ei P22),https://tarvike.com/product/spi-ulosvetaja-polaris-2000-ei-p22-135006,https://media.tarvike.com/product/images/135006/original/171953.jpg,58.0,,,,
744312002,SLP Spider Nut Tool Työkalu Polaris,https://tarvike.com/product/slp-spider-nut-tool-tyokalu-polaris-134252,https://media.tarvike.com/product/images/134252/original/171890.jpg,104.0,,,,
22330480000,"Hyper Rengasrauta 380mm ""Michelin"" type",https://tarvike.com/product/hyper-rengasrauta-380mm-michelin-type-129056,https://media.tarvike.com/product/images/129056/original/176879.jpg,15.0,,,Hyper,
22330479000,Rengasrauta Hulk-malli,https://tarvike.com/product/rengasrauta-hulk-malli-129055,https://media.tarvike.com/product/images/129055/original/168926.jpg,16.6,,,,
19216990002,Tru-Tension Laser Monkey  pyöränsuuntauslaite,https://tarvike.com/product/tru-tension-laser-monkey-pyoransuuntauslaite-63694,https://media.tarvike.com/product/images/63694/original/61737.jpg,40.5,"Suuntaa takapyöräsi nopeasti, tehokkaasti ja tarkasti. Ainutlaatuinen lasersuuntaustyökalumme tuo uuden tarkkuuden pyörän ja ketjun suuntauksen säätöön. Täydellinen niin kokeneille kuin uusillekin kuljettajille sekä ammattimekaanikoille. Välttämätön jokaisessa työkalupakissa. Laser Monkeylla suuntaat pyörän tarkasti oikein niin ketju- kuin hihnavetoisissa moottoripyörissä, merkistä ja ketjupyörän materiaalista riippumatta. Sopii niin katu- kuin maastopyöriin.",,Tru-Tension,
19216989002,Tru-Tension Motorcycle Belt Monkey,https://tarvike.com/product/tru-tension-motorcycle-belt-monkey-63693,https://media.tarvike.com/product/images/63693/original/61733.jpg,40.5,"Säädä moottoripyöräsi hihnan kireys tarkasti Belt Monkeylla. Ainutlaatuinen työkalumme muuttaa kokonaan tavan, jolla motoristit ja mekaanikot suorittavat tärkeän vetohihnan säädön oikeaan kireyteen. Belt Monkeylla säädät hihnasi nopeasti, helposti ja kerralla. Oikea hihnan kireys: Vetää pehmeämmin Pidentää hihnan käyttöikää Optimoi tehonvälityskyvyn Parantaa suorituskykyä",,Tru-Tension,
19216988002,Tru-Tension Motorcycle Chain Monkey ketjunkiristäjä,https://tarvike.com/product/tru-tension-motorcycle-chain-monkey-ketjunkiristaja-63692,https://media.tarvike.com/product/images/63692/original/61729.jpg,20.0,"Säädä moottoripyöräsi ketjun kireys tarkasti Chain Monkeylla. Chain Monkeylla säädät ketjusi nopeasti, helposti ja kerralla. Oikea ketjun kireys: Parantaa suorituskykyä Pidentää ketjupyörän käyttöikää Pidentää ketjun käyttöikää Optimoi tehonvälityskyvyn Pehmeämpi veto",,Tru-Tension,
19175356002,"Hyper Moottorikelkka lukko 520mm, 2 avainta",https://tarvike.com/product/hyper-moottorikelkka-lukko-520mm-2-avainta-63697,https://media.tarvike.com/product/images/63697/original/61736.jpg,70.9,"Ø 14.5mm vahvistettu pitkä U-sanka, jossa ruostesuojattu lukkosylinteri avainreikä suojalla. Kova karkaistu lukkorunko. SBSC luokka C sertifioitu. Mukana kaksi avainta.",,Hyper,
19175355002,"Hyper Moottorikelkka lukko 499mm, 2 avainta",https://tarvike.com/product/hyper-moottorikelkka-lukko-499mm-2-avainta-63696,https://media.tarvike.com/product/images/63696/original/61745.jpg,70.9,"Ø 14.5mm vahvistettu pitkä U-sanka, jossa ruostesuojattu lukkosylinteri avainreikä suojalla. Kova karkaistu lukkorunko. SBSC luokka C sertifioitu. Mukana kaksi avainta.",,Hyper,
18750897002,"Ulosvetäjä, Yamaha",https://tarvike.com/product/ulosvetaja-yamaha-109199,https://media.tarvike.com/product/images/109199/original/152786.jpg,29.4,Koko: 193 X 20mm,,Scorpion,
18750686002,"Ulosvetäjä 28mm x 1,0mm oik.",https://tarvike.com/product/ulosvetaja-28mm-x-10mm-oik-108988,https://media.tarvike.com/product/images/108988/original/152619.jpg,21.8,"Koko: 28mm x 1,0mm.Oikea.",,Scorpion,
18750636002,Buzzetti Ulosvetäjä 27mm X 1mm oikeak. (9-2-05238),https://tarvike.com/product/buzzetti-ulosvetaja-27mm-x-1mm-oikeak-9-2-05238-108967,https://media.tarvike.com/product/images/108967/original/152568.jpg,16.2,For Honda Kokusan,,Scorpion,
18750629002,Buzzetti Rengasraudat 2x350mm+1x240mm,https://tarvike.com/product/buzzetti-rengasraudat-2x350mm1x240mm-108960,https://media.tarvike.com/product/images/108960/original/152563.jpg,76.0,"Tyre tool professional set, type with n. 2 tyre tools mm. 350 and n. 1 tyre tool mm. 240 in steel chrome, with hook blocking on the spoke",,Scorpion,
1772925000,Hyper Öljynsuodatinavainsrj. 16-os.,https://tarvike.com/product/hyper-oljynsuodatinavainsrj-16-os-129047,https://media.tarvike.com/product/images/129047/original/168920.jpg,85.0,16-os. Koot 66-108 mm.,,Hyper,
1772197000,"Motobatt akku, MB12U",https://tarvike.com/product/motobatt-akku-mb12u-129345,https://media.tarvike.com/product/images/129345/original/172395.png,102.0,"Tehdasaktivoitu, ei happoa täytettäväksi, vain tarkista lataus ja mene!12 kuukauden vaihtotakuuReplaces: Yuasa YB12AA, YB12AA, SYB12AAWS, YB12ALA, YB12ALA2, YB12AB, YB12CA, 12N124A, 12N124A1",,Motobatt,
1772196000,"Motobatt akku, MBTZ10S",https://tarvike.com/product/motobatt-akku-mbtz10s-129344,https://media.tarvike.com/product/images/129344/original/172444.png,68.9,"Tehdasaktivoitu, ei happoa täytettäväksi, vain tarkista lataus ja mene!12 kuukauden vaihtotakuuReplaces: Yuasa YTX7A-BS, YTZ10SDEKA ETZ10SODYSSEY PC310",,,
1772182000,"Yuasa akku, YTX16-BS (cp) Happopatruuna mukana (3)",https://tarvike.com/product/yuasa-akku-ytx16-bs-cp-happopatruuna-mukana-3-129329,https://media.tarvike.com/product/images/129329/original/172330.png,146.0,"VRLA (Valve Regulated Lead Acid) tarkoittaa akkua, joka on täydellinen ihmisille, joilla on parempaa tekemistä kuin akkujen huolto! Pysyvästi suljettu VRLA-akku ei tarvitse koskaan täyttöä, mutta se tarvitsee kuitenkin säännöllisen latauksen. Ihanteellinen moottoripyöriin, skoottereihin, mönkijöihin, ajoleikkureihin ja vesiskoottereihin.",,Yuasa,
1772164000,Yuasa L26-80 Active Leisure akku 12V 80Ah 560A Huom.Rullakkorahti (18),https://tarvike.com/product/yuasa-l26-80-active-leisure-akku-12v-80ah-560a-huomrullakkorahti-18-132128,https://media.tarvike.com/product/images/132128/original/172304.png,164.0,-Optimoitu kestämään jatkuva lataus ja purkaminen -Ensiasennuslaatu ja luokitukset -Täysin huoltovapaa -Toimitetaan käyttövalmiina -Erittäin kestävä rakenne -Syväpurkauksen kestävä Lavan toimituskulut lisätään hintaan,,Yuasa,
1772153000,BS akku BTZ7S (FA) SLA - Sealed & Activated,https://tarvike.com/product/bs-akku-btz7s-fa-sla-sealed-activated-132117,https://media.tarvike.com/product/images/132117/original/172439.png,73.9,"BTZ7S-akku kuuluu SLA-mallistoon. Tämä 12V 6,3Ah akku on käyttövalmis, 100 % huoltovapaa ja vuotamaton.Erittäin helppo asentaa ja kuljettaa.Tarjoaa enemmän tehoa, pidemmän käyttöiän ja maksimaalisen luotettavuuden kaikkiin moottoriurheiluajoneuvoihin, jotka vaativat suurta suorituskykyä.AGM-rakenneVRLA-akkuTehtaalla suljettu ja aktivoituEi hapon...",,,
1772152000,BS akku BT14B-BS MF (cp) Maintenance Free,https://tarvike.com/product/bs-akku-bt14b-bs-mf-cp-maintenance-free-132116,https://media.tarvike.com/product/images/132116/original/172410.png,89.9,MF Maintenance Free akuissa on VRLA (Valve Regulated Lead Acid) jonka ansiosta ovat lähes huoltovapaita eikä esim. Akkuvettä tarvitse koskaan lisätä. Akkujen mukana toimitetaan happopatruuna jolla akku aktivoidaan ennen ensimmäistä käyttökertaa.,,,
1772151000,BS akku BT12B-BS MF (cp) Maintenance Free,https://tarvike.com/product/bs-akku-bt12b-bs-mf-cp-maintenance-free-132115,https://media.tarvike.com/product/images/132115/original/172445.png,76.9,MF Maintenance Free akuissa on VRLA (Valve Regulated Lead Acid) jonka ansiosta ovat lähes huoltovapaita eikä esim. Akkuvettä tarvitse koskaan lisätä. Akkujen mukana toimitetaan happopatruuna jolla akku aktivoidaan ennen ensimmäistä käyttökertaa.,,,
1772149000,BS akku BT4B-BS MF (cp) Maintenance Free,https://tarvike.com/product/bs-akku-bt4b-bs-mf-cp-maintenance-free-132113,https://media.tarvike.com/product/images/132113/original/170883.jpg,25.9,MF Maintenance Free akuissa on VRLA (Valve Regulated Lead Acid) jonka ansiosta ovat lähes huoltovapaita eikä esim. Akkuvettä tarvitse koskaan lisätä. Akkujen mukana toimitetaan happopatruuna jolla akku aktivoidaan ennen ensimmäistä käyttökertaa.,,,
1772146000,BS akku BTX5L-BS MF (cp) Maintenance Free,https://tarvike.com/product/bs-akku-btx5l-bs-mf-cp-maintenance-free-132110,https://media.tarvike.com/product/images/132110/original/172494.png,34.9,MF Maintenance Free akuissa on VRLA (Valve Regulated Lead Acid) jonka ansiosta ovat lähes huoltovapaita eikä esim. Akkuvettä tarvitse koskaan lisätä. Akkujen mukana toimitetaan happopatruuna jolla akku aktivoidaan ennen ensimmäistä käyttökertaa.,,,
1772144000,BS akku BTX20HL-BS MF (cp) Maintenance Free,https://tarvike.com/product/bs-akku-btx20hl-bs-mf-cp-maintenance-free-132108,https://media.tarvike.com/product/images/132108/original/172326.png,142.9,MF Maintenance Free akuissa on VRLA (Valve Regulated Lead Acid) jonka ansiosta ovat lähes huoltovapaita eikä esim. Akkuvettä tarvitse koskaan lisätä. Akkujen mukana toimitetaan happopatruuna jolla akku aktivoidaan ennen ensimmäistä käyttökertaa.,,,
1772143000,BS akku BTX20-BS MF (cp) Maintenance Free,https://tarvike.com/product/bs-akku-btx20-bs-mf-cp-maintenance-free-132107,https://media.tarvike.com/product/images/132107/original/172349.png,139.9,MF Maintenance Free akuissa on VRLA (Valve Regulated Lead Acid) jonka ansiosta ovat lähes huoltovapaita eikä esim. Akkuvettä tarvitse koskaan lisätä. Akkujen mukana toimitetaan happopatruuna jolla akku aktivoidaan ennen ensimmäistä käyttökertaa.,,,
1772139000,BS akku BTX14AH-BS MF (cp) Maintenance Free,https://tarvike.com/product/bs-akku-btx14ah-bs-mf-cp-maintenance-free-132103,https://media.tarvike.com/product/images/132103/original/172393.png,109.9,MF Maintenance Free akuissa on VRLA (Valve Regulated Lead Acid) jonka ansiosta ovat lähes huoltovapaita eikä esim. Akkuvettä tarvitse koskaan lisätä. Akkujen mukana toimitetaan happopatruuna jolla akku aktivoidaan ennen ensimmäistä käyttökertaa.,,,
1772137000,BS akku BTX14-BS MF (cp) Maintenance Free,https://tarvike.com/product/bs-akku-btx14-bs-mf-cp-maintenance-free-132101,https://media.tarvike.com/product/images/132101/original/172409.png,99.0,MF Maintenance Free akuissa on VRLA (Valve Regulated Lead Acid) jonka ansiosta ovat lähes huoltovapaita eikä esim. Akkuvettä tarvitse koskaan lisätä. Akkujen mukana toimitetaan happopatruuna jolla akku aktivoidaan ennen ensimmäistä käyttökertaa.,,,
17369754001,CTEK CS Connect -sovitinkaapeli,https://tarvike.com/product/ctek-cs-connect-sovitinkaapeli-106633,https://media.tarvike.com/product/images/106633/original/149645.jpg,10.9,"Liitä CS-laturisi kaikkiin CTEK CONNECT & INDICATOR lisävarusteisiin tällä CS CONNECT ADAPTER CABLE kaapelilla.CS CONNECT ADAPTER CABLE kaapelilla voit liittää CS-laturisi CTEK CONNECT & INDICATOR lisävarusteisiin, mikä lisää käytettävyyttä, turvallisuutta, yksinkertaisuutta ja toiminnallisuutta. Ruotsissa suunniteltu ja testattu, laadukkailla liittimillä sekä kulutusta kestävillä ja joustavilla kaapeleilla varustettu laite on tehty kestämään.",,Ctek,
17369749001,CTEK Bumper 300,https://tarvike.com/product/ctek-bumper-300-106628,https://media.tarvike.com/product/images/106628/original/149639.jpg,39.9,"CTEK-laturin BUMPER suojaa laturiasi ja ajoneuvoasi kolhuilta ja naarmuilta. BUMPER on valmistettu kestävästä silikonikumista. Se istuu tiiviisti laturin rungon ympärille ja lisää laturin pitoa liukkailla pinnoilla.Vahvistettu silikonikumisuoja kantokahvalla, 12V / 25A, sekä 24V / 14A -latureille.",,Ctek,
17369748001,CTEK Bumper 120 (MXS 10) akkulaturin suoja,https://tarvike.com/product/ctek-bumper-120-mxs-10-akkulaturin-suoja-106627,https://media.tarvike.com/product/images/106627/original/149635.jpg,29.9,Kestävä silikonikumisuoja 10 A:n latureilleSopii käytettäväksi kaikkien 10 A:n CTEK-latureiden kanssa.,,Ctek,
17369747001,CTEK Bumper 100 (MXS 7.0) akkulaturin suoja,https://tarvike.com/product/ctek-bumper-100-mxs-70-akkulaturin-suoja-106626,https://media.tarvike.com/product/images/106626/original/149651.jpg,19.9,Kestävä silikonikumisuoja 7 A:n latureilleCTEK BUMPER suojaa CTEK-laturiasi kolhuilta ja naarmuilta. Lisää pitoa liukkailla ja kaltevilla pinnoilla. Valmistettu kestävästä silikonikumista. CTEK BUMPER -silikonisuojus sopii täydellisesti CTEK-laturisi ympärille.,,Ctek,
17369685001,CTEK CT5 TIME TO GO EU akkulaturi,https://tarvike.com/product/ctek-ct5-time-to-go-eu-akkulaturi-105155,https://media.tarvike.com/product/images/105155/original/147878.jpg,114.9,Laskuritoiminto akun latausajankohdan selvittämistä varten,,Ctek,
17369683001,CTEK PRO25SE Akkulaturi EU-Pistoke,https://tarvike.com/product/ctek-pro25se-akkulaturi-eu-pistoke-105153,https://media.tarvike.com/product/images/105153/original/147880.jpg,469.0,"PRO25SE on innovatiivinen, monikäyttöinen ja erittäin tehokas 25 A:n akkulaturi ja virtalähde. Laitteessa on kuusimetriset latauskaapelit pylväs- ja työpisteasennuksia varten. Tehokkuutta ja edistyksellistä teknologiaa turvallisessa ja monikäyttöisessä muodossa tarjoava laturi toimii kaikkien 12 V:n ajoneuvoakkujen (myös litium*akkujen) kanssa. Se onkin ihanteellinen ratkaisu ammattilaisten akunhallintatarpeisiin korjaamoissa. *) 12 V litium-akut (LiFePO4, Li-Fe, Li-iron, LFP)",,Ctek,
17369682001,"CTEK PRO25S Akkulaturi, EU-pistoke",https://tarvike.com/product/ctek-pro25s-akkulaturi-eu-pistoke-105152,https://media.tarvike.com/product/images/105152/original/147883.jpg,359.0,"PRO25S on innovatiivinen, monikäyttöinen ja erittäin tehokas 25 A:n akkulaturi ja virtalähde, joka on suunniteltu autoalan ammattilaisten käyttöön. Tehokasta ja kehittynyttä teknologiaa turvallisessa, kannettavassa ja monikäyttöisessä muodossa tarjoava PRO25S toimii kaikkien 12 V:n ajoneuvoakkujen (myös litium*-akkujen) kanssa. Se onkin ihanteellinen ratkaisu ammattilaisten akunhallintatarpeisiin korjaamoissa ja ajoneuvojen esittelytiloissa. *) 12 V litium-akut (LiFePO4, Li-Fe, Li-iron, LFP)",,Ctek,
17369678001,CTEK MXS 5.0 Polar edition EU akkulaturi,https://tarvike.com/product/ctek-mxs-50-polar-edition-eu-akkulaturi-105148,https://media.tarvike.com/product/images/105148/original/147890.jpg,127.9,Erikokoisten akkujen automaattinen lataus äärimmäisissä sääolosuhteissa,,Ctek,
17369675001,"CTEK CS ONE Akkulaturi, EU-Pistoke",https://tarvike.com/product/ctek-cs-one-akkulaturi-eu-pistoke-105145,https://media.tarvike.com/product/images/105145/original/147895.jpg,209.9,"Kaikenlaisten akkujen lataaminen on nyt hyvin helppoa CTEK CS ONE -laturin ansiosta. Vallankumouksellinen mukautuva APTO-lataustekniikka hoitaa ajattelun puolestasi  sinun ei tarvitse edes huolehtia siitä, mikä puristusliitin kiinnitetään minnekin! Tämä on helppokäyttöisin laturi, jonka olet koskaan nähnyt. Lisäksi voit hallita latausta mobiilisovelluksella, joka tuo käyttöön useita lisätoimintoja. CTEK CS ONE on edistyksellisin markkinoilla oleva laturi. Erittäin yksinkertaista. Erittäin älykästä. CS ONE.",,Ctek,
17369674001,"CTEK CT5 POWERSPORT akkulaturi, EU-pistoke",https://tarvike.com/product/ctek-ct5-powersport-akkulaturi-eu-pistoke-105144,https://media.tarvike.com/product/images/105144/original/147899.jpg,94.9,"Powersport-ajoneuvosi heti valmiina käyttöön. Sopii kaikille moottoripyörille, mönkijöille, vesiskoottereille ja moottorikelkoille Normal-ohjelma. Optimoitu kaikille lyijyhappo-akuille, mukaanlukien AGM",,Ctek,
17369671001,CTEK MXS 5.0 T Akkulaturi,https://tarvike.com/product/ctek-mxs-50-t-akkulaturi-105141,https://media.tarvike.com/product/images/105141/original/147904.jpg,115.9,"Edistyksellinen, lämpötilakompensaatiolla varustettu laturi Automaattinen, 8-vaiheinen kytke ja lataa lataus 12 V:n akuille Pienen akun, normaalikokoisen akun, AGM- akun ja elvytysohjelmat Sisäänrakennettu automaattinen lämpötilakompensaatio Patentoitu float-/pulssiylläpitolataus akuille 160 Ah kapasiteettiin saakka Viiden vuoden takuu",,Ctek,
17369661001,Aliant Lithium akkulaturi CB1203/3A,https://tarvike.com/product/aliant-lithium-akkulaturi-cb12033a-105131,https://media.tarvike.com/product/images/105131/original/147919.jpg,74.0,"Suositellaan käytettäväksi Aliant Lithium-akkujen kanssa Erittäin nopea latautuminen - 0-> 100 %, alle 30 minuuttia - 0 -> 50 %, alle 10 minuuttia",,,
17369660001,Aliant Lithium akkulaturi CB1210/10A,https://tarvike.com/product/aliant-lithium-akkulaturi-cb121010a-105130,https://media.tarvike.com/product/images/105130/original/147920.jpg,99.5,"Suositellaan käytettäväksi Aliant Lithium-akkujen kanssa Erittäin nopea latautuminen - 0-> 100 %, alle 30 minuuttia - 0 -> 50 %, alle 10 minuuttia Valmistajan tuotekoodi CB1210",,,
17369605001,CTEK Bumper-suoja (MXS 3.8/MXS 5.0),https://tarvike.com/product/ctek-bumper-suoja-mxs-38mxs-50-106649,https://media.tarvike.com/product/images/106649/original/149664.jpg,16.9,"CTEK-latureiden BUMPER-suoja istuu tiiviisti laturin rungon ympärille ja suojaa sitä kolhuilta ja naarmuilta. BUMPER on valmistettu kestävästä silikonikumista. Se lisää laturin pitoa liukkailla pinnoilla. Sillä on kahden vuoden takuu. Sopii käytettäväksi kaikkien 3,8 - 5,0 A:n CTEK-latureiden kanssa.",,Ctek,
17369603001,CTEK Comfort Indicator Eyelet M6 liitin,https://tarvike.com/product/ctek-comfort-indicator-eyelet-m6-liitin-106647,https://media.tarvike.com/product/images/106647/original/149656.jpg,15.9,"CTEK -laturin pikaliitinkaapeli M6 -silmukkaliittimellä ja akun varaustason näytöllä. Indicator Eyelet -silmukkaliitin on ihanteellinen sellaisten akkujen lataamiseen ja tarkistukseen, joihin on vaikea päästä käsiksi tai jotka ovat piilossa. 'Liikennevalojärjestelmä' näyttää akun varaustilan yksinkertaisesti ja selkeästi. Kytke silmukkaliittimet akkuun, tarkista varaustila, kytke sitten liitin CTEK-laturiin, jos akku tarvitsee latausta. Punainen valo tarkoittaa, että akun jännite on alle 12,4 V. Akku kannattaa ehdottomasti ladata. Keltainen valo tarkoittaa, että akun jännite on 12,4–12,65 V. Akun lataamista kannattaa pian harkita. Vihreä valo tarkoittaa, että akun jännite on yli 12,65 V. Kaikki kunnossa, ei tarvetta ladata. Toimii kaikkien 12 V:n lyijyhappoakkujen ja enintään 10 ampeerin CTEK-latureiden kanssa. Silmukkaliitäntä: Suunniteltu ahtaissa tiloissa olevien akkujen pysyvään ja turvalliseen liitäntään. CTEKin ainutlaatuisen CONNECT-järjestelmän INDICATOR EYELET M6 -liitäntä on nopea, turvallinen ja helppo tapa ladata akkua. Kestävä: kulutusta kestävät ja joustavat kaapelit on suunniteltu ja testattu Ruotsissa.",,Ctek,
17369600001,CTEK Comfort Indicator Panel M8 3.3m liitin,https://tarvike.com/product/ctek-comfort-indicator-panel-m8-33m-liitin-106644,https://media.tarvike.com/product/images/106644/original/149661.jpg,35.9,"INDICATOR Panel -paneeli on suunniteltu erityisesti paneelikiinnitykseen. Se käyttää liikennevalojärjestelmää akun varaustilan osoittamiseen. Asenna paneeli käytännölliseen paikkaan ja vedä kaapeli sitten akulle. Laturi on sen jälkeen aina helppo kytkeä paneelin liitäntään. Paneelista on kaksi eri versiota, eripituisilla kaapeleilla, mikä tekee asennuksen ja lataamisen helpoksi, käytännölliseksi ja käteväksi erilaisissa asennusympäristöissä. Punainen valo tarkoittaa, että akun jännite on alle 12,4 V. Akku kannattaa ehdottomasti ladata. Keltainen valo tarkoittaa, että akun jännite on 12,4–12,65 V. Akun lataamista kannattaa pian harkita. Vihreä valo tarkoittaa, että akun jännite on yli 12,65 V. Kaikki kunnossa, ei tarvetta ladata. Toimii kaikkien 12 V:n lyijyhappoakkujen ja enintään 10 ampeerin CTEK-latureiden kanssa. Helppo liitäntä: perustuu CTEKin ainutlaatuiseen CONNECT-järjestelmään Kestävä: kulutusta kestävät ja joustavat kaapelit on suunniteltu ja testattu Ruotsissa",,Ctek,
17369598001,CTEK Comfort Indicator Eyelet M8 liitin,https://tarvike.com/product/ctek-comfort-indicator-eyelet-m8-liitin-106642,https://media.tarvike.com/product/images/106642/original/149667.jpg,15.9,"CTEK -laturin pikaliitinkaapeli M8 -silmukkaliittimellä ja akun varaustason näytöllä. Indicator Eyelet -silmukkaliitin on ihanteellinen sellaisten akkujen lataamiseen ja tarkistukseen, joihin on vaikea päästä käsiksi tai jotka ovat piilossa. 'Liikennevalojärjestelmä' näyttää akun varaustilan yksinkertaisesti ja selkeästi. Kytke silmukkaliittimet akkuun, tarkista varaustila, kytke sitten liitin CTEK-laturiin, jos akku tarvitsee latausta. Punainen valo tarkoittaa, että akun jännite on alle 12,4 V. Akku kannattaa ehdottomasti ladata. Keltainen valo tarkoittaa, että akun jännite on 12,4–12,65 V. Akun lataamista kannattaa pian harkita. Vihreä valo tarkoittaa, että akun jännite on yli 12,65 V. Kaikki kunnossa, ei tarvetta ladata. Toimii kaikkien 12 V:n lyijyhappoakkujen ja enintään 10 ampeerin CTEK-latureiden kanssa. Silmukkaliitäntä: Suunniteltu ahtaissa tiloissa olevien akkujen pysyvään ja turvalliseen liitäntään. CTEKin ainutlaatuisen CONNECT-järjestelmän INDICATOR EYELET M8 -liitäntä on nopea, turvallinen ja helppo tapa ladata akkua. Kestävä: kulutusta kestävät ja joustavat kaapelit on suunniteltu ja testattu Ruotsissa.",,,
17369596001,CTEK Comfort Connect M10 liitin,https://tarvike.com/product/ctek-comfort-connect-m10-liitin-106640,https://media.tarvike.com/product/images/106640/original/149659.jpg,7.9,"CONNECT EYELET M10 Connect eyelet -liitin on ihanteellinen ratkaisu, jos akkuun on vaikea päästä käsiksi, jos se on piilossa tai jos et voi käyttää puristusliittimiä. Kytke vain kätevät silmukkaliittimet akkuun ja lataa normaalisti. M10 -silmukkaliittimillä ja CTEK -laturin pikaliittimellä varustettu kaapeli nopeaan ja helppoon lataamiseen. M10 10,4 mm:n silmukkaliitin Kaapelin pituus 0.4 m Turvallinen liitäntä: eritysesti ahtaissa tiloissa oleville akuille. Helppokäyttöinen: CTEKin ainutlaatuinen CONNECT-järjestelmä tekee CTEK-akkulaturin liittämisestä nopeaa ja vaivatonta. Kestävä: laadukkaat silmukkaliittimet ja joustavat, kulutusta kestävät kaapelit on tehty kestämään; suunniteltu ja testattu Ruotsissa.",,Ctek,
17369594001,CTEK Comfort Connect Cig Plug Akkulaturin sovitin,https://tarvike.com/product/ctek-comfort-connect-cig-plug-akkulaturin-sovitin-106638,https://media.tarvike.com/product/images/106638/original/149670.jpg,18.9,"Connect Cig Plug on helposti asennettava sovitin, joka mahdollistaa akun lataamisen CTEK-laturilla 12 voltin tupakansytyttimen tai lisävarusteliitännän kautta. 400 mm:n pituinen kaapeli. Yhteensopiva kaikkien enintään 8 A:n CTEK -laturien kanssa, joissa on Comfort Connect -liitin. Yleismalli sopii sekä 12 mm:n että 21 mm:n liitäntöihinKaapelin pituus 40 cm kätevään lataamiseenYhteensopiva kaikkien enintään 8 A:n CTEK-laturien kanssaLiitännässä on oltava virta myös silloin, kun sytytysvirta on katkaistu2v takuu",,Ctek,
17369591001,CTEK CS ONE Bumper akkulaturin suoja,https://tarvike.com/product/ctek-cs-one-bumper-akkulaturin-suoja-106635,https://media.tarvike.com/product/images/106635/original/149652.jpg,21.9,Suojaa CS ONE -laturia kolhuilta ja naarmuilta. Se myös pitää laturin paikallaan liukkailla pinnoilla. Kestävä suoja CTEK CS ONE -laturille,,Ctek,
17369590001,CTEK CS Connect U -liitin,https://tarvike.com/product/ctek-cs-connect-u-liitin-106634,https://media.tarvike.com/product/images/106634/original/149649.jpg,15.9,"Tarjoaa pysyvän liitännän ahtaissa tiloissa oleville akuille sekä nopean ja helpon tavan kytkeä CS-laturi.CS CONNECT U TERMINAL on suunniteltu akun pysyvää liitäntää varten. Se perustuu CTEKin ainutlaatuiseen CONNECT & INDICATOR-järjestelmään ja mahdollistaa akun ja CS-laturin nopean ja helpon liitännän. Tästä on hyötyä, kun akku on ahtaassa tilassa. Ruotsissa suunniteltu ja testattu, laadukkailla U-napaliittimillä sekä kulutusta kestävillä ja joustavilla kaapeleilla varustettu laite on tehty kestämään. Vaatii CS CONNECT ADAPTER CABLE kaapelin.",,Ctek,
17369577001,NGK sytytystulppa PZFR6H,https://tarvike.com/product/ngk-sytytystulppa-pzfr6h-105297,https://media.tarvike.com/product/images/105297/original/148089.jpg,33.7,Varmatoiminen sytytystulppa.,,NGK,
17369571001,NGK sytytystulppa ZFR4F-11,https://tarvike.com/product/ngk-sytytystulppa-zfr4f-11-105291,https://media.tarvike.com/product/images/105291/original/148081.jpg,9.1,Varmatoiminen sytytystulppa.,,NGK,
17369562001,NGK tulpanhattu TB05EMA,https://tarvike.com/product/ngk-tulpanhattu-tb05ema-105282,https://media.tarvike.com/product/images/105282/original/148072.jpg,13.9,90°\t14 mm:lle / iso nippa / Kum.,,NGK,
17369561001,NGK tulpanhattu YD05F,https://tarvike.com/product/ngk-tulpanhattu-yd05f-105281,https://media.tarvike.com/product/images/105281/original/148071.jpg,9.6,120°/LYHYT\t10/12 mm:lle / pikku nippa,,NGK,
17369560001,NGK tulpanhattu YB05F,https://tarvike.com/product/ngk-tulpanhattu-yb05f-105280,https://media.tarvike.com/product/images/105280/original/148070.jpg,6.2,120°/LYHYT\t14 mm:lle / pikku nippa,,NGK,
17369557001,NGK sytytystylpan TB05EMA hattu + 50cm silicon sytytysjohto,https://tarvike.com/product/ngk-sytytystylpan-tb05ema-hattu-50cm-silicon-sytytysjohto-105277,https://media.tarvike.com/product/images/105277/original/148067.jpg,25.9,TB05EMA hattu + 50cm silicon sytytysjohto,,NGK,
17369555001,NGK  sytytystulppa SD05FM hattu + 50cm silicon sytytysjohto,https://tarvike.com/product/ngk-sytytystulppa-sd05fm-hattu-50cm-silicon-sytytysjohto-105275,https://media.tarvike.com/product/images/105275/original/148065.jpg,23.5,SD05FM hattu + 50cm silicon sytytysjohto,,NGK,
744313002,SPI Jousityökalu 43cm,https://tarvike.com/product/spi-jousityokalu-43cm-135005,https://media.tarvike.com/product/images/135005/original/171947.jpg,34.0,,,,
19175565002,Sno-X Moottorikelkan nostolaite,https://tarvike.com/product/sno-x-moottorikelkan-nostolaite-79775,https://media.tarvike.com/product/images/79775/original/29049.jpg,110.4,"Säädettävä nostolaite. Helpottaa alustan säätöä, kelkan lämmitystä ja maton puhdistusta. Helppo asentaa.",,Sno-X,
18750684002,"Ulosvetäjä 22/26 x 1,5mm",https://tarvike.com/product/ulosvetaja-2226-x-15mm-108986,https://media.tarvike.com/product/images/108986/original/152604.jpg,19.6,"Koko: 22/26 x 1,5mm",,Scorpion,
18750683002,"Ulosvetäjä 26 x1,5mm",https://tarvike.com/product/ulosvetaja-26-x15mm-108985,https://media.tarvike.com/product/images/108985/original/152615.jpg,15.0,"Buzzetti ulosvetäjä sopii kaikkiin Bosch magneetoihin, Tunturi Puch, Helkama, Solifer, Tomos, Sachs. koko: 26 x 1,5mm",,Scorpion,
18750632002,Buzzetti öljyns.avain 68mm/14-k,https://tarvike.com/product/buzzetti-oljynsavain-68mm14-k-108963,https://media.tarvike.com/product/images/108963/original/152562.jpg,8.9,"Sopii Hiflon suodattimiin:HF138,138C,147,191",,,
18750630002,Buzzetti ulosvedinsarja laakereille sisäm. 8-25mm,https://tarvike.com/product/buzzetti-ulosvedinsarja-laakereille-sisam-8-25mm-108961,https://media.tarvike.com/product/images/108961/original/152571.jpg,235.2,"Sisältää koot sisämitaltaan 8-25mm, 7 eri kokoa.",,Scorpion,
1772928000,Puig Basic Off-Road Stand-Support C/Black,https://tarvike.com/product/puig-basic-off-road-stand-support-cblack-130335,https://media.tarvike.com/product/images/130335/original/169631.jpg,62.3,,,Puig,
1772924000,Hyper As.työkalusrj. Etuh. Stefoille 35-54mm,https://tarvike.com/product/hyper-astyokalusrj-etuh-stefoille-35-54mm-129046,https://media.tarvike.com/product/images/129046/original/168916.jpg,336.0,,,Hyper,
1772875000,D.I.D Ketjutyökalu KM500R,https://tarvike.com/product/did-ketjutyokalu-km500r-132356,https://media.tarvike.com/product/images/132356/original/171089.jpg,180.0,,,,
1772496000,Philips Polttimo H8 12V 35W PGJ19-1,https://tarvike.com/product/philips-polttimo-h8-12v-35w-pgj19-1-129081,https://media.tarvike.com/product/images/129081/original/168952.jpg,25.8,,,Philips,
1772160000,BS akku BTX14H (FA) SLA MAX - Sealed & Activated,https://tarvike.com/product/bs-akku-btx14h-fa-sla-max-sealed-activated-132124,https://media.tarvike.com/product/images/132124/original/172364.png,119.9,"BTX14H-akku kuuluu SLA Max-mallistoon. Tämä 12V 14,7Ah akku on suunniteltu äärimmäisiin olosuhteisiin, ja tarjoaa maksimaalisen suorituskyvyn moottoripyörille ja ATV/UTV:lle.Käyttövalmis, 100 % huoltovapaa ja vuotamaton. Tarjoaa lisää tehoa, ylivoimaista kapasiteettia ja maksimaalista luotettavuutta.AGM-rakenneVRLA-akkuTehtaalla suljettu ja aktivoituEi...",,,
1772158000,BS akku BIX30L-BS MF (cp) Maintenance Free,https://tarvike.com/product/bs-akku-bix30l-bs-mf-cp-maintenance-free-132122,https://media.tarvike.com/product/images/132122/original/172284.png,224.9,MF Maintenance Free akuissa on VRLA (Valve Regulated Lead Acid) jonka ansiosta ovat lähes huoltovapaita eikä esim. Akkuvettä tarvitse koskaan lisätä. Akkujen mukana toimitetaan happopatruuna jolla akku aktivoidaan ennen ensimmäistä käyttökertaa.,,,
1772157000,BS akku BTZ14S-BS MF (cp) Maintenance Free,https://tarvike.com/product/bs-akku-btz14s-bs-mf-cp-maintenance-free-132121,https://media.tarvike.com/product/images/132121/original/172420.png,89.9,MF Maintenance Free akuissa on VRLA (Valve Regulated Lead Acid) jonka ansiosta ovat lähes huoltovapaita eikä esim. Akkuvettä tarvitse koskaan lisätä. Akkujen mukana toimitetaan happopatruuna jolla akku aktivoidaan ennen ensimmäistä käyttökertaa.,,,
1772136000,"Motobatt lithium akku, MPLXHK-P Ho/Ka/Ya",https://tarvike.com/product/motobatt-lithium-akku-mplxhk-p-hokaya-129356,https://media.tarvike.com/product/images/129356/original/172383.png,102.9,Voltage\t13.2Capacity\t2.2AHCCA\t165caWeight\t0.70kg/1.54lbsReplaces: Honda 31500-MKE-A61 HY85SKawasaki 26026-0001 HJ01,,Motobatt,
17369573001,NGK Sytytystulppa BR9HS,https://tarvike.com/product/ngk-sytytystulppa-br9hs-105293,https://media.tarvike.com/product/images/105293/original/148083.jpg,6.3,Pituus 60cm Litteä kuminauha Väri: musta,,NGK,
17369551001,NGK sytytystulppa BR7HIX,https://tarvike.com/product/ngk-sytytystulppa-br7hix-105270,https://media.tarvike.com/product/images/105270/original/148061.jpg,20.4,Varmatoiminen sytytystulppa.,,NGK,
9890119002,Milwaukee Akkuräikkäavain M12 FIR14LR-0,https://tarvike.com/product/milwaukee-akkuraikkaavain-m12-fir14lr-0-169425,https://media.tarvike.com/product/images/169425/original/192262.png,312.5,"Tehokas ja kestävä ratkaisu ammattilaisille! MILWAUKEE® M12 FUEL™ Extended Reach Ratchet tarjoaa jopa 54 Nm vääntövoimaa ja 250 rpm kierrosnopeuden, mikä tekee siitä ihanteellisen työkalun autoalan mekaanikoille sekä huolto- ja korjausammattilaisille.",,Milwaukee Tools,
9575760002,Lisävalopaneeli LED REGEM 24,https://tarvike.com/product/lisavalopaneeli-led-regem-24-153381,https://media.tarvike.com/product/images/153381/original/204059.jpg,201.5,Regem 24X2 E-hyväksytty LED-lisävalopaneeli.,,CRX,
9575759002,Työvalo LED Agena 2950S,https://tarvike.com/product/tyovalo-led-agena-2950s-153363,https://media.tarvike.com/product/images/153363/original/204062.jpg,44.0,Magna 7200S LED-työvalo.,,CRX,
9439055000,Sulanapitokaapeli 2m,https://tarvike.com/product/sulanapitokaapeli-2m-147673,https://media.tarvike.com/product/images/147673/original/180059.webp,34.9,20w/230v. Sulanapitokaapeli itsesäätyvällä lämmityselementillä voidaan asentaa sekä vesiputkien sisä- että ulkopuolelle.,,Amiga,
9437104001,Suodatinavain (Pants)780MM (Kahva)285MM,https://tarvike.com/product/suodatinavain-pants780mm-kahva285mm-155777,https://media.tarvike.com/product/images/155777/original/185547.webp,17.9,,,IKH,
9015658001,Armytek Wizard c2 Pro Otsavalo,https://tarvike.com/product/armytek-wizard-c2-pro-otsavalo-159528,https://media.tarvike.com/product/images/159528/original/183236.webp,110.0,"Armytek Wizard C2 Pro Max Magnet USB XHP70.2 otsalamppu on monitoimitaskulamppujen malliston lippulaiva. 3-in-1 malli, jossa on ennätykselliset 4000 lumenia.",,Armytek,
9015597001,Led-Polttimo PG13 880 12-24V,https://tarvike.com/product/led-polttimo-pg13-880-12-24v-156721,https://media.tarvike.com/product/images/156721/original/181996.jpg,35.5,"6000K, Erinomainen valoteho ja erittäin tarkka valokuvio. Aerodynaaminen jäähdytysjärjestelmä nanopinnoitteella.. ECE R10. Vain off road -käyttöön, ei tieliikennekäyttöön",,Startax,
8802837001,CRX Led-Valopanta 350LM,https://tarvike.com/product/crx-led-valopanta-350lm-157834,https://media.tarvike.com/product/images/157834/original/181585.webp,14.9,CRX Led valapanta ladattavalla akulla(USB-c),,CRX,
8793955002,IKH Vastakierrehylsysarja 1/2' 10-OS,https://tarvike.com/product/ikh-vastakierrehylsysarja-12-10-os-150536,https://media.tarvike.com/product/images/150536/original/191426.webp,140.0,kromimolybdeeniterästä muovinen säilytysrasia,,IKH,
8772986002,Työkalusarja 17-os. kännykälle ja tabletille,https://tarvike.com/product/tyokalusarja-17-os-kannykalle-ja-tabletille-155142,https://media.tarvike.com/product/images/155142/original/191197.webp,12.5,17-osainen miniruuvarisarja vaihtopäillä.,,PG,
8772983002,Puhdistusharja nylon GR80 100mm 6mm kara,https://tarvike.com/product/puhdistusharja-nylon-gr80-100mm-6mm-kara-155166,https://media.tarvike.com/product/images/155166/original/191179.webp,13.5,,,PG,
8772280002,"Hylsy 3/8""-10mm",https://tarvike.com/product/hylsy-38-10mm-155818,https://media.tarvike.com/product/images/155818/original/188592.webp,2.8,"6-kulma,Kromivanadiumterästä.",,IKH,
8623703001,Optibeam Pure 335 lisävalo,https://tarvike.com/product/optibeam-pure-335-lisavalo-106031,https://media.tarvike.com/product/images/106031/original/148708.jpg,299.0,"Ennennäkemätön valoteho-koko suhde, äärimmäisen leveä valokuvio, maksimaalisella kantamalla sekä tyylikäs kaareva runko tekevät tästä sarjasta kauden valovoimaisimman uutuuden. Optibeam on erityisesti panostanut valojen optisiin ominaisuuksiin ja laadukkaisiin komponentteihin ja takeena siitä on mm. led –yksikköjen poikkeuksellisen korkea CRI -arvo, joka takaa luonnollisen värien toiston.",,Optibeam,
8376156002,AX4 Apukäynnistin 12V 300/800A 8000mAh varavirtalähde,https://tarvike.com/product/ax4-apukaynnistin-12v-300800a-8000mah-varavirtalahde-174764,https://media.tarvike.com/product/images/174764/original/197596.jpeg,54.4,Tämä älykäs apukäynnistin sopii 12V akulla varustettuihin ajoneuvoihin. Se tarjoaa hetkellisen 800A apukäynnistysvirran varmistaen luotettavan käynnistyksen myös vaativissa olosuhteissa.,,AX4,
8374309002,Kierretyökalusarja 12-OS,https://tarvike.com/product/kierretyokalusarja-12-os-156077,https://media.tarvike.com/product/images/156077/original/180522.jpeg,29.9,12-osainen kierretyökalusarja.,,IKH,
8374299002,Milwaukee Värilanka hieno + väriaine punainen,https://tarvike.com/product/milwaukee-varilanka-hieno-variaine-punainen-127175,https://media.tarvike.com/product/images/127175/original/162064.jpg,42.5,"Milwaukee Värilanka ohuella langalla – 30 m pitkä, 0,9 mm leveä lanka, 6:1 sisäänvetosuhde ja kestävä metallirunko takaavat tarkan ja nopean merkitsemisen.",,Milwaukee Tools,
8374298002,Milwaukee Kolmiosuorakulma 300mm,https://tarvike.com/product/milwaukee-kolmiosuorakulma-300mm-127165,https://media.tarvike.com/product/images/127165/original/162049.jpg,50.0,Milwaukeen kestävä suorakulma tarkkuutta vaativaan työskentelyyn.,,Milwaukee Tools,
8374297002,"Milwaukee Maalikynä, musta",https://tarvike.com/product/milwaukee-maalikyna-musta-127164,https://media.tarvike.com/product/images/127164/original/162044.webp,5.7,"Milwaukee INKZALL™ -maalikynä kirjoittaa karkeille, likaisille ja tummille pinnoille. Nopeasti kuivuva, veden- ja UV-kestävä merkintä kestää jopa 6 kuukautta.",,Milwaukee Tools,
8374260002,Asennusrauta sarja 4-os,https://tarvike.com/product/asennusrauta-sarja-4-os-150483,https://media.tarvike.com/product/images/150483/original/189280.webp,26.9,"Muottitaottua terästä, kärjet karkaistu.",,IKH,
8374242002,Milwaukee Ruuvimeisselisarja 12kpl,https://tarvike.com/product/milwaukee-ruuvimeisselisarja-12kpl-109441,https://media.tarvike.com/product/images/109441/original/153270.jpg,97.6,"Milwaukee Ruuvimeisselisarja 12kpl jotka on VDE-testattu 10 000 V asti ja taattu 1000 V asti.Ohut varren halkaisija helpottaa ruuvien työstämistäMukava Tri-Lobe-kahva tuottaa parhaan mukavuuden ja korkean väännönNäkyvät ID-merkinnät mahdollistavat nopean työkalun valitsemisenPyörimätön, 3-puolinen kaulus kahvassaRipustusreikä mahdollistaa turvallisen kiinnityksen",,Milwaukee Tools,
8374241002,Milwaukee Hex-Avainsarja 9kpl,https://tarvike.com/product/milwaukee-hex-avainsarja-9kpl-109434,https://media.tarvike.com/product/images/109434/original/153257.jpg,37.8,Helppokäyttöinen lukituskotelo pitää avaimet paikallaanPallopää mahdollistaa pääsyn jopa 30 asteessa olevaan ruuviinKokomerkinnät helpottavat avaimen tunnistamistaRipustusreikä mahdollistaa käytön yhdessä MILWAUKEE®-työkalukiinnittimien kanssa,,Milwaukee Tools,
8374240002,"Milwaukee 1/2"" Räikkäväännin",https://tarvike.com/product/milwaukee-12-raikkavaannin-109420,https://media.tarvike.com/product/images/109420/original/153212.jpg,64.2,"90 hampainen räikkä 4 asteen kaarella mahdollistaa työskentelyn ahtaissa tiloissaOhut pää mahdollistaa paremman pääsyn työskentelytiloihinPituus 286mm / 11,25""",,Milwaukee Tools,
734944002,Kulmahiomakone 230mm,https://tarvike.com/product/kulmahiomakone-230mm-145311,https://media.tarvike.com/product/images/145311/original/176803.webp,119.0,Edullinen peruskone kevyisiin ja keskiraskaisiin katkaisuihin. 2000W G23ST.,,Hikoki,
734941002,"Kompressori 24l 1,5HP öljy",https://tarvike.com/product/kompressori-24l-15hp-oljy-145307,https://media.tarvike.com/product/images/145307/original/176798.webp,149.0,"Kompakti, monipuolinen ja helppokäyttöinen kompressori, ihanteellinen harrastuksiisi.",,StrongLine,
7261248002,Paristokäyttöinen pumppu,https://tarvike.com/product/paristokayttoinen-pumppu-103121,https://media.tarvike.com/product/images/103121/original/146551.jpg,14.8,"Tuotto vedelle noin 10 l/min, imuputken pituus 365 mm, Ø 30 mm, paristokäyttöinen, D-koko 2 kpl (eivät sisälly toimitukseen).",,IKH,
7261240002,Rasvaprässin kumiletku 300mm 1/8,https://tarvike.com/product/rasvaprassin-kumiletku-300mm-18-151407,https://media.tarvike.com/product/images/151407/original/189689.webp,24.0,Sisältää suukappaleen MA3243821.,,matO,
7261224002,"Saumausnaru 4mm, 20m",https://tarvike.com/product/saumausnaru-4mm-20m-151664,https://media.tarvike.com/product/images/151664/original/189673.webp,6.99,20 m / pakkaus. Ø 4 mm,,Pariere,
710908001,Ford Pyöreä ajovalo,https://tarvike.com/product/ford-pyorea-ajovalo-145111,https://media.tarvike.com/product/images/145111/original/176452.webp,99.0,E-hyväksytty LED-ajovalo parkkivalolla. Lähivalon valovirta teoreettinen 2900 lm / käytännön 1400 lm.,,IKH,
5725409000,"Milwaukee Työkalupakki 2 laatikkoa, Packout",https://tarvike.com/product/milwaukee-tyokalupakki-2-laatikkoa-packout-127177,https://media.tarvike.com/product/images/127177/original/162071.jpg,283.6,Milwaukee PACKOUT™ -vetolaatikollinen työkalupakki tarjoaa kestävän ja modulaarisen säilytysratkaisun. Vetolaatikot kestävät 11 kg ja sisältävät säädettävät jakajat.,,Milwaukee Tools,
5725396000,"Milwaukee M18 FUEL™ -iskuporakone, runko",https://tarvike.com/product/milwaukee-m18-fuel-iskuporakone-runko-127132,https://media.tarvike.com/product/images/127132/original/161958.png,345.0,"Milwaukee M18 FPD3 on tehokas 18V iskuporakone, joka tarjoaa 158 Nm vääntömomentin ja kompaktin 175 mm rakenteen – ihanteellinen vaativiin poraus- ja ruuvaustehtäviin.",,Milwaukee Tools,
5725391000,"Milwaukee Akkurunkonaulain, runko",https://tarvike.com/product/milwaukee-akkurunkonaulain-runko-127204,https://media.tarvike.com/product/images/127204/original/162139.jpg,919.0,"Milwaukee M18 FFN21 on tehokas 21° akkurunkonaulain, joka upottaa naulat kovapuuhun ilman kaasupatruunoita – jopa 700 naulaa yhdellä latauksella.",,Milwaukee Tools,
5717742002,Airam 2-OS. Kumijatkojohto Y-Malli 5m IP44,https://tarvike.com/product/airam-2-os-kumijatkojohto-y-malli-5m-ip44-166892,https://media.tarvike.com/product/images/166892/original/189061.jpeg,22.8,"Maadoitetut kumikaapelit sisä- ja ulkokäyttöön. 3- ja 4-osaisten jatkojohtojen haaroitinpistorasiat voidaan ripustaa seinälle. 1-osaiset pitkät kumikaapelijatkojohdot pihatöihin ja remontteihin. Pitkät tynnyripääjohdot ovat käteviä remonteissa ja pihatöissä, kun haluat viedä virran kauas kahdelle sähkölaitteelle.",,Airam,
5445699002,Uunikauha 160 mm ruostumaton,https://tarvike.com/product/uunikauha-160-mm-ruostumaton-149739,https://media.tarvike.com/product/images/149739/original/188843.webp,15.5,Kärjen leveys 85 mm. Taka-osan leveys 115 mm.,,Pariere,
5171648002,Heittoulosvedin Sarja,https://tarvike.com/product/heittoulosvedin-sarja-155775,https://media.tarvike.com/product/images/155775/original/188130.webp,155.0,"Laakerien, hihna- ja ketjupyörien sekä erilaisten napojen irrotukseen",,IKH,
5171150002,Lämmityslaite yksikkö 24V,https://tarvike.com/product/lammityslaite-yksikko-24v-149247,https://media.tarvike.com/product/images/149247/original/188228.webp,253.0,"Vesikiertoinen lisälämmitin. 24V / 1,88 A.",,Siroco,
5018282002,"Sirkkelinterä 315x3,2x30mm Z24",https://tarvike.com/product/sirkkelintera-315x32x30mm-z24-149875,https://media.tarvike.com/product/images/149875/original/188217.webp,41.9,Sisältää sovitelevyn 30 x 25 mm. Puun sahaukseen.,,Fixit,
5017914002,"Can-väylä rele, HIGHBEAM 3",https://tarvike.com/product/can-vayla-rele-highbeam-3-156585,https://media.tarvike.com/product/images/156585/original/188140.jpg,141.69,3-kanavainen CAN-väylä rele CANM8 CANNECT HIGHBEAM-3.,,CANM8,
5017910002,"Hakasnaula 25,0X50mm 10000Kpl AWD",https://tarvike.com/product/hakasnaula-250x50mm-10000kpl-awd-155811,https://media.tarvike.com/product/images/155811/original/188114.webp,65.0,,,,
4990163000,"Yamaha, Työkalusarja (Metrimitoitus)",https://tarvike.com/product/yamaha-tyokalusarja-metrimitoitus-96693,https://media.tarvike.com/product/images/96693/original/103533.jpg,133.9,"Kattava työkalusarja, jolla varustautuneena olet valmis lähes mihin tahansa, mitä tien päällä voi tapahtua. Sisältö: lenkki-/kiintoavaimet (avainvälit 8, 10, 12 ja 14 mm), jakoavain, lukkopihdit, nelisuuntainen ristipääruuvitaltta, litteä ruuvitaltta, tulppa-avain ja sytytystulppien rakotulkki Mukana myös rulla mustaa sähköteippiä, rengaspainemittari, nippusiteitä, metallilankaa, liina ja kuusiokoloavaimia (3, 4, 5 ja 6 mm) Toimitetaan kompaktissa rullattavassa pussissa Helppo säilyttää esim. satulalaukussa, sivulaukussa tai takalaukussa",,Yamaha,
4990152000,"Yamaha Ténéré, Pohjapanssarin työkalukotelo",https://tarvike.com/product/yamaha-tnr-pohjapanssarin-tyokalukotelo-97551,https://media.tarvike.com/product/images/97551/original/106181.jpg,155.9,Kiinnittyy kätevästi pohjapanssariin (kiinnitystarvikkeet sis. hintaan). Tilaa valinnaiselle työkalusarjalle (myydään erikseen) ja muille tarvikkeille,,Yamaha,
4964036000,Honda WX10 vesipumppu,https://tarvike.com/product/honda-wx10-vesipumppu-103120,https://media.tarvike.com/product/images/103120/original/146552.jpg,495.0,WX10 on Hondan pienin polttomoottorikäyttöinen vesipumppu. Keveytensä ja hyvän kantokahvan ansiosta helppo liikutella. Pumpun mukana tulee tarvittavat liittimet sekä imusiivilä.,,Honda,
4964027000,Espina Uppopumppu 750W / 230V,https://tarvike.com/product/espina-uppopumppu-750w-230v-103116,https://media.tarvike.com/product/images/103116/original/146556.jpg,99.9,"Rosterinen uppopumppu jopa 11000 l/h tuotolla. Maksimi nostokorkeus 8,5 metriä.",,Espina,
4963994000,Master sähkölämmitin 2KW B 2 EBP,https://tarvike.com/product/master-sahkolammitin-2kw-b-2-ebp-103098,https://media.tarvike.com/product/images/103098/original/144371.jpg,100.2,"Master sähkölämmitin 2KW B 2 EBP sopii monenlaiseen käyttötarkoitukseen, kuten esimerkiksi rakennustyömaiden lämmitykseen, tilojen ja materiaalien kuivaukseen, autotallien ja varastojen lämmitykseen sekä maataloudessa esimerkiksi karjarakennusten lämmitykseen ja viljelykasvien kuivaukseen.",,Master,
4963953000,Honda EG 5500 generaattori,https://tarvike.com/product/honda-eg-5500-generaattori-103051,https://media.tarvike.com/product/images/103051/original/144320.jpg,2290.0,"EG -sarjan generaattorit tarjoavat pitkän työskentelyajan suuren polttoainesäiliönsä ansiosta. EG -sarjan generaattorit ovat varustettuja digitaalisella jännitteensäätimellä, joka reagoi erittäin nopeasti kuormituksen muutoksiin. Laitteissa on myös tavallista hiljaisempi käyntiääni suurennetun äänenvaimentajan ansiosta.",,Honda,
4963951000,Honda EG 3600 generaattori,https://tarvike.com/product/honda-eg-3600-generaattori-103050,https://media.tarvike.com/product/images/103050/original/144321.jpg,1990.0,"EG -sarjan generaattorit tarjoavat pitkän työskentelyajan suuren polttoainesäiliönsä ansiosta. EG -sarjan generaattorit ovat varustettuja digitaalisella jännitteensäätimellä, joka reagoi erittäin nopeasti kuormituksen muutoksiin. Laitteissa on myös tavallista hiljaisempi käyntiääni suurennetun äänenvaimentajan ansiosta.",,Honda,
4963947000,Honda EU10i generaattori,https://tarvike.com/product/honda-eu10i-generaattori-103048,https://media.tarvike.com/product/images/103048/original/144323.jpg,1290.0,"Hiljainen ja kevyt generaattori, jossa myös 12V ulosotto akkujen lataamista varten. Eco throttle -tyhjäkäyntiautomatiikka on kierrosluvun automaattinen säätötoiminto, joka määrittelee moottorin kierrosluvun kulloisenkin virrankäytön mukaan.",,Honda,
4963942000,"Milwaukee M18  FAC-0 Akkuilmakompressori, runko",https://tarvike.com/product/milwaukee-m18-fac-0-akkuilmakompressori-runko-103046,https://media.tarvike.com/product/images/103046/original/144272.jpg,749.0,Yksi markkinoiden hiljaisimmista akkuilmakompressoreista. Kevyt ja helppo kuljettaa!,,Milwaukee Tools,
4582663000,XLC TO-S84 ketjunkiristyspihdit,https://tarvike.com/product/xlc-to-s84-ketjunkiristyspihdit-110030,https://media.tarvike.com/product/images/110030/original/154018.jpg,14.17,"Ketjunkiristyspihdit avaamiseen ja sulkemiseen, Sopii kaikkiin yleisiin QR-ketjuihin.",,XLC,
4582658000,Airam Airflood led-valoheitin IP44 50W/4000lm,https://tarvike.com/product/airam-airflood-led-valoheitin-ip44-50w4000lm-110025,https://media.tarvike.com/product/images/110025/original/154007.jpeg,42.9,"Moderni, kompakti Airflood led-heitin on suunniteltu pihapiirin, varastojen, kulkuväylien ja pysäköintialueiden turvalliseen ja käytännölliseen valaistukseen. Reunuksettoman muotoilun ansiosta valaisin istuu tyylikkäästi monenlaisten rakennusten julkisivuihin ja etupaneeli antaa miellyttävän tasaista valoa koko pinta-alaltaan. Kaikissa heittimissä on säädettävä valaistuskulma. Heittimissä on pistotulppaliitäntä ja kumikaapeli. Valikoimassa myös liiketunnistimella varustetut PIR-mallit.",,Airam,
4582613000,"LedLenser MH3 otsalamppu, musta",https://tarvike.com/product/ledlenser-mh3-otsalamppu-musta-109980,https://media.tarvike.com/product/images/109980/original/153951.jpg,38.0,"Tyylikäs ja kompakti kaveri, erilaisiin ulkoiluaktiviteetteihin. Innovatiivisen kiinnitysmekanismin ansiosta valaisin on vaivaton irroittaa pääpannastaan ja käyttää sitä käsivalaisimena tai kiinnittää klipsillä vaikka repun viillekkeeseen. LedLenser MH3 otsavalaisimessa on säädettävä valaisukulma ja tietenkin AFS -valokeilan säätö.200/20 lumenia130/40 m1 kpl AA-paristopaino 92 g ( sis. pariston )IP54",,Ledlenser,
4582608000,SEO 7R / iSEO5R / MH6 -Akkupaketti,https://tarvike.com/product/seo-7r-iseo5r-mh6-akkupaketti-109975,https://media.tarvike.com/product/images/109975/original/153952.jpg,15.7,"Akkupaketti SEO 7R/ iSEO5R/ MH6 / MH2 -valaisimille. Li-Ion, 880 mAh, 3.7V",,Ledlenser,
4582087000,Milwaukee Digitaalinen vatupassi 60cm,https://tarvike.com/product/milwaukee-digitaalinen-vatupassi-60cm-109482,https://media.tarvike.com/product/images/109482/original/153418.jpg,443.5,"PINPOINT-mittausteknologia tarjoaa luettavuutta parantavia informaatiokerroksia, jotka sisältävät numeeriikan, graafiikan, värin ja äänen.Pistetila mahdollistaa kohteen lukituksen 360 asteen sisällä mittausten toistamiseen ja tiettyjen mittausten löytämiseen.Toimii ladattavalla REDLITHIUM™ USB-paristolla.Jopa 2x parempi tarkkuus.Yksinkertainen valikko mahdollistaa nopean asennuksen: Tila, Tarkkuus, Teho & Kieli.Toleranssi voidaan asettaa tarkkaan, vakio ja kovaan työtilaan.IP65-luokitus suojaa työmaan kulutukselta.Tarkkuus: 0°, 90°/0.03° ja 1°-89°/0.10°.Kestävä, kokometallinen ripustusreikä.",,Milwaukee Tools,
4582086000,"Milwaukee Ketjusaha M18 FCHSC-0 30CM, runko",https://tarvike.com/product/milwaukee-ketjusaha-m18-fchsc-0-30cm-runko-109481,https://media.tarvike.com/product/images/109481/original/153414.jpg,579.0,"Tuottaa voimaa, mikä peittoaa useimmat polttoainekäyttöiset ketjusahat eri työskentelytilanteissaFUEL™-teknologia mahdollistaa nopeuden ylläpitämisen kovimpienkin työtehtävien läpi, jonka ansiosta se peittoaa polttoainekäyttöiset ketjusahat jopa 40ccUuden sukupolven hiiliharjaton POWERSTATE™-moottori, REDLINK PLUS™ -elektroniikka ja REDLITHIUM™ HIGH OUTPUT™ 12,0 Ah -akun rakenne tuottavat parhaan suorituskyvyn, kestävyyden ja käyttöajan kovimmissakin työtehtävissäTuottaa erittäin suuren työtehon latauksella - sahaa 150 kappaletta 100 mm x 100 mm puuta yhdellä 12,0 Ah akun latauksellaLyhyempi 30 cm laippa mahdollistaa työskentelyn ahtaissa tiloissaSäädeltävän nopeuskytkimen avulla käyttäjä voi kontrolloida nopeutta täydellisesti ja sen avulla saavuttaa täyden nopeuden alle sekunnissaKokometalliset kaatopiikit mahdollistavat ensiluokkaisen sahauksenLäikkymätön öljysäiliö kirkkaalla ikkunalla helpottaa tankin käyttöä ja parantaa näkyvyyttäMukana toimitetaan voiteluöljy, kiristystyökalu ja laipan suojaToimii kaikilla MILWAUKEE® M18™ -akuillaHUOM! Tuote ei sisällä akkua!",,Milwaukee Tools,
4582085000,Milwaukee laseretäisyysmittari LDM 45,https://tarvike.com/product/milwaukee-laseretaisyysmittari-ldm-45-109480,https://media.tarvike.com/product/images/109480/original/153425.jpg,197.1,"Milwaukee laser-etäisyysmittari on helppokäyttöinen yhden henkilön ""osoita ja mittaa""-järjestelmä. Etäisyysmittari on IP54-suojattu pölyltä ja kosteudelta.",,Milwaukee Tools,
4582075000,Milwaukee Packout Työkalupakki 4 vetolaatikolla,https://tarvike.com/product/milwaukee-packout-tyokalupakki-4-vetolaatikolla-109468,https://media.tarvike.com/product/images/109468/original/153370.jpg,351.0,"Milwaukee Vetolaatikollinen PACKOUT™-työkalupakki mahdollistaa helpon pääsyn työkaluihin jopa silloin, kun se on asetettu PACKOUT™-pinon alimmaiseksi.Liukuvat kuulalaakeroidut vetolaatikot kestävät jopa 11 kg painonNopeasti liikuteltavat jakajat mahdollistavat pakin mukauttamisen käyttöön sopivaksiTurvatangon lukitseminen estää laatikoiden aukeamisen kuljetuksen aikanaVetolaatikot voidaan lukita riippulukolla varkauden estämiseksiValmistettu iskunkestävästä polymeerista, mikä parantaa kestävyyttä työmaallaOsa PACKOUT™-säilytysjärjestelmää",,Milwaukee Tools,
4582073000,Milwaukee Pitkät Kärkipihdit,https://tarvike.com/product/milwaukee-pitkat-karkipihdit-109466,https://media.tarvike.com/product/images/109466/original/153360.jpg,57.9,"Poikittaiskahvat lisäävät ulottuvuutta ahtaissa työtiloissaTartunta-alueet soveltuvat monille eri työkohteille, kuten ruuveille, kaapeleille ja pyöreille pinnoilleYksittäisen nivelen muotoilu parantaa hallittavuutta ja pitoa verrattuna kaksoisniveleenRakeinen kärki tuottaa hyvän pidon tartuttaessa ja kierrettäessäKärjen kulma 0°Pituus 332mm",,Milwaukee Tools,
4582028000,Milwaukee I-Beam Magneettinen Vesivaaka 120cm,https://tarvike.com/product/milwaukee-i-beam-magneettinen-vesivaaka-120cm-109433,https://media.tarvike.com/product/images/109433/original/153255.jpg,74.3,"Kevyt, vahvistettu alumiinirunkoMagneettinen reuna mahdollistaa handsfree-käytön metallin kanssa työskennellessäTarkkuus 0,029° (0.0005"" / in, 0,5 mm / m) normaalissa ja käänteisessä asennossaLibellitekniikka parantaa 1 ja 2 asteen kallistuksen luettavuuttaKorkean kontrastin libellit parantavat näkyvyyttäIskunkestävät päätytulpat",,Milwaukee Tools,
4582019000,Milwaukee Packout Työkalupakki 3 vetolaatikolla,https://tarvike.com/product/milwaukee-packout-tyokalupakki-3-vetolaatikolla-109424,https://media.tarvike.com/product/images/109424/original/153219.jpg,302.9,"Vetolaatikollinen PACKOUT™-työkalupakki mahdollistaa helpon pääsyn työkaluihin jopa silloin, kun se on asetettu PACKOUT™-pinon alimmaiseksiLiukuvat kuulalaakeroidut vetolaatikot kestävät jopa 11 kg painonTurvatangon lukitseminen estää laatikoiden aukeamisen kuljetuksen aikana ja mahdollistaa laatikoiden sulkemisen riippulukollaMukana toimitetaan sarja nopeasti liikuteltavia jakajia, mitkä mahdollistavat pakin mukauttamisen käyttöön sopivaksiMetallivahvisteiset kulmatValmistettu iskunkestävästä polymeeristaOsa PACKOUT™-säilytysjärjestelmää",,Milwaukee Tools,
4582017000,Milwaukee Ruuvimeisselisetti 12kpl,https://tarvike.com/product/milwaukee-ruuvimeisselisetti-12kpl-109422,https://media.tarvike.com/product/images/109422/original/153214.jpg,59.2,"Milwaukee Ruuvimeisselisetti 12kpl, joissa kolmisivuinen Tri-Lobe-kahva mikä tuottaa parhaan mukavuuden ja korkean väännön.Näkyvät ID-merkinnät mahdollistavat nopean työkalun valitsemisenRipustusreikä mahdollistaa turvallisen kiinnityksenKovetetut magneettikärjet tuottavat maksimaalisen kestävyydenPyörimätön, 3-puolinen kaulus kahvassaVääntövalmis varsi mahdollistaa ylimääräisen vipuvaikutuksen lisäämisen",,Milwaukee Tools,
4582006000,Milwaukee Rullamitta STUD GEN2 8M,https://tarvike.com/product/milwaukee-rullamitta-stud-gen2-8m-109411,https://media.tarvike.com/product/images/109411/original/153191.jpg,42.6,"EXO 360™ -nauhateknologia takaa nauhan kestävyyden käytön ja kulutuksen aikanaVoimakas magneetti mitan alkupäässä on helppo sijoittaa tasaisille pinnoille ja pyöreille putkilleJopa 4 m ulottuvuus parantaa tuottavuutta ja työskentelyäRepäisypinnoite vahvistaa nauhan ensimmäiset 15 cmKaksipuoleinen mitta-asteikko parantaa luettavuuttaPatentoitu sormipysäytin suojaa sormia, kun nauha kelautuu rullamitan sisäänABS-kotelo iskunkestävällä päällysteellä lisää mukavuutta ja kestävyyttä työmaallaMetallilankainen vyöpidin vähentää taskujen repeytymistäVyöpidin mahdollistaa nopean ja helpon ripustamisenLuokan II tarkkuusPituus: 8 metriöTerän leveys: 33mm",,Milwaukee Tools,
4582004000,Milwaukee ruuvauskärki TX30X50MM CD10P,https://tarvike.com/product/milwaukee-ruuvauskarki-tx30x50mm-cd10p-109409,https://media.tarvike.com/product/images/109409/original/153177.jpg,19.1,"SHOCKWAVE IMPACT DUTY -tarvikesarja on suunniteltu käytettäväksi iskevissä ruuvinvääntimissä. Se ei ole ainoastaan ihanteellinen vaativiin iskutoimintosovelluksiin, vaan tarjoaa täyden ratkaisun kaikkiin poraus- ja kiinnitystarpeisiin- Laserkovetettu WEAR GUARD TIP parantaa kestävyyttä ja käyttöikää- SHOCK ZONE vähentää jännitystä kärjessä, mikä pienentää murtumisen riskiä. SHOCK ZONE -muotoilun ja erikoiskuumennusprosessin yhdistelmä vaimentaa iskuja ja mahdollistaa terän joustamisen jousen tavoin- MILWAUKEE® erikoisvalmistettu metalli tekee SHOCKWAVE-kärjistä iskunkestävämpiä- Kokonaispituus 50 mm- Koko TX30- 10 kpl / pakkaus",,Milwaukee Tools,
4582003000,"Milwaukee teräketju 3/8X304,8X1,1 M18FCHS",https://tarvike.com/product/milwaukee-teraketju-38x3048x11-m18fchs-109404,https://media.tarvike.com/product/images/109404/original/153172.jpg,44.0,"- teräketju M18 FCHSC -ketjusahalle- ketjun jako 3/8""- vetolenkin vahvuus 1,1- vetolenkit 45",,Milwaukee Tools,
4582000000,Milwaukee kulmaruuvauspää,https://tarvike.com/product/milwaukee-kulmaruuvauspaa-109401,https://media.tarvike.com/product/images/109401/original/153179.jpg,44.0,"Kulmaruuvauspää sopii ruuvaus- ja poraustöihin ahtaissa työskentelytiloissa.Sopii käytettäväksi viimeisimpien 18V iskevien ruuvinvääntimien ja akkuporakoneiden kanssa.Sisäinen SHOCK ZONE™ ja edistyksellinen vaihteisto tuottavat erinomaisen voimansiirron ja iskunkestävyyden.Sopii kaikkiin 1/4"" Hex ruuvaus- ja poraustarvikkeisiin.Todella kompakti vain 36 mm muotoilu ja 90° kulma mahdollistavat työskentelyn ahtaissakin tiloissa.Ergonominen kumipäällyste on turvallinen ja mukava käyttää.Paketti sisältää 1 x kulmaruuvauspään ja 10 x 25 mm ruuvauskärjet.",,Milwaukee Tools,
4581999000,Milwaukee Kompakti Ohut Packout Lokerikko,https://tarvike.com/product/milwaukee-kompakti-ohut-packout-lokerikko-109400,https://media.tarvike.com/product/images/109400/original/153165.jpg,47.6,"Osa PACKOUT™-säilytysjärjestelmääValmistettu iskunkestävästä polymeerista, mikä parantaa kestävyyttä työmaalla1 x iso lokerikko ja 4 x pieni lokerikko, kaikki lokerikot sisältävät lokerikon jakajatPaikallaan pysyvät tiivisteet estävät laatikoiden sisällön siirtymisen lokerikoiden välillä kuljetuksen aikanaIP65-luokiteltu sääsinetti suojaa sateelta ja työmaaroskalta",,Milwaukee Tools,
4581997000,Milwaukee pensasleikkuri lisäosa M18 FOPH-HTA,https://tarvike.com/product/milwaukee-pensasleikkuri-lisaosa-m18-foph-hta-109398,https://media.tarvike.com/product/images/109398/original/153152.jpg,325.0,"- Sopii yhteen MILWAUKEE® M18 FUEL™ -monitoimitrimmerin QUIK-LOK™-liitännän kanssa- Katkaisee jopa 25 mm paksuisia oksia ja puunhaaroja- 508 mm terä trimmaa enemmän materiaalia vedolla, mikä parantaa ulottuvuutta ja tuottavuutta- Nivelpää voidaan kääntää 12 asentoon 0° - 270° välillä parhaan työskentelykulman ja helpon trimmauksen saavuttamiseksi- Teräsuojus suojaa terää kovilta materiaaleilta, kuten aidalta- Teräsuojus ympäröi terän kokonaan, mikä parantaa sen suojaamista varastoidessa ja kuljetettaessa- Soveltuu käytettäväksi 91 cm jatko-osien kanssa",,Milwaukee Tools,
4581995000,Milwaukee rullamitta magnet 8m,https://tarvike.com/product/milwaukee-rullamitta-magnet-8m-109396,https://media.tarvike.com/product/images/109396/original/153162.jpg,37.8,"- Voimakas magneetti mitan alkupäässä on helppo sijoittaa tasaisille pinnoille ja pyöreille putkille- Kompakti ja ergonominen muotoilu- Paranneltu, jopa 3,4 m ulottuvuus- Heijastamaton nylonnauhasuoja tekee rullamitasta jopa 10x kestävämmän työmaalla- 27 mm nauhassa on kaksipuoleinen mitta-asteikon painatus, mikä parantaa luettavuutta- Patentoitu sormipysäytin- 5 kohtaa vahvistettu kotelo- Luokan II tarkkuus- Arkkitehtiasteikko takaa helpon piirrustusten laskemisen- Pituus 8 m- Leveys 27 mm",,Milwaukee Tools,
4581994000,Milwaukee rullamitta magnet 5m/27mm,https://tarvike.com/product/milwaukee-rullamitta-magnet-5m27mm-109395,https://media.tarvike.com/product/images/109395/original/153154.jpg,30.3,"- Voimakas magneetti mitan alkupäässä on helppo sijoittaa tasaisille pinnoille ja pyöreille putkille- Kompakti ja ergonominen muotoilu- Paranneltu, jopa 3,4 m ulottuvuus- Heijastamaton nylonnauhasuoja tekee rullamitasta jopa 10x kestävämmän työmaalla- 27 mm nauhassa on kaksipuoleinen mitta-asteikon painatus, mikä parantaa luettavuutta- Patentoitu sormipysäytin- 5 kohtaa vahvistettu kotelo- Luokan II tarkkuus- Arkkitehtiasteikko takaa helpon piirrustusten laskemisen- Pituus 5 m- Leveys 27 mm",,Milwaukee Tools,
4581990000,Milwaukee Packout Lokerikko,https://tarvike.com/product/milwaukee-packout-lokerikko-109391,https://media.tarvike.com/product/images/109391/original/153144.jpg,88.6,"Osa PACKOUT™-säilytysjärjestelmääValmistettu iskunkestävästä polymeerista, mikä parantaa kestävyyttä työmaallaSisältää 10 irrotettavaa ja asennettavaa lokerikkoa, jotka voidaan kiinnittää yleisimpiin työmaamateriaaleihinIP65-luokiteltu sääsinetti suojaa sateelta ja työmaaroskaltaPaikallaan pysyvät tiivisteet estävät laatikoiden sisällön siirtymisen lokerikoiden välillä kuljetuksen aikana",,Milwaukee Tools,
4579801000,"Vannenauha, 18 30mm",https://tarvike.com/product/vannenauha-18-30mm-106806,https://media.tarvike.com/product/images/106806/original/149861.jpg,3.3,"18"" vanteelleLeveys 30mmSuojaa sisärengasta pinnojen nipoilta.",,Maxxis,
4578963000,Kemper Nestekaasupullo Piezo Syt.,https://tarvike.com/product/kemper-nestekaasupullo-piezo-syt-106196,https://media.tarvike.com/product/images/106196/original/148952.jpg,27.9,Teho 1540 WPiezo- sähkösytytysKulutus 118 g/hSäiliö 190 g (ei sis. toimitukseen)Varaosia / Tarvikkeita:Kaasusäiliö (Gas Stop System) KEM1120T,,Kemper,
4578628000,"Lisävaloteline, 430mm, EU-kilpi",https://tarvike.com/product/lisavaloteline-430mm-eu-kilpi-106011,https://media.tarvike.com/product/images/106011/original/148657.jpg,17.2,,,,
4578335000,Milwaukee ruuvinväännin/akkuporakone M18 CBLDD-502C,https://tarvike.com/product/milwaukee-ruuvinvaanninakkuporakone-m18-cbldd-502c-105396,https://media.tarvike.com/product/images/105396/original/148418.jpg,551.5,"Milwaukee M18 CBLDD-502C porakone/ruuvinvääntimen pituus on vain 165 mm, mikä helpottaa ahtaissa paikoissa työskentelyä. 13 mm metallinen Heavy Duty -istukka nopeuttaa terien vaihtoa ja pitää terän paikallaan.",,Milwaukee Tools,
4578190000,Milwaukee autolaturi M12-18 AC,https://tarvike.com/product/milwaukee-autolaturi-m12-18-ac-105449,https://media.tarvike.com/product/images/105449/original/148327.jpg,153.0,"Lataa MILWAUKEE®-akut liikenteessä, säästä aikaa lataamalla akut vaikkapa matkalla työmaalle tavallisella 12V pistokkeella Lataa kaikki M18™ ja M12™ REDLITHIUM™ -akut Lataa akut peräkkäin, jolloin ensimmäisenä laturiin laitettu akku ladataan ensimmäiseksi, ja näin lataussyklien hallintaan menee vähemmän aikaa M12™ REDLITHIUM™ 2,0 Ah / 3,0 Ah / 4,0 Ah / 6,0 Ah -akut latautuvat 40 / 70 / 80 / 90 minuutissa tai jopa nopeammin M18™ REDLITHIUM™ 2,0 Ah / 4,0 Ah / 5,0 Ah / 6,0 Ah / 9,0 Ah -akut latautuvat 40 / 80 / 100 / 124 / 180 minuutissa tai jopa nopeammin",,Milwaukee Tools,
4578129000,"Milwaukee nauhahiomakone M18 FBTS75-0, runko",https://tarvike.com/product/milwaukee-nauhahiomakone-m18-fbts75-0-runko-105440,https://media.tarvike.com/product/images/105440/original/148350.jpg,615.0,"Kompakti muotoilu ja litteä etu- ja sivuosa mahdollistavat tasoitushionnan Kerää 90 % pölystä yleismallisen pölyportin kautta tai monikerroksisen pölypussin avulla Hiomanauhan nopeutta voidaan säätää 230 - 410 m/min välillä Säädettävä etukahva mahdollistaa parhaan hionta-asennon valitsemisen Hiomanauhan vakiokoko 75 x 457 mm Työkaluton hiomanauhan vaihto ja helppo rullan säätö mahdollistavat hihnan tarkan kohdistamisen Edessä ja sivussa sijaitseva LED-työvalo tuottaa 180° valaisun FUEL™ yhdistää kolme MILWAUKEE®-teknologiaa: hiiliharjattoman POWERSTATE™-moottorin, REDLITHIUM™-akun ja REDLINK PLUS™ -elektroniikan, mitkä tuottavat enemmän voimaa, käyttöaikaa ja -ikää Toimii kaikilla MILWAUKEE® M18™ -akuilla HUOM! Tuote ei sisällä akkua.",,Milwaukee Tools,
4578087000,Milwaukee ensiapupakkaus DIN 13157,https://tarvike.com/product/milwaukee-ensiapupakkaus-din-13157-105434,https://media.tarvike.com/product/images/105434/original/148365.jpg,113.0,"- Helppo tunnistaa hätätilanteessa punaisen värin ja PACKOUT-lokerikon muotoilun ansiosta - Osa PACKOUT-säilytysjärjestelmää - Valmistettu iskunkestävästä polymeerista, mikä parantaa kestävyyttä työmaalla - IP65-luokiteltu sääsinetti suojaa sateelta ja työmaaroskalta - Sisältää 5 irrotettavaa ja asennettavaa lokerikkoa - Paikallaan pysyvät tiivisteet estävät laatikoiden sisällön siirtymisen lokerikoiden välillä kuljetuksen aikana - DIN 13157-standardin mukainen ensiapupakkaus",,Milwaukee Tools,
4578060000,Milwaukee jalusta TSS 1000,https://tarvike.com/product/milwaukee-jalusta-tss-1000-105430,https://media.tarvike.com/product/images/105430/original/148370.jpg,165.0,"Milwaukee TSS 100 Pöytäsahan jalustan paino on vain 6,6 kg, mikä helpottaa kuljettamista työmaalla. Jalan säätöominaisus tasoittaa jalustan epätasaisella pohjalla.",,Milwaukee Tools,
4578044000,Milwaukee Katkaisu Jiirisaha M18 FMS190-0,https://tarvike.com/product/milwaukee-katkaisu-jiirisaha-m18-fms190-0-105428,https://media.tarvike.com/product/images/105428/original/148373.jpg,869.0,"Hiiliharjaton POWERSTATE™-moottori kestää jopa 2x pidempään ja on jopa 25 % tehokkaampi. REDLINK PLUS™ -elektroniikka tarjoaa kehittyneen digitaalisen ylikuormitussuojan sekä työkalulle että akulle parantaen ainutlaatuisella tavalla työkalun suorituskykyä kuormituksessa. REDLITHIUM™-akun ylivoimainen rakenne, elektroniikka ja jatkuva suorituskyky takaavat pidemmän käyttöajan ja -iän. 190 mm terä sahaa tarkasti. Viisteen asetus pikalukituksella mahdollistaa helpon viisteen säädön vasemmalle ja oikealle. Suuret liukukiskot antavat vakautta ja tarkkuutta, taaten parhaan mahdollisen tuen sahattavalle materiaalille. Jopa 299 katkaisua 38 mm 89 mm pehmeään puuhun käytettäessä 5,0 Ah akkua, mahdollistaa työskentelyn koko päivän ilman akun lataamista. Kevyt ja helposti liikuteltava vain 12,7 kg painon ansiosta. Integroitu kahva helpottaa liikuttelua. Teräksinen pidikelevy esimääritetyin kulmin mahdollistaa tarkat sahaukset joka kerta. LED-työvalo valaisee työstettävän kappaleen sekä sahauslinjan. Toimii kaikilla MILWAUKEE® M18™ -akuilla. HUOM! Tuote ei sisällä akkua!",,Milwaukee Tools,
4578018000,"Milwaukee sekoituskone M18 FPM-0X, runko",https://tarvike.com/product/milwaukee-sekoituskone-m18-fpm-0x-runko-105420,https://media.tarvike.com/product/images/105420/original/148383.jpg,399.0,"Hiiliharjaton POWERSTATE™-moottori antaa tarvittavan voiman raskaiden yhdisteiden, kuten betonin ja laastin, sekoittamiseen REDLINK PLUS™ -elektroniikka tarjoaa kehittyneen digitaalisen ylikuormitussuojan sekä työkalulle että akulle parantaen ainutlaatuisella tavalla työkalun suorituskykyä kuormituksessa REDLITHIUM™-akun ylivoimainen rakenne, elektroniikka ja jatkuva suorituskyky takaavat pidemmän käyttöajan ja -iän 3 eri tapaa säädellä nopeutta takaavat puhtaat ja tasaiset sekoitukset (8-portainen nopeudenvalitsin, nopeudensäätökytkin ja lukituspainike) 180° säädettävä kahva, 16 säätöasetusta auttavat löytämään aina sopivan työasennon M14-karakiinnitys Virtamittari ja LED-työvalo Toimii kaikilla MILWAUKEE® M18™ -akuilla Mukana toimitetaan 150 mm sekoitusosa (M14-kiinnitys) HUOM! Tuote ei sisällä akkua!",,Milwaukee Tools,
4274000,K27 Kaukovalopaneeli kaareva,https://tarvike.com/product/k27-kaukovalopaneeli-kaareva-145827,https://media.tarvike.com/product/images/145827/original/178959.jpg,191.29,"K27 Kaukovalopaneeli kaareva, Osram Led.",,K27,
3899002,K27 Kaukovalopaneeli Flash,https://tarvike.com/product/k27-kaukovalopaneeli-flash-145824,https://media.tarvike.com/product/images/145824/original/178956.jpg,282.38,Kaukovalopaneeli Flash LED-valolla.,,K27,
37452556001,"Robota DC-SS36V Akkulumilapio 36V, Runko",https://tarvike.com/product/robota-dc-ss36v-akkulumilapio-36v-runko-247064,https://media.tarvike.com/product/images/247064/original/214862.jpg,129.0,Robotan akkulumilapio tekee lumitöiden tekemisestä nopeaa ja mukavaa! Ei sisällä akkua ja laturia.,,Robota,
3447248001,Milwaukee Tukikahva M18BLDD,https://tarvike.com/product/milwaukee-tukikahva-m18bldd-127139,https://media.tarvike.com/product/images/127139/original/161989.avif,40.4,Milwaukee tukikahva M18 BDD/BPD/BLDD/BLPD malleihin,,Milwaukee Tools,
3384254002,Poranterä keramiikalle 5X85MM Profi Keramo,https://tarvike.com/product/porantera-keramiikalle-5x85mm-profi-keramo-148908,https://media.tarvike.com/product/images/148908/original/185571.webp,5.99,"Suuritehoinen poranterä laattojen, keramiikan ja marmorin poraamiseen.",,Alpen,
3384252002,Poranteräsarja 19-osainen,https://tarvike.com/product/poranterasarja-19-osainen-147716,https://media.tarvike.com/product/images/147716/original/180206.webp,40.9,"19-osainen, sisältää poranterät 1,0 - 10 mm sekä 6 kpl varateriä 1,0 - 6,0 mm.",,Alpen,
33281221000,Rautasaha,https://tarvike.com/product/rautasaha-155761,https://media.tarvike.com/product/images/155761/original/204055.jpg,23.2,Rautasaha.,,IKH,
2820439002,Hikoki Kulmahiomakone 125mm 1320W G13VE,https://tarvike.com/product/hikoki-kulmahiomakone-125mm-1320w-g13ve-150226,https://media.tarvike.com/product/images/150226/original/196894.jpg,308.5,,,Hikoki,
2820426002,Hitachi Akkuporakone 18V DS18DBSL Runko,https://tarvike.com/product/hitachi-akkuporakone-18v-ds18dbsl-runko-150186,https://media.tarvike.com/product/images/150186/original/196879.jpg,217.5,,,Hikoki,
2820424002,Hikoki Akkurunkonaulain NR1890DBCL 34 Runko,https://tarvike.com/product/hikoki-akkurunkonaulain-nr1890dbcl-34-runko-150183,https://media.tarvike.com/product/images/150183/original/196867.jpg,570.0,,,Hikoki,
2816214002,Peräöljypumppu 16 L,https://tarvike.com/product/peraoljypumppu-16-l-151483,https://media.tarvike.com/product/images/151483/original/195265.webp,59.0,Kapasiteetti 16 l,,Meganex,
2815829002,Milwaukee Teräsarja SHW 56OSA Display,https://tarvike.com/product/milwaukee-terasarja-shw-56osa-display-169522,https://media.tarvike.com/product/images/169522/original/195145.png,41.8,,,Milwaukee Tools,
2615581002,Ylivirtasuoja 12A,https://tarvike.com/product/ylivirtasuoja-12a-156015,https://media.tarvike.com/product/images/156015/original/180603.jpeg,12.2,,,StrongLine,
2615514002,Käyttökytkin ON/OFF KJD6,https://tarvike.com/product/kayttokytkin-onoff-kjd6-156106,https://media.tarvike.com/product/images/156106/original/180497.jpeg,19.0,ON/OFF KJD6.,,IKH,
2542474002,Optibeam Savage 20 Led-kaukovalo 9-36V,https://tarvike.com/product/optibeam-savage-20-led-kaukovalo-9-36v-106025,https://media.tarvike.com/product/images/106025/original/148703.jpg,202.0,"Optibeam Savage 20 Led-kaukovalo on erittäin tehokas lisävalo. Lähes pelottava valoteho pysyy halutulla alueella huippuunsa viedyn valojakaumasuunnittelun ansiosta. Valo levittyy tiellä tasaisesti satojen metrien matkalle, penkat valaistuvat keilan sopivan leveyden ansiosta ja hajavalo ylöspäin on onnistuttu poistamaan tehokkaasti.",,Optibeam,
2542443002,K27 Kaukovalopaneeli Flash,https://tarvike.com/product/k27-kaukovalopaneeli-flash-146597,https://media.tarvike.com/product/images/146597/original/179273.jpg,181.17,K27 Kaukovalopaneeli Flash.,,K27,
25051190000,"Husqvarna 2 in 1 Lattaviila 93 - 3/8"" Mini  16X6X200mm",https://tarvike.com/product/husqvarna-2-in-1-lattaviila-93-38-mini-16x6x200mm-174328,https://media.tarvike.com/product/images/174328/original/197793.webp,13.5,Lattaviilaa ja alennuskaaviota tarvitaan ketjun purupiikin alentamiseksi oikealle tasolle. Oikein teroitetulla ketjulla sahaaminen on helpompaa ja turvallisempaa.,,Husqvarna,
25051188000,"Husqvarna 2 in 1 Lattaviila 83 85 -3/8"" P33, 33 35 -325"" P21 -325""M",https://tarvike.com/product/husqvarna-2-in-1-lattaviila-83-85-38-p33-33-35-325-p21-325m-174327,https://media.tarvike.com/product/images/174327/original/197793.webp,13.5,Lattaviilaa ja alennuskaaviota tarvitaan ketjun purupiikin alentamiseksi oikealle tasolle. Oikein teroitetulla ketjulla sahaaminen on helpompaa ja turvallisempaa.,,Husqvarna,
25051186000,"Husqvarna 2 in 1 Lattaviila P11 - 1/4""mini 9X6X200mm",https://tarvike.com/product/husqvarna-2-in-1-lattaviila-p11-14mini-9x6x200mm-174326,https://media.tarvike.com/product/images/174326/original/197793.webp,13.5,Lattaviilaa ja alennuskaaviota tarvitaan ketjun purupiikin alentamiseksi oikealle tasolle. Oikein teroitetulla ketjulla sahaaminen on helpompaa ja turvallisempaa.,,Husqvarna,
2397522002,Hiomanauha 20x520mm P80 Hiolit XO,https://tarvike.com/product/hiomanauha-20x520mm-p80-hiolit-xo-151594,https://media.tarvike.com/product/images/151594/original/194601.webp,3.0,"Karkeus P80, koko 20 x 520 mm,Laatu Hiolit XO",,MIRKA,
2397512002,Hiomanauha 75x2000mm P100 Hiolit XO,https://tarvike.com/product/hiomanauha-75x2000mm-p100-hiolit-xo-151589,https://media.tarvike.com/product/images/151589/original/194608.webp,11.9,"Karkeus P100, koko 75 x 2000mm Laatu Stalit",,MIRKA,
2397510002,Hiomanauha 75x2000mm P80 Hiolit XO,https://tarvike.com/product/hiomanauha-75x2000mm-p80-hiolit-xo-151588,https://media.tarvike.com/product/images/151588/original/194608.webp,11.9,Karkeus P80 ja koko 75 x 2000mm,,MIRKA,
2397508002,Hiomanauha 75x2000mm P40 Hiolit XO,https://tarvike.com/product/hiomanauha-75x2000mm-p40-hiolit-xo-151587,https://media.tarvike.com/product/images/151587/original/194608.webp,10.1,Karkeus P80 ja koko 75 x 2000mm Laatu Hiolit XO,,MIRKA,
23644669000,"Hioma-alusta 150 mm 5/16"" / M8 61R universal",https://tarvike.com/product/hioma-alusta-150-mm-516-m8-61r-universal-151605,https://media.tarvike.com/product/images/151605/original/195259.webp,84.0,"Abranet Unilaippa kaikille reikäyhdistelmille. Koko 150 mm 5/16"" M8.",,MIRKA,
2316491002,"Katkaisulaikka 125x1,0x22,2mm, 10kpl",https://tarvike.com/product/katkaisulaikka-125x10x222mm-10kpl-147713,https://media.tarvike.com/product/images/147713/original/180194.webp,19.9,"Soveltuu teräksen, ruostumattoman teräksen sekä raudattoman metallin katkaisuun.",,KLINGSPOR,
2316102002,Lisävalon kytkentäsarja langaton,https://tarvike.com/product/lisavalon-kytkentasarja-langaton-147667,https://media.tarvike.com/product/images/147667/original/180053.webp,279.0,XBB Dongle® asennetaan ajoneuvon OBD-pistokkeeseen ja PowerUnit® esim. konetilaan. Helpoin ja nopein tapa lisävalojen ja lisälaitteiden kytkemiseen.,,IKH,
23107237000,Niittaustuurnasarja 5-os kupu,https://tarvike.com/product/niittaustuurnasarja-5-os-kupu-150987,https://media.tarvike.com/product/images/150987/original/194643.webp,49.99,"5-osainen niittipääsarja muovitelineessä, niittien halkaisijat 2 mm / 3 mm / 4 mm / 5 mm / 6 mm. Soveltuu DIN 660 -standardin mukaisille niiteille.",,Rennsteigwerkzeuge,
20575410001,Milwaukee FPD2 Tukikahva,https://tarvike.com/product/milwaukee-fpd2-tukikahva-169563,https://media.tarvike.com/product/images/169563/original/195121.png,45.4,,,Milwaukee Tools,
20501996001,Milwaukee Jyrsintäteräsarja 8mm 12P,https://tarvike.com/product/milwaukee-jyrsintaterasarja-8mm-12p-169475,https://media.tarvike.com/product/images/169475/original/194983.png,187.6,"Mikrorakeinen karbidireuna takaa laadukkaan lopputuloksen ja vähentää lastuamista. Karoissa on laserkaiverretut kokomerkinnät, mitkä helpottavat koon tunnistamista.",,Milwaukee Tools,
20261328001,"Milwaukee Hioma-alusta ⌀ 125 mm, 8-reikäinen",https://tarvike.com/product/milwaukee-hioma-alusta-125-mm-8-reikainen-169552,https://media.tarvike.com/product/images/169552/original/194880.webp,35.0,,,Milwaukee Tools,
20261322001,Milwaukee ONE-KEY™ ¾″ iskevä Mutterinväännin M18ONEFHIWF34502X,https://tarvike.com/product/milwaukee-one-key-iskeva-mutterinvaannin-m18onefhiwf34502x-169536,https://media.tarvike.com/product/images/169536/original/194884.webp,999.0,"M18 FUEL ONE-KEY iskevä mutterinväännin tuottaa 1627 Nm vääntömomentin 213 mm kompaktissa koossa, jolloin sitä on helppo käyttää ahtaissakin tiloissa. DRIVE CONTROL antaa käyttäjälle 4 eri nopeus- ja vääntömomenttiasetusta taaten näin työkalun monikäyttöisyyden",,Milwaukee Tools,
20261293001,Milwaukee Kaapeli Quik-Lok 4M,https://tarvike.com/product/milwaukee-kaapeli-quik-lok-4m-169482,https://media.tarvike.com/product/images/169482/original/194914.webp,48.6,"Soveltuu kaikille työkaluille, joissa QUIK-LOK™-liitäntä.",,Milwaukee Tools,
20261268001,Milwaukee Akkuporavasara M18 BH-0,https://tarvike.com/product/milwaukee-akkuporavasara-m18-bh-0-169427,https://media.tarvike.com/product/images/169427/original/194935.webp,345.0,M18 BH-0 Akkuporavasaran erittäin suorituskykyinen 4-napainen moottori tarjoaa maksimaalisen tehon suhteessa kokoon. REDLINK™-ylikuormitussuojan elektroniikka työkaluissa ja akussa tuottaa luokkansa parhaan kestävyyden,,Milwaukee Tools,
20261266001,Milwaukee Vasaraporan terä SDS+ MX4 16X265,https://tarvike.com/product/milwaukee-vasaraporan-tera-sds-mx4-16x265-169420,https://media.tarvike.com/product/images/169420/original/194959.png,33.2,"MILWAUKEE® MX4 SDS-Plus -poranterät on suunniteltu vaativimpiin käyttökohteisiin. Niissä on täysin hitsattu kiinteä kovametallikärki (⌀ 20 mm asti), joka takaa maksimaalisen kestävyyden raudoituksissa sekä ylivoimaisen porausnopeuden betonissa.",,Milwaukee Tools,
20261260001,Milwaukee 24' Suorat Alumiiniset Putkipihdit,https://tarvike.com/product/milwaukee-24-suorat-alumiiniset-putkipihdit-169414,https://media.tarvike.com/product/images/169414/original/194916.webp,135.9,Pidempi yläleuka takaa hyvän otteen putkista ja varusteista. Ergonominen kahva parantaa työskentelymukavuutta.,,Milwaukee Tools,
20252802001,Varalasi combi lyhyt oikea,https://tarvike.com/product/varalasi-combi-lyhyt-oikea-153283,https://media.tarvike.com/product/images/153283/original/194823.webp,9.5,"Sopii ST100501, ST100503, ST100505.",,AJBA,
20251704001,"Niittimutteri M8x17,5 mm 40kpl teräs",https://tarvike.com/product/niittimutteri-m8x175-mm-40kpl-teras-152916,https://media.tarvike.com/product/images/152916/original/194648.webp,4.9,,,Scell-It,
19577870001,Holkki Kiinteä 25/40X25mm Hitsattava,https://tarvike.com/product/holkki-kiintea-2540x25mm-hitsattava-151180,https://media.tarvike.com/product/images/151180/original/194247.webp,13.5,"Hitsattavat holkit esim. kone- ja laiterakennukseen. Hitsataan osaan, jossa tappi ei liiku sisällä, sisäreikä sorvattu suoraan tappimitalle",,IKH,
1943554000,Husqvarna hylsyavain,https://tarvike.com/product/husqvarna-hylsyavain-124065,https://media.tarvike.com/product/images/124065/original/155799.png,11.0,Puller,,Husqvarna,
19216991002,Tru-Tension Muck Monkey ketjuharja,https://tarvike.com/product/tru-tension-muck-monkey-ketjuharja-63695,https://media.tarvike.com/product/images/63695/original/61741.jpg,12.2,"Ketjuharja, jolla pidät ketjusi puhtaana ja parhaassa käyttökunnossa. Neljällä harjassivulla puhdistat ketjusi joka puolelta, myös hankalimmista paikoista.",,Tru-Tension,
19216986002,"Yamaha, Huoltoteline",https://tarvike.com/product/yamaha-huoltoteline-97233,https://media.tarvike.com/product/images/97233/original/105384.jpg,209.5,Teline Yamaha-pyörän takapyörän nostamiseen nopeaa ja helppoa huoltoa varten Yhden kappaleen rakenne Koukut takapyörän irrottamiseen ja akselitappi pysäköintiin ja muihin mekaanikon töihin Kiinnitys ja irrotus nelipyöräjärjestelmän avulla Vankka putkirakenne,,Yamaha,
19006084001,Robota akkukäsisirkkeli DC-C 18V runko,https://tarvike.com/product/robota-akkukasisirkkeli-dc-c-18v-runko-246310,https://media.tarvike.com/product/images/246310/original/214362.webp,79.9,Robota akkukäyttöinen käsisirkkeli puun katkaisuun ja halkaisuun. Sahaussyvyyden ja sahauskulman säätö ilman työkaluja. Hyvin käteensopiva kumipinnoitettu kahva. Toimii myös Makita akulla Ei sisällä akkua ja laturia,,Robota,
18750974002,Milwaukee rullamitta 2m / 13mm,https://tarvike.com/product/milwaukee-rullamitta-2m-13mm-109345,https://media.tarvike.com/product/images/109345/original/153045.jpg,6.9,"- 5 kohtaa vahvistettu kotelo kestää työmaan vaativat olosuhteet- 13 mm leveä Heavy Duty -nauha- Molemminpuolinen nylonpinnoite takaa nauhalle erittäin kestävän suojan pölyä, likaa ja vettä vastaan- Kompakti muotoilu ja päällystetyt otepinnat parantavat mukavuutta ja kestävyyttä- Pituus 2 m- Terän leveys 13 mm",,Milwaukee Tools,
18750972002,"Milwaukee Maalikynä, valkoinen",https://tarvike.com/product/milwaukee-maalikyna-valkoinen-109343,https://media.tarvike.com/product/images/109343/original/153042.jpg,5.7,"Milwaukee maalikynä venttiilillä. Kynä soveltuu betonille, mustille putkille, alumiinille, PVC:lle, teräkselle, ruostumattomalle teräkselle, kumille ja renkaille.Kestävä akryylikärki pystyy merkitsemään pinnoille, joiden lämpötila on -10° ja +145° välilläKirjoittaa tummille pinnoille, joissa tavallisten maalikynien muste ei näyVoidaan käyttää karkeille, likaisille ja rasvaisille pinnoilleSoveltuu betonille, mustille putkille, alumiinille, PVC:lle, teräkselle, ruostumattomalle teräkselle, kumille ja renkailleKuivuu 10 sekunnissaVeden ja UV-säteilyn kestävät merkinnätPysyvät, jopa 6 kk säilyvät merkinnätMetallirunko kestää työmaan olosuhteitaKsyleeniton musteTÄRKEÄÄ: ravista tussia korkki kiinni ja irrota korkki sekä heiluta tussia ylös alas, kunnes muste valuu kärkeen",,Milwaukee Tools,
18750965002,"Milwaukee puukkosahanterä TCT AX 300mm 5TPI, 1kpl",https://tarvike.com/product/milwaukee-puukkosahantera-tct-ax-300mm-5tpi-1kpl-109336,https://media.tarvike.com/product/images/109336/original/153006.jpg,44.7,"-Jopa 50x pidempi käyttöikä kuin tavallisilla bimetalliterillä. Karbidihampaat kestävät käytössä erittäin pitkään kovimmissakin käyttökohteissa ja ne sahaavat ruuvien ja kiinnikkeiden läpi.-Jopa 2x vakiobimetalliteriä nopeampi. Nopea ja aggressiivinen 5 Tpi hammastus katkaisee nopeimmin naulaisen puun ja monia muita rakennusmateriaaleja (puu, naulat, ruuvit, mutterit, valurauta, asfaltti, palahuopa).-Jopa 25 % enemmän katkaisuja yhdellä latauksella verrattuna vakiobimetalliteriin. Optimoitu käytettäväksi akkukäyttöisten puukkosahojen kanssa.-FANG TIP™ nopeaa upposahausta varten, ylettyy myös ahtaisiin paikkoihin.-NAIL GUARD™ suojaa hampaita niiden osuessa nauloihin, mikä lisää kestävyyttä ja käyttöikää.-Viistomuoto sopii erinomaisesti kuviosahaukseen ja ahtaisiin paikkoihin ulottumiseen.-Vakaa 1,27 mm terän runko mahdollistaa tarkat ja suorat katkaisut.-25 mm teräkorkeus parantaa vakautta ja vähentää tärinää.-Soveltuu parhaiten puulle, nauloille ja kiinnittimien purkamiseen.",,Milwaukee Tools,
18750964002,Milwaukee puukkosahanterä Torch™ TCT 230mm,https://tarvike.com/product/milwaukee-puukkosahantera-torch-tct-230mm-109335,https://media.tarvike.com/product/images/109335/original/153017.jpg,44.3,"-Karbidihampaat kestävät pisimpään paksuissa metalleissa. Jopa 50x pidempi käyttöikä verrattuna bimetalliteriin.-Tukeva 1,27 mm paksu terän runko takaa tarkat ja suorat sahaukset.-25 mm teräkorkeus parantaa vakautta ja minimoi tärinää.-Sopii valuraudan ja paksun teräksen sahaamiseen.",,Milwaukee Tools,
18750933002,"Milwaukee Puukkosahanterä, SM 230 X 18 TPI - 5 PCS",https://tarvike.com/product/milwaukee-puukkosahantera-sm-230-x-18-tpi-5-pcs-109333,https://media.tarvike.com/product/images/109333/original/153011.jpg,33.7,"Milwaukee Puukkosaha Metalli: Thin Kerf -terien paranneltu hampaiden geometria takaa parhaan nopeuden ja kaksinkertaisen käyttöiän.Bimetallihampaat sisältävät sisältävät 8 % kobolttia taaten nopean sahauksen ja sahanterän pitkän käyttöiän.TOUGH NECK™ -pidikkeen ympärillä painetut syvennykset vahvistavat terää sen heikoimmasta kohdasta.Kapea 0,90 mm paksu terän runko maksimoi nopeuden sekä terän joustavuuden.",,Milwaukee Tools,
18750932002,"Milwaukee Puukkosahanterä, SM 230 X 14 TPI - 5 PCS",https://tarvike.com/product/milwaukee-puukkosahantera-sm-230-x-14-tpi-5-pcs-109332,https://media.tarvike.com/product/images/109332/original/153016.jpg,42.7,"Milwaukee Puukkosaha Metalli: Thin Kerf -terien paranneltu hampaiden geometria takaa parhaan nopeuden ja kaksinkertaisen käyttöiän.Bimetallihampaat sisältävät sisältävät 8 % kobolttia taaten nopean sahauksen ja sahanterän pitkän käyttöiän.TOUGH NECK™ -pidikkeen ympärillä painetut syvennykset vahvistavat terää sen heikoimmasta kohdasta.Kapea 0,90 mm paksu terän runko maksimoi nopeuden sekä terän joustavuuden.",,Milwaukee Tools,
18750931002,"Milwaukee Puukkosahanterä, SM 150 X 18 TPI - 5 PCS",https://tarvike.com/product/milwaukee-puukkosahantera-sm-150-x-18-tpi-5-pcs-109331,https://media.tarvike.com/product/images/109331/original/153000.jpg,33.3,"Milwaukee Puukkosahan Metalli: Thin Kerf - terien paranneltu hampaiden geometria takaa parhaan nopeuden ja kaksinkertaisen käyttöiän.Bimetallihampaat sisältävät sisältävät 8 % kobolttia taaten nopean sahauksen ja sahanterän pitkän käyttöiän.TOUGH NECK™ -pidikkeen ympärillä painetut syvennykset vahvistavat terää sen heikoimmasta kohdasta.Kapea 0,90 mm paksu terän runko maksimoi nopeuden sekä terän joustavuuden.",,Milwaukee Tools,
18750930002,"Milwaukee Puukkosahanterä , SM 150 X 14 TPI - 5 PCS",https://tarvike.com/product/milwaukee-puukkosahantera-sm-150-x-14-tpi-5-pcs-109330,https://media.tarvike.com/product/images/109330/original/153001.jpg,33.3,"Milwaukee Puukkosahan Metalli: Thin kerf - terien paranneltu hampaiden geometria takaa parhaan nopeuden ja kaksinkertaisen käyttöiän.Bimetallihampaat sisältävät sisältävät 8 % kobolttia taaten nopean sahauksen ja sahanterän pitkän käyttöiän.TOUGH NECK™ -pidikkeen ympärillä painetut syvennykset vahvistavat terää sen heikoimmasta kohdasta.Kapea 0,90 mm paksu terän runko maksimoi nopeuden sekä terän joustavuuden.",,Milwaukee Tools,
18750929002,"Milwaukee puukkosahanterä 300mm 8/12 TPI, 5kpl",https://tarvike.com/product/milwaukee-puukkosahantera-300mm-812-tpi-5kpl-109329,https://media.tarvike.com/product/images/109329/original/152993.jpg,66.3,"Milwaukeen puukkosahaan tarkoitettu 300mm sahanterä. Yleisterä joka soveltuu puun, metallin ja muovin leikkaamiseen. Pakkaus sisältää 5 kpl teriä.- terän pituus: 300 mm- hammasväli: 2,1 / 3,2 mm- hampaat / tuuma: 12 / 8 TPI- käyttökohde: puu, nauloja sisältävä puu, rauta- ja ei-rauta-metallit, alumiini, PVC-muovi- materiaalityyppi: bi-metalli, koboltti- määrä pakkauksessa: 5 kpl",,Milwaukee Tools,
18750631002,Buzzetti öljyns.avain 76mm/12-k BMW,https://tarvike.com/product/buzzetti-oljynsavain-76mm12-k-bmw-108962,https://media.tarvike.com/product/images/108962/original/152558.jpg,27.8,Varaosat ja lisävarusteet.,,,
18748135002,"Kemper Retkikaasu 230G 7/16"" Venttiili",https://tarvike.com/product/kemper-retkikaasu-230g-716-venttiili-106192,https://media.tarvike.com/product/images/106192/original/148957.jpg,8.99,"Kierreventtiili (kierre 7/16"")Propaani/butaani seos 30 % / 70 %Alin käyttölämpötila -15°CEN417:n mukainen säiliöNettopaino 230 g (410 ml)",,Kemper,
18748116002,Säätötuki 80-200m K27,https://tarvike.com/product/saatotuki-80-200m-k27-105931,https://media.tarvike.com/product/images/105931/original/148559.jpg,4.76,,,,
18748098002,"IKH Hylsysarja 1/4"" 40-osainen",https://tarvike.com/product/ikh-hylsysarja-14-40-osainen-106181,https://media.tarvike.com/product/images/106181/original/148941.jpg,49.6,"Kromivanadiumterästä72-hampainen räikkäväännin pikavapauttimella12 kpl hylsyjä: 4-13 mm2 kpl kärkihylsyt Pozidriv 1, 22 kpl kärkihylsyt Phillips 1,22 kpl kärkihylsyt talttapää 5,5 ja 7 mm3 kpl kärkihylsyt kuusiokolo 4 - 6 mm7 kpl kärkihylsyt torx T8-301 kpl räikkäväännin, jossa hylsyn pikavapautin5 kpl kuusiokoloavaimet 1,25 - 3 mm1 kpl nivelkappale2 kpl jatkokappaleet 50 ja 150 mm1 kpl T-vääntiö/adapteri 3/8"" - 1/4""1 kpl ruuvimeisselinväänninMuovinen säilytysrasia",,IKH,
18747884002,Optibeam Savage 5 Led-kaukovalo 9-36V,https://tarvike.com/product/optibeam-savage-5-led-kaukovalo-9-36v-106022,https://media.tarvike.com/product/images/106022/original/148679.jpg,80.0,"Optibeam Savage 5 Led-kaukovalo 9-36V erittäin tehokas lisävalo. Lähes pelottava valoteho pysyy halutulla alueella huippuunsa viedyn valojakaumasuunnittelun ansiosta. Valo levittyy tiellä tasaisesti satojen metrien matkalle, penkat valaistuvat keilan sopivan leveyden ansiosta ja hajavalo ylöspäin on onnistuttu poistamaan tehokkaasti. Epäsuorasti koko valaisimen heijastinpinta-alan valaiseva parkkivalo on ennennäkemätöntä tekniikkaa lisävaloissa. Mullistava Streetshine Ambient -parkkiratkaisu antaa Savageille täysin uudenlaisen rohkean, huomiota herättävän ja näyttävyydessään ainutlaatuisen ulkoasun.",,Optibeam,
18747550002,"Milwaukee porakone/ruuvinväännin M18 FDD3-0X ,runko",https://tarvike.com/product/milwaukee-porakoneruuvinvaannin-m18-fdd3-0x-runko-105393,https://media.tarvike.com/product/images/105393/original/148421.jpg,345.0,Milwaukee M18 FDD3-0X porakoneen kompakti 173 mm pituus mahdollistaa pääsyn ahtaisiin tiloihin. Porakoneessa on nopeat poraus- ja ruuvaustoiminnot kuormituksessa 158 Nm teholla.,,Milwaukee Tools,
18747504002,"Milwaukee Mutterinväännin M18 FMTIW2F12-0X, Runko",https://tarvike.com/product/milwaukee-mutterinvaannin-m18-fmtiw2f12-0x-runko-105389,https://media.tarvike.com/product/images/105389/original/148436.jpg,489.0,Milwaukee M18 FMTIW2F12-0X on monipuolisin iskevä akkumutterinväännin MILWAUKEE®-valikoimassa tuottaa alansa johtavan 881 Nm vääntömomentin ja 745 Nm kiristysmomentin. Todella kompakti 152 mm muotoilu mahdollistaa pääsyn ahtaisiin työskentelytiloihin,,Milwaukee Tools,
18747459002,"Milwaukee Mutterinväännin M18 ONEFHIWF34-0X, runko",https://tarvike.com/product/milwaukee-mutterinvaannin-m18-onefhiwf34-0x-runko-105381,https://media.tarvike.com/product/images/105381/original/148446.jpg,519.0,"Ominaisuudet: M18 FUEL ONE-KEY iskevä mutterinväännin tuottaa 1627 Nm vääntömomentin vain 213 mm kompaktissa koossa, jolloin sitä on helppo käyttää ahtaissakin tiloissa DRIVE CONTROL antaa käyttäjälle 4 eri nopeus- ja vääntömomenttiasetusta taaten näin työkalun monikäyttöisyyden Toiminto 4 pultin poisto, tuottaa maksimaalisen 2034 Nm vääntömomentin mutterin irrotukseen, siirtyen sitten 750 kierr./min., jolloin mutterin irrotus on täydellisen hallittu Iskuja laskevan sensorin ansiosta jokainen isku tuottaa jatkuvasti valittujen asetusten mukaisen voiman ONE-KEY-sovelluksella työkalu voidaan räätälöidä tiettyyn työtehtävään ONE-KEY-työkaluseuranta ja -turvallisuus tarjoavat pilviteknologialla toimivan työkaluhallinta-alustan, joka mahdollistaa sijainnin paikantamisen ja varkauden eston 3/4"" kiinnitys kitkarenkaalla Toimii kaikilla MILWAUKEE® M18 -akuilla HUOM!! Tuote ei sisällä akkua!",,Milwaukee Tools,
18747448002,"Milwaukee mutterinväännin M12 FIWF12-0, runko",https://tarvike.com/product/milwaukee-mutterinvaannin-m12-fiwf12-0-runko-105380,https://media.tarvike.com/product/images/105380/original/148447.jpg,272.3,"Enemmän voimaa, enemmän hallittavuutta, kompaktimpi koko Jopa 339 Nm maksimivääntö ½″ alaisin kitkarenkaalla mahdollistaa nopeat ja helpot hylsyjen vaihdot Hiiliharjaton POWERSTATE™-moottori tuottaa enemmän voimaa kompaktimmassa koossa REDLINK PLUS™ -elektroniikka tarjoaa kehittyneen digitaalisen ylikuormitussuojan sekä työkalulle että akulle parantaen ainutlaatuisella tavalla työkalun suorituskykyä kuormituksessa REDLITHIUM™-akun ylivoimainen rakenne, elektroniikka ja jatkuva suorituskyky takaavat pidemmän käyttöajan ja -iän Yksittäisten akun kennojen valvonta optimoi työkalun käyttöajan ja varmistaa akun kestävyyden Pituus vain 124,5 mm, mikä helpottaa ahtaissa paikoissa työskentelyä 4-toimintoinen DRIVE CONTROL takaa käyttäjälle tarkan hallinnan Kirkas LED-työvalo valaisee työstettävän pinnan Toimii kaikilla MILWAUKEE® M12™ -akuilla HUOM! Tuote ei sisällä akkua!",,Milwaukee Tools,
18747312002,"Milwaukee M18 Fuel 2-toimintoinen hakasnaulain, runko",https://tarvike.com/product/milwaukee-m18-fuel-2-toimintoinen-hakasnaulain-runko-105471,https://media.tarvike.com/product/images/105471/original/148204.jpg,775.0,"-Tuottaa parhaan tehon, mikä upottaa hakaset jatkuvasti puun pintaa syvemmälle -Ready to fire -tekniikan ansiosta naulain on välittömästi valmis laukaisemaan uudestaan -Ei tarvitse kaasupatruunoita, vähäinen huoltotarve, suunniteltu kestäväksi ja luotettavaksi vaativimmassakin käytössä -Säilytyspaikka erilaisille päille mahdollistaa työn parhaan tuloksen eri sovelluksissa -Iskuri ei toimi, jos makasiinissa ei ole jäljellä nauloja -Naulaimeen sopii tavalliset L/90 hakaset L: 5,7-6,4 mm P: 9,5-38 mm -Laukaisee jopa 1200 hakasta yhdellä REDLITHIUM™ 2,0 Ah -akun latauksella -Kirkas LED-työvalo valaisee työstettävän pinnan -FUEL™ yhdistää kolme MILWAUKEE®-teknologiaa: hiiliharjattoman POWERSTATE™-moottorin, REDLITHIUM™-akun ja REDLINK PLUS™ -elektroniikan, mitkä tuottavat enemmän voimaa, käyttöaikaa ja -ikää -Toimii kaikilla MILWAUKEE® M18™ -akuilla Huom! Tuote ei sisällä akkua!",,Milwaukee Tools,
18747205002,"Milwaukee Höylä M18 BP-0, runko",https://tarvike.com/product/milwaukee-hoyla-m18-bp-0-runko-105418,https://media.tarvike.com/product/images/105418/original/148385.jpg,345.0,"Milwaukee M18 BP-0 Höylän erittäin suorituskykyinen 4-napainen moottori tuottaa 14 000 kierr./min pintojen parhaaseen viimeistelyyn. Kaksi kaksireunaista terää poistavat materiaalia nopeammin ja mahdollistavat 82 mm höyläysleveyden Mukana toimitetaan: Pölypussi, sivu- ja viisteohjain HUOM! Tuote ei sisällä akkua!",,Milwaukee Tools,
18747202002,"Milwaukee rikkaimuri M18 CV-0, runko",https://tarvike.com/product/milwaukee-rikkaimuri-m18-cv-0-runko-105417,https://media.tarvike.com/product/images/105417/original/148386.jpg,209.0,"Milwaukee rikkaimuri M18 CV-0 imee tehokkaasti puu-, metalli- ja muut roskat. Lukituskytkimen ansiosta käsi ei väsy pitkäaikaisessakaan käytössä HUOM! Tuote ei sisällä akkua!",,Milwaukee Tools,
18739688002,"Milwaukee pistosaha M18 BJS-0, runko",https://tarvike.com/product/milwaukee-pistosaha-m18-bjs-0-runko-105761,https://media.tarvike.com/product/images/105761/original/148528.jpg,345.0,Milwaukee M18 BJS-0 Pistosahan erittäin tehokas moottori tuottaa 2800 isk./min. nopeaan sahaamiseen. REDLINK™-ylikuormitussuojan elektroniikka työkaluissa ja akussa tuottaa luokkansa parhaan kestävyyden.,,Milwaukee Tools,
18341200001,"Emax Heating Kaasulämmitin 4,2kW",https://tarvike.com/product/emax-heating-kaasulammitin-42kw-192765,https://media.tarvike.com/product/images/192765/original/204802.png,100.2,"Säteilemällä lämpöä luovuttava nestekaasulla toimiva infrapunalämmitin. Sopii esimerkiksi terassille tai mökille lisälämmittimeksi. Kaasuntulon automaattisesti sammuttava liekinvarmistin. Kääntyvät pyörät. Lämmitysteho: 1,5/2,8/4,2kW. Kasattava.",,Emax,
18339701001,Kierrejohto 3 m DIN-pistokkeella,https://tarvike.com/product/kierrejohto-3-m-din-pistokkeella-153374,https://media.tarvike.com/product/images/153374/original/189626.webp,8.8,Sopii tupakansytyttimeen ja DIN-rasiaan (DIN 4165). 6-24V.,,IKH,
18339699001,"Epoksiliima 1,2 kg 2-komponenttinen Sikadur-31 CF Normal",https://tarvike.com/product/epoksiliima-12-kg-2-komponenttinen-sikadur-31-cf-normal-153088,https://media.tarvike.com/product/images/153088/original/195244.webp,44.5,"Sikadur®-31+ on 2-komponenttinen, matala VOC-päästöinen epoksipohjainen, kosteutta kestävä, tiksotrooppinen rakenneliima, joka liimaa useimpia rakennusmateriaaleja.",,Sika,
18339627001,Milwaukee Digitaalinen kulmamitta,https://tarvike.com/product/milwaukee-digitaalinen-kulmamitta-127167,https://media.tarvike.com/product/images/127167/original/162050.webp,59.6,"Milwaukee digitaalinen kulmamitta tarjoaa reaaliaikaisen mittauksen, pyörivän LCD-näytön ja magneettikiinnityksen. Tarkkuus jopa ±0,1°, mukana kantolaukku.",,Milwaukee Tools,
18339599001,"Milwaukeee Puukkosahanterä, TCT TORCH NITRUS 230 X 8 - 1PC",https://tarvike.com/product/milwaukeee-puukkosahantera-tct-torch-nitrus-230-x-8-1pc-109338,https://media.tarvike.com/product/images/109338/original/153031.jpg,57.7,Milwaukee Puukkosahanterän TORCH™-purkuterät NITRUS CARBIDE™ -hampailla sisältävät seuraavan sukupolven karbiditeknologian. Erityinen NITRUS™-karbidisekoite on suunniteltu katkaisemaan 3x vahvemmin kuin olemassa olevat karbidihammasterät.,,Milwaukee Tools,
18339572001,Kärkihioma-arkki 135mm,https://tarvike.com/product/karkihioma-arkki-135mm-106316,https://media.tarvike.com/product/images/106316/original/149164.jpg,9.9,4 + 1 reikääKoko 135 mmKarkeus lajitelma 5 kpl 1xP40/P80/P120 2xP1805kpl/pkt,,IKH,
18339563001,"AWD Yhdistelmänaulain, hakas/naula",https://tarvike.com/product/awd-yhdistelmanaulain-hakasnaula-105103,https://media.tarvike.com/product/images/105103/original/147860.jpg,49.0,Harrastuskäyttöön.,,IKH,
18339560001,"Honda EP6500T-25-generaattori, e-power",https://tarvike.com/product/honda-ep6500t-25-generaattori-e-power-103065,https://media.tarvike.com/product/images/103065/original/144283.jpg,3490.0,"Honda EP6500T-25-generaattori on Sincron valmistama bensakäyttöinen voimanlähde, joka tarjoaa luotettavaa ja tehokasta sähköntuotantoa monenlaisiin tarpeisiin GX390-moottorilla. Tämä generaattori tarjoaa käyttäjälleen tehokkaan ja monipuolisen ratkaisun sähköntarpeisiin, olipa kyseessä sähkökatkoksen varalta varavoimakone tai käytännön tarpeisiin rakennustyömaalla. Sen kattava varustelu ja luotettava tekniikka tekevät siitä vankan valinnan kaikenlaisiin olosuhteisiin.",,Honda,
18261655000,Milwaukee M18 FUEL™ -porakone/ruuvinväännin,https://tarvike.com/product/milwaukee-m18-fuel-porakoneruuvinvaannin-169556,https://media.tarvike.com/product/images/169556/original/192147.png,325.0,"Mukana toimitetaan: Vyöpidin, sivukahva",,Milwaukee Tools,
18169308001,Milwaukee M18™ hiiliharjaton ruohotrimmeri,https://tarvike.com/product/milwaukee-m18-hiiliharjaton-ruohotrimmeri-127135,https://media.tarvike.com/product/images/127135/original/161980.png,409.0,"Milwaukee M18 BLLT -ruohotrimmeri tarjoaa tehokkaan leikkuun hiiliharjattomalla moottorilla, säädettävällä 35–40 cm leikkuuleveydellä ja jopa 6200 rpm nopeudella.",,Milwaukee Tools,
18169292001,Milwaukee Akku M28 B5,https://tarvike.com/product/milwaukee-akku-m28-b5-127143,https://media.tarvike.com/product/images/127143/original/161992.jpg,395.0,"Milwaukee M18 B5 5,0 Ah REDLITHIUM™ -akku tarjoaa jopa 2,5 kertaa pidemmän käyttöajan ja 20 % enemmän tehoa verrattuna aiempiin Milwaukee®-akkuteknologioihin.",,Milwaukee Tools,
18169291001,Milwaukee Akku M4 B2,https://tarvike.com/product/milwaukee-akku-m4-b2-127137,https://media.tarvike.com/product/images/127137/original/161985.jpg,55.0,-,,Milwaukee Tools,
1772872000,Rengaskompressori akulla,https://tarvike.com/product/rengaskompressori-akulla-145361,https://media.tarvike.com/product/images/145361/original/176882.webp,79.9,"Airbird C7 on varustettu tehokkaalla moottorilla, joka tuottaa voimakkaan 28 l/min ilmavirtauksen, jopa 11 bariin asti, mahdollistaen autonrenkaan täyttämisen vain muutamassa minuutissa.",,Gp Batteries,
1770786000,Ladattava otsalamppu 220lumen,https://tarvike.com/product/ladattava-otsalamppu-220lumen-145317,https://media.tarvike.com/product/images/145317/original/176810.webp,19.9,Valovirta: HIGH 250 lm / LOW 125 lm. Kantama 22m.,,CRX,
17633813000,FEMI Pylväsporakone 600mm 400W/230V max 13mm,https://tarvike.com/product/femi-pylvasporakone-600mm-400w230v-max-13mm-149728,https://media.tarvike.com/product/images/149728/original/191782.webp,169.0,"malli Fox F10-913 moottori 400 W / 230 V hihnaveto nopeusalue 420 - 2700 rpm kara B16 avainistukka 1,5 - 13 mm max. porauskapasiteetti 13 mm max. poraussyvyys 53 mm istukan ja pylvään etäisyys 104 mm pöydän koko 160 x 163 mm",,IKH,
17395149001,"Yamaha, Kilpamallin Huoltoteline",https://tarvike.com/product/yamaha-kilpamallin-huoltoteline-96332,https://media.tarvike.com/product/images/96332/original/103377.jpg,220.34,MotoGP-tyylinen huoltoteline Yamaha-pyörän tasaiseen ja vakaaseen pysäköintiin Laadukas mattamusta viimeistely Kiinnitys ja irrotus nelipyöräjärjestelmän avulla POM-koukkukiinnikkeet pieniin säätötoimenpiteisiin Yamaha Racing -logo Lisävarusteena saatavien billet-huoltotelinekoukkujen käyttö helpottaa työskentelyä,,Yamaha,
17369753001,CTEK CTX Battery Sense,https://tarvike.com/product/ctek-ctx-battery-sense-106632,https://media.tarvike.com/product/images/106632/original/149641.jpg,49.6,Battery Sense on ainutlaatuinen Bluetooth-yhteensopiva älykäs seurantalaite. Sen avulla voit helposti seurata akun kuntoa. Asentaminen on helppoa ja tiedot toimitetaan ilmaiseksi ladattavan iPhone- tai Android-sovelluksen kautta.,,Ctek,
17369680001,"CTEK MXS 3.8 Akkulaturi, EU-A",https://tarvike.com/product/ctek-mxs-38-akkulaturi-eu-a-105150,https://media.tarvike.com/product/images/105150/original/147888.jpg,98.2,"LITHIUM XS on erityisesti suunniteltu litiumakuille (12V LiFe PO4). Saatavilla olevan 5 A latausvirran ansiosta se voi ladata LiFePO4-akkuja 5 Ah - 60 Ah ja ylläpitää jopa 120 Ah:n akkua. Se on helppokäyttöinen, liitä se ja lataus alkaa välittömästi. Akkua ei tarvitse irrottaa, ja kaikki pienjännitesuojaelektroniikka nollautuu automaattisesti. LITHIUM XS on ""yhdistä ja unohda"" -laturi, jossa on 8 latausvaihetta, testijakso, joka kertoo, kestääkö akku ja säilyttää sen latauksen, ainutlaatuinen maksimointivaihe täyden kapasiteetin palauttamiseksi ja patentoitu ylläpitolataus maksimaalisen suorituskyvyn saavuttamiseksi, jopa kuukausien käyttämättömyyden jälkeen.",,Ctek,
17369673001,Helvi Akkulaturi 12/24V 220ACC SPEEDY 25,https://tarvike.com/product/helvi-akkulaturi-1224v-220acc-speedy-25-105143,https://media.tarvike.com/product/images/105143/original/147902.jpg,292.95,"Helvi Speedy 250 akkulaturi ja apukäynnistin lyijyakuille. Varustettu latausvirran valintakytkimellä, ampeerimittarilla, ylikuumenemis-, oikosulku- ja väärinkytkentäsuojalla.",,IKH,
17369670001,Noco Apukäynnistin Plus 12V 1000A,https://tarvike.com/product/noco-apukaynnistin-plus-12v-1000a-105140,https://media.tarvike.com/product/images/105140/original/147906.jpg,142.0,"Noco Boost®Plus GB40 Litiumioniakku Käynnistysvirta 1000 A Max. 6,0 l bensiinimoottoreille / 3,0 l dieselmoottoreille (12 V järjestelmä), täysin tyhjentynyt akku max. 2,0 l dieselmoottori (-10 °C) 100 lumenin LED-taskulamppu Tulo Micro-USB 5 V / 2,1 A Lähdöt USB 5 V / 2,1 A, apukäynnistystoiminto 12 V Käyttölämpötila -30...+50 °C Kotelon suojausluokka IP65 (liitännät suljettuna) Paino 1100 g",,Noco,
17369653001,"Milwaukee M18 HB8 -akku 8,0 Ah",https://tarvike.com/product/milwaukee-m18-hb8-akku-80-ah-105119,https://media.tarvike.com/product/images/105119/original/147872.jpg,329.0,"Milwaukee uusi M18™ 8,0 Ah HIGH OUTPUT™ -akku tuottaa jopa 50 % enemmän voimaa verrattuna M18™ REDLITHIUM™ -akkuihin. REDLINK™-elektroniikka suojaa akkua työmaalla ja varmistaa parhaan suorituskyvyn.",,Milwaukee Tools,
17369604001,CTEK Comfort Connect sovitin,https://tarvike.com/product/ctek-comfort-connect-sovitin-106648,https://media.tarvike.com/product/images/106648/original/149660.jpg,9.6,"Sovitin, jonka avulla vanhemmat (ennen vuotta 2008) CTEK-laturimallit ovat yhteensopivia ""uuden sukupolven"" lisävarusteiden kanssa",,Ctek,
17369582001,Noco Starttiboosteri 12V 1750A,https://tarvike.com/product/noco-starttiboosteri-12v-1750a-106062,https://media.tarvike.com/product/images/106062/original/148768.jpg,265.0,"UltraSafe – turvallinen, kompakti, tehokas, kannettava litium akkuboosteri, täysin uudistettu malli, viimeisintä PX litium -teknologiaa. Starttiboosterin avulla tehokkaammat ja nopeammat käynnistykset, salamannopea turbolataus (jopa 5x nopeampi), sis. 46Wh litium-akun.Todella monipuolinen ja helppokäyttöinen, kipinöimätön, suojattu vääränapaista kytkentää vastaan, turvallinen kytkentä mihin tahansa akkuun. Paranneltu lämpötehokkuus ja tehonsäätö takaavat paremman toiminnan ja akulle pidemmän käyttöiän. Ultra-kirkas 200lm LED-valaisin: useita kirkkausvaihtoehtoja sekä SOS ja hätävilkku. Turbolataus: molempaan suuntaan toimivan 60W USB-C liittymän kautta täyteen lataus 72min ja tyhjästä käynnistysvalmiuteen 5min. Soveltuu myös kannettavaksi virtalähteeksi ja erilaisten USB-laitteiden, kuten älypuhelinten, tablettien ja sylimikrojen lataamiseen.",,Noco,
17369581001,13-napainen rasia ja suojakumi,https://tarvike.com/product/13-napainen-rasia-ja-suojakumi-105962,https://media.tarvike.com/product/placeholders/productImageComingSoong.jpg,32.5,,,,
17369532001,"Toppi Paineilmaletku 12,5mm/30m + liittimet PVC",https://tarvike.com/product/toppi-paineilmaletku-125mm30m-liittimet-pvc-105107,https://media.tarvike.com/product/images/105107/original/147856.jpg,82.7,"Käyttölämpötila -20...+60 °C Max. 20 bar / SFS 5408 Sisältää turvaliittimen, hidastaa ilman purkautumista letkusta paineesta irroitettaessa Letku Ø 12,5 mm / 17,5 mm Pituus 30 m",,IKH,
17369531001,Toppi Paineilmaletku 10mm/20m + liittimet PVC,https://tarvike.com/product/toppi-paineilmaletku-10mm20m-liittimet-pvc-105106,https://media.tarvike.com/product/images/105106/original/147857.jpg,49.5,Käyttölämpötila -20...+60 °C Max. 20 bar / SFS 5408 Sisältää liittimet Letku Ø 10 mm / 15 mm Pituus 20 m,,IKH,
17369530001,Toppi Paineilmaletku 10mm/15m + liittimet PVC,https://tarvike.com/product/toppi-paineilmaletku-10mm15m-liittimet-pvc-105105,https://media.tarvike.com/product/images/105105/original/147858.jpg,44.6,Käyttölämpötila -20...+60 °C Max. 20 bar / SFS 5408 Sisältää liittimet Letku Ø 10 mm / 15 mm Pituus 15 m,,IKH,
17369527001,AWD Viimeistelynaulain 15-50mm,https://tarvike.com/product/awd-viimeistelynaulain-15-50mm-105102,https://media.tarvike.com/product/images/105102/original/147861.jpg,39.9,Harrastuskäyttöön.,,IKH,
1711689002,Nira Pumpun Varren Tiiviste 9,https://tarvike.com/product/nira-pumpun-varren-tiiviste-9-155636,https://media.tarvike.com/product/images/155636/original/188610.webp,18.9,"Varaosa tuotteeseen VV850003 Nira Pumppu 9 Materiaali NBR Soveltuvuus vesi, öljy, polttoöljy, diesel, glykoli Pakkaskestävyys -15° Koko 38 x 17 x 5 mm",,Nira,
1710448002,AWD Kuumailmapuhallin 2000W,https://tarvike.com/product/awd-kuumailmapuhallin-2000w-106065,https://media.tarvike.com/product/images/106065/original/148780.jpg,28.3,"Jännite 230 V- teho 2000 WLämpötila 60 - 600°CIlmavirta 200 - 500 l/minVakiovarusteet: 2 kpl suuttimiaPaino 0,8 kg",,AWD,
16972596001,Autopukkipari 3ton,https://tarvike.com/product/autopukkipari-3ton-106597,https://media.tarvike.com/product/images/106597/original/149631.jpg,23.9,Korkeus 300-430 mmTaitettavat jalat,,IKH,
16972486001,Hiomanauha 13 x 457mm G60,https://tarvike.com/product/hiomanauha-13-x-457mm-g60-106329,https://media.tarvike.com/product/images/106329/original/149188.jpg,6.1,Karkeus P60Koko 13 x 457 mmLaatu Hiolit XO,,IKH,
16971838001,Kemper Nestekaasupoltin 30mm,https://tarvike.com/product/kemper-nestekaasupoltin-30mm-106194,https://media.tarvike.com/product/images/106194/original/148965.jpg,29.9,"Poltin Ø 30 mmPutki 250 mmKulutus: 0,39 kg/h (0,5 bar) / 1,0 kg/h (3 bar)Letkuliitin 6 mm letkulle",,Kemper,
16971824001,Säätötuki PIT.250MM kromi K27,https://tarvike.com/product/saatotuki-pit250mm-kromi-k27-105930,https://media.tarvike.com/product/images/105930/original/148555.jpg,4.86,,,,
16971819001,"IKH Hylsysarja öljytulpille 1/2"" 6-osainen",https://tarvike.com/product/ikh-hylsysarja-oljytulpille-12-6-osainen-106184,https://media.tarvike.com/product/images/106184/original/148962.jpg,20.0,"6 kpl 1/2"" hylsyjä: 8 mm - 10 mm - 12 mm - 14 mm - 3/8 - 1/2",,IKH,
16971813001,"IKH Jarrumäntätyökalusarja 18-osainen, yleismalli",https://tarvike.com/product/ikh-jarrumantatyokalusarja-18-osainen-yleismalli-106182,https://media.tarvike.com/product/images/106182/original/148950.jpg,69.0,Sarjan avulla jarrumäntä on helppo puristaa takaisin alkuperäiseen asentoonsa jarrupalojen vaihdon yhteydessäSopii useimpiin automalleihinSarja sisältää:15 kpl adapterit2 kpl painepultit1 kpl pidikeMuovinen säilytysrasia,,IKH,
16971543001,Lisävaloteline Eu-rekisterikilvelle,https://tarvike.com/product/lisavaloteline-eu-rekisterikilvelle-106018,https://media.tarvike.com/product/images/106018/original/148678.jpg,34.5,"Lisävaloteline rekisterikilven taakseMitat: 566mmEU-kilpi, rosteriaKiinnitysreikien etäisyys 350 - 545mm",,,
16971534001,X-VISION Genesis II 600 Spot Beam Led-kaukovalo,https://tarvike.com/product/x-vision-genesis-ii-600-spot-beam-led-kaukovalo-106034,https://media.tarvike.com/product/images/106034/original/148711.jpg,253.0,"Genesis II 600 Spot beam, suora led- lisävalopaneeli, jonka led- moduulien väleihin on sijoitettu kirkkaat gemstone- parkit. Erittäin kauas näyttävä valokuvio Spot beam. Ensimmäisen sukupolven Genesiksistä tuttu silmäystävälliseksi optimoitu värilämpö ja valotehon tuplaava Double-up toiminto. Genesis II 600 toimitetaan pitkällä asennusjohdolla, monipuolisilla kiinnitysvaihtoehdoilla ja pitkällä 5 vuoden X-Vision takuulla. Genesis II 600 on suunniteltu valoharrastajien ja ammattikuljettajien toiveita kuunnellen. Se soveltuu erinomaisesti kaikenlaiseen ammattikäyttöön, vaativaan harrastekäyttöön sekä lisäämään näkyvyyttä ja turvallisuutta jokaisen auton keulalle.",,X-vision,
16971186001,"Milwaukee M12 FHIR38-0 Fuel ⅜″ Räikkäavain, runko",https://tarvike.com/product/milwaukee-m12-fhir38-0-fuel-raikkaavain-runko-105373,https://media.tarvike.com/product/images/105373/original/148168.jpg,375.0,Milwaukee M12 FHIR38-0 Fuel ⅜″ Räikkäavaimessa on jopa 47 Nm maks. vääntömomentti ja 450 kierr./min tekee työkalusta tehokkaamman ja tuottavamman ammattilaisten käyttöön.,,Milwaukee Tools,
16971125001,Milwaukee Akkukonesarja M18 FPP6F3-502B,https://tarvike.com/product/milwaukee-akkukonesarja-m18-fpp6f3-502b-105367,https://media.tarvike.com/product/images/105367/original/148161.jpg,2104.2,"Tuote sisältää: M18 Fuel-Iskuporakone M18 Fuel ½″ kompakti iskevä mutterinväännin kirkarenkaalla M18 Fuel 55mm pyörösaha puulle ja muoville M18 Fuell Sawzall-puukkosaha M18 Fuel 125mm Kulmahiomakone liukukytkimellä M18 Led-valaisin M18 5,0 AH-akku 2kpl M12-M18 -pikalaturi sekä työkalulaukku",,Milwaukee Tools,
16959264001,Milwaukee pyörösaha M18 CCS55-0,https://tarvike.com/product/milwaukee-pyorosaha-m18-ccs55-0-105757,https://media.tarvike.com/product/images/105757/original/148520.jpg,434.2,Milwaukee M18 CCS55 pyörösahan hiiliharjaton POWERSTATE™-moottori tarjoaa 3x pidemmän moottorin käyttöiän ja jopa 2x enemmän sahauksia latauksella. Redlink plus™ -elektroniikka tarjoaa kehittyneen digitaalisen ylikuormitussuojan sekä työkalulle että akulle parantaen ainutlaatuisella tavalla työkalun suorituskykyä kuormituksessa.,,Milwaukee Tools,
16686590000,"AWD Mutterinväännin 1/2"" 450W 300NM",https://tarvike.com/product/awd-mutterinvaannin-12-450w-300nm-149007,https://media.tarvike.com/product/images/149007/original/191424.jpg,50.5,"- jännite 230 - 240 V - teho 450 W - pyörimisnopeus 2200 rpm - vääntövoima 300 Nm - kara 1/2"" - vakiovarusteet: 4 kpl hylsyt 17 - 19 - 21 - 22 mm - paino 2,2 kg",,AWD,
16673930000,Akkulaturi / Apukäynnistin 12/24V 240A,https://tarvike.com/product/akkulaturi-apukaynnistin-1224v-240a-169589,https://media.tarvike.com/product/images/169589/original/191304.webp,245.0,"Jännite 230 V, Soveltuu 12 V / 24 V lyijyakuille ( 40 - 700Ah)",,CRX,
16673901000,"Merkkauskynä Musta Vedenpitävä 1-1,5mm Ohut Kärki",https://tarvike.com/product/merkkauskyna-musta-vedenpitava-1-15mm-ohut-karki-150129,https://media.tarvike.com/product/images/150129/original/191300.webp,2.0,,,,
16371561000,Alumiiniteippi 63632 50m/50mm Tesa,https://tarvike.com/product/alumiiniteippi-63632-50m50mm-tesa-155203,https://media.tarvike.com/product/images/155203/original/191145.webp,15.5,Tesa® 63632 ammattilaisen alumiiniteippi yleiskäyttöön.,,Tesa,
16371555000,Varoitusraita 60760 puna-valk. 33m/50mm,https://tarvike.com/product/varoitusraita-60760-puna-valk-33m50mm-155210,https://media.tarvike.com/product/images/155210/original/191141.webp,14.9,Koko 50 mm x 33 m. Pysyvien lattiamerkintöjen tekemiseen.,,Tesa,
15890899000,Hoonaustyökalu 32-85mm,https://tarvike.com/product/hoonaustyokalu-32-85mm-156100,https://media.tarvike.com/product/images/156100/original/180503.jpeg,14.5,(1 1/4'-3 1/2'). Esim. levyjarrujen sylinterien hiontaan.,,IKH,
15890894000,Kiintolenkkiavain 18 X 225mm,https://tarvike.com/product/kiintolenkkiavain-18-x-225mm-150396,https://media.tarvike.com/product/images/150396/original/191035.webp,9.99,Kromivanadiumterästä,,IKH,
15890893000,Kiintolenkkiavain 6 X 105mm,https://tarvike.com/product/kiintolenkkiavain-6-x-105mm-150395,https://media.tarvike.com/product/images/150395/original/191034.webp,5.0,Kromivanadiumterästä,,IKH,
15797919001,AWD Iskuporakone 1050W 13mm,https://tarvike.com/product/awd-iskuporakone-1050w-13mm-105841,https://media.tarvike.com/product/images/105841/original/148534.jpg,59.0,"Jännite 230 - 240 V- teho 1050 W Pyörimisnopeus 0 - 2800 rpm Pikaistukka 13 mm Porauskapasiteetti teräs 13 mm / betoni 12 mm / puu 25 mm Pyörimissuunnan vaihto ja nopeuden säätö Vakiovarusteet: sivukahva, syvyysrajoitin",,AWD,
15398113001,Milwaukee M12 FUEL™ 150 mm epäkeskohiomakone 5 mm epäkeskoliikkeellä,https://tarvike.com/product/milwaukee-m12-fuel-150-mm-epakeskohiomakone-5-mm-epakeskoliikkeella-169426,https://media.tarvike.com/product/images/169426/original/192264.png,379.0,"Mukana toimitetaan: Yleismallinen imuriliitin, vasemmanpuoleinen imuliitäntä, oikeanpuoleinen imuliitäntä",,Milwaukee Tools,
15397642001,Milwaukee taitettava puukkosaha,https://tarvike.com/product/milwaukee-taitettava-puukkosaha-169469,https://media.tarvike.com/product/images/169469/original/192172.png,32.6,Suuri kädensija lisää käyttömukavuutta Sahassa voidaan käyttää kaikkia 150 mm SAWZALL™-teriä ja se on yhteensopiva kaikkien SAWZALL™-puukkosahanterien kanssa Työkaluton terän vaihto Kokoontaittuva terä tekee säilytyksestä helpompaa ja turvallisempaa Mukana toimitetaan 150 mm terä / 8 Tpi Ripustusreikä MILWAUKEE®-työkalukiinnittimien käyttöön,,Milwaukee Tools,
15393662001,Epäkeskohiomakone ES-150 ST 150mm Hiiliharjaton,https://tarvike.com/product/epakeskohiomakone-es-150-st-150mm-hiiliharjaton-171203,https://media.tarvike.com/product/images/171203/original/191796.webp,302.5,"STAHLWERK ES-150 ST satunnaiskiertohiomakone on kätevä 1,3 kg:n painoinen ammattilaishiomakone, jossa on 350 watin teho ja viimeisimmän sukupolven harjaton tekniikka. Käsikäyttöisen hiomakoneen hiomalaikan halkaisija on 150 mm, joten suuremmatkin pinnat voidaan työstää tehokkaasti. Satunnaiskiertohiomakoneen nopeutta voidaan säätää käyttökohteesta riippuen keskelle asennetun vivun avulla halutun poistonopeuden saavuttamiseksi. Nopeutta voidaan säätää elektronisesti 4 000-10 000 rpm:n välillä painonapilla. Hiomalaikat kiinnitetään helposti hiomalaikkaan tarranauhajärjestelmän avulla.",,STHALWERK,
14603967001,"LED valonheitin 50W sens/230V 4500K 1,5m johto m.",https://tarvike.com/product/led-valonheitin-50w-sens230v-4500k-15m-johto-m-169611,https://media.tarvike.com/product/images/169611/original/191337.webp,28.0,"Liiketunnistimella varustettu LED valonheitin ulkokäyttöön, soveltuu esim. pihojen ja kulkuväylien valaistukseen. Energiaa säästävä LED-tekniikka.",,CRX,
14310622001,Paineilmaletku 19X26mm PVC Kudos Vahva,https://tarvike.com/product/paineilmaletku-19x26mm-pvc-kudos-vahva-149779,https://media.tarvike.com/product/images/149779/original/191072.webp,3.8,,,,
13293151001,IKH Jiirisahapöytä 1340-3140mm,https://tarvike.com/product/ikh-jiirisahapoyta-1340-3140mm-106174,https://media.tarvike.com/product/images/106174/original/148933.jpg,135.0,Max. kuorma 200 kgTeleskooppiset rullatuet 134 - 314 cmPaino 18 kg,,IKH,
13232059000,Ruuvitalttasarja 30-osainen,https://tarvike.com/product/ruuvitalttasarja-30-osainen-150407,https://media.tarvike.com/product/images/150407/original/188422.webp,46.6,Kromivanadiumterästä (CRV6150).,,IKH,
12914698000,Armytek Wizard C2 Magnet 1200 LM,https://tarvike.com/product/armytek-wizard-c2-magnet-1200-lm-148956,https://media.tarvike.com/product/images/148956/original/186554.webp,77.9,"Klassinen 3-in-1 monitoimitaskulamppu, jossa on laaja valokeila ja yksinkertainen intuitiivinen käyttö. Ihanteellinen harrastuksiin ja jokapäiväiseen käyttöön: juoksuun, pyöräilyyn, ulkoiluun, kalastukseen, korjauksiin, auton huoltoon.",,Armytek,
12914697000,Alumiinin Hitsaus-/Liimauspuikkp 2X250MM,https://tarvike.com/product/alumiinin-hitsaus-liimauspuikkp-2x250mm-148929,https://media.tarvike.com/product/images/148929/original/185947.webp,39.9,"Sulahitsausmenetelmä, joka korvaa hitsauksen",,Alutite,
12834855000,"LED-polttimopari, Green Tech Led",https://tarvike.com/product/led-polttimopari-green-tech-led-156723,https://media.tarvike.com/product/images/156723/original/187920.jpg,5.9,Ei tieliikennekäyttöön.,,AUTOLINE,
12828128000,Liimapuristin Pika 400X120 'Ehoma',https://tarvike.com/product/liimapuristin-pika-400x120-ehoma-155866,https://media.tarvike.com/product/images/155866/original/187602.webp,84.0,,,,
12828117000,"Kuusiokoloavainsarja 9-OS. 1,5-10mm",https://tarvike.com/product/kuusiokoloavainsarja-9-os-15-10mm-155814,https://media.tarvike.com/product/images/155814/original/187611.webp,15.9,,,IKH,
12828103000,"Osram ledriving GEN2, 2pcs",https://tarvike.com/product/osram-ledriving-gen2-2pcs-156576,https://media.tarvike.com/product/images/156576/original/187615.jpg,67.8,"H8/H11/H16. LEDriving FL, viileä valkoinen, todella kirkas, Off-road: EI ECE-hyväksyntää",,Osram,
11489197001,Ketjusaha CS3635DB MV Runko 14''/350,https://tarvike.com/product/ketjusaha-cs3635db-mv-runko-14350-150227,https://media.tarvike.com/product/images/150227/original/188710.webp,339.0,"Huom! pelkkä konerunko (akku ja laturi eivät sisälly toimitukseen), ketju, laippa ja laipansuoja.",,Hikoki,
11159994000,Hallitunkki 3.5 Tonnia Turvalukolla,https://tarvike.com/product/hallitunkki-35-tonnia-turvalukolla-153398,https://media.tarvike.com/product/images/153398/original/183255.webp,245.0,max. kapasiteetti 3500 kg min. korkeus 140 mm max. korkeus 508 mm turvalukituskorkeudet: 324 mm / 406 mm / 470 mm,,IKH,
11043632001,Hallilämmitin 20KW MASTER B 70CED,https://tarvike.com/product/hallilammitin-20kw-master-b-70ced-149306,https://media.tarvike.com/product/images/149306/original/188268.webp,570.0,Korkea ilmavirtaus. Liitettävissä sisätilan lisätermostaattiin.,,Master,
10897754001,Ruuvikiinnike 10-14mm. 10Kpl,https://tarvike.com/product/ruuvikiinnike-10-14mm-10kpl-148934,https://media.tarvike.com/product/images/148934/original/188185.webp,3.0,"Ruuvikiinnike 10-14/37 mm pyöreälle kaapelille. Materiaali iskunkestävä polypropeeni (PP), halogeeniton ja UV-suojattu.",,EGANT,
10897705001,"Can-väylä rele, HIGHBEAM 4",https://tarvike.com/product/can-vayla-rele-highbeam-4-156584,https://media.tarvike.com/product/images/156584/original/188139.jpg,141.69,CAN-väylärele CANM8 CANNECT HIGHBEAM 4: Kaksi aiempaa mallia yhdistettynä: HB3 (1605-WK038) ja HB-3R (1605-WK029).,,CANM8,
10897691001,"Metallikantapolttimo 1551, 2W",https://tarvike.com/product/metallikantapolttimo-1551-2w-156575,https://media.tarvike.com/product/images/156575/original/188150.jpg,1.0,,,AUTOLINE,
10897682001,Fixit Askelporasarja 3 osainen,https://tarvike.com/product/fixit-askelporasarja-3-osainen-165986,https://media.tarvike.com/product/images/165986/original/188110.webp,49.9,"3-osainen HSS-askelporasarja, metrinen. Titaanipinnoite ehkäisee ruostumista.",,Fixit,
10711905000,"Rasvanippa 45AST.8MMX1,0MM 10KPL",https://tarvike.com/product/rasvanippa-45ast8mmx10mm-10kpl-155877,https://media.tarvike.com/product/images/155877/original/180742.webp,6.5,,,,
10711891000,Diesel Pumppusarja 12/24V 30-50L/min,https://tarvike.com/product/diesel-pumppusarja-1224v-30-50lmin-106076,https://media.tarvike.com/product/images/106076/original/148807.jpeg,310.0,Piusi BP3000manuaalinen tankkauspistooliitseimevä siipipumppuvarustettu ohivirtausventtiililläkatkaisinsisältää pohjasihtiventtiilinNBR-tiivistesoveltuu dieselillevoidaan asentaa pysty- tai vaakasuoraanvalmistusmaa Italia,,IKH,
10711889000,K27 Öljynvaihtopumppu 12V 5A,https://tarvike.com/product/k27-oljynvaihtopumppu-12v-5a-105951,https://media.tarvike.com/product/images/105951/original/148576.jpeg,48.07,"Öljynvaihtaja autoihin, trukkeihin, moottoriveneisiin, maanviljelyskoneisiin jne. Helppo käyttää. Virta laitteeseen auton akusta, 12V. Öljyn poisto mittatikkureiän kautta. Ainoastaan lämpimän moottoriöljyn poistamiseen, siirtoteho n. 3 l/min. Virrankulutus 5A, 60W.",,K27,
10529044001,Monitoimileikkurin Terä 50MM Lasta Joustava pika,https://tarvike.com/product/monitoimileikkurin-tera-50mm-lasta-joustava-pika-155919,https://media.tarvike.com/product/images/155919/original/187394.webp,2.99,,,AWD,
10500254001,Hallitunkki 3tonnia,https://tarvike.com/product/hallitunkki-3tonnia-159533,https://media.tarvike.com/product/images/159533/original/183249.webp,205.0,"Hallitunkki, max kapasiteetti 3tonnia.",,IKH,
10345845001,"Väinö Kaasuläämmittimen letku Oil Free 1,5m",https://tarvike.com/product/vaino-kaasulaammittimen-letku-oil-free-15m-163772,https://media.tarvike.com/product/images/163772/original/186637.webp,39.9,"Öljyvapaa kaasuletku Väinö kaasulämmittimeen. Letkun avulla lämmitintä voidaan käyttää suuren nestekaasupullon kanssa, joka toimii kylmässä huomattavasti paremmin kuin retkikaasupatruunat. Suuren kaasupullon käytöllä varmistat pitkän lämmitysajan. Letkussa oleva liitin soveltuu sivuventtiiliseen kaasupulloon.",,Väinö,
10245143000,Naarukäynnistin,https://tarvike.com/product/naarukaynnistin-156047,https://media.tarvike.com/product/images/156047/original/180563.jpeg,45.5,,,IKH,
10098529000,Bullboy Agriline Led-työvalo 5000LM 12-48V,https://tarvike.com/product/bullboy-agriline-led-tyovalo-5000lm-12-48v-106006,https://media.tarvike.com/product/images/106006/original/148653.jpg,89.0,"Mitat: 125.00 x 113.70 x 89.00mmPaino: 1.50kgTyyppi: AgrilineJännite: 12-48Lumenit: 6000 lmLumenit (mitattu): 5200 lmTeho: 80 WVärilämpötila: 5700 KLiittimen tyyppi: 2-napainen DTLinssin materiaali: Karkaistu lasiIP-luokitus: IP69KHyväksynnät: CISPR25 luokka 5, R10Kuvaus: ledit: 16 x 5W Osram, 3.49A @13.7V, vankka HD-asennusjalka, korkeus jalalla 158mm",,Bullboy,
1772514000,Flösser Polttimo 12V 35/35W BA20d Halogen,https://tarvike.com/product/flosser-polttimo-12v-3535w-ba20d-halogen-129091,https://media.tarvike.com/product/images/129091/original/176856.jpg,6.4,,,Flösser,
8773513002,Työkalulaatikko yleismalli 415x120x130,https://tarvike.com/product/tyokalulaatikko-yleismalli-415x120x130-153479,https://media.tarvike.com/product/images/153479/original/191255.webp,35.0,Musta metallinen yleismalli.,,Agrilife,
2934280002,"Amiga Kaapelikela automaattinen 13M KUMI 3G2,5 230V/16A",https://tarvike.com/product/amiga-kaapelikela-automaattinen-13m-kumi-3g25-230v16a-157833,https://media.tarvike.com/product/images/157833/original/181583.webp,129.0,"Amiga Kumikaapeli 13 m + 1,5 m, H07HRN-F 3Gx2,5 mm². Max. kuormitus: johto kelalla 1000 W, kelalta purettuna 3500 W",,Amiga,
18747944002,W-Light Wave II Frameless Led Kaukovalo,https://tarvike.com/product/w-light-wave-ii-frameless-led-kaukovalo-106039,https://media.tarvike.com/product/images/106039/original/148735.jpg,151.0,,,W-Light,
